2023-11-24 00:00:00.902 [ScheduleThreadPool-test-thread-6] ERROR MessageUtil - adventureBossRankInfo is null
2023-11-24 00:00:00.922 [ScheduleThreadPool-test-thread-5] ERROR MessageUtil - adventureBossRankInfo is null
2023-11-24 00:00:01.319 [ScheduleThreadPool-test-thread-8] ERROR MessageUtil - adventureBossRankInfo is null
2023-11-24 00:00:01.506 [ScheduleThreadPool-test-thread-2] ERROR MessageUtil - adventureBossRankInfo is null
2023-11-24 00:00:01.752 [ScheduleThreadPool-test-thread-4] ERROR MessageUtil - adventureBossRankInfo is null
2023-11-24 00:01:00.086 [ScheduleThreadPool-test-thread-6] ERROR MessageUtil - adventureBossRankInfo is null
2023-11-24 00:01:00.088 [ScheduleThreadPool-test-thread-5] ERROR MessageUtil - adventureBossRankInfo is null
2023-11-24 00:01:00.332 [ScheduleThreadPool-test-thread-7] ERROR MessageUtil - adventureBossRankInfo is null
2023-11-24 00:01:00.642 [ScheduleThreadPool-test-thread-7] ERROR MessageUtil - adventureBossRankInfo is null
2023-11-24 00:01:00.714 [ScheduleThreadPool-test-thread-5] ERROR MessageUtil - adventureBossRankInfo is null
2023-11-24 00:02:00.053 [ScheduleThreadPool-test-thread-6] ERROR MessageUtil - adventureBossRankInfo is null
2023-11-24 00:02:00.055 [ScheduleThreadPool-test-thread-7] ERROR MessageUtil - adventureBossRankInfo is null
2023-11-24 00:02:00.328 [ScheduleThreadPool-test-thread-4] ERROR MessageUtil - adventureBossRankInfo is null
2023-11-24 00:02:00.645 [ScheduleThreadPool-test-thread-5] ERROR MessageUtil - adventureBossRankInfo is null
2023-11-24 00:02:00.710 [ScheduleThreadPool-test-thread-5] ERROR MessageUtil - adventureBossRankInfo is null
2023-11-24 00:03:00.037 [ScheduleThreadPool-test-thread-3] ERROR MessageUtil - adventureBossRankInfo is null
2023-11-24 00:03:00.049 [ScheduleThreadPool-test-thread-4] ERROR MessageUtil - adventureBossRankInfo is null
2023-11-24 00:03:00.327 [ScheduleThreadPool-test-thread-3] ERROR MessageUtil - adventureBossRankInfo is null
2023-11-24 00:03:00.639 [ScheduleThreadPool-test-thread-3] ERROR MessageUtil - adventureBossRankInfo is null
2023-11-24 00:03:00.711 [ScheduleThreadPool-test-thread-5] ERROR MessageUtil - adventureBossRankInfo is null
2023-11-24 00:04:00.047 [ScheduleThreadPool-test-thread-8] ERROR MessageUtil - adventureBossRankInfo is null
2023-11-24 00:04:00.047 [ScheduleThreadPool-test-thread-5] ERROR MessageUtil - adventureBossRankInfo is null
2023-11-24 00:04:00.333 [ScheduleThreadPool-test-thread-2] ERROR MessageUtil - adventureBossRankInfo is null
2023-11-24 00:04:00.645 [ScheduleThreadPool-test-thread-3] ERROR MessageUtil - adventureBossRankInfo is null
2023-11-24 00:04:00.717 [ScheduleThreadPool-test-thread-7] ERROR MessageUtil - adventureBossRankInfo is null
2023-11-24 00:05:00.039 [ScheduleThreadPool-test-thread-5] ERROR MessageUtil - adventureBossRankInfo is null
2023-11-24 00:05:00.047 [ScheduleThreadPool-test-thread-7] ERROR MessageUtil - adventureBossRankInfo is null
2023-11-24 00:05:00.324 [ScheduleThreadPool-test-thread-8] ERROR MessageUtil - adventureBossRankInfo is null
2023-11-24 00:05:00.642 [ScheduleThreadPool-test-thread-2] ERROR MessageUtil - adventureBossRankInfo is null
2023-11-24 00:05:00.707 [ScheduleThreadPool-test-thread-7] ERROR MessageUtil - adventureBossRankInfo is null
2023-11-24 00:06:00.038 [ScheduleThreadPool-test-thread-7] ERROR MessageUtil - adventureBossRankInfo is null
2023-11-24 00:06:00.064 [ScheduleThreadPool-test-thread-2] ERROR MessageUtil - adventureBossRankInfo is null
2023-11-24 00:06:00.332 [ScheduleThreadPool-test-thread-6] ERROR MessageUtil - adventureBossRankInfo is null
2023-11-24 00:06:00.639 [ScheduleThreadPool-test-thread-6] ERROR MessageUtil - adventureBossRankInfo is null
2023-11-24 00:06:00.711 [ScheduleThreadPool-test-thread-1] ERROR MessageUtil - adventureBossRankInfo is null
2023-11-24 00:07:00.112 [ScheduleThreadPool-test-thread-3] ERROR MessageUtil - adventureBossRankInfo is null
2023-11-24 00:07:00.113 [ScheduleThreadPool-test-thread-8] ERROR MessageUtil - adventureBossRankInfo is null
2023-11-24 00:07:00.258 [ScheduleThreadPool-test-thread-8] ERROR MessageUtil - adventureBossRankInfo is null
2023-11-24 00:07:00.656 [ScheduleThreadPool-test-thread-2] ERROR MessageUtil - adventureBossRankInfo is null
2023-11-24 00:07:00.787 [ScheduleThreadPool-test-thread-8] ERROR MessageUtil - adventureBossRankInfo is null
2023-11-24 00:08:00.047 [ScheduleThreadPool-test-thread-5] ERROR MessageUtil - adventureBossRankInfo is null
2023-11-24 00:08:00.056 [ScheduleThreadPool-test-thread-1] ERROR MessageUtil - adventureBossRankInfo is null
2023-11-24 00:08:00.255 [ScheduleThreadPool-test-thread-8] ERROR MessageUtil - adventureBossRankInfo is null
2023-11-24 00:08:00.640 [ScheduleThreadPool-test-thread-5] ERROR MessageUtil - adventureBossRankInfo is null
2023-11-24 00:08:00.715 [ScheduleThreadPool-test-thread-6] ERROR MessageUtil - adventureBossRankInfo is null
2023-11-24 00:09:00.045 [ScheduleThreadPool-test-thread-8] ERROR MessageUtil - adventureBossRankInfo is null
2023-11-24 00:09:00.054 [ScheduleThreadPool-test-thread-5] ERROR MessageUtil - adventureBossRankInfo is null
2023-11-24 00:09:00.252 [ScheduleThreadPool-test-thread-7] ERROR MessageUtil - adventureBossRankInfo is null
2023-11-24 00:09:00.641 [ScheduleThreadPool-test-thread-4] ERROR MessageUtil - adventureBossRankInfo is null
2023-11-24 00:09:00.715 [ScheduleThreadPool-test-thread-5] ERROR MessageUtil - adventureBossRankInfo is null
2023-11-24 00:10:00.056 [ScheduleThreadPool-test-thread-7] ERROR MessageUtil - adventureBossRankInfo is null
2023-11-24 00:10:00.058 [ScheduleThreadPool-test-thread-2] ERROR MessageUtil - adventureBossRankInfo is null
2023-11-24 00:10:00.255 [ScheduleThreadPool-test-thread-3] ERROR MessageUtil - adventureBossRankInfo is null
2023-11-24 00:10:00.639 [ScheduleThreadPool-test-thread-6] ERROR MessageUtil - adventureBossRankInfo is null
2023-11-24 00:10:00.714 [ScheduleThreadPool-test-thread-4] ERROR MessageUtil - adventureBossRankInfo is null
2023-11-24 00:11:00.071 [ScheduleThreadPool-test-thread-2] ERROR MessageUtil - adventureBossRankInfo is null
2023-11-24 00:11:00.072 [ScheduleThreadPool-test-thread-8] ERROR MessageUtil - adventureBossRankInfo is null
2023-11-24 00:11:00.257 [ScheduleThreadPool-test-thread-6] ERROR MessageUtil - adventureBossRankInfo is null
2023-11-24 00:11:00.640 [ScheduleThreadPool-test-thread-4] ERROR MessageUtil - adventureBossRankInfo is null
2023-11-24 00:11:00.714 [ScheduleThreadPool-test-thread-6] ERROR MessageUtil - adventureBossRankInfo is null
2023-11-24 00:12:00.039 [ScheduleThreadPool-test-thread-5] ERROR MessageUtil - adventureBossRankInfo is null
2023-11-24 00:12:00.052 [ScheduleThreadPool-test-thread-1] ERROR MessageUtil - adventureBossRankInfo is null
2023-11-24 00:12:00.252 [ScheduleThreadPool-test-thread-5] ERROR MessageUtil - adventureBossRankInfo is null
2023-11-24 00:12:00.641 [ScheduleThreadPool-test-thread-7] ERROR MessageUtil - adventureBossRankInfo is null
2023-11-24 00:12:00.715 [ScheduleThreadPool-test-thread-8] ERROR MessageUtil - adventureBossRankInfo is null
2023-11-24 00:13:00.046 [ScheduleThreadPool-test-thread-7] ERROR MessageUtil - adventureBossRankInfo is null
2023-11-24 00:13:00.049 [ScheduleThreadPool-test-thread-5] ERROR MessageUtil - adventureBossRankInfo is null
2023-11-24 00:13:00.251 [ScheduleThreadPool-test-thread-5] ERROR MessageUtil - adventureBossRankInfo is null
2023-11-24 00:13:00.644 [ScheduleThreadPool-test-thread-7] ERROR MessageUtil - adventureBossRankInfo is null
2023-11-24 00:13:00.712 [ScheduleThreadPool-test-thread-1] ERROR MessageUtil - adventureBossRankInfo is null
2023-11-24 00:14:00.039 [ScheduleThreadPool-test-thread-3] ERROR MessageUtil - adventureBossRankInfo is null
2023-11-24 00:14:00.051 [ScheduleThreadPool-test-thread-6] ERROR MessageUtil - adventureBossRankInfo is null
2023-11-24 00:14:00.253 [ScheduleThreadPool-test-thread-4] ERROR MessageUtil - adventureBossRankInfo is null
2023-11-24 00:14:00.639 [ScheduleThreadPool-test-thread-5] ERROR MessageUtil - adventureBossRankInfo is null
2023-11-24 00:14:00.716 [ScheduleThreadPool-test-thread-4] ERROR MessageUtil - adventureBossRankInfo is null
2023-11-24 00:15:00.038 [ScheduleThreadPool-test-thread-2] ERROR MessageUtil - adventureBossRankInfo is null
2023-11-24 00:15:00.049 [ScheduleThreadPool-test-thread-5] ERROR MessageUtil - adventureBossRankInfo is null
2023-11-24 00:15:00.253 [ScheduleThreadPool-test-thread-1] ERROR MessageUtil - adventureBossRankInfo is null
2023-11-24 00:15:00.641 [ScheduleThreadPool-test-thread-4] ERROR MessageUtil - adventureBossRankInfo is null
2023-11-24 00:15:00.709 [ScheduleThreadPool-test-thread-8] ERROR MessageUtil - adventureBossRankInfo is null
2023-11-24 00:15:44.088 [ScheduleThreadPool-test-thread-1] ERROR SecondsTask - e
org.springframework.data.redis.RedisConnectionFailureException: java.net.SocketTimeoutException: Read timed out; nested exception is redis.clients.jedis.exceptions.JedisConnectionException: java.net.SocketTimeoutException: Read timed out
	at org.springframework.data.redis.connection.jedis.JedisExceptionConverter.convert(JedisExceptionConverter.java:67)
	at org.springframework.data.redis.connection.jedis.JedisExceptionConverter.convert(JedisExceptionConverter.java:41)
	at org.springframework.data.redis.PassThroughExceptionTranslationStrategy.translate(PassThroughExceptionTranslationStrategy.java:37)
	at org.springframework.data.redis.FallbackExceptionTranslationStrategy.translate(FallbackExceptionTranslationStrategy.java:37)
	at org.springframework.data.redis.connection.jedis.JedisConnection.convertJedisAccessException(JedisConnection.java:241)
	at org.springframework.data.redis.connection.jedis.JedisConnection.hGetAll(JedisConnection.java:3001)
	at org.springframework.data.redis.connection.DefaultStringRedisConnection.hGetAll(DefaultStringRedisConnection.java:372)
	at org.springframework.data.redis.core.DefaultHashOperations$13.doInRedis(DefaultHashOperations.java:223)
	at org.springframework.data.redis.core.DefaultHashOperations$13.doInRedis(DefaultHashOperations.java:220)
	at org.springframework.data.redis.core.RedisTemplate.execute(RedisTemplate.java:207)
	at org.springframework.data.redis.core.RedisTemplate.execute(RedisTemplate.java:169)
	at org.springframework.data.redis.core.AbstractOperations.execute(AbstractOperations.java:91)
	at org.springframework.data.redis.core.DefaultHashOperations.entries(DefaultHashOperations.java:220)
	at com.ljsd.jieling.db.redis.RedisUtil.getMapValues(RedisUtil.java:1401)
	at com.ljsd.jieling.logic.championship.ChampionshipLogic.minuteCheck(ChampionshipLogic.java:1414)
	at com.ljsd.jieling.thread.task.SecondsTask.run(SecondsTask.java:21)
	at java.util.concurrent.Executors$RunnableAdapter.call(Executors.java:511)
	at java.util.concurrent.FutureTask.runAndReset(FutureTask.java:308)
	at java.util.concurrent.ScheduledThreadPoolExecutor$ScheduledFutureTask.access$301(ScheduledThreadPoolExecutor.java:180)
	at java.util.concurrent.ScheduledThreadPoolExecutor$ScheduledFutureTask.run(ScheduledThreadPoolExecutor.java:294)
	at java.util.concurrent.ThreadPoolExecutor.runWorker(ThreadPoolExecutor.java:1149)
	at java.util.concurrent.ThreadPoolExecutor$Worker.run(ThreadPoolExecutor.java:624)
	at java.lang.Thread.run(Thread.java:750)
Caused by: redis.clients.jedis.exceptions.JedisConnectionException: java.net.SocketTimeoutException: Read timed out
	at redis.clients.util.RedisInputStream.ensureFill(RedisInputStream.java:202)
	at redis.clients.util.RedisInputStream.readByte(RedisInputStream.java:40)
	at redis.clients.jedis.Protocol.process(Protocol.java:151)
	at redis.clients.jedis.Protocol.read(Protocol.java:215)
	at redis.clients.jedis.Connection.readProtocolWithCheckingBroken(Connection.java:340)
	at redis.clients.jedis.Connection.getBinaryMultiBulkReply(Connection.java:276)
	at redis.clients.jedis.BinaryJedis.hgetAll(BinaryJedis.java:1028)
	at org.springframework.data.redis.connection.jedis.JedisConnection.hGetAll(JedisConnection.java:2999)
	... 17 common frames omitted
Caused by: java.net.SocketTimeoutException: Read timed out
	at java.net.SocketInputStream.socketRead0(Native Method)
	at java.net.SocketInputStream.socketRead(SocketInputStream.java:116)
	at java.net.SocketInputStream.read(SocketInputStream.java:171)
	at java.net.SocketInputStream.read(SocketInputStream.java:141)
	at java.net.SocketInputStream.read(SocketInputStream.java:127)
	at redis.clients.util.RedisInputStream.ensureFill(RedisInputStream.java:196)
	... 24 common frames omitted
2023-11-24 00:15:44.273 [ScheduleThreadPool-test-thread-3] ERROR SecondsTask - e
org.springframework.data.redis.RedisConnectionFailureException: java.net.SocketTimeoutException: Read timed out; nested exception is redis.clients.jedis.exceptions.JedisConnectionException: java.net.SocketTimeoutException: Read timed out
	at org.springframework.data.redis.connection.jedis.JedisExceptionConverter.convert(JedisExceptionConverter.java:67)
	at org.springframework.data.redis.connection.jedis.JedisExceptionConverter.convert(JedisExceptionConverter.java:41)
	at org.springframework.data.redis.PassThroughExceptionTranslationStrategy.translate(PassThroughExceptionTranslationStrategy.java:37)
	at org.springframework.data.redis.FallbackExceptionTranslationStrategy.translate(FallbackExceptionTranslationStrategy.java:37)
	at org.springframework.data.redis.connection.jedis.JedisConnection.convertJedisAccessException(JedisConnection.java:241)
	at org.springframework.data.redis.connection.jedis.JedisConnection.hGetAll(JedisConnection.java:3001)
	at org.springframework.data.redis.connection.DefaultStringRedisConnection.hGetAll(DefaultStringRedisConnection.java:372)
	at org.springframework.data.redis.core.DefaultHashOperations$13.doInRedis(DefaultHashOperations.java:223)
	at org.springframework.data.redis.core.DefaultHashOperations$13.doInRedis(DefaultHashOperations.java:220)
	at org.springframework.data.redis.core.RedisTemplate.execute(RedisTemplate.java:207)
	at org.springframework.data.redis.core.RedisTemplate.execute(RedisTemplate.java:169)
	at org.springframework.data.redis.core.AbstractOperations.execute(AbstractOperations.java:91)
	at org.springframework.data.redis.core.DefaultHashOperations.entries(DefaultHashOperations.java:220)
	at com.ljsd.jieling.db.redis.RedisUtil.getMapValues(RedisUtil.java:1401)
	at com.ljsd.jieling.logic.championship.ChampionshipLogic.minuteCheck(ChampionshipLogic.java:1414)
	at com.ljsd.jieling.thread.task.SecondsTask.run(SecondsTask.java:21)
	at java.util.concurrent.Executors$RunnableAdapter.call(Executors.java:511)
	at java.util.concurrent.FutureTask.runAndReset(FutureTask.java:308)
	at java.util.concurrent.ScheduledThreadPoolExecutor$ScheduledFutureTask.access$301(ScheduledThreadPoolExecutor.java:180)
	at java.util.concurrent.ScheduledThreadPoolExecutor$ScheduledFutureTask.run(ScheduledThreadPoolExecutor.java:294)
	at java.util.concurrent.ThreadPoolExecutor.runWorker(ThreadPoolExecutor.java:1149)
	at java.util.concurrent.ThreadPoolExecutor$Worker.run(ThreadPoolExecutor.java:624)
	at java.lang.Thread.run(Thread.java:750)
Caused by: redis.clients.jedis.exceptions.JedisConnectionException: java.net.SocketTimeoutException: Read timed out
	at redis.clients.util.RedisInputStream.ensureFill(RedisInputStream.java:202)
	at redis.clients.util.RedisInputStream.readByte(RedisInputStream.java:40)
	at redis.clients.jedis.Protocol.process(Protocol.java:151)
	at redis.clients.jedis.Protocol.read(Protocol.java:215)
	at redis.clients.jedis.Connection.readProtocolWithCheckingBroken(Connection.java:340)
	at redis.clients.jedis.Connection.getBinaryMultiBulkReply(Connection.java:276)
	at redis.clients.jedis.BinaryJedis.hgetAll(BinaryJedis.java:1028)
	at org.springframework.data.redis.connection.jedis.JedisConnection.hGetAll(JedisConnection.java:2999)
	... 17 common frames omitted
Caused by: java.net.SocketTimeoutException: Read timed out
	at java.net.SocketInputStream.socketRead0(Native Method)
	at java.net.SocketInputStream.socketRead(SocketInputStream.java:116)
	at java.net.SocketInputStream.read(SocketInputStream.java:171)
	at java.net.SocketInputStream.read(SocketInputStream.java:141)
	at java.net.SocketInputStream.read(SocketInputStream.java:127)
	at redis.clients.util.RedisInputStream.ensureFill(RedisInputStream.java:196)
	... 24 common frames omitted
2023-11-24 00:15:44.252 [ScheduleThreadPool-test-thread-1] ERROR SecondsTask - e
org.springframework.data.redis.RedisConnectionFailureException: java.net.SocketTimeoutException: Read timed out; nested exception is redis.clients.jedis.exceptions.JedisConnectionException: java.net.SocketTimeoutException: Read timed out
	at org.springframework.data.redis.connection.jedis.JedisExceptionConverter.convert(JedisExceptionConverter.java:67)
	at org.springframework.data.redis.connection.jedis.JedisExceptionConverter.convert(JedisExceptionConverter.java:41)
	at org.springframework.data.redis.PassThroughExceptionTranslationStrategy.translate(PassThroughExceptionTranslationStrategy.java:37)
	at org.springframework.data.redis.FallbackExceptionTranslationStrategy.translate(FallbackExceptionTranslationStrategy.java:37)
	at org.springframework.data.redis.connection.jedis.JedisConnection.convertJedisAccessException(JedisConnection.java:241)
	at org.springframework.data.redis.connection.jedis.JedisConnection.hGetAll(JedisConnection.java:3001)
	at org.springframework.data.redis.connection.DefaultStringRedisConnection.hGetAll(DefaultStringRedisConnection.java:372)
	at org.springframework.data.redis.core.DefaultHashOperations$13.doInRedis(DefaultHashOperations.java:223)
	at org.springframework.data.redis.core.DefaultHashOperations$13.doInRedis(DefaultHashOperations.java:220)
	at org.springframework.data.redis.core.RedisTemplate.execute(RedisTemplate.java:207)
	at org.springframework.data.redis.core.RedisTemplate.execute(RedisTemplate.java:169)
	at org.springframework.data.redis.core.AbstractOperations.execute(AbstractOperations.java:91)
	at org.springframework.data.redis.core.DefaultHashOperations.entries(DefaultHashOperations.java:220)
	at com.ljsd.jieling.db.redis.RedisUtil.getMapValues(RedisUtil.java:1401)
	at com.ljsd.jieling.logic.championship.ChampionshipLogic.minuteCheck(ChampionshipLogic.java:1414)
	at com.ljsd.jieling.thread.task.SecondsTask.run(SecondsTask.java:21)
	at java.util.concurrent.Executors$RunnableAdapter.call(Executors.java:511)
	at java.util.concurrent.FutureTask.runAndReset(FutureTask.java:308)
	at java.util.concurrent.ScheduledThreadPoolExecutor$ScheduledFutureTask.access$301(ScheduledThreadPoolExecutor.java:180)
	at java.util.concurrent.ScheduledThreadPoolExecutor$ScheduledFutureTask.run(ScheduledThreadPoolExecutor.java:294)
	at java.util.concurrent.ThreadPoolExecutor.runWorker(ThreadPoolExecutor.java:1149)
	at java.util.concurrent.ThreadPoolExecutor$Worker.run(ThreadPoolExecutor.java:624)
	at java.lang.Thread.run(Thread.java:750)
Caused by: redis.clients.jedis.exceptions.JedisConnectionException: java.net.SocketTimeoutException: Read timed out
	at redis.clients.util.RedisInputStream.ensureFill(RedisInputStream.java:202)
	at redis.clients.util.RedisInputStream.readByte(RedisInputStream.java:40)
	at redis.clients.jedis.Protocol.process(Protocol.java:151)
	at redis.clients.jedis.Protocol.read(Protocol.java:215)
	at redis.clients.jedis.Connection.readProtocolWithCheckingBroken(Connection.java:340)
	at redis.clients.jedis.Connection.getBinaryMultiBulkReply(Connection.java:276)
	at redis.clients.jedis.BinaryJedis.hgetAll(BinaryJedis.java:1028)
	at org.springframework.data.redis.connection.jedis.JedisConnection.hGetAll(JedisConnection.java:2999)
	... 17 common frames omitted
Caused by: java.net.SocketTimeoutException: Read timed out
	at java.net.SocketInputStream.socketRead0(Native Method)
	at java.net.SocketInputStream.socketRead(SocketInputStream.java:116)
	at java.net.SocketInputStream.read(SocketInputStream.java:171)
	at java.net.SocketInputStream.read(SocketInputStream.java:141)
	at java.net.SocketInputStream.read(SocketInputStream.java:127)
	at redis.clients.util.RedisInputStream.ensureFill(RedisInputStream.java:196)
	... 24 common frames omitted
2023-11-24 00:16:00.444 [ScheduleThreadPool-test-thread-4] ERROR MessageUtil - adventureBossRankInfo is null
2023-11-24 00:16:00.719 [ScheduleThreadPool-test-thread-6] ERROR MessageUtil - adventureBossRankInfo is null
2023-11-24 00:16:00.772 [ScheduleThreadPool-test-thread-2] ERROR MessageUtil - adventureBossRankInfo is null
2023-11-24 00:16:00.804 [ScheduleThreadPool-test-thread-4] ERROR MessageUtil - adventureBossRankInfo is null
2023-11-24 00:16:03.517 [ScheduleThreadPool-test-thread-2] ERROR MessageUtil - adventureBossRankInfo is null
2023-11-24 00:17:00.246 [ScheduleThreadPool-test-thread-4] ERROR MessageUtil - adventureBossRankInfo is null
2023-11-24 00:17:00.294 [ScheduleThreadPool-test-thread-5] ERROR MessageUtil - adventureBossRankInfo is null
2023-11-24 00:17:00.509 [ScheduleThreadPool-test-thread-5] ERROR MessageUtil - adventureBossRankInfo is null
2023-11-24 00:17:00.649 [ScheduleThreadPool-test-thread-3] ERROR MessageUtil - adventureBossRankInfo is null
2023-11-24 00:17:00.714 [ScheduleThreadPool-test-thread-7] ERROR MessageUtil - adventureBossRankInfo is null
2023-11-24 00:18:00.237 [ScheduleThreadPool-test-thread-6] ERROR MessageUtil - adventureBossRankInfo is null
2023-11-24 00:18:00.260 [ScheduleThreadPool-test-thread-8] ERROR MessageUtil - adventureBossRankInfo is null
2023-11-24 00:18:00.505 [ScheduleThreadPool-test-thread-1] ERROR MessageUtil - adventureBossRankInfo is null
2023-11-24 00:18:00.641 [ScheduleThreadPool-test-thread-1] ERROR MessageUtil - adventureBossRankInfo is null
2023-11-24 00:18:00.714 [ScheduleThreadPool-test-thread-5] ERROR MessageUtil - adventureBossRankInfo is null
2023-11-24 00:19:00.231 [ScheduleThreadPool-test-thread-2] ERROR MessageUtil - adventureBossRankInfo is null
2023-11-24 00:19:00.256 [ScheduleThreadPool-test-thread-6] ERROR MessageUtil - adventureBossRankInfo is null
2023-11-24 00:19:00.507 [ScheduleThreadPool-test-thread-2] ERROR MessageUtil - adventureBossRankInfo is null
2023-11-24 00:19:00.646 [ScheduleThreadPool-test-thread-2] ERROR MessageUtil - adventureBossRankInfo is null
2023-11-24 00:19:00.710 [ScheduleThreadPool-test-thread-3] ERROR MessageUtil - adventureBossRankInfo is null
2023-11-24 00:20:00.237 [ScheduleThreadPool-test-thread-5] ERROR MessageUtil - adventureBossRankInfo is null
2023-11-24 00:20:00.259 [ScheduleThreadPool-test-thread-1] ERROR MessageUtil - adventureBossRankInfo is null
2023-11-24 00:20:00.505 [ScheduleThreadPool-test-thread-3] ERROR MessageUtil - adventureBossRankInfo is null
2023-11-24 00:20:00.644 [ScheduleThreadPool-test-thread-3] ERROR MessageUtil - adventureBossRankInfo is null
2023-11-24 00:20:00.715 [ScheduleThreadPool-test-thread-3] ERROR MessageUtil - adventureBossRankInfo is null
2023-11-24 00:21:00.235 [ScheduleThreadPool-test-thread-5] ERROR MessageUtil - adventureBossRankInfo is null
2023-11-24 00:21:00.256 [ScheduleThreadPool-test-thread-1] ERROR MessageUtil - adventureBossRankInfo is null
2023-11-24 00:21:00.510 [ScheduleThreadPool-test-thread-7] ERROR MessageUtil - adventureBossRankInfo is null
2023-11-24 00:21:00.644 [ScheduleThreadPool-test-thread-8] ERROR MessageUtil - adventureBossRankInfo is null
2023-11-24 00:21:00.710 [ScheduleThreadPool-test-thread-5] ERROR MessageUtil - adventureBossRankInfo is null
2023-11-24 00:22:00.242 [ScheduleThreadPool-test-thread-8] ERROR MessageUtil - adventureBossRankInfo is null
2023-11-24 00:22:00.255 [ScheduleThreadPool-test-thread-7] ERROR MessageUtil - adventureBossRankInfo is null
2023-11-24 00:22:00.505 [ScheduleThreadPool-test-thread-4] ERROR MessageUtil - adventureBossRankInfo is null
2023-11-24 00:22:00.646 [ScheduleThreadPool-test-thread-3] ERROR MessageUtil - adventureBossRankInfo is null
2023-11-24 00:22:00.715 [ScheduleThreadPool-test-thread-6] ERROR MessageUtil - adventureBossRankInfo is null
2023-11-24 00:23:00.237 [ScheduleThreadPool-test-thread-3] ERROR MessageUtil - adventureBossRankInfo is null
2023-11-24 00:23:00.254 [ScheduleThreadPool-test-thread-6] ERROR MessageUtil - adventureBossRankInfo is null
2023-11-24 00:23:00.512 [ScheduleThreadPool-test-thread-6] ERROR MessageUtil - adventureBossRankInfo is null
2023-11-24 00:23:00.641 [ScheduleThreadPool-test-thread-8] ERROR MessageUtil - adventureBossRankInfo is null
2023-11-24 00:23:00.712 [ScheduleThreadPool-test-thread-7] ERROR MessageUtil - adventureBossRankInfo is null
2023-11-24 00:24:00.232 [ScheduleThreadPool-test-thread-4] ERROR MessageUtil - adventureBossRankInfo is null
2023-11-24 00:24:00.252 [ScheduleThreadPool-test-thread-5] ERROR MessageUtil - adventureBossRankInfo is null
2023-11-24 00:24:00.508 [ScheduleThreadPool-test-thread-1] ERROR MessageUtil - adventureBossRankInfo is null
2023-11-24 00:24:00.640 [ScheduleThreadPool-test-thread-7] ERROR MessageUtil - adventureBossRankInfo is null
2023-11-24 00:24:00.714 [ScheduleThreadPool-test-thread-5] ERROR MessageUtil - adventureBossRankInfo is null
2023-11-24 00:25:00.237 [ScheduleThreadPool-test-thread-6] ERROR MessageUtil - adventureBossRankInfo is null
2023-11-24 00:25:00.256 [ScheduleThreadPool-test-thread-3] ERROR MessageUtil - adventureBossRankInfo is null
2023-11-24 00:25:00.505 [ScheduleThreadPool-test-thread-6] ERROR MessageUtil - adventureBossRankInfo is null
2023-11-24 00:25:00.647 [ScheduleThreadPool-test-thread-3] ERROR MessageUtil - adventureBossRankInfo is null
2023-11-24 00:25:00.709 [ScheduleThreadPool-test-thread-1] ERROR MessageUtil - adventureBossRankInfo is null
2023-11-24 00:26:00.237 [ScheduleThreadPool-test-thread-4] ERROR MessageUtil - adventureBossRankInfo is null
2023-11-24 00:26:00.252 [ScheduleThreadPool-test-thread-1] ERROR MessageUtil - adventureBossRankInfo is null
2023-11-24 00:26:00.509 [ScheduleThreadPool-test-thread-6] ERROR MessageUtil - adventureBossRankInfo is null
2023-11-24 00:26:00.644 [ScheduleThreadPool-test-thread-2] ERROR MessageUtil - adventureBossRankInfo is null
2023-11-24 00:26:00.712 [ScheduleThreadPool-test-thread-2] ERROR MessageUtil - adventureBossRankInfo is null
2023-11-24 00:27:00.259 [ScheduleThreadPool-test-thread-2] ERROR MessageUtil - adventureBossRankInfo is null
2023-11-24 00:27:00.262 [ScheduleThreadPool-test-thread-2] ERROR MessageUtil - adventureBossRankInfo is null
2023-11-24 00:27:00.505 [ScheduleThreadPool-test-thread-1] ERROR MessageUtil - adventureBossRankInfo is null
2023-11-24 00:27:00.645 [ScheduleThreadPool-test-thread-6] ERROR MessageUtil - adventureBossRankInfo is null
2023-11-24 00:27:00.708 [ScheduleThreadPool-test-thread-1] ERROR MessageUtil - adventureBossRankInfo is null
2023-11-24 00:28:00.240 [ScheduleThreadPool-test-thread-1] ERROR MessageUtil - adventureBossRankInfo is null
2023-11-24 00:28:00.253 [ScheduleThreadPool-test-thread-7] ERROR MessageUtil - adventureBossRankInfo is null
2023-11-24 00:28:00.511 [ScheduleThreadPool-test-thread-1] ERROR MessageUtil - adventureBossRankInfo is null
2023-11-24 00:28:00.644 [ScheduleThreadPool-test-thread-7] ERROR MessageUtil - adventureBossRankInfo is null
2023-11-24 00:28:00.717 [ScheduleThreadPool-test-thread-1] ERROR MessageUtil - adventureBossRankInfo is null
2023-11-24 00:29:00.232 [ScheduleThreadPool-test-thread-4] ERROR MessageUtil - adventureBossRankInfo is null
2023-11-24 00:29:00.254 [ScheduleThreadPool-test-thread-6] ERROR MessageUtil - adventureBossRankInfo is null
2023-11-24 00:29:00.509 [ScheduleThreadPool-test-thread-1] ERROR MessageUtil - adventureBossRankInfo is null
2023-11-24 00:29:00.638 [ScheduleThreadPool-test-thread-7] ERROR MessageUtil - adventureBossRankInfo is null
2023-11-24 00:29:00.711 [ScheduleThreadPool-test-thread-3] ERROR MessageUtil - adventureBossRankInfo is null
2023-11-24 00:30:00.235 [ScheduleThreadPool-test-thread-2] ERROR MessageUtil - adventureBossRankInfo is null
2023-11-24 00:30:00.252 [ScheduleThreadPool-test-thread-2] ERROR MessageUtil - adventureBossRankInfo is null
2023-11-24 00:30:00.507 [ScheduleThreadPool-test-thread-5] ERROR MessageUtil - adventureBossRankInfo is null
2023-11-24 00:30:00.642 [ScheduleThreadPool-test-thread-3] ERROR MessageUtil - adventureBossRankInfo is null
2023-11-24 00:30:00.708 [ScheduleThreadPool-test-thread-3] ERROR MessageUtil - adventureBossRankInfo is null
2023-11-24 00:31:00.237 [ScheduleThreadPool-test-thread-5] ERROR MessageUtil - adventureBossRankInfo is null
2023-11-24 00:31:00.256 [ScheduleThreadPool-test-thread-2] ERROR MessageUtil - adventureBossRankInfo is null
2023-11-24 00:31:00.506 [ScheduleThreadPool-test-thread-2] ERROR MessageUtil - adventureBossRankInfo is null
2023-11-24 00:31:00.644 [ScheduleThreadPool-test-thread-6] ERROR MessageUtil - adventureBossRankInfo is null
2023-11-24 00:31:00.712 [ScheduleThreadPool-test-thread-2] ERROR MessageUtil - adventureBossRankInfo is null
2023-11-24 00:32:00.231 [ScheduleThreadPool-test-thread-1] ERROR MessageUtil - adventureBossRankInfo is null
2023-11-24 00:32:00.254 [ScheduleThreadPool-test-thread-4] ERROR MessageUtil - adventureBossRankInfo is null
2023-11-24 00:32:00.511 [ScheduleThreadPool-test-thread-5] ERROR MessageUtil - adventureBossRankInfo is null
2023-11-24 00:32:00.646 [ScheduleThreadPool-test-thread-6] ERROR MessageUtil - adventureBossRankInfo is null
2023-11-24 00:32:00.710 [ScheduleThreadPool-test-thread-1] ERROR MessageUtil - adventureBossRankInfo is null
2023-11-24 00:33:00.231 [ScheduleThreadPool-test-thread-3] ERROR MessageUtil - adventureBossRankInfo is null
2023-11-24 00:33:00.254 [ScheduleThreadPool-test-thread-1] ERROR MessageUtil - adventureBossRankInfo is null
2023-11-24 00:33:00.509 [ScheduleThreadPool-test-thread-6] ERROR MessageUtil - adventureBossRankInfo is null
2023-11-24 00:33:00.645 [ScheduleThreadPool-test-thread-6] ERROR MessageUtil - adventureBossRankInfo is null
2023-11-24 00:33:00.709 [ScheduleThreadPool-test-thread-7] ERROR MessageUtil - adventureBossRankInfo is null
2023-11-24 00:34:00.235 [ScheduleThreadPool-test-thread-1] ERROR MessageUtil - adventureBossRankInfo is null
2023-11-24 00:34:00.253 [ScheduleThreadPool-test-thread-5] ERROR MessageUtil - adventureBossRankInfo is null
2023-11-24 00:34:00.507 [ScheduleThreadPool-test-thread-7] ERROR MessageUtil - adventureBossRankInfo is null
2023-11-24 00:34:00.644 [ScheduleThreadPool-test-thread-3] ERROR MessageUtil - adventureBossRankInfo is null
2023-11-24 00:34:00.708 [ScheduleThreadPool-test-thread-8] ERROR MessageUtil - adventureBossRankInfo is null
2023-11-24 00:35:00.287 [ScheduleThreadPool-test-thread-5] ERROR MessageUtil - adventureBossRankInfo is null
2023-11-24 00:35:00.331 [ScheduleThreadPool-test-thread-3] ERROR MessageUtil - adventureBossRankInfo is null
2023-11-24 00:35:00.506 [ScheduleThreadPool-test-thread-2] ERROR MessageUtil - adventureBossRankInfo is null
2023-11-24 00:35:00.641 [ScheduleThreadPool-test-thread-6] ERROR MessageUtil - adventureBossRankInfo is null
2023-11-24 00:35:00.708 [ScheduleThreadPool-test-thread-8] ERROR MessageUtil - adventureBossRankInfo is null
2023-11-24 00:36:00.235 [ScheduleThreadPool-test-thread-3] ERROR MessageUtil - adventureBossRankInfo is null
2023-11-24 00:36:00.252 [ScheduleThreadPool-test-thread-7] ERROR MessageUtil - adventureBossRankInfo is null
2023-11-24 00:36:00.504 [ScheduleThreadPool-test-thread-2] ERROR MessageUtil - adventureBossRankInfo is null
2023-11-24 00:36:00.642 [ScheduleThreadPool-test-thread-6] ERROR MessageUtil - adventureBossRankInfo is null
2023-11-24 00:36:00.711 [ScheduleThreadPool-test-thread-8] ERROR MessageUtil - adventureBossRankInfo is null
2023-11-24 00:37:00.230 [ScheduleThreadPool-test-thread-8] ERROR MessageUtil - adventureBossRankInfo is null
2023-11-24 00:37:00.255 [ScheduleThreadPool-test-thread-8] ERROR MessageUtil - adventureBossRankInfo is null
2023-11-24 00:37:00.505 [ScheduleThreadPool-test-thread-2] ERROR MessageUtil - adventureBossRankInfo is null
2023-11-24 00:37:00.643 [ScheduleThreadPool-test-thread-1] ERROR MessageUtil - adventureBossRankInfo is null
2023-11-24 00:37:00.708 [ScheduleThreadPool-test-thread-2] ERROR MessageUtil - adventureBossRankInfo is null
2023-11-24 00:38:00.231 [ScheduleThreadPool-test-thread-7] ERROR MessageUtil - adventureBossRankInfo is null
2023-11-24 00:38:00.251 [ScheduleThreadPool-test-thread-2] ERROR MessageUtil - adventureBossRankInfo is null
2023-11-24 00:38:00.507 [ScheduleThreadPool-test-thread-1] ERROR MessageUtil - adventureBossRankInfo is null
2023-11-24 00:38:00.640 [ScheduleThreadPool-test-thread-3] ERROR MessageUtil - adventureBossRankInfo is null
2023-11-24 00:38:00.708 [ScheduleThreadPool-test-thread-5] ERROR MessageUtil - adventureBossRankInfo is null
2023-11-24 00:39:00.232 [ScheduleThreadPool-test-thread-3] ERROR MessageUtil - adventureBossRankInfo is null
2023-11-24 00:39:00.265 [ScheduleThreadPool-test-thread-8] ERROR MessageUtil - adventureBossRankInfo is null
2023-11-24 00:39:00.505 [ScheduleThreadPool-test-thread-5] ERROR MessageUtil - adventureBossRankInfo is null
2023-11-24 00:39:00.640 [ScheduleThreadPool-test-thread-1] ERROR MessageUtil - adventureBossRankInfo is null
2023-11-24 00:39:00.706 [ScheduleThreadPool-test-thread-3] ERROR MessageUtil - adventureBossRankInfo is null
2023-11-24 00:40:00.231 [ScheduleThreadPool-test-thread-6] ERROR MessageUtil - adventureBossRankInfo is null
2023-11-24 00:40:00.260 [ScheduleThreadPool-test-thread-1] ERROR MessageUtil - adventureBossRankInfo is null
2023-11-24 00:40:00.507 [ScheduleThreadPool-test-thread-4] ERROR MessageUtil - adventureBossRankInfo is null
2023-11-24 00:40:00.639 [ScheduleThreadPool-test-thread-7] ERROR MessageUtil - adventureBossRankInfo is null
2023-11-24 00:40:00.711 [ScheduleThreadPool-test-thread-6] ERROR MessageUtil - adventureBossRankInfo is null
2023-11-24 00:41:00.239 [ScheduleThreadPool-test-thread-5] ERROR MessageUtil - adventureBossRankInfo is null
2023-11-24 00:41:00.254 [ScheduleThreadPool-test-thread-3] ERROR MessageUtil - adventureBossRankInfo is null
2023-11-24 00:41:00.509 [ScheduleThreadPool-test-thread-8] ERROR MessageUtil - adventureBossRankInfo is null
2023-11-24 00:41:00.636 [ScheduleThreadPool-test-thread-6] ERROR MessageUtil - adventureBossRankInfo is null
2023-11-24 00:41:00.707 [ScheduleThreadPool-test-thread-1] ERROR MessageUtil - adventureBossRankInfo is null
2023-11-24 00:42:00.236 [ScheduleThreadPool-test-thread-2] ERROR MessageUtil - adventureBossRankInfo is null
2023-11-24 00:42:00.260 [ScheduleThreadPool-test-thread-3] ERROR MessageUtil - adventureBossRankInfo is null
2023-11-24 00:42:00.507 [ScheduleThreadPool-test-thread-8] ERROR MessageUtil - adventureBossRankInfo is null
2023-11-24 00:42:00.640 [ScheduleThreadPool-test-thread-7] ERROR MessageUtil - adventureBossRankInfo is null
2023-11-24 00:42:00.710 [ScheduleThreadPool-test-thread-4] ERROR MessageUtil - adventureBossRankInfo is null
2023-11-24 00:43:00.235 [ScheduleThreadPool-test-thread-5] ERROR MessageUtil - adventureBossRankInfo is null
2023-11-24 00:43:00.252 [ScheduleThreadPool-test-thread-5] ERROR MessageUtil - adventureBossRankInfo is null
2023-11-24 00:43:00.509 [ScheduleThreadPool-test-thread-4] ERROR MessageUtil - adventureBossRankInfo is null
2023-11-24 00:43:00.642 [ScheduleThreadPool-test-thread-1] ERROR MessageUtil - adventureBossRankInfo is null
2023-11-24 00:43:00.710 [ScheduleThreadPool-test-thread-7] ERROR MessageUtil - adventureBossRankInfo is null
2023-11-24 00:44:00.229 [ScheduleThreadPool-test-thread-6] ERROR MessageUtil - adventureBossRankInfo is null
2023-11-24 00:44:00.252 [ScheduleThreadPool-test-thread-5] ERROR MessageUtil - adventureBossRankInfo is null
2023-11-24 00:44:00.511 [ScheduleThreadPool-test-thread-7] ERROR MessageUtil - adventureBossRankInfo is null
2023-11-24 00:44:00.641 [ScheduleThreadPool-test-thread-8] ERROR MessageUtil - adventureBossRankInfo is null
2023-11-24 00:44:00.708 [ScheduleThreadPool-test-thread-7] ERROR MessageUtil - adventureBossRankInfo is null
2023-11-24 00:45:00.237 [ScheduleThreadPool-test-thread-6] ERROR MessageUtil - adventureBossRankInfo is null
2023-11-24 00:45:00.250 [ScheduleThreadPool-test-thread-5] ERROR MessageUtil - adventureBossRankInfo is null
2023-11-24 00:45:00.504 [ScheduleThreadPool-test-thread-1] ERROR MessageUtil - adventureBossRankInfo is null
2023-11-24 00:45:00.640 [ScheduleThreadPool-test-thread-5] ERROR MessageUtil - adventureBossRankInfo is null
2023-11-24 00:45:00.707 [ScheduleThreadPool-test-thread-5] ERROR MessageUtil - adventureBossRankInfo is null
2023-11-24 00:46:00.229 [ScheduleThreadPool-test-thread-8] ERROR MessageUtil - adventureBossRankInfo is null
2023-11-24 00:46:00.253 [ScheduleThreadPool-test-thread-1] ERROR MessageUtil - adventureBossRankInfo is null
2023-11-24 00:46:00.507 [ScheduleThreadPool-test-thread-2] ERROR MessageUtil - adventureBossRankInfo is null
2023-11-24 00:46:00.639 [ScheduleThreadPool-test-thread-4] ERROR MessageUtil - adventureBossRankInfo is null
2023-11-24 00:46:00.707 [ScheduleThreadPool-test-thread-5] ERROR MessageUtil - adventureBossRankInfo is null
2023-11-24 00:47:00.233 [ScheduleThreadPool-test-thread-5] ERROR MessageUtil - adventureBossRankInfo is null
2023-11-24 00:47:00.257 [ScheduleThreadPool-test-thread-7] ERROR MessageUtil - adventureBossRankInfo is null
2023-11-24 00:47:00.506 [ScheduleThreadPool-test-thread-4] ERROR MessageUtil - adventureBossRankInfo is null
2023-11-24 00:47:00.639 [ScheduleThreadPool-test-thread-8] ERROR MessageUtil - adventureBossRankInfo is null
2023-11-24 00:47:00.706 [ScheduleThreadPool-test-thread-4] ERROR MessageUtil - adventureBossRankInfo is null
2023-11-24 00:48:00.234 [ScheduleThreadPool-test-thread-4] ERROR MessageUtil - adventureBossRankInfo is null
2023-11-24 00:48:00.253 [ScheduleThreadPool-test-thread-4] ERROR MessageUtil - adventureBossRankInfo is null
2023-11-24 00:48:00.506 [ScheduleThreadPool-test-thread-3] ERROR MessageUtil - adventureBossRankInfo is null
2023-11-24 00:48:00.638 [ScheduleThreadPool-test-thread-1] ERROR MessageUtil - adventureBossRankInfo is null
2023-11-24 00:48:00.708 [ScheduleThreadPool-test-thread-6] ERROR MessageUtil - adventureBossRankInfo is null
2023-11-24 00:49:00.238 [ScheduleThreadPool-test-thread-2] ERROR MessageUtil - adventureBossRankInfo is null
2023-11-24 00:49:00.251 [ScheduleThreadPool-test-thread-4] ERROR MessageUtil - adventureBossRankInfo is null
2023-11-24 00:49:00.503 [ScheduleThreadPool-test-thread-4] ERROR MessageUtil - adventureBossRankInfo is null
2023-11-24 00:49:00.643 [ScheduleThreadPool-test-thread-1] ERROR MessageUtil - adventureBossRankInfo is null
2023-11-24 00:49:00.711 [ScheduleThreadPool-test-thread-5] ERROR MessageUtil - adventureBossRankInfo is null
2023-11-24 00:50:00.355 [ScheduleThreadPool-test-thread-4] ERROR MessageUtil - adventureBossRankInfo is null
2023-11-24 00:50:00.360 [ScheduleThreadPool-test-thread-1] ERROR MessageUtil - adventureBossRankInfo is null
2023-11-24 00:50:00.533 [ScheduleThreadPool-test-thread-6] ERROR MessageUtil - adventureBossRankInfo is null
2023-11-24 00:50:00.667 [ScheduleThreadPool-test-thread-7] ERROR MessageUtil - adventureBossRankInfo is null
2023-11-24 00:50:00.702 [ScheduleThreadPool-test-thread-6] ERROR MessageUtil - adventureBossRankInfo is null
2023-11-24 00:51:00.252 [ScheduleThreadPool-test-thread-3] ERROR MessageUtil - adventureBossRankInfo is null
2023-11-24 00:51:00.268 [ScheduleThreadPool-test-thread-2] ERROR MessageUtil - adventureBossRankInfo is null
2023-11-24 00:51:00.508 [ScheduleThreadPool-test-thread-3] ERROR MessageUtil - adventureBossRankInfo is null
2023-11-24 00:51:00.642 [ScheduleThreadPool-test-thread-8] ERROR MessageUtil - adventureBossRankInfo is null
2023-11-24 00:51:00.665 [ScheduleThreadPool-test-thread-7] ERROR MessageUtil - adventureBossRankInfo is null
2023-11-24 00:52:00.243 [ScheduleThreadPool-test-thread-8] ERROR MessageUtil - adventureBossRankInfo is null
2023-11-24 00:52:00.309 [ScheduleThreadPool-test-thread-6] ERROR MessageUtil - adventureBossRankInfo is null
2023-11-24 00:52:00.367 [ScheduleThreadPool-test-thread-3] ERROR MessageUtil - adventureBossRankInfo is null
2023-11-24 00:52:00.516 [ScheduleThreadPool-test-thread-6] ERROR MessageUtil - adventureBossRankInfo is null
2023-11-24 00:52:00.697 [ScheduleThreadPool-test-thread-6] ERROR MessageUtil - adventureBossRankInfo is null
2023-11-24 00:53:00.213 [ScheduleThreadPool-test-thread-1] ERROR MessageUtil - adventureBossRankInfo is null
2023-11-24 00:53:00.237 [ScheduleThreadPool-test-thread-7] ERROR MessageUtil - adventureBossRankInfo is null
2023-11-24 00:53:00.261 [ScheduleThreadPool-test-thread-2] ERROR MessageUtil - adventureBossRankInfo is null
2023-11-24 00:53:00.513 [ScheduleThreadPool-test-thread-3] ERROR MessageUtil - adventureBossRankInfo is null
2023-11-24 00:53:00.667 [ScheduleThreadPool-test-thread-4] ERROR MessageUtil - adventureBossRankInfo is null
2023-11-24 00:54:00.186 [ScheduleThreadPool-test-thread-3] ERROR MessageUtil - adventureBossRankInfo is null
2023-11-24 00:54:00.241 [ScheduleThreadPool-test-thread-1] ERROR MessageUtil - adventureBossRankInfo is null
2023-11-24 00:54:00.265 [ScheduleThreadPool-test-thread-4] ERROR MessageUtil - adventureBossRankInfo is null
2023-11-24 00:54:00.508 [ScheduleThreadPool-test-thread-7] ERROR MessageUtil - adventureBossRankInfo is null
2023-11-24 00:54:00.664 [ScheduleThreadPool-test-thread-2] ERROR MessageUtil - adventureBossRankInfo is null
2023-11-24 00:55:00.187 [ScheduleThreadPool-test-thread-8] ERROR MessageUtil - adventureBossRankInfo is null
2023-11-24 00:55:00.233 [ScheduleThreadPool-test-thread-4] ERROR MessageUtil - adventureBossRankInfo is null
2023-11-24 00:55:00.257 [ScheduleThreadPool-test-thread-2] ERROR MessageUtil - adventureBossRankInfo is null
2023-11-24 00:55:00.515 [ScheduleThreadPool-test-thread-1] ERROR MessageUtil - adventureBossRankInfo is null
2023-11-24 00:55:00.665 [ScheduleThreadPool-test-thread-1] ERROR MessageUtil - adventureBossRankInfo is null
2023-11-24 00:56:00.185 [ScheduleThreadPool-test-thread-8] ERROR MessageUtil - adventureBossRankInfo is null
2023-11-24 00:56:00.236 [ScheduleThreadPool-test-thread-4] ERROR MessageUtil - adventureBossRankInfo is null
2023-11-24 00:56:00.259 [ScheduleThreadPool-test-thread-3] ERROR MessageUtil - adventureBossRankInfo is null
2023-11-24 00:56:00.506 [ScheduleThreadPool-test-thread-8] ERROR MessageUtil - adventureBossRankInfo is null
2023-11-24 00:56:00.668 [ScheduleThreadPool-test-thread-7] ERROR MessageUtil - adventureBossRankInfo is null
2023-11-24 00:57:00.185 [ScheduleThreadPool-test-thread-8] ERROR MessageUtil - adventureBossRankInfo is null
2023-11-24 00:57:00.234 [ScheduleThreadPool-test-thread-7] ERROR MessageUtil - adventureBossRankInfo is null
2023-11-24 00:57:00.310 [ScheduleThreadPool-test-thread-2] ERROR MessageUtil - adventureBossRankInfo is null
2023-11-24 00:57:00.511 [ScheduleThreadPool-test-thread-7] ERROR MessageUtil - adventureBossRankInfo is null
2023-11-24 00:57:00.668 [ScheduleThreadPool-test-thread-7] ERROR MessageUtil - adventureBossRankInfo is null
2023-11-24 00:58:00.185 [ScheduleThreadPool-test-thread-1] ERROR MessageUtil - adventureBossRankInfo is null
2023-11-24 00:58:00.231 [ScheduleThreadPool-test-thread-1] ERROR MessageUtil - adventureBossRankInfo is null
2023-11-24 00:58:00.253 [ScheduleThreadPool-test-thread-5] ERROR MessageUtil - adventureBossRankInfo is null
2023-11-24 00:58:00.506 [ScheduleThreadPool-test-thread-1] ERROR MessageUtil - adventureBossRankInfo is null
2023-11-24 00:58:00.671 [ScheduleThreadPool-test-thread-3] ERROR MessageUtil - adventureBossRankInfo is null
2023-11-24 00:59:00.190 [ScheduleThreadPool-test-thread-7] ERROR MessageUtil - adventureBossRankInfo is null
2023-11-24 00:59:00.242 [ScheduleThreadPool-test-thread-5] ERROR MessageUtil - adventureBossRankInfo is null
2023-11-24 00:59:00.251 [ScheduleThreadPool-test-thread-8] ERROR MessageUtil - adventureBossRankInfo is null
2023-11-24 00:59:00.503 [ScheduleThreadPool-test-thread-7] ERROR MessageUtil - adventureBossRankInfo is null
2023-11-24 00:59:00.662 [ScheduleThreadPool-test-thread-8] ERROR MessageUtil - adventureBossRankInfo is null
2023-11-24 01:00:00.185 [ScheduleThreadPool-test-thread-7] ERROR MessageUtil - adventureBossRankInfo is null
2023-11-24 01:00:00.235 [ScheduleThreadPool-test-thread-2] ERROR MessageUtil - adventureBossRankInfo is null
2023-11-24 01:00:00.254 [ScheduleThreadPool-test-thread-2] ERROR MessageUtil - adventureBossRankInfo is null
2023-11-24 01:00:00.504 [ScheduleThreadPool-test-thread-3] ERROR MessageUtil - adventureBossRankInfo is null
2023-11-24 01:00:00.668 [ScheduleThreadPool-test-thread-5] ERROR MessageUtil - adventureBossRankInfo is null
2023-11-24 01:01:00.185 [ScheduleThreadPool-test-thread-6] ERROR MessageUtil - adventureBossRankInfo is null
2023-11-24 01:01:00.243 [ScheduleThreadPool-test-thread-5] ERROR MessageUtil - adventureBossRankInfo is null
2023-11-24 01:01:00.258 [ScheduleThreadPool-test-thread-6] ERROR MessageUtil - adventureBossRankInfo is null
2023-11-24 01:01:00.504 [ScheduleThreadPool-test-thread-4] ERROR MessageUtil - adventureBossRankInfo is null
2023-11-24 01:01:00.661 [ScheduleThreadPool-test-thread-7] ERROR MessageUtil - adventureBossRankInfo is null
2023-11-24 01:02:00.188 [ScheduleThreadPool-test-thread-6] ERROR MessageUtil - adventureBossRankInfo is null
2023-11-24 01:02:00.238 [ScheduleThreadPool-test-thread-2] ERROR MessageUtil - adventureBossRankInfo is null
2023-11-24 01:02:00.253 [ScheduleThreadPool-test-thread-6] ERROR MessageUtil - adventureBossRankInfo is null
2023-11-24 01:02:00.506 [ScheduleThreadPool-test-thread-1] ERROR MessageUtil - adventureBossRankInfo is null
2023-11-24 01:02:00.666 [ScheduleThreadPool-test-thread-4] ERROR MessageUtil - adventureBossRankInfo is null
2023-11-24 01:03:00.210 [ScheduleThreadPool-test-thread-3] ERROR MessageUtil - adventureBossRankInfo is null
2023-11-24 01:03:00.238 [ScheduleThreadPool-test-thread-1] ERROR MessageUtil - adventureBossRankInfo is null
2023-11-24 01:03:00.252 [ScheduleThreadPool-test-thread-2] ERROR MessageUtil - adventureBossRankInfo is null
2023-11-24 01:03:00.507 [ScheduleThreadPool-test-thread-1] ERROR MessageUtil - adventureBossRankInfo is null
2023-11-24 01:03:00.666 [ScheduleThreadPool-test-thread-2] ERROR MessageUtil - adventureBossRankInfo is null
2023-11-24 01:04:00.186 [ScheduleThreadPool-test-thread-1] ERROR MessageUtil - adventureBossRankInfo is null
2023-11-24 01:04:00.235 [ScheduleThreadPool-test-thread-4] ERROR MessageUtil - adventureBossRankInfo is null
2023-11-24 01:04:00.255 [ScheduleThreadPool-test-thread-1] ERROR MessageUtil - adventureBossRankInfo is null
2023-11-24 01:04:00.510 [ScheduleThreadPool-test-thread-7] ERROR MessageUtil - adventureBossRankInfo is null
2023-11-24 01:04:00.663 [ScheduleThreadPool-test-thread-1] ERROR MessageUtil - adventureBossRankInfo is null
2023-11-24 01:05:00.188 [ScheduleThreadPool-test-thread-3] ERROR MessageUtil - adventureBossRankInfo is null
2023-11-24 01:05:00.227 [ScheduleThreadPool-test-thread-7] ERROR MessageUtil - adventureBossRankInfo is null
2023-11-24 01:05:00.254 [ScheduleThreadPool-test-thread-4] ERROR MessageUtil - adventureBossRankInfo is null
2023-11-24 01:05:00.506 [ScheduleThreadPool-test-thread-2] ERROR MessageUtil - adventureBossRankInfo is null
2023-11-24 01:05:00.665 [ScheduleThreadPool-test-thread-1] ERROR MessageUtil - adventureBossRankInfo is null
2023-11-24 01:06:00.184 [ScheduleThreadPool-test-thread-2] ERROR MessageUtil - adventureBossRankInfo is null
2023-11-24 01:06:00.235 [ScheduleThreadPool-test-thread-3] ERROR MessageUtil - adventureBossRankInfo is null
2023-11-24 01:06:00.265 [ScheduleThreadPool-test-thread-2] ERROR MessageUtil - adventureBossRankInfo is null
2023-11-24 01:06:00.511 [ScheduleThreadPool-test-thread-3] ERROR MessageUtil - adventureBossRankInfo is null
2023-11-24 01:06:00.663 [ScheduleThreadPool-test-thread-2] ERROR MessageUtil - adventureBossRankInfo is null
2023-11-24 01:07:00.182 [ScheduleThreadPool-test-thread-3] ERROR MessageUtil - adventureBossRankInfo is null
2023-11-24 01:07:00.237 [ScheduleThreadPool-test-thread-4] ERROR MessageUtil - adventureBossRankInfo is null
2023-11-24 01:07:00.254 [ScheduleThreadPool-test-thread-5] ERROR MessageUtil - adventureBossRankInfo is null
2023-11-24 01:07:00.505 [ScheduleThreadPool-test-thread-7] ERROR MessageUtil - adventureBossRankInfo is null
2023-11-24 01:07:00.665 [ScheduleThreadPool-test-thread-4] ERROR MessageUtil - adventureBossRankInfo is null
2023-11-24 01:08:00.181 [ScheduleThreadPool-test-thread-1] ERROR MessageUtil - adventureBossRankInfo is null
2023-11-24 01:08:00.239 [ScheduleThreadPool-test-thread-6] ERROR MessageUtil - adventureBossRankInfo is null
2023-11-24 01:08:00.265 [ScheduleThreadPool-test-thread-1] ERROR MessageUtil - adventureBossRankInfo is null
2023-11-24 01:08:00.505 [ScheduleThreadPool-test-thread-1] ERROR MessageUtil - adventureBossRankInfo is null
2023-11-24 01:08:00.670 [ScheduleThreadPool-test-thread-1] ERROR MessageUtil - adventureBossRankInfo is null
2023-11-24 01:09:00.180 [ScheduleThreadPool-test-thread-2] ERROR MessageUtil - adventureBossRankInfo is null
2023-11-24 01:09:00.236 [ScheduleThreadPool-test-thread-6] ERROR MessageUtil - adventureBossRankInfo is null
2023-11-24 01:09:00.256 [ScheduleThreadPool-test-thread-4] ERROR MessageUtil - adventureBossRankInfo is null
2023-11-24 01:09:00.528 [ScheduleThreadPool-test-thread-1] ERROR MessageUtil - adventureBossRankInfo is null
2023-11-24 01:09:00.669 [ScheduleThreadPool-test-thread-5] ERROR MessageUtil - adventureBossRankInfo is null
2023-11-24 01:10:00.183 [ScheduleThreadPool-test-thread-4] ERROR MessageUtil - adventureBossRankInfo is null
2023-11-24 01:10:00.234 [ScheduleThreadPool-test-thread-7] ERROR MessageUtil - adventureBossRankInfo is null
2023-11-24 01:10:00.257 [ScheduleThreadPool-test-thread-2] ERROR MessageUtil - adventureBossRankInfo is null
2023-11-24 01:10:00.514 [ScheduleThreadPool-test-thread-1] ERROR MessageUtil - adventureBossRankInfo is null
2023-11-24 01:10:00.661 [ScheduleThreadPool-test-thread-1] ERROR MessageUtil - adventureBossRankInfo is null
2023-11-24 01:11:00.391 [ScheduleThreadPool-test-thread-8] ERROR MessageUtil - adventureBossRankInfo is null
2023-11-24 01:11:00.374 [ScheduleThreadPool-test-thread-5] ERROR MessageUtil - adventureBossRankInfo is null
2023-11-24 01:11:00.506 [ScheduleThreadPool-test-thread-2] ERROR MessageUtil - adventureBossRankInfo is null
2023-11-24 01:11:00.666 [ScheduleThreadPool-test-thread-7] ERROR MessageUtil - adventureBossRankInfo is null
2023-11-24 01:11:14.351 [ScheduleThreadPool-test-thread-1] ERROR MessageUtil - adventureBossRankInfo is null
2023-11-24 01:12:00.222 [ScheduleThreadPool-test-thread-5] ERROR MessageUtil - adventureBossRankInfo is null
2023-11-24 01:12:00.235 [ScheduleThreadPool-test-thread-4] ERROR MessageUtil - adventureBossRankInfo is null
2023-11-24 01:12:00.330 [ScheduleThreadPool-test-thread-8] ERROR MessageUtil - adventureBossRankInfo is null
2023-11-24 01:12:00.517 [ScheduleThreadPool-test-thread-6] ERROR MessageUtil - adventureBossRankInfo is null
2023-11-24 01:12:00.668 [ScheduleThreadPool-test-thread-2] ERROR MessageUtil - adventureBossRankInfo is null
2023-11-24 01:13:00.188 [ScheduleThreadPool-test-thread-5] ERROR MessageUtil - adventureBossRankInfo is null
2023-11-24 01:13:00.236 [ScheduleThreadPool-test-thread-8] ERROR MessageUtil - adventureBossRankInfo is null
2023-11-24 01:13:00.332 [ScheduleThreadPool-test-thread-6] ERROR MessageUtil - adventureBossRankInfo is null
2023-11-24 01:13:00.507 [ScheduleThreadPool-test-thread-8] ERROR MessageUtil - adventureBossRankInfo is null
2023-11-24 01:13:00.667 [ScheduleThreadPool-test-thread-1] ERROR MessageUtil - adventureBossRankInfo is null
2023-11-24 01:14:00.264 [ScheduleThreadPool-test-thread-3] ERROR MessageUtil - adventureBossRankInfo is null
2023-11-24 01:14:00.270 [ScheduleThreadPool-test-thread-3] ERROR MessageUtil - adventureBossRankInfo is null
2023-11-24 01:14:00.335 [ScheduleThreadPool-test-thread-6] ERROR MessageUtil - adventureBossRankInfo is null
2023-11-24 01:14:00.510 [ScheduleThreadPool-test-thread-4] ERROR MessageUtil - adventureBossRankInfo is null
2023-11-24 01:14:00.668 [ScheduleThreadPool-test-thread-2] ERROR MessageUtil - adventureBossRankInfo is null
2023-11-24 01:15:00.184 [ScheduleThreadPool-test-thread-2] ERROR MessageUtil - adventureBossRankInfo is null
2023-11-24 01:15:00.241 [ScheduleThreadPool-test-thread-3] ERROR MessageUtil - adventureBossRankInfo is null
2023-11-24 01:15:00.328 [ScheduleThreadPool-test-thread-4] ERROR MessageUtil - adventureBossRankInfo is null
2023-11-24 01:15:00.513 [ScheduleThreadPool-test-thread-3] ERROR MessageUtil - adventureBossRankInfo is null
2023-11-24 01:15:00.668 [ScheduleThreadPool-test-thread-4] ERROR MessageUtil - adventureBossRankInfo is null
2023-11-24 01:16:00.185 [ScheduleThreadPool-test-thread-8] ERROR MessageUtil - adventureBossRankInfo is null
2023-11-24 01:16:00.232 [ScheduleThreadPool-test-thread-4] ERROR MessageUtil - adventureBossRankInfo is null
2023-11-24 01:16:00.331 [ScheduleThreadPool-test-thread-7] ERROR MessageUtil - adventureBossRankInfo is null
2023-11-24 01:16:00.505 [ScheduleThreadPool-test-thread-4] ERROR MessageUtil - adventureBossRankInfo is null
2023-11-24 01:16:00.663 [ScheduleThreadPool-test-thread-4] ERROR MessageUtil - adventureBossRankInfo is null
2023-11-24 01:17:00.285 [ScheduleThreadPool-test-thread-8] ERROR MessageUtil - adventureBossRankInfo is null
2023-11-24 01:17:00.447 [ScheduleThreadPool-test-thread-7] ERROR MessageUtil - adventureBossRankInfo is null
2023-11-24 01:17:00.455 [ScheduleThreadPool-test-thread-4] ERROR MessageUtil - adventureBossRankInfo is null
2023-11-24 01:17:00.591 [ScheduleThreadPool-test-thread-4] ERROR MessageUtil - adventureBossRankInfo is null
2023-11-24 01:17:00.795 [ScheduleThreadPool-test-thread-1] ERROR MessageUtil - adventureBossRankInfo is null
2023-11-24 01:18:00.202 [ScheduleThreadPool-test-thread-2] ERROR MessageUtil - adventureBossRankInfo is null
2023-11-24 01:18:00.241 [ScheduleThreadPool-test-thread-7] ERROR MessageUtil - adventureBossRankInfo is null
2023-11-24 01:18:00.339 [ScheduleThreadPool-test-thread-2] ERROR MessageUtil - adventureBossRankInfo is null
2023-11-24 01:18:00.514 [ScheduleThreadPool-test-thread-1] ERROR MessageUtil - adventureBossRankInfo is null
2023-11-24 01:18:00.664 [ScheduleThreadPool-test-thread-7] ERROR MessageUtil - adventureBossRankInfo is null
2023-11-24 01:19:00.290 [ScheduleThreadPool-test-thread-2] ERROR MessageUtil - adventureBossRankInfo is null
2023-11-24 01:19:00.290 [ScheduleThreadPool-test-thread-7] ERROR MessageUtil - adventureBossRankInfo is null
2023-11-24 01:19:00.502 [ScheduleThreadPool-test-thread-3] ERROR MessageUtil - adventureBossRankInfo is null
2023-11-24 01:19:05.845 [ScheduleThreadPool-test-thread-3] ERROR MessageUtil - adventureBossRankInfo is null
2023-11-24 01:19:05.951 [ScheduleThreadPool-test-thread-3] ERROR RedisUtil - java.net.SocketTimeoutException: Read timed out; nested exception is redis.clients.jedis.exceptions.JedisConnectionException: java.net.SocketTimeoutException: Read timed out
2023-11-24 01:19:06.084 [ScheduleThreadPool-test-thread-8] ERROR SecondsTask - e
org.springframework.data.redis.RedisConnectionFailureException: java.net.SocketTimeoutException: Read timed out; nested exception is redis.clients.jedis.exceptions.JedisConnectionException: java.net.SocketTimeoutException: Read timed out
	at org.springframework.data.redis.connection.jedis.JedisExceptionConverter.convert(JedisExceptionConverter.java:67)
	at org.springframework.data.redis.connection.jedis.JedisExceptionConverter.convert(JedisExceptionConverter.java:41)
	at org.springframework.data.redis.PassThroughExceptionTranslationStrategy.translate(PassThroughExceptionTranslationStrategy.java:37)
	at org.springframework.data.redis.FallbackExceptionTranslationStrategy.translate(FallbackExceptionTranslationStrategy.java:37)
	at org.springframework.data.redis.connection.jedis.JedisConnection.convertJedisAccessException(JedisConnection.java:241)
	at org.springframework.data.redis.connection.jedis.JedisConnection.hGetAll(JedisConnection.java:3001)
	at org.springframework.data.redis.connection.DefaultStringRedisConnection.hGetAll(DefaultStringRedisConnection.java:372)
	at org.springframework.data.redis.core.DefaultHashOperations$13.doInRedis(DefaultHashOperations.java:223)
	at org.springframework.data.redis.core.DefaultHashOperations$13.doInRedis(DefaultHashOperations.java:220)
	at org.springframework.data.redis.core.RedisTemplate.execute(RedisTemplate.java:207)
	at org.springframework.data.redis.core.RedisTemplate.execute(RedisTemplate.java:169)
	at org.springframework.data.redis.core.AbstractOperations.execute(AbstractOperations.java:91)
	at org.springframework.data.redis.core.DefaultHashOperations.entries(DefaultHashOperations.java:220)
	at com.ljsd.jieling.db.redis.RedisUtil.getMapValues(RedisUtil.java:1401)
	at com.ljsd.jieling.logic.championship.ChampionshipLogic.minuteCheck(ChampionshipLogic.java:1414)
	at com.ljsd.jieling.thread.task.SecondsTask.run(SecondsTask.java:21)
	at java.util.concurrent.Executors$RunnableAdapter.call(Executors.java:511)
	at java.util.concurrent.FutureTask.runAndReset(FutureTask.java:308)
	at java.util.concurrent.ScheduledThreadPoolExecutor$ScheduledFutureTask.access$301(ScheduledThreadPoolExecutor.java:180)
	at java.util.concurrent.ScheduledThreadPoolExecutor$ScheduledFutureTask.run(ScheduledThreadPoolExecutor.java:294)
	at java.util.concurrent.ThreadPoolExecutor.runWorker(ThreadPoolExecutor.java:1149)
	at java.util.concurrent.ThreadPoolExecutor$Worker.run(ThreadPoolExecutor.java:624)
	at java.lang.Thread.run(Thread.java:750)
Caused by: redis.clients.jedis.exceptions.JedisConnectionException: java.net.SocketTimeoutException: Read timed out
	at redis.clients.util.RedisInputStream.ensureFill(RedisInputStream.java:202)
	at redis.clients.util.RedisInputStream.readByte(RedisInputStream.java:40)
	at redis.clients.jedis.Protocol.process(Protocol.java:151)
	at redis.clients.jedis.Protocol.read(Protocol.java:215)
	at redis.clients.jedis.Connection.readProtocolWithCheckingBroken(Connection.java:340)
	at redis.clients.jedis.Connection.getBinaryMultiBulkReply(Connection.java:276)
	at redis.clients.jedis.BinaryJedis.hgetAll(BinaryJedis.java:1028)
	at org.springframework.data.redis.connection.jedis.JedisConnection.hGetAll(JedisConnection.java:2999)
	... 17 common frames omitted
Caused by: java.net.SocketTimeoutException: Read timed out
	at java.net.SocketInputStream.socketRead0(Native Method)
	at java.net.SocketInputStream.socketRead(SocketInputStream.java:116)
	at java.net.SocketInputStream.read(SocketInputStream.java:171)
	at java.net.SocketInputStream.read(SocketInputStream.java:141)
	at java.net.SocketInputStream.read(SocketInputStream.java:127)
	at redis.clients.util.RedisInputStream.ensureFill(RedisInputStream.java:196)
	... 24 common frames omitted
2023-11-24 01:19:35.514 [ScheduleThreadPool-test-thread-3] ERROR MessageUtil - adventureBossRankInfo is null
2023-11-24 01:20:00.267 [ScheduleThreadPool-test-thread-5] ERROR MessageUtil - adventureBossRankInfo is null
2023-11-24 01:20:00.278 [ScheduleThreadPool-test-thread-5] ERROR MessageUtil - adventureBossRankInfo is null
2023-11-24 01:20:00.347 [ScheduleThreadPool-test-thread-3] ERROR MessageUtil - adventureBossRankInfo is null
2023-11-24 01:20:00.437 [ScheduleThreadPool-test-thread-6] ERROR MessageUtil - adventureBossRankInfo is null
2023-11-24 01:20:00.674 [ScheduleThreadPool-test-thread-6] ERROR MessageUtil - adventureBossRankInfo is null
2023-11-24 01:21:00.192 [ScheduleThreadPool-test-thread-3] ERROR MessageUtil - adventureBossRankInfo is null
2023-11-24 01:21:00.235 [ScheduleThreadPool-test-thread-1] ERROR MessageUtil - adventureBossRankInfo is null
2023-11-24 01:21:00.331 [ScheduleThreadPool-test-thread-1] ERROR MessageUtil - adventureBossRankInfo is null
2023-11-24 01:21:00.437 [ScheduleThreadPool-test-thread-3] ERROR MessageUtil - adventureBossRankInfo is null
2023-11-24 01:21:00.672 [ScheduleThreadPool-test-thread-4] ERROR MessageUtil - adventureBossRankInfo is null
2023-11-24 01:22:00.188 [ScheduleThreadPool-test-thread-1] ERROR MessageUtil - adventureBossRankInfo is null
2023-11-24 01:22:00.234 [ScheduleThreadPool-test-thread-6] ERROR MessageUtil - adventureBossRankInfo is null
2023-11-24 01:22:00.327 [ScheduleThreadPool-test-thread-3] ERROR MessageUtil - adventureBossRankInfo is null
2023-11-24 01:22:00.429 [ScheduleThreadPool-test-thread-3] ERROR MessageUtil - adventureBossRankInfo is null
2023-11-24 01:22:00.671 [ScheduleThreadPool-test-thread-2] ERROR MessageUtil - adventureBossRankInfo is null
2023-11-24 01:23:00.185 [ScheduleThreadPool-test-thread-6] ERROR MessageUtil - adventureBossRankInfo is null
2023-11-24 01:23:00.234 [ScheduleThreadPool-test-thread-7] ERROR MessageUtil - adventureBossRankInfo is null
2023-11-24 01:23:00.331 [ScheduleThreadPool-test-thread-8] ERROR MessageUtil - adventureBossRankInfo is null
2023-11-24 01:23:00.430 [ScheduleThreadPool-test-thread-8] ERROR MessageUtil - adventureBossRankInfo is null
2023-11-24 01:23:00.663 [ScheduleThreadPool-test-thread-6] ERROR MessageUtil - adventureBossRankInfo is null
2023-11-24 01:24:00.185 [ScheduleThreadPool-test-thread-6] ERROR MessageUtil - adventureBossRankInfo is null
2023-11-24 01:24:00.235 [ScheduleThreadPool-test-thread-7] ERROR MessageUtil - adventureBossRankInfo is null
2023-11-24 01:24:00.339 [ScheduleThreadPool-test-thread-4] ERROR MessageUtil - adventureBossRankInfo is null
2023-11-24 01:24:00.433 [ScheduleThreadPool-test-thread-1] ERROR MessageUtil - adventureBossRankInfo is null
2023-11-24 01:24:00.662 [ScheduleThreadPool-test-thread-8] ERROR MessageUtil - adventureBossRankInfo is null
2023-11-24 01:25:00.184 [ScheduleThreadPool-test-thread-4] ERROR MessageUtil - adventureBossRankInfo is null
2023-11-24 01:25:00.231 [ScheduleThreadPool-test-thread-4] ERROR MessageUtil - adventureBossRankInfo is null
2023-11-24 01:25:00.330 [ScheduleThreadPool-test-thread-3] ERROR MessageUtil - adventureBossRankInfo is null
2023-11-24 01:25:00.436 [ScheduleThreadPool-test-thread-7] ERROR MessageUtil - adventureBossRankInfo is null
2023-11-24 01:25:00.669 [ScheduleThreadPool-test-thread-8] ERROR MessageUtil - adventureBossRankInfo is null
2023-11-24 01:26:00.188 [ScheduleThreadPool-test-thread-3] ERROR MessageUtil - adventureBossRankInfo is null
2023-11-24 01:26:00.234 [ScheduleThreadPool-test-thread-8] ERROR MessageUtil - adventureBossRankInfo is null
2023-11-24 01:26:00.328 [ScheduleThreadPool-test-thread-1] ERROR MessageUtil - adventureBossRankInfo is null
2023-11-24 01:26:00.437 [ScheduleThreadPool-test-thread-8] ERROR MessageUtil - adventureBossRankInfo is null
2023-11-24 01:26:00.663 [ScheduleThreadPool-test-thread-8] ERROR MessageUtil - adventureBossRankInfo is null
2023-11-24 01:27:00.201 [ScheduleThreadPool-test-thread-5] ERROR MessageUtil - adventureBossRankInfo is null
2023-11-24 01:27:00.247 [ScheduleThreadPool-test-thread-6] ERROR MessageUtil - adventureBossRankInfo is null
2023-11-24 01:27:00.329 [ScheduleThreadPool-test-thread-2] ERROR MessageUtil - adventureBossRankInfo is null
2023-11-24 01:27:00.433 [ScheduleThreadPool-test-thread-8] ERROR MessageUtil - adventureBossRankInfo is null
2023-11-24 01:27:00.667 [ScheduleThreadPool-test-thread-6] ERROR MessageUtil - adventureBossRankInfo is null
2023-11-24 01:28:00.190 [ScheduleThreadPool-test-thread-4] ERROR MessageUtil - adventureBossRankInfo is null
2023-11-24 01:28:00.228 [ScheduleThreadPool-test-thread-7] ERROR MessageUtil - adventureBossRankInfo is null
2023-11-24 01:28:00.328 [ScheduleThreadPool-test-thread-2] ERROR MessageUtil - adventureBossRankInfo is null
2023-11-24 01:28:00.435 [ScheduleThreadPool-test-thread-8] ERROR MessageUtil - adventureBossRankInfo is null
2023-11-24 01:28:00.666 [ScheduleThreadPool-test-thread-6] ERROR MessageUtil - adventureBossRankInfo is null
2023-11-24 01:29:00.193 [ScheduleThreadPool-test-thread-3] ERROR MessageUtil - adventureBossRankInfo is null
2023-11-24 01:29:00.235 [ScheduleThreadPool-test-thread-3] ERROR MessageUtil - adventureBossRankInfo is null
2023-11-24 01:29:00.326 [ScheduleThreadPool-test-thread-5] ERROR MessageUtil - adventureBossRankInfo is null
2023-11-24 01:29:00.431 [ScheduleThreadPool-test-thread-1] ERROR MessageUtil - adventureBossRankInfo is null
2023-11-24 01:29:00.669 [ScheduleThreadPool-test-thread-6] ERROR MessageUtil - adventureBossRankInfo is null
2023-11-24 01:30:00.196 [ScheduleThreadPool-test-thread-4] ERROR MessageUtil - adventureBossRankInfo is null
2023-11-24 01:30:00.228 [ScheduleThreadPool-test-thread-2] ERROR MessageUtil - adventureBossRankInfo is null
2023-11-24 01:30:00.324 [ScheduleThreadPool-test-thread-4] ERROR MessageUtil - adventureBossRankInfo is null
2023-11-24 01:30:00.434 [ScheduleThreadPool-test-thread-3] ERROR MessageUtil - adventureBossRankInfo is null
2023-11-24 01:30:00.666 [ScheduleThreadPool-test-thread-8] ERROR MessageUtil - adventureBossRankInfo is null
2023-11-24 01:31:00.190 [ScheduleThreadPool-test-thread-5] ERROR MessageUtil - adventureBossRankInfo is null
2023-11-24 01:31:00.234 [ScheduleThreadPool-test-thread-5] ERROR MessageUtil - adventureBossRankInfo is null
2023-11-24 01:31:00.328 [ScheduleThreadPool-test-thread-4] ERROR MessageUtil - adventureBossRankInfo is null
2023-11-24 01:31:00.436 [ScheduleThreadPool-test-thread-3] ERROR MessageUtil - adventureBossRankInfo is null
2023-11-24 01:31:00.667 [ScheduleThreadPool-test-thread-8] ERROR MessageUtil - adventureBossRankInfo is null
2023-11-24 01:32:00.190 [ScheduleThreadPool-test-thread-5] ERROR MessageUtil - adventureBossRankInfo is null
2023-11-24 01:32:00.234 [ScheduleThreadPool-test-thread-2] ERROR MessageUtil - adventureBossRankInfo is null
2023-11-24 01:32:00.326 [ScheduleThreadPool-test-thread-1] ERROR MessageUtil - adventureBossRankInfo is null
2023-11-24 01:32:00.440 [ScheduleThreadPool-test-thread-1] ERROR MessageUtil - adventureBossRankInfo is null
2023-11-24 01:32:00.663 [ScheduleThreadPool-test-thread-5] ERROR MessageUtil - adventureBossRankInfo is null
2023-11-24 01:33:00.186 [ScheduleThreadPool-test-thread-8] ERROR MessageUtil - adventureBossRankInfo is null
2023-11-24 01:33:00.235 [ScheduleThreadPool-test-thread-6] ERROR MessageUtil - adventureBossRankInfo is null
2023-11-24 01:33:00.326 [ScheduleThreadPool-test-thread-7] ERROR MessageUtil - adventureBossRankInfo is null
2023-11-24 01:33:00.434 [ScheduleThreadPool-test-thread-1] ERROR MessageUtil - adventureBossRankInfo is null
2023-11-24 01:33:00.664 [ScheduleThreadPool-test-thread-4] ERROR MessageUtil - adventureBossRankInfo is null
2023-11-24 01:34:00.191 [ScheduleThreadPool-test-thread-6] ERROR MessageUtil - adventureBossRankInfo is null
2023-11-24 01:34:00.235 [ScheduleThreadPool-test-thread-3] ERROR MessageUtil - adventureBossRankInfo is null
2023-11-24 01:34:00.323 [ScheduleThreadPool-test-thread-3] ERROR MessageUtil - adventureBossRankInfo is null
2023-11-24 01:34:00.439 [ScheduleThreadPool-test-thread-8] ERROR MessageUtil - adventureBossRankInfo is null
2023-11-24 01:34:00.665 [ScheduleThreadPool-test-thread-4] ERROR MessageUtil - adventureBossRankInfo is null
2023-11-24 01:35:00.185 [ScheduleThreadPool-test-thread-7] ERROR MessageUtil - adventureBossRankInfo is null
2023-11-24 01:35:00.229 [ScheduleThreadPool-test-thread-6] ERROR MessageUtil - adventureBossRankInfo is null
2023-11-24 01:35:00.328 [ScheduleThreadPool-test-thread-5] ERROR MessageUtil - adventureBossRankInfo is null
2023-11-24 01:35:00.433 [ScheduleThreadPool-test-thread-2] ERROR MessageUtil - adventureBossRankInfo is null
2023-11-24 01:35:00.660 [ScheduleThreadPool-test-thread-2] ERROR MessageUtil - adventureBossRankInfo is null
2023-11-24 01:36:00.183 [ScheduleThreadPool-test-thread-5] ERROR MessageUtil - adventureBossRankInfo is null
2023-11-24 01:36:00.236 [ScheduleThreadPool-test-thread-1] ERROR MessageUtil - adventureBossRankInfo is null
2023-11-24 01:36:00.328 [ScheduleThreadPool-test-thread-1] ERROR MessageUtil - adventureBossRankInfo is null
2023-11-24 01:36:00.432 [ScheduleThreadPool-test-thread-3] ERROR MessageUtil - adventureBossRankInfo is null
2023-11-24 01:36:00.661 [ScheduleThreadPool-test-thread-4] ERROR MessageUtil - adventureBossRankInfo is null
2023-11-24 01:37:00.186 [ScheduleThreadPool-test-thread-6] ERROR MessageUtil - adventureBossRankInfo is null
2023-11-24 01:37:00.233 [ScheduleThreadPool-test-thread-6] ERROR MessageUtil - adventureBossRankInfo is null
2023-11-24 01:37:00.344 [ScheduleThreadPool-test-thread-6] ERROR MessageUtil - adventureBossRankInfo is null
2023-11-24 01:37:00.431 [ScheduleThreadPool-test-thread-3] ERROR MessageUtil - adventureBossRankInfo is null
2023-11-24 01:37:00.666 [ScheduleThreadPool-test-thread-2] ERROR MessageUtil - adventureBossRankInfo is null
2023-11-24 01:38:00.182 [ScheduleThreadPool-test-thread-7] ERROR MessageUtil - adventureBossRankInfo is null
2023-11-24 01:38:00.231 [ScheduleThreadPool-test-thread-4] ERROR MessageUtil - adventureBossRankInfo is null
2023-11-24 01:38:00.326 [ScheduleThreadPool-test-thread-7] ERROR MessageUtil - adventureBossRankInfo is null
2023-11-24 01:38:00.431 [ScheduleThreadPool-test-thread-4] ERROR MessageUtil - adventureBossRankInfo is null
2023-11-24 01:38:00.663 [ScheduleThreadPool-test-thread-1] ERROR MessageUtil - adventureBossRankInfo is null
2023-11-24 01:39:00.193 [ScheduleThreadPool-test-thread-1] ERROR MessageUtil - adventureBossRankInfo is null
2023-11-24 01:39:00.229 [ScheduleThreadPool-test-thread-1] ERROR MessageUtil - adventureBossRankInfo is null
2023-11-24 01:39:00.325 [ScheduleThreadPool-test-thread-3] ERROR MessageUtil - adventureBossRankInfo is null
2023-11-24 01:39:00.431 [ScheduleThreadPool-test-thread-7] ERROR MessageUtil - adventureBossRankInfo is null
2023-11-24 01:39:00.663 [ScheduleThreadPool-test-thread-8] ERROR MessageUtil - adventureBossRankInfo is null
2023-11-24 01:40:00.182 [ScheduleThreadPool-test-thread-2] ERROR MessageUtil - adventureBossRankInfo is null
2023-11-24 01:40:00.231 [ScheduleThreadPool-test-thread-6] ERROR MessageUtil - adventureBossRankInfo is null
2023-11-24 01:40:00.324 [ScheduleThreadPool-test-thread-8] ERROR MessageUtil - adventureBossRankInfo is null
2023-11-24 01:40:00.434 [ScheduleThreadPool-test-thread-4] ERROR MessageUtil - adventureBossRankInfo is null
2023-11-24 01:40:00.663 [ScheduleThreadPool-test-thread-6] ERROR MessageUtil - adventureBossRankInfo is null
2023-11-24 01:41:00.186 [ScheduleThreadPool-test-thread-4] ERROR MessageUtil - adventureBossRankInfo is null
2023-11-24 01:41:00.231 [ScheduleThreadPool-test-thread-8] ERROR MessageUtil - adventureBossRankInfo is null
2023-11-24 01:41:00.325 [ScheduleThreadPool-test-thread-2] ERROR MessageUtil - adventureBossRankInfo is null
2023-11-24 01:41:00.432 [ScheduleThreadPool-test-thread-6] ERROR MessageUtil - adventureBossRankInfo is null
2023-11-24 01:41:00.664 [ScheduleThreadPool-test-thread-7] ERROR MessageUtil - adventureBossRankInfo is null
2023-11-24 01:42:00.192 [ScheduleThreadPool-test-thread-2] ERROR MessageUtil - adventureBossRankInfo is null
2023-11-24 01:42:00.231 [ScheduleThreadPool-test-thread-4] ERROR MessageUtil - adventureBossRankInfo is null
2023-11-24 01:42:00.335 [ScheduleThreadPool-test-thread-2] ERROR MessageUtil - adventureBossRankInfo is null
2023-11-24 01:42:00.431 [ScheduleThreadPool-test-thread-3] ERROR MessageUtil - adventureBossRankInfo is null
2023-11-24 01:42:00.661 [ScheduleThreadPool-test-thread-3] ERROR MessageUtil - adventureBossRankInfo is null
2023-11-24 01:43:00.182 [ScheduleThreadPool-test-thread-7] ERROR MessageUtil - adventureBossRankInfo is null
2023-11-24 01:43:00.228 [ScheduleThreadPool-test-thread-7] ERROR MessageUtil - adventureBossRankInfo is null
2023-11-24 01:43:00.324 [ScheduleThreadPool-test-thread-3] ERROR MessageUtil - adventureBossRankInfo is null
2023-11-24 01:43:00.430 [ScheduleThreadPool-test-thread-6] ERROR MessageUtil - adventureBossRankInfo is null
2023-11-24 01:43:00.664 [ScheduleThreadPool-test-thread-4] ERROR MessageUtil - adventureBossRankInfo is null
2023-11-24 01:44:00.185 [ScheduleThreadPool-test-thread-6] ERROR MessageUtil - adventureBossRankInfo is null
2023-11-24 01:44:00.228 [ScheduleThreadPool-test-thread-3] ERROR MessageUtil - adventureBossRankInfo is null
2023-11-24 01:44:00.327 [ScheduleThreadPool-test-thread-3] ERROR MessageUtil - adventureBossRankInfo is null
2023-11-24 01:44:00.436 [ScheduleThreadPool-test-thread-6] ERROR MessageUtil - adventureBossRankInfo is null
2023-11-24 01:44:00.664 [ScheduleThreadPool-test-thread-6] ERROR MessageUtil - adventureBossRankInfo is null
2023-11-24 01:45:00.181 [ScheduleThreadPool-test-thread-5] ERROR MessageUtil - adventureBossRankInfo is null
2023-11-24 01:45:00.228 [ScheduleThreadPool-test-thread-3] ERROR MessageUtil - adventureBossRankInfo is null
2023-11-24 01:45:00.326 [ScheduleThreadPool-test-thread-4] ERROR MessageUtil - adventureBossRankInfo is null
2023-11-24 01:45:00.432 [ScheduleThreadPool-test-thread-2] ERROR MessageUtil - adventureBossRankInfo is null
2023-11-24 01:45:00.663 [ScheduleThreadPool-test-thread-4] ERROR MessageUtil - adventureBossRankInfo is null
2023-11-24 01:46:00.179 [ScheduleThreadPool-test-thread-4] ERROR MessageUtil - adventureBossRankInfo is null
2023-11-24 01:46:00.226 [ScheduleThreadPool-test-thread-5] ERROR MessageUtil - adventureBossRankInfo is null
2023-11-24 01:46:00.323 [ScheduleThreadPool-test-thread-3] ERROR MessageUtil - adventureBossRankInfo is null
2023-11-24 01:46:00.430 [ScheduleThreadPool-test-thread-4] ERROR MessageUtil - adventureBossRankInfo is null
2023-11-24 01:46:00.659 [ScheduleThreadPool-test-thread-5] ERROR MessageUtil - adventureBossRankInfo is null
2023-11-24 01:47:00.190 [ScheduleThreadPool-test-thread-5] ERROR MessageUtil - adventureBossRankInfo is null
2023-11-24 01:47:00.229 [ScheduleThreadPool-test-thread-5] ERROR MessageUtil - adventureBossRankInfo is null
2023-11-24 01:47:00.323 [ScheduleThreadPool-test-thread-2] ERROR MessageUtil - adventureBossRankInfo is null
2023-11-24 01:47:00.431 [ScheduleThreadPool-test-thread-6] ERROR MessageUtil - adventureBossRankInfo is null
2023-11-24 01:47:00.667 [ScheduleThreadPool-test-thread-6] ERROR MessageUtil - adventureBossRankInfo is null
2023-11-24 01:48:00.182 [ScheduleThreadPool-test-thread-1] ERROR MessageUtil - adventureBossRankInfo is null
2023-11-24 01:48:00.234 [ScheduleThreadPool-test-thread-2] ERROR MessageUtil - adventureBossRankInfo is null
2023-11-24 01:48:00.325 [ScheduleThreadPool-test-thread-6] ERROR MessageUtil - adventureBossRankInfo is null
2023-11-24 01:48:00.429 [ScheduleThreadPool-test-thread-6] ERROR MessageUtil - adventureBossRankInfo is null
2023-11-24 01:48:00.660 [ScheduleThreadPool-test-thread-1] ERROR MessageUtil - adventureBossRankInfo is null
2023-11-24 01:49:00.187 [ScheduleThreadPool-test-thread-8] ERROR MessageUtil - adventureBossRankInfo is null
2023-11-24 01:49:00.232 [ScheduleThreadPool-test-thread-4] ERROR MessageUtil - adventureBossRankInfo is null
2023-11-24 01:49:00.324 [ScheduleThreadPool-test-thread-8] ERROR MessageUtil - adventureBossRankInfo is null
2023-11-24 01:49:00.433 [ScheduleThreadPool-test-thread-8] ERROR MessageUtil - adventureBossRankInfo is null
2023-11-24 01:49:00.661 [ScheduleThreadPool-test-thread-5] ERROR MessageUtil - adventureBossRankInfo is null
2023-11-24 01:50:00.197 [ScheduleThreadPool-test-thread-7] ERROR MessageUtil - adventureBossRankInfo is null
2023-11-24 01:50:00.238 [ScheduleThreadPool-test-thread-8] ERROR MessageUtil - adventureBossRankInfo is null
2023-11-24 01:50:00.324 [ScheduleThreadPool-test-thread-6] ERROR MessageUtil - adventureBossRankInfo is null
2023-11-24 01:50:00.437 [ScheduleThreadPool-test-thread-7] ERROR MessageUtil - adventureBossRankInfo is null
2023-11-24 01:50:00.661 [ScheduleThreadPool-test-thread-7] ERROR MessageUtil - adventureBossRankInfo is null
2023-11-24 01:51:00.181 [ScheduleThreadPool-test-thread-5] ERROR MessageUtil - adventureBossRankInfo is null
2023-11-24 01:51:00.228 [ScheduleThreadPool-test-thread-3] ERROR MessageUtil - adventureBossRankInfo is null
2023-11-24 01:51:00.325 [ScheduleThreadPool-test-thread-2] ERROR MessageUtil - adventureBossRankInfo is null
2023-11-24 01:51:00.429 [ScheduleThreadPool-test-thread-3] ERROR MessageUtil - adventureBossRankInfo is null
2023-11-24 01:51:00.662 [ScheduleThreadPool-test-thread-1] ERROR MessageUtil - adventureBossRankInfo is null
2023-11-24 01:52:00.190 [ScheduleThreadPool-test-thread-7] ERROR MessageUtil - adventureBossRankInfo is null
2023-11-24 01:52:00.231 [ScheduleThreadPool-test-thread-6] ERROR MessageUtil - adventureBossRankInfo is null
2023-11-24 01:52:00.323 [ScheduleThreadPool-test-thread-1] ERROR MessageUtil - adventureBossRankInfo is null
2023-11-24 01:52:00.434 [ScheduleThreadPool-test-thread-4] ERROR MessageUtil - adventureBossRankInfo is null
2023-11-24 01:52:00.664 [ScheduleThreadPool-test-thread-2] ERROR MessageUtil - adventureBossRankInfo is null
2023-11-24 01:53:00.190 [ScheduleThreadPool-test-thread-6] ERROR MessageUtil - adventureBossRankInfo is null
2023-11-24 01:53:00.235 [ScheduleThreadPool-test-thread-6] ERROR MessageUtil - adventureBossRankInfo is null
2023-11-24 01:53:00.325 [ScheduleThreadPool-test-thread-1] ERROR MessageUtil - adventureBossRankInfo is null
2023-11-24 01:53:00.431 [ScheduleThreadPool-test-thread-7] ERROR MessageUtil - adventureBossRankInfo is null
2023-11-24 01:53:36.047 [ScheduleThreadPool-test-thread-7] ERROR SecondsTask - e
org.springframework.data.redis.RedisConnectionFailureException: java.net.SocketTimeoutException: Read timed out; nested exception is redis.clients.jedis.exceptions.JedisConnectionException: java.net.SocketTimeoutException: Read timed out
	at org.springframework.data.redis.connection.jedis.JedisExceptionConverter.convert(JedisExceptionConverter.java:67)
	at org.springframework.data.redis.connection.jedis.JedisExceptionConverter.convert(JedisExceptionConverter.java:41)
	at org.springframework.data.redis.PassThroughExceptionTranslationStrategy.translate(PassThroughExceptionTranslationStrategy.java:37)
	at org.springframework.data.redis.FallbackExceptionTranslationStrategy.translate(FallbackExceptionTranslationStrategy.java:37)
	at org.springframework.data.redis.connection.jedis.JedisConnection.convertJedisAccessException(JedisConnection.java:241)
	at org.springframework.data.redis.connection.jedis.JedisConnection.hGetAll(JedisConnection.java:3001)
	at org.springframework.data.redis.connection.DefaultStringRedisConnection.hGetAll(DefaultStringRedisConnection.java:372)
	at org.springframework.data.redis.core.DefaultHashOperations$13.doInRedis(DefaultHashOperations.java:223)
	at org.springframework.data.redis.core.DefaultHashOperations$13.doInRedis(DefaultHashOperations.java:220)
	at org.springframework.data.redis.core.RedisTemplate.execute(RedisTemplate.java:207)
	at org.springframework.data.redis.core.RedisTemplate.execute(RedisTemplate.java:169)
	at org.springframework.data.redis.core.AbstractOperations.execute(AbstractOperations.java:91)
	at org.springframework.data.redis.core.DefaultHashOperations.entries(DefaultHashOperations.java:220)
	at com.ljsd.jieling.db.redis.RedisUtil.getMapValues(RedisUtil.java:1401)
	at com.ljsd.jieling.logic.championship.ChampionshipLogic.minuteCheck(ChampionshipLogic.java:1414)
	at com.ljsd.jieling.thread.task.SecondsTask.run(SecondsTask.java:21)
	at java.util.concurrent.Executors$RunnableAdapter.call(Executors.java:511)
	at java.util.concurrent.FutureTask.runAndReset(FutureTask.java:308)
	at java.util.concurrent.ScheduledThreadPoolExecutor$ScheduledFutureTask.access$301(ScheduledThreadPoolExecutor.java:180)
	at java.util.concurrent.ScheduledThreadPoolExecutor$ScheduledFutureTask.run(ScheduledThreadPoolExecutor.java:294)
	at java.util.concurrent.ThreadPoolExecutor.runWorker(ThreadPoolExecutor.java:1149)
	at java.util.concurrent.ThreadPoolExecutor$Worker.run(ThreadPoolExecutor.java:624)
	at java.lang.Thread.run(Thread.java:750)
Caused by: redis.clients.jedis.exceptions.JedisConnectionException: java.net.SocketTimeoutException: Read timed out
	at redis.clients.util.RedisInputStream.ensureFill(RedisInputStream.java:202)
	at redis.clients.util.RedisInputStream.readByte(RedisInputStream.java:40)
	at redis.clients.jedis.Protocol.process(Protocol.java:151)
	at redis.clients.jedis.Protocol.read(Protocol.java:215)
	at redis.clients.jedis.Connection.readProtocolWithCheckingBroken(Connection.java:340)
	at redis.clients.jedis.Connection.getBinaryMultiBulkReply(Connection.java:276)
	at redis.clients.jedis.BinaryJedis.hgetAll(BinaryJedis.java:1028)
	at org.springframework.data.redis.connection.jedis.JedisConnection.hGetAll(JedisConnection.java:2999)
	... 17 common frames omitted
Caused by: java.net.SocketTimeoutException: Read timed out
	at java.net.SocketInputStream.socketRead0(Native Method)
	at java.net.SocketInputStream.socketRead(SocketInputStream.java:116)
	at java.net.SocketInputStream.read(SocketInputStream.java:171)
	at java.net.SocketInputStream.read(SocketInputStream.java:141)
	at java.net.SocketInputStream.read(SocketInputStream.java:127)
	at redis.clients.util.RedisInputStream.ensureFill(RedisInputStream.java:196)
	... 24 common frames omitted
2023-11-24 01:53:36.088 [ScheduleThreadPool-test-thread-1] ERROR SecondsTask - e
org.springframework.data.redis.RedisConnectionFailureException: java.net.SocketTimeoutException: Read timed out; nested exception is redis.clients.jedis.exceptions.JedisConnectionException: java.net.SocketTimeoutException: Read timed out
	at org.springframework.data.redis.connection.jedis.JedisExceptionConverter.convert(JedisExceptionConverter.java:67)
	at org.springframework.data.redis.connection.jedis.JedisExceptionConverter.convert(JedisExceptionConverter.java:41)
	at org.springframework.data.redis.PassThroughExceptionTranslationStrategy.translate(PassThroughExceptionTranslationStrategy.java:37)
	at org.springframework.data.redis.FallbackExceptionTranslationStrategy.translate(FallbackExceptionTranslationStrategy.java:37)
	at org.springframework.data.redis.connection.jedis.JedisConnection.convertJedisAccessException(JedisConnection.java:241)
	at org.springframework.data.redis.connection.jedis.JedisConnection.hGetAll(JedisConnection.java:3001)
	at org.springframework.data.redis.connection.DefaultStringRedisConnection.hGetAll(DefaultStringRedisConnection.java:372)
	at org.springframework.data.redis.core.DefaultHashOperations$13.doInRedis(DefaultHashOperations.java:223)
	at org.springframework.data.redis.core.DefaultHashOperations$13.doInRedis(DefaultHashOperations.java:220)
	at org.springframework.data.redis.core.RedisTemplate.execute(RedisTemplate.java:207)
	at org.springframework.data.redis.core.RedisTemplate.execute(RedisTemplate.java:169)
	at org.springframework.data.redis.core.AbstractOperations.execute(AbstractOperations.java:91)
	at org.springframework.data.redis.core.DefaultHashOperations.entries(DefaultHashOperations.java:220)
	at com.ljsd.jieling.db.redis.RedisUtil.getMapValues(RedisUtil.java:1401)
	at com.ljsd.jieling.logic.championship.ChampionshipLogic.minuteCheck(ChampionshipLogic.java:1414)
	at com.ljsd.jieling.thread.task.SecondsTask.run(SecondsTask.java:21)
	at java.util.concurrent.Executors$RunnableAdapter.call(Executors.java:511)
	at java.util.concurrent.FutureTask.runAndReset(FutureTask.java:308)
	at java.util.concurrent.ScheduledThreadPoolExecutor$ScheduledFutureTask.access$301(ScheduledThreadPoolExecutor.java:180)
	at java.util.concurrent.ScheduledThreadPoolExecutor$ScheduledFutureTask.run(ScheduledThreadPoolExecutor.java:294)
	at java.util.concurrent.ThreadPoolExecutor.runWorker(ThreadPoolExecutor.java:1149)
	at java.util.concurrent.ThreadPoolExecutor$Worker.run(ThreadPoolExecutor.java:624)
	at java.lang.Thread.run(Thread.java:750)
Caused by: redis.clients.jedis.exceptions.JedisConnectionException: java.net.SocketTimeoutException: Read timed out
	at redis.clients.util.RedisInputStream.ensureFill(RedisInputStream.java:202)
	at redis.clients.util.RedisInputStream.readByte(RedisInputStream.java:40)
	at redis.clients.jedis.Protocol.process(Protocol.java:151)
	at redis.clients.jedis.Protocol.read(Protocol.java:215)
	at redis.clients.jedis.Connection.readProtocolWithCheckingBroken(Connection.java:340)
	at redis.clients.jedis.Connection.getBinaryMultiBulkReply(Connection.java:276)
	at redis.clients.jedis.BinaryJedis.hgetAll(BinaryJedis.java:1028)
	at org.springframework.data.redis.connection.jedis.JedisConnection.hGetAll(JedisConnection.java:2999)
	... 17 common frames omitted
Caused by: java.net.SocketTimeoutException: Read timed out
	at java.net.SocketInputStream.socketRead0(Native Method)
	at java.net.SocketInputStream.socketRead(SocketInputStream.java:116)
	at java.net.SocketInputStream.read(SocketInputStream.java:171)
	at java.net.SocketInputStream.read(SocketInputStream.java:141)
	at java.net.SocketInputStream.read(SocketInputStream.java:127)
	at redis.clients.util.RedisInputStream.ensureFill(RedisInputStream.java:196)
	... 24 common frames omitted
2023-11-24 01:53:36.079 [ScheduleThreadPool-test-thread-2] ERROR SecondsTask - e
org.springframework.data.redis.RedisConnectionFailureException: java.net.SocketTimeoutException: Read timed out; nested exception is redis.clients.jedis.exceptions.JedisConnectionException: java.net.SocketTimeoutException: Read timed out
	at org.springframework.data.redis.connection.jedis.JedisExceptionConverter.convert(JedisExceptionConverter.java:67)
	at org.springframework.data.redis.connection.jedis.JedisExceptionConverter.convert(JedisExceptionConverter.java:41)
	at org.springframework.data.redis.PassThroughExceptionTranslationStrategy.translate(PassThroughExceptionTranslationStrategy.java:37)
	at org.springframework.data.redis.FallbackExceptionTranslationStrategy.translate(FallbackExceptionTranslationStrategy.java:37)
	at org.springframework.data.redis.connection.jedis.JedisConnection.convertJedisAccessException(JedisConnection.java:241)
	at org.springframework.data.redis.connection.jedis.JedisConnection.hGetAll(JedisConnection.java:3001)
	at org.springframework.data.redis.connection.DefaultStringRedisConnection.hGetAll(DefaultStringRedisConnection.java:372)
	at org.springframework.data.redis.core.DefaultHashOperations$13.doInRedis(DefaultHashOperations.java:223)
	at org.springframework.data.redis.core.DefaultHashOperations$13.doInRedis(DefaultHashOperations.java:220)
	at org.springframework.data.redis.core.RedisTemplate.execute(RedisTemplate.java:207)
	at org.springframework.data.redis.core.RedisTemplate.execute(RedisTemplate.java:169)
	at org.springframework.data.redis.core.AbstractOperations.execute(AbstractOperations.java:91)
	at org.springframework.data.redis.core.DefaultHashOperations.entries(DefaultHashOperations.java:220)
	at com.ljsd.jieling.db.redis.RedisUtil.getMapValues(RedisUtil.java:1401)
	at com.ljsd.jieling.logic.championship.ChampionshipLogic.minuteCheck(ChampionshipLogic.java:1414)
	at com.ljsd.jieling.thread.task.SecondsTask.run(SecondsTask.java:21)
	at java.util.concurrent.Executors$RunnableAdapter.call(Executors.java:511)
	at java.util.concurrent.FutureTask.runAndReset(FutureTask.java:308)
	at java.util.concurrent.ScheduledThreadPoolExecutor$ScheduledFutureTask.access$301(ScheduledThreadPoolExecutor.java:180)
	at java.util.concurrent.ScheduledThreadPoolExecutor$ScheduledFutureTask.run(ScheduledThreadPoolExecutor.java:294)
	at java.util.concurrent.ThreadPoolExecutor.runWorker(ThreadPoolExecutor.java:1149)
	at java.util.concurrent.ThreadPoolExecutor$Worker.run(ThreadPoolExecutor.java:624)
	at java.lang.Thread.run(Thread.java:750)
Caused by: redis.clients.jedis.exceptions.JedisConnectionException: java.net.SocketTimeoutException: Read timed out
	at redis.clients.util.RedisInputStream.ensureFill(RedisInputStream.java:202)
	at redis.clients.util.RedisInputStream.readByte(RedisInputStream.java:40)
	at redis.clients.jedis.Protocol.process(Protocol.java:151)
	at redis.clients.jedis.Protocol.read(Protocol.java:215)
	at redis.clients.jedis.Connection.readProtocolWithCheckingBroken(Connection.java:340)
	at redis.clients.jedis.Connection.getBinaryMultiBulkReply(Connection.java:276)
	at redis.clients.jedis.BinaryJedis.hgetAll(BinaryJedis.java:1028)
	at org.springframework.data.redis.connection.jedis.JedisConnection.hGetAll(JedisConnection.java:2999)
	... 17 common frames omitted
Caused by: java.net.SocketTimeoutException: Read timed out
	at java.net.SocketInputStream.socketRead0(Native Method)
	at java.net.SocketInputStream.socketRead(SocketInputStream.java:116)
	at java.net.SocketInputStream.read(SocketInputStream.java:171)
	at java.net.SocketInputStream.read(SocketInputStream.java:141)
	at java.net.SocketInputStream.read(SocketInputStream.java:127)
	at redis.clients.util.RedisInputStream.ensureFill(RedisInputStream.java:196)
	... 24 common frames omitted
2023-11-24 01:53:56.880 [ScheduleThreadPool-test-thread-5] ERROR MessageUtil - adventureBossRankInfo is null
2023-11-24 01:54:00.296 [ScheduleThreadPool-test-thread-2] ERROR MessageUtil - adventureBossRankInfo is null
2023-11-24 01:54:00.368 [ScheduleThreadPool-test-thread-3] ERROR MessageUtil - adventureBossRankInfo is null
2023-11-24 01:54:00.446 [ScheduleThreadPool-test-thread-4] ERROR MessageUtil - adventureBossRankInfo is null
2023-11-24 01:54:00.483 [ScheduleThreadPool-test-thread-5] ERROR MessageUtil - adventureBossRankInfo is null
2023-11-24 01:54:00.850 [ScheduleThreadPool-test-thread-7] ERROR MessageUtil - adventureBossRankInfo is null
2023-11-24 01:55:00.265 [ScheduleThreadPool-test-thread-6] ERROR MessageUtil - adventureBossRankInfo is null
2023-11-24 01:55:00.344 [ScheduleThreadPool-test-thread-3] ERROR MessageUtil - adventureBossRankInfo is null
2023-11-24 01:55:00.436 [ScheduleThreadPool-test-thread-3] ERROR MessageUtil - adventureBossRankInfo is null
2023-11-24 01:55:00.485 [ScheduleThreadPool-test-thread-1] ERROR MessageUtil - adventureBossRankInfo is null
2023-11-24 01:55:00.844 [ScheduleThreadPool-test-thread-1] ERROR MessageUtil - adventureBossRankInfo is null
2023-11-24 01:56:00.255 [ScheduleThreadPool-test-thread-1] ERROR MessageUtil - adventureBossRankInfo is null
2023-11-24 01:56:00.336 [ScheduleThreadPool-test-thread-8] ERROR MessageUtil - adventureBossRankInfo is null
2023-11-24 01:56:00.436 [ScheduleThreadPool-test-thread-2] ERROR MessageUtil - adventureBossRankInfo is null
2023-11-24 01:56:00.481 [ScheduleThreadPool-test-thread-5] ERROR MessageUtil - adventureBossRankInfo is null
2023-11-24 01:56:00.851 [ScheduleThreadPool-test-thread-7] ERROR MessageUtil - adventureBossRankInfo is null
2023-11-24 01:57:00.236 [ScheduleThreadPool-test-thread-2] ERROR MessageUtil - adventureBossRankInfo is null
2023-11-24 01:57:00.326 [ScheduleThreadPool-test-thread-8] ERROR MessageUtil - adventureBossRankInfo is null
2023-11-24 01:57:00.436 [ScheduleThreadPool-test-thread-7] ERROR MessageUtil - adventureBossRankInfo is null
2023-11-24 01:57:00.482 [ScheduleThreadPool-test-thread-4] ERROR MessageUtil - adventureBossRankInfo is null
2023-11-24 01:57:00.849 [ScheduleThreadPool-test-thread-8] ERROR MessageUtil - adventureBossRankInfo is null
2023-11-24 01:58:00.234 [ScheduleThreadPool-test-thread-7] ERROR MessageUtil - adventureBossRankInfo is null
2023-11-24 01:58:00.324 [ScheduleThreadPool-test-thread-4] ERROR MessageUtil - adventureBossRankInfo is null
2023-11-24 01:58:00.433 [ScheduleThreadPool-test-thread-1] ERROR MessageUtil - adventureBossRankInfo is null
2023-11-24 01:58:00.482 [ScheduleThreadPool-test-thread-8] ERROR MessageUtil - adventureBossRankInfo is null
2023-11-24 01:58:00.846 [ScheduleThreadPool-test-thread-5] ERROR MessageUtil - adventureBossRankInfo is null
2023-11-24 01:59:00.234 [ScheduleThreadPool-test-thread-2] ERROR MessageUtil - adventureBossRankInfo is null
2023-11-24 01:59:00.325 [ScheduleThreadPool-test-thread-4] ERROR MessageUtil - adventureBossRankInfo is null
2023-11-24 01:59:00.435 [ScheduleThreadPool-test-thread-7] ERROR MessageUtil - adventureBossRankInfo is null
2023-11-24 01:59:00.479 [ScheduleThreadPool-test-thread-8] ERROR MessageUtil - adventureBossRankInfo is null
2023-11-24 01:59:00.845 [ScheduleThreadPool-test-thread-8] ERROR MessageUtil - adventureBossRankInfo is null
2023-11-24 02:00:00.228 [ScheduleThreadPool-test-thread-8] ERROR MessageUtil - adventureBossRankInfo is null
2023-11-24 02:00:00.324 [ScheduleThreadPool-test-thread-1] ERROR MessageUtil - adventureBossRankInfo is null
2023-11-24 02:00:00.434 [ScheduleThreadPool-test-thread-2] ERROR MessageUtil - adventureBossRankInfo is null
2023-11-24 02:00:00.476 [ScheduleThreadPool-test-thread-8] ERROR MessageUtil - adventureBossRankInfo is null
2023-11-24 02:00:00.844 [ScheduleThreadPool-test-thread-4] ERROR MessageUtil - adventureBossRankInfo is null
2023-11-24 02:01:00.251 [ScheduleThreadPool-test-thread-3] ERROR MessageUtil - adventureBossRankInfo is null
2023-11-24 02:01:00.334 [ScheduleThreadPool-test-thread-3] ERROR MessageUtil - adventureBossRankInfo is null
2023-11-24 02:01:00.436 [ScheduleThreadPool-test-thread-2] ERROR MessageUtil - adventureBossRankInfo is null
2023-11-24 02:01:00.481 [ScheduleThreadPool-test-thread-4] ERROR MessageUtil - adventureBossRankInfo is null
2023-11-24 02:01:00.844 [ScheduleThreadPool-test-thread-7] ERROR MessageUtil - adventureBossRankInfo is null
2023-11-24 02:02:00.227 [ScheduleThreadPool-test-thread-2] ERROR MessageUtil - adventureBossRankInfo is null
2023-11-24 02:02:00.325 [ScheduleThreadPool-test-thread-5] ERROR MessageUtil - adventureBossRankInfo is null
2023-11-24 02:02:00.436 [ScheduleThreadPool-test-thread-3] ERROR MessageUtil - adventureBossRankInfo is null
2023-11-24 02:02:00.476 [ScheduleThreadPool-test-thread-4] ERROR MessageUtil - adventureBossRankInfo is null
2023-11-24 02:02:00.843 [ScheduleThreadPool-test-thread-7] ERROR MessageUtil - adventureBossRankInfo is null
2023-11-24 02:03:00.237 [ScheduleThreadPool-test-thread-2] ERROR MessageUtil - adventureBossRankInfo is null
2023-11-24 02:03:00.331 [ScheduleThreadPool-test-thread-2] ERROR MessageUtil - adventureBossRankInfo is null
2023-11-24 02:03:00.431 [ScheduleThreadPool-test-thread-4] ERROR MessageUtil - adventureBossRankInfo is null
2023-11-24 02:03:00.478 [ScheduleThreadPool-test-thread-3] ERROR MessageUtil - adventureBossRankInfo is null
2023-11-24 02:03:00.846 [ScheduleThreadPool-test-thread-8] ERROR MessageUtil - adventureBossRankInfo is null
2023-11-24 02:04:00.232 [ScheduleThreadPool-test-thread-3] ERROR MessageUtil - adventureBossRankInfo is null
2023-11-24 02:04:00.325 [ScheduleThreadPool-test-thread-1] ERROR MessageUtil - adventureBossRankInfo is null
2023-11-24 02:04:00.433 [ScheduleThreadPool-test-thread-7] ERROR MessageUtil - adventureBossRankInfo is null
2023-11-24 02:04:00.477 [ScheduleThreadPool-test-thread-1] ERROR MessageUtil - adventureBossRankInfo is null
2023-11-24 02:04:00.844 [ScheduleThreadPool-test-thread-3] ERROR MessageUtil - adventureBossRankInfo is null
2023-11-24 02:05:00.232 [ScheduleThreadPool-test-thread-6] ERROR MessageUtil - adventureBossRankInfo is null
2023-11-24 02:05:00.336 [ScheduleThreadPool-test-thread-1] ERROR MessageUtil - adventureBossRankInfo is null
2023-11-24 02:05:00.433 [ScheduleThreadPool-test-thread-4] ERROR MessageUtil - adventureBossRankInfo is null
2023-11-24 02:05:00.479 [ScheduleThreadPool-test-thread-1] ERROR MessageUtil - adventureBossRankInfo is null
2023-11-24 02:05:00.850 [ScheduleThreadPool-test-thread-7] ERROR MessageUtil - adventureBossRankInfo is null
2023-11-24 02:06:00.234 [ScheduleThreadPool-test-thread-2] ERROR MessageUtil - adventureBossRankInfo is null
2023-11-24 02:06:00.327 [ScheduleThreadPool-test-thread-1] ERROR MessageUtil - adventureBossRankInfo is null
2023-11-24 02:06:00.435 [ScheduleThreadPool-test-thread-7] ERROR MessageUtil - adventureBossRankInfo is null
2023-11-24 02:06:00.480 [ScheduleThreadPool-test-thread-6] ERROR MessageUtil - adventureBossRankInfo is null
2023-11-24 02:06:00.845 [ScheduleThreadPool-test-thread-2] ERROR MessageUtil - adventureBossRankInfo is null
2023-11-24 02:07:00.236 [ScheduleThreadPool-test-thread-3] ERROR MessageUtil - adventureBossRankInfo is null
2023-11-24 02:07:00.334 [ScheduleThreadPool-test-thread-3] ERROR MessageUtil - adventureBossRankInfo is null
2023-11-24 02:07:00.433 [ScheduleThreadPool-test-thread-5] ERROR MessageUtil - adventureBossRankInfo is null
2023-11-24 02:07:00.480 [ScheduleThreadPool-test-thread-4] ERROR MessageUtil - adventureBossRankInfo is null
2023-11-24 02:07:00.843 [ScheduleThreadPool-test-thread-3] ERROR MessageUtil - adventureBossRankInfo is null
2023-11-24 02:08:00.232 [ScheduleThreadPool-test-thread-5] ERROR MessageUtil - adventureBossRankInfo is null
2023-11-24 02:08:00.325 [ScheduleThreadPool-test-thread-7] ERROR MessageUtil - adventureBossRankInfo is null
2023-11-24 02:08:00.433 [ScheduleThreadPool-test-thread-2] ERROR MessageUtil - adventureBossRankInfo is null
2023-11-24 02:08:00.479 [ScheduleThreadPool-test-thread-3] ERROR MessageUtil - adventureBossRankInfo is null
2023-11-24 02:08:00.843 [ScheduleThreadPool-test-thread-5] ERROR MessageUtil - adventureBossRankInfo is null
2023-11-24 02:09:00.237 [ScheduleThreadPool-test-thread-3] ERROR MessageUtil - adventureBossRankInfo is null
2023-11-24 02:09:00.324 [ScheduleThreadPool-test-thread-1] ERROR MessageUtil - adventureBossRankInfo is null
2023-11-24 02:09:00.439 [ScheduleThreadPool-test-thread-4] ERROR MessageUtil - adventureBossRankInfo is null
2023-11-24 02:09:00.484 [ScheduleThreadPool-test-thread-6] ERROR MessageUtil - adventureBossRankInfo is null
2023-11-24 02:09:00.846 [ScheduleThreadPool-test-thread-6] ERROR MessageUtil - adventureBossRankInfo is null
2023-11-24 02:10:00.238 [ScheduleThreadPool-test-thread-5] ERROR MessageUtil - adventureBossRankInfo is null
2023-11-24 02:10:00.326 [ScheduleThreadPool-test-thread-2] ERROR MessageUtil - adventureBossRankInfo is null
2023-11-24 02:10:00.431 [ScheduleThreadPool-test-thread-7] ERROR MessageUtil - adventureBossRankInfo is null
2023-11-24 02:10:00.480 [ScheduleThreadPool-test-thread-4] ERROR MessageUtil - adventureBossRankInfo is null
2023-11-24 02:10:00.852 [ScheduleThreadPool-test-thread-2] ERROR MessageUtil - adventureBossRankInfo is null
2023-11-24 02:11:00.234 [ScheduleThreadPool-test-thread-3] ERROR MessageUtil - adventureBossRankInfo is null
2023-11-24 02:11:00.325 [ScheduleThreadPool-test-thread-8] ERROR MessageUtil - adventureBossRankInfo is null
2023-11-24 02:11:00.436 [ScheduleThreadPool-test-thread-3] ERROR MessageUtil - adventureBossRankInfo is null
2023-11-24 02:11:00.476 [ScheduleThreadPool-test-thread-3] ERROR MessageUtil - adventureBossRankInfo is null
2023-11-24 02:11:00.844 [ScheduleThreadPool-test-thread-1] ERROR MessageUtil - adventureBossRankInfo is null
2023-11-24 02:12:00.234 [ScheduleThreadPool-test-thread-5] ERROR MessageUtil - adventureBossRankInfo is null
2023-11-24 02:12:00.323 [ScheduleThreadPool-test-thread-5] ERROR MessageUtil - adventureBossRankInfo is null
2023-11-24 02:12:00.431 [ScheduleThreadPool-test-thread-8] ERROR MessageUtil - adventureBossRankInfo is null
2023-11-24 02:12:00.478 [ScheduleThreadPool-test-thread-6] ERROR MessageUtil - adventureBossRankInfo is null
2023-11-24 02:12:00.844 [ScheduleThreadPool-test-thread-2] ERROR MessageUtil - adventureBossRankInfo is null
2023-11-24 02:13:00.234 [ScheduleThreadPool-test-thread-4] ERROR MessageUtil - adventureBossRankInfo is null
2023-11-24 02:13:00.324 [ScheduleThreadPool-test-thread-3] ERROR MessageUtil - adventureBossRankInfo is null
2023-11-24 02:13:00.432 [ScheduleThreadPool-test-thread-4] ERROR MessageUtil - adventureBossRankInfo is null
2023-11-24 02:13:00.477 [ScheduleThreadPool-test-thread-5] ERROR MessageUtil - adventureBossRankInfo is null
2023-11-24 02:13:00.844 [ScheduleThreadPool-test-thread-3] ERROR MessageUtil - adventureBossRankInfo is null
2023-11-24 02:14:00.238 [ScheduleThreadPool-test-thread-1] ERROR MessageUtil - adventureBossRankInfo is null
2023-11-24 02:14:00.325 [ScheduleThreadPool-test-thread-2] ERROR MessageUtil - adventureBossRankInfo is null
2023-11-24 02:14:00.439 [ScheduleThreadPool-test-thread-7] ERROR MessageUtil - adventureBossRankInfo is null
2023-11-24 02:14:00.481 [ScheduleThreadPool-test-thread-8] ERROR MessageUtil - adventureBossRankInfo is null
2023-11-24 02:14:00.843 [ScheduleThreadPool-test-thread-1] ERROR MessageUtil - adventureBossRankInfo is null
2023-11-24 02:15:00.247 [ScheduleThreadPool-test-thread-4] ERROR MessageUtil - adventureBossRankInfo is null
2023-11-24 02:15:00.330 [ScheduleThreadPool-test-thread-5] ERROR MessageUtil - adventureBossRankInfo is null
2023-11-24 02:15:00.435 [ScheduleThreadPool-test-thread-1] ERROR MessageUtil - adventureBossRankInfo is null
2023-11-24 02:15:00.481 [ScheduleThreadPool-test-thread-1] ERROR MessageUtil - adventureBossRankInfo is null
2023-11-24 02:15:00.846 [ScheduleThreadPool-test-thread-4] ERROR MessageUtil - adventureBossRankInfo is null
2023-11-24 02:15:20.606 [ScheduleThreadPool-test-thread-3] ERROR SecondsTask - e
org.springframework.data.redis.RedisConnectionFailureException: java.net.SocketTimeoutException: Read timed out; nested exception is redis.clients.jedis.exceptions.JedisConnectionException: java.net.SocketTimeoutException: Read timed out
	at org.springframework.data.redis.connection.jedis.JedisExceptionConverter.convert(JedisExceptionConverter.java:67)
	at org.springframework.data.redis.connection.jedis.JedisExceptionConverter.convert(JedisExceptionConverter.java:41)
	at org.springframework.data.redis.PassThroughExceptionTranslationStrategy.translate(PassThroughExceptionTranslationStrategy.java:37)
	at org.springframework.data.redis.FallbackExceptionTranslationStrategy.translate(FallbackExceptionTranslationStrategy.java:37)
	at org.springframework.data.redis.connection.jedis.JedisConnection.convertJedisAccessException(JedisConnection.java:241)
	at org.springframework.data.redis.connection.jedis.JedisConnection.hGetAll(JedisConnection.java:3001)
	at org.springframework.data.redis.connection.DefaultStringRedisConnection.hGetAll(DefaultStringRedisConnection.java:372)
	at org.springframework.data.redis.core.DefaultHashOperations$13.doInRedis(DefaultHashOperations.java:223)
	at org.springframework.data.redis.core.DefaultHashOperations$13.doInRedis(DefaultHashOperations.java:220)
	at org.springframework.data.redis.core.RedisTemplate.execute(RedisTemplate.java:207)
	at org.springframework.data.redis.core.RedisTemplate.execute(RedisTemplate.java:169)
	at org.springframework.data.redis.core.AbstractOperations.execute(AbstractOperations.java:91)
	at org.springframework.data.redis.core.DefaultHashOperations.entries(DefaultHashOperations.java:220)
	at com.ljsd.jieling.db.redis.RedisUtil.getMapValues(RedisUtil.java:1401)
	at com.ljsd.jieling.logic.championship.ChampionshipLogic.minuteCheck(ChampionshipLogic.java:1414)
	at com.ljsd.jieling.thread.task.SecondsTask.run(SecondsTask.java:21)
	at java.util.concurrent.Executors$RunnableAdapter.call(Executors.java:511)
	at java.util.concurrent.FutureTask.runAndReset(FutureTask.java:308)
	at java.util.concurrent.ScheduledThreadPoolExecutor$ScheduledFutureTask.access$301(ScheduledThreadPoolExecutor.java:180)
	at java.util.concurrent.ScheduledThreadPoolExecutor$ScheduledFutureTask.run(ScheduledThreadPoolExecutor.java:294)
	at java.util.concurrent.ThreadPoolExecutor.runWorker(ThreadPoolExecutor.java:1149)
	at java.util.concurrent.ThreadPoolExecutor$Worker.run(ThreadPoolExecutor.java:624)
	at java.lang.Thread.run(Thread.java:750)
Caused by: redis.clients.jedis.exceptions.JedisConnectionException: java.net.SocketTimeoutException: Read timed out
	at redis.clients.util.RedisInputStream.ensureFill(RedisInputStream.java:202)
	at redis.clients.util.RedisInputStream.readByte(RedisInputStream.java:40)
	at redis.clients.jedis.Protocol.process(Protocol.java:151)
	at redis.clients.jedis.Protocol.read(Protocol.java:215)
	at redis.clients.jedis.Connection.readProtocolWithCheckingBroken(Connection.java:340)
	at redis.clients.jedis.Connection.getBinaryMultiBulkReply(Connection.java:276)
	at redis.clients.jedis.BinaryJedis.hgetAll(BinaryJedis.java:1028)
	at org.springframework.data.redis.connection.jedis.JedisConnection.hGetAll(JedisConnection.java:2999)
	... 17 common frames omitted
Caused by: java.net.SocketTimeoutException: Read timed out
	at java.net.SocketInputStream.socketRead0(Native Method)
	at java.net.SocketInputStream.socketRead(SocketInputStream.java:116)
	at java.net.SocketInputStream.read(SocketInputStream.java:171)
	at java.net.SocketInputStream.read(SocketInputStream.java:141)
	at java.net.SocketInputStream.read(SocketInputStream.java:127)
	at redis.clients.util.RedisInputStream.ensureFill(RedisInputStream.java:196)
	... 24 common frames omitted
2023-11-24 02:16:00.290 [ScheduleThreadPool-test-thread-6] ERROR MessageUtil - adventureBossRankInfo is null
2023-11-24 02:16:00.464 [ScheduleThreadPool-test-thread-4] ERROR MessageUtil - adventureBossRankInfo is null
2023-11-24 02:16:00.485 [ScheduleThreadPool-test-thread-3] ERROR MessageUtil - adventureBossRankInfo is null
2023-11-24 02:16:00.851 [ScheduleThreadPool-test-thread-7] ERROR MessageUtil - adventureBossRankInfo is null
2023-11-24 02:16:00.862 [ScheduleThreadPool-test-thread-1] ERROR MessageUtil - adventureBossRankInfo is null
2023-11-24 02:17:00.263 [ScheduleThreadPool-test-thread-2] ERROR MessageUtil - adventureBossRankInfo is null
2023-11-24 02:17:00.440 [ScheduleThreadPool-test-thread-5] ERROR MessageUtil - adventureBossRankInfo is null
2023-11-24 02:17:00.481 [ScheduleThreadPool-test-thread-5] ERROR MessageUtil - adventureBossRankInfo is null
2023-11-24 02:17:00.850 [ScheduleThreadPool-test-thread-7] ERROR MessageUtil - adventureBossRankInfo is null
2023-11-24 02:17:00.865 [ScheduleThreadPool-test-thread-5] ERROR MessageUtil - adventureBossRankInfo is null
2023-11-24 02:18:00.424 [ScheduleThreadPool-test-thread-8] ERROR MessageUtil - adventureBossRankInfo is null
2023-11-24 02:18:00.441 [ScheduleThreadPool-test-thread-4] ERROR MessageUtil - adventureBossRankInfo is null
2023-11-24 02:18:00.485 [ScheduleThreadPool-test-thread-3] ERROR MessageUtil - adventureBossRankInfo is null
2023-11-24 02:18:00.853 [ScheduleThreadPool-test-thread-6] ERROR MessageUtil - adventureBossRankInfo is null
2023-11-24 02:18:00.863 [ScheduleThreadPool-test-thread-2] ERROR MessageUtil - adventureBossRankInfo is null
2023-11-24 02:19:00.397 [ScheduleThreadPool-test-thread-7] ERROR MessageUtil - adventureBossRankInfo is null
2023-11-24 02:19:00.444 [ScheduleThreadPool-test-thread-4] ERROR MessageUtil - adventureBossRankInfo is null
2023-11-24 02:19:00.500 [ScheduleThreadPool-test-thread-8] ERROR MessageUtil - adventureBossRankInfo is null
2023-11-24 02:19:00.847 [ScheduleThreadPool-test-thread-2] ERROR MessageUtil - adventureBossRankInfo is null
2023-11-24 02:19:00.864 [ScheduleThreadPool-test-thread-4] ERROR MessageUtil - adventureBossRankInfo is null
2023-11-24 02:20:00.396 [ScheduleThreadPool-test-thread-4] ERROR MessageUtil - adventureBossRankInfo is null
2023-11-24 02:20:00.440 [ScheduleThreadPool-test-thread-6] ERROR MessageUtil - adventureBossRankInfo is null
2023-11-24 02:20:00.485 [ScheduleThreadPool-test-thread-6] ERROR MessageUtil - adventureBossRankInfo is null
2023-11-24 02:20:00.846 [ScheduleThreadPool-test-thread-3] ERROR MessageUtil - adventureBossRankInfo is null
2023-11-24 02:20:00.858 [ScheduleThreadPool-test-thread-6] ERROR MessageUtil - adventureBossRankInfo is null
2023-11-24 02:21:00.391 [ScheduleThreadPool-test-thread-5] ERROR MessageUtil - adventureBossRankInfo is null
2023-11-24 02:21:00.439 [ScheduleThreadPool-test-thread-5] ERROR MessageUtil - adventureBossRankInfo is null
2023-11-24 02:21:00.482 [ScheduleThreadPool-test-thread-3] ERROR MessageUtil - adventureBossRankInfo is null
2023-11-24 02:21:00.854 [ScheduleThreadPool-test-thread-4] ERROR MessageUtil - adventureBossRankInfo is null
2023-11-24 02:21:00.862 [ScheduleThreadPool-test-thread-4] ERROR MessageUtil - adventureBossRankInfo is null
2023-11-24 02:22:00.524 [ScheduleThreadPool-test-thread-2] ERROR MessageUtil - adventureBossRankInfo is null
2023-11-24 02:22:00.533 [ScheduleThreadPool-test-thread-5] ERROR MessageUtil - adventureBossRankInfo is null
2023-11-24 02:22:00.852 [ScheduleThreadPool-test-thread-7] ERROR MessageUtil - adventureBossRankInfo is null
2023-11-24 02:22:00.866 [ScheduleThreadPool-test-thread-6] ERROR MessageUtil - adventureBossRankInfo is null
2023-11-24 02:22:26.759 [ScheduleThreadPool-test-thread-3] ERROR SecondsTask - e
org.springframework.data.redis.RedisConnectionFailureException: java.net.SocketTimeoutException: Read timed out; nested exception is redis.clients.jedis.exceptions.JedisConnectionException: java.net.SocketTimeoutException: Read timed out
	at org.springframework.data.redis.connection.jedis.JedisExceptionConverter.convert(JedisExceptionConverter.java:67)
	at org.springframework.data.redis.connection.jedis.JedisExceptionConverter.convert(JedisExceptionConverter.java:41)
	at org.springframework.data.redis.PassThroughExceptionTranslationStrategy.translate(PassThroughExceptionTranslationStrategy.java:37)
	at org.springframework.data.redis.FallbackExceptionTranslationStrategy.translate(FallbackExceptionTranslationStrategy.java:37)
	at org.springframework.data.redis.connection.jedis.JedisConnection.convertJedisAccessException(JedisConnection.java:241)
	at org.springframework.data.redis.connection.jedis.JedisConnection.hGetAll(JedisConnection.java:3001)
	at org.springframework.data.redis.connection.DefaultStringRedisConnection.hGetAll(DefaultStringRedisConnection.java:372)
	at org.springframework.data.redis.core.DefaultHashOperations$13.doInRedis(DefaultHashOperations.java:223)
	at org.springframework.data.redis.core.DefaultHashOperations$13.doInRedis(DefaultHashOperations.java:220)
	at org.springframework.data.redis.core.RedisTemplate.execute(RedisTemplate.java:207)
	at org.springframework.data.redis.core.RedisTemplate.execute(RedisTemplate.java:169)
	at org.springframework.data.redis.core.AbstractOperations.execute(AbstractOperations.java:91)
	at org.springframework.data.redis.core.DefaultHashOperations.entries(DefaultHashOperations.java:220)
	at com.ljsd.jieling.db.redis.RedisUtil.getMapValues(RedisUtil.java:1401)
	at com.ljsd.jieling.logic.championship.ChampionshipLogic.minuteCheck(ChampionshipLogic.java:1414)
	at com.ljsd.jieling.thread.task.SecondsTask.run(SecondsTask.java:21)
	at java.util.concurrent.Executors$RunnableAdapter.call(Executors.java:511)
	at java.util.concurrent.FutureTask.runAndReset(FutureTask.java:308)
	at java.util.concurrent.ScheduledThreadPoolExecutor$ScheduledFutureTask.access$301(ScheduledThreadPoolExecutor.java:180)
	at java.util.concurrent.ScheduledThreadPoolExecutor$ScheduledFutureTask.run(ScheduledThreadPoolExecutor.java:294)
	at java.util.concurrent.ThreadPoolExecutor.runWorker(ThreadPoolExecutor.java:1149)
	at java.util.concurrent.ThreadPoolExecutor$Worker.run(ThreadPoolExecutor.java:624)
	at java.lang.Thread.run(Thread.java:750)
Caused by: redis.clients.jedis.exceptions.JedisConnectionException: java.net.SocketTimeoutException: Read timed out
	at redis.clients.util.RedisInputStream.ensureFill(RedisInputStream.java:202)
	at redis.clients.util.RedisInputStream.readByte(RedisInputStream.java:40)
	at redis.clients.jedis.Protocol.process(Protocol.java:151)
	at redis.clients.jedis.Protocol.read(Protocol.java:215)
	at redis.clients.jedis.Connection.readProtocolWithCheckingBroken(Connection.java:340)
	at redis.clients.jedis.Connection.getBinaryMultiBulkReply(Connection.java:276)
	at redis.clients.jedis.BinaryJedis.hgetAll(BinaryJedis.java:1028)
	at org.springframework.data.redis.connection.jedis.JedisConnection.hGetAll(JedisConnection.java:2999)
	... 17 common frames omitted
Caused by: java.net.SocketTimeoutException: Read timed out
	at java.net.SocketInputStream.socketRead0(Native Method)
	at java.net.SocketInputStream.socketRead(SocketInputStream.java:116)
	at java.net.SocketInputStream.read(SocketInputStream.java:171)
	at java.net.SocketInputStream.read(SocketInputStream.java:141)
	at java.net.SocketInputStream.read(SocketInputStream.java:127)
	at redis.clients.util.RedisInputStream.ensureFill(RedisInputStream.java:196)
	... 24 common frames omitted
2023-11-24 02:22:26.775 [ScheduleThreadPool-test-thread-1] ERROR SecondsTask - e
org.springframework.data.redis.RedisConnectionFailureException: java.net.SocketTimeoutException: Read timed out; nested exception is redis.clients.jedis.exceptions.JedisConnectionException: java.net.SocketTimeoutException: Read timed out
	at org.springframework.data.redis.connection.jedis.JedisExceptionConverter.convert(JedisExceptionConverter.java:67)
	at org.springframework.data.redis.connection.jedis.JedisExceptionConverter.convert(JedisExceptionConverter.java:41)
	at org.springframework.data.redis.PassThroughExceptionTranslationStrategy.translate(PassThroughExceptionTranslationStrategy.java:37)
	at org.springframework.data.redis.FallbackExceptionTranslationStrategy.translate(FallbackExceptionTranslationStrategy.java:37)
	at org.springframework.data.redis.connection.jedis.JedisConnection.convertJedisAccessException(JedisConnection.java:241)
	at org.springframework.data.redis.connection.jedis.JedisConnection.hGetAll(JedisConnection.java:3001)
	at org.springframework.data.redis.connection.DefaultStringRedisConnection.hGetAll(DefaultStringRedisConnection.java:372)
	at org.springframework.data.redis.core.DefaultHashOperations$13.doInRedis(DefaultHashOperations.java:223)
	at org.springframework.data.redis.core.DefaultHashOperations$13.doInRedis(DefaultHashOperations.java:220)
	at org.springframework.data.redis.core.RedisTemplate.execute(RedisTemplate.java:207)
	at org.springframework.data.redis.core.RedisTemplate.execute(RedisTemplate.java:169)
	at org.springframework.data.redis.core.AbstractOperations.execute(AbstractOperations.java:91)
	at org.springframework.data.redis.core.DefaultHashOperations.entries(DefaultHashOperations.java:220)
	at com.ljsd.jieling.db.redis.RedisUtil.getMapValues(RedisUtil.java:1401)
	at com.ljsd.jieling.logic.championship.ChampionshipLogic.minuteCheck(ChampionshipLogic.java:1414)
	at com.ljsd.jieling.thread.task.SecondsTask.run(SecondsTask.java:21)
	at java.util.concurrent.Executors$RunnableAdapter.call(Executors.java:511)
	at java.util.concurrent.FutureTask.runAndReset(FutureTask.java:308)
	at java.util.concurrent.ScheduledThreadPoolExecutor$ScheduledFutureTask.access$301(ScheduledThreadPoolExecutor.java:180)
	at java.util.concurrent.ScheduledThreadPoolExecutor$ScheduledFutureTask.run(ScheduledThreadPoolExecutor.java:294)
	at java.util.concurrent.ThreadPoolExecutor.runWorker(ThreadPoolExecutor.java:1149)
	at java.util.concurrent.ThreadPoolExecutor$Worker.run(ThreadPoolExecutor.java:624)
	at java.lang.Thread.run(Thread.java:750)
Caused by: redis.clients.jedis.exceptions.JedisConnectionException: java.net.SocketTimeoutException: Read timed out
	at redis.clients.util.RedisInputStream.ensureFill(RedisInputStream.java:202)
	at redis.clients.util.RedisInputStream.readByte(RedisInputStream.java:40)
	at redis.clients.jedis.Protocol.process(Protocol.java:151)
	at redis.clients.jedis.Protocol.read(Protocol.java:215)
	at redis.clients.jedis.Connection.readProtocolWithCheckingBroken(Connection.java:340)
	at redis.clients.jedis.Connection.getBinaryMultiBulkReply(Connection.java:276)
	at redis.clients.jedis.BinaryJedis.hgetAll(BinaryJedis.java:1028)
	at org.springframework.data.redis.connection.jedis.JedisConnection.hGetAll(JedisConnection.java:2999)
	... 17 common frames omitted
Caused by: java.net.SocketTimeoutException: Read timed out
	at java.net.SocketInputStream.socketRead0(Native Method)
	at java.net.SocketInputStream.socketRead(SocketInputStream.java:116)
	at java.net.SocketInputStream.read(SocketInputStream.java:171)
	at java.net.SocketInputStream.read(SocketInputStream.java:141)
	at java.net.SocketInputStream.read(SocketInputStream.java:127)
	at redis.clients.util.RedisInputStream.ensureFill(RedisInputStream.java:196)
	... 24 common frames omitted
2023-11-24 02:22:26.861 [ScheduleThreadPool-test-thread-6] ERROR SecondsTask - e
org.springframework.data.redis.RedisConnectionFailureException: java.net.SocketTimeoutException: Read timed out; nested exception is redis.clients.jedis.exceptions.JedisConnectionException: java.net.SocketTimeoutException: Read timed out
	at org.springframework.data.redis.connection.jedis.JedisExceptionConverter.convert(JedisExceptionConverter.java:67)
	at org.springframework.data.redis.connection.jedis.JedisExceptionConverter.convert(JedisExceptionConverter.java:41)
	at org.springframework.data.redis.PassThroughExceptionTranslationStrategy.translate(PassThroughExceptionTranslationStrategy.java:37)
	at org.springframework.data.redis.FallbackExceptionTranslationStrategy.translate(FallbackExceptionTranslationStrategy.java:37)
	at org.springframework.data.redis.connection.jedis.JedisConnection.convertJedisAccessException(JedisConnection.java:241)
	at org.springframework.data.redis.connection.jedis.JedisConnection.hGetAll(JedisConnection.java:3001)
	at org.springframework.data.redis.connection.DefaultStringRedisConnection.hGetAll(DefaultStringRedisConnection.java:372)
	at org.springframework.data.redis.core.DefaultHashOperations$13.doInRedis(DefaultHashOperations.java:223)
	at org.springframework.data.redis.core.DefaultHashOperations$13.doInRedis(DefaultHashOperations.java:220)
	at org.springframework.data.redis.core.RedisTemplate.execute(RedisTemplate.java:207)
	at org.springframework.data.redis.core.RedisTemplate.execute(RedisTemplate.java:169)
	at org.springframework.data.redis.core.AbstractOperations.execute(AbstractOperations.java:91)
	at org.springframework.data.redis.core.DefaultHashOperations.entries(DefaultHashOperations.java:220)
	at com.ljsd.jieling.db.redis.RedisUtil.getMapValues(RedisUtil.java:1401)
	at com.ljsd.jieling.logic.championship.ChampionshipLogic.minuteCheck(ChampionshipLogic.java:1414)
	at com.ljsd.jieling.thread.task.SecondsTask.run(SecondsTask.java:21)
	at java.util.concurrent.Executors$RunnableAdapter.call(Executors.java:511)
	at java.util.concurrent.FutureTask.runAndReset(FutureTask.java:308)
	at java.util.concurrent.ScheduledThreadPoolExecutor$ScheduledFutureTask.access$301(ScheduledThreadPoolExecutor.java:180)
	at java.util.concurrent.ScheduledThreadPoolExecutor$ScheduledFutureTask.run(ScheduledThreadPoolExecutor.java:294)
	at java.util.concurrent.ThreadPoolExecutor.runWorker(ThreadPoolExecutor.java:1149)
	at java.util.concurrent.ThreadPoolExecutor$Worker.run(ThreadPoolExecutor.java:624)
	at java.lang.Thread.run(Thread.java:750)
Caused by: redis.clients.jedis.exceptions.JedisConnectionException: java.net.SocketTimeoutException: Read timed out
	at redis.clients.util.RedisInputStream.ensureFill(RedisInputStream.java:202)
	at redis.clients.util.RedisInputStream.readByte(RedisInputStream.java:40)
	at redis.clients.jedis.Protocol.process(Protocol.java:151)
	at redis.clients.jedis.Protocol.read(Protocol.java:215)
	at redis.clients.jedis.Connection.readProtocolWithCheckingBroken(Connection.java:340)
	at redis.clients.jedis.Connection.getBinaryMultiBulkReply(Connection.java:276)
	at redis.clients.jedis.BinaryJedis.hgetAll(BinaryJedis.java:1028)
	at org.springframework.data.redis.connection.jedis.JedisConnection.hGetAll(JedisConnection.java:2999)
	... 17 common frames omitted
Caused by: java.net.SocketTimeoutException: Read timed out
	at java.net.SocketInputStream.socketRead0(Native Method)
	at java.net.SocketInputStream.socketRead(SocketInputStream.java:116)
	at java.net.SocketInputStream.read(SocketInputStream.java:171)
	at java.net.SocketInputStream.read(SocketInputStream.java:141)
	at java.net.SocketInputStream.read(SocketInputStream.java:127)
	at redis.clients.util.RedisInputStream.ensureFill(RedisInputStream.java:196)
	... 24 common frames omitted
2023-11-24 02:22:26.880 [ScheduleThreadPool-test-thread-4] ERROR SecondsTask - e
org.springframework.data.redis.RedisConnectionFailureException: java.net.SocketTimeoutException: Read timed out; nested exception is redis.clients.jedis.exceptions.JedisConnectionException: java.net.SocketTimeoutException: Read timed out
	at org.springframework.data.redis.connection.jedis.JedisExceptionConverter.convert(JedisExceptionConverter.java:67)
	at org.springframework.data.redis.connection.jedis.JedisExceptionConverter.convert(JedisExceptionConverter.java:41)
	at org.springframework.data.redis.PassThroughExceptionTranslationStrategy.translate(PassThroughExceptionTranslationStrategy.java:37)
	at org.springframework.data.redis.FallbackExceptionTranslationStrategy.translate(FallbackExceptionTranslationStrategy.java:37)
	at org.springframework.data.redis.connection.jedis.JedisConnection.convertJedisAccessException(JedisConnection.java:241)
	at org.springframework.data.redis.connection.jedis.JedisConnection.hGetAll(JedisConnection.java:3001)
	at org.springframework.data.redis.connection.DefaultStringRedisConnection.hGetAll(DefaultStringRedisConnection.java:372)
	at org.springframework.data.redis.core.DefaultHashOperations$13.doInRedis(DefaultHashOperations.java:223)
	at org.springframework.data.redis.core.DefaultHashOperations$13.doInRedis(DefaultHashOperations.java:220)
	at org.springframework.data.redis.core.RedisTemplate.execute(RedisTemplate.java:207)
	at org.springframework.data.redis.core.RedisTemplate.execute(RedisTemplate.java:169)
	at org.springframework.data.redis.core.AbstractOperations.execute(AbstractOperations.java:91)
	at org.springframework.data.redis.core.DefaultHashOperations.entries(DefaultHashOperations.java:220)
	at com.ljsd.jieling.db.redis.RedisUtil.getMapValues(RedisUtil.java:1401)
	at com.ljsd.jieling.logic.championship.ChampionshipLogic.minuteCheck(ChampionshipLogic.java:1414)
	at com.ljsd.jieling.thread.task.SecondsTask.run(SecondsTask.java:21)
	at java.util.concurrent.Executors$RunnableAdapter.call(Executors.java:511)
	at java.util.concurrent.FutureTask.runAndReset(FutureTask.java:308)
	at java.util.concurrent.ScheduledThreadPoolExecutor$ScheduledFutureTask.access$301(ScheduledThreadPoolExecutor.java:180)
	at java.util.concurrent.ScheduledThreadPoolExecutor$ScheduledFutureTask.run(ScheduledThreadPoolExecutor.java:294)
	at java.util.concurrent.ThreadPoolExecutor.runWorker(ThreadPoolExecutor.java:1149)
	at java.util.concurrent.ThreadPoolExecutor$Worker.run(ThreadPoolExecutor.java:624)
	at java.lang.Thread.run(Thread.java:750)
Caused by: redis.clients.jedis.exceptions.JedisConnectionException: java.net.SocketTimeoutException: Read timed out
	at redis.clients.util.RedisInputStream.ensureFill(RedisInputStream.java:202)
	at redis.clients.util.RedisInputStream.readByte(RedisInputStream.java:40)
	at redis.clients.jedis.Protocol.process(Protocol.java:151)
	at redis.clients.jedis.Protocol.read(Protocol.java:215)
	at redis.clients.jedis.Connection.readProtocolWithCheckingBroken(Connection.java:340)
	at redis.clients.jedis.Connection.getBinaryMultiBulkReply(Connection.java:276)
	at redis.clients.jedis.BinaryJedis.hgetAll(BinaryJedis.java:1028)
	at org.springframework.data.redis.connection.jedis.JedisConnection.hGetAll(JedisConnection.java:2999)
	... 17 common frames omitted
Caused by: java.net.SocketTimeoutException: Read timed out
	at java.net.SocketInputStream.socketRead0(Native Method)
	at java.net.SocketInputStream.socketRead(SocketInputStream.java:116)
	at java.net.SocketInputStream.read(SocketInputStream.java:171)
	at java.net.SocketInputStream.read(SocketInputStream.java:141)
	at java.net.SocketInputStream.read(SocketInputStream.java:127)
	at redis.clients.util.RedisInputStream.ensureFill(RedisInputStream.java:196)
	... 24 common frames omitted
2023-11-24 02:22:33.343 [ScheduleThreadPool-test-thread-3] ERROR MessageUtil - adventureBossRankInfo is null
2023-11-24 02:23:00.370 [ScheduleThreadPool-test-thread-3] ERROR MessageUtil - adventureBossRankInfo is null
2023-11-24 02:23:00.398 [ScheduleThreadPool-test-thread-2] ERROR MessageUtil - adventureBossRankInfo is null
2023-11-24 02:23:00.502 [ScheduleThreadPool-test-thread-1] ERROR MessageUtil - adventureBossRankInfo is null
2023-11-24 02:23:00.863 [ScheduleThreadPool-test-thread-7] ERROR MessageUtil - adventureBossRankInfo is null
2023-11-24 02:23:00.872 [ScheduleThreadPool-test-thread-7] ERROR MessageUtil - adventureBossRankInfo is null
2023-11-24 02:24:00.359 [ScheduleThreadPool-test-thread-1] ERROR MessageUtil - adventureBossRankInfo is null
2023-11-24 02:24:00.389 [ScheduleThreadPool-test-thread-3] ERROR MessageUtil - adventureBossRankInfo is null
2023-11-24 02:24:00.482 [ScheduleThreadPool-test-thread-8] ERROR MessageUtil - adventureBossRankInfo is null
2023-11-24 02:24:00.852 [ScheduleThreadPool-test-thread-3] ERROR MessageUtil - adventureBossRankInfo is null
2023-11-24 02:24:00.859 [ScheduleThreadPool-test-thread-3] ERROR MessageUtil - adventureBossRankInfo is null
2023-11-24 02:25:00.366 [ScheduleThreadPool-test-thread-8] ERROR MessageUtil - adventureBossRankInfo is null
2023-11-24 02:25:00.394 [ScheduleThreadPool-test-thread-4] ERROR MessageUtil - adventureBossRankInfo is null
2023-11-24 02:25:00.489 [ScheduleThreadPool-test-thread-3] ERROR MessageUtil - adventureBossRankInfo is null
2023-11-24 02:25:00.850 [ScheduleThreadPool-test-thread-6] ERROR MessageUtil - adventureBossRankInfo is null
2023-11-24 02:25:00.862 [ScheduleThreadPool-test-thread-7] ERROR MessageUtil - adventureBossRankInfo is null
2023-11-24 02:26:00.329 [ScheduleThreadPool-test-thread-4] ERROR MessageUtil - adventureBossRankInfo is null
2023-11-24 02:26:00.392 [ScheduleThreadPool-test-thread-4] ERROR MessageUtil - adventureBossRankInfo is null
2023-11-24 02:26:00.489 [ScheduleThreadPool-test-thread-7] ERROR MessageUtil - adventureBossRankInfo is null
2023-11-24 02:26:00.851 [ScheduleThreadPool-test-thread-6] ERROR MessageUtil - adventureBossRankInfo is null
2023-11-24 02:26:00.857 [ScheduleThreadPool-test-thread-7] ERROR MessageUtil - adventureBossRankInfo is null
2023-11-24 02:27:00.336 [ScheduleThreadPool-test-thread-1] ERROR MessageUtil - adventureBossRankInfo is null
2023-11-24 02:27:00.384 [ScheduleThreadPool-test-thread-3] ERROR MessageUtil - adventureBossRankInfo is null
2023-11-24 02:27:00.482 [ScheduleThreadPool-test-thread-3] ERROR MessageUtil - adventureBossRankInfo is null
2023-11-24 02:27:00.853 [ScheduleThreadPool-test-thread-6] ERROR MessageUtil - adventureBossRankInfo is null
2023-11-24 02:27:00.856 [ScheduleThreadPool-test-thread-4] ERROR MessageUtil - adventureBossRankInfo is null
2023-11-24 02:28:00.330 [ScheduleThreadPool-test-thread-5] ERROR MessageUtil - adventureBossRankInfo is null
2023-11-24 02:28:00.383 [ScheduleThreadPool-test-thread-5] ERROR MessageUtil - adventureBossRankInfo is null
2023-11-24 02:28:00.481 [ScheduleThreadPool-test-thread-8] ERROR MessageUtil - adventureBossRankInfo is null
2023-11-24 02:28:00.847 [ScheduleThreadPool-test-thread-2] ERROR MessageUtil - adventureBossRankInfo is null
2023-11-24 02:28:00.859 [ScheduleThreadPool-test-thread-1] ERROR MessageUtil - adventureBossRankInfo is null
2023-11-24 02:29:00.328 [ScheduleThreadPool-test-thread-8] ERROR MessageUtil - adventureBossRankInfo is null
2023-11-24 02:29:00.385 [ScheduleThreadPool-test-thread-8] ERROR MessageUtil - adventureBossRankInfo is null
2023-11-24 02:29:00.479 [ScheduleThreadPool-test-thread-8] ERROR MessageUtil - adventureBossRankInfo is null
2023-11-24 02:29:00.843 [ScheduleThreadPool-test-thread-5] ERROR MessageUtil - adventureBossRankInfo is null
2023-11-24 02:29:00.859 [ScheduleThreadPool-test-thread-4] ERROR MessageUtil - adventureBossRankInfo is null
2023-11-24 02:30:00.329 [ScheduleThreadPool-test-thread-8] ERROR MessageUtil - adventureBossRankInfo is null
2023-11-24 02:30:00.389 [ScheduleThreadPool-test-thread-2] ERROR MessageUtil - adventureBossRankInfo is null
2023-11-24 02:30:00.481 [ScheduleThreadPool-test-thread-8] ERROR MessageUtil - adventureBossRankInfo is null
2023-11-24 02:30:00.844 [ScheduleThreadPool-test-thread-4] ERROR MessageUtil - adventureBossRankInfo is null
2023-11-24 02:30:00.853 [ScheduleThreadPool-test-thread-7] ERROR MessageUtil - adventureBossRankInfo is null
2023-11-24 02:31:00.329 [ScheduleThreadPool-test-thread-5] ERROR MessageUtil - adventureBossRankInfo is null
2023-11-24 02:31:00.384 [ScheduleThreadPool-test-thread-6] ERROR MessageUtil - adventureBossRankInfo is null
2023-11-24 02:31:00.480 [ScheduleThreadPool-test-thread-8] ERROR MessageUtil - adventureBossRankInfo is null
2023-11-24 02:31:00.848 [ScheduleThreadPool-test-thread-5] ERROR MessageUtil - adventureBossRankInfo is null
2023-11-24 02:31:00.858 [ScheduleThreadPool-test-thread-1] ERROR MessageUtil - adventureBossRankInfo is null
2023-11-24 02:32:00.328 [ScheduleThreadPool-test-thread-4] ERROR MessageUtil - adventureBossRankInfo is null
2023-11-24 02:32:00.393 [ScheduleThreadPool-test-thread-6] ERROR MessageUtil - adventureBossRankInfo is null
2023-11-24 02:32:00.480 [ScheduleThreadPool-test-thread-1] ERROR MessageUtil - adventureBossRankInfo is null
2023-11-24 02:32:00.846 [ScheduleThreadPool-test-thread-7] ERROR MessageUtil - adventureBossRankInfo is null
2023-11-24 02:32:00.858 [ScheduleThreadPool-test-thread-1] ERROR MessageUtil - adventureBossRankInfo is null
2023-11-24 02:33:00.329 [ScheduleThreadPool-test-thread-8] ERROR MessageUtil - adventureBossRankInfo is null
2023-11-24 02:33:00.390 [ScheduleThreadPool-test-thread-2] ERROR MessageUtil - adventureBossRankInfo is null
2023-11-24 02:33:00.476 [ScheduleThreadPool-test-thread-3] ERROR MessageUtil - adventureBossRankInfo is null
2023-11-24 02:33:00.843 [ScheduleThreadPool-test-thread-6] ERROR MessageUtil - adventureBossRankInfo is null
2023-11-24 02:33:00.856 [ScheduleThreadPool-test-thread-4] ERROR MessageUtil - adventureBossRankInfo is null
2023-11-24 02:34:00.326 [ScheduleThreadPool-test-thread-2] ERROR MessageUtil - adventureBossRankInfo is null
2023-11-24 02:34:00.390 [ScheduleThreadPool-test-thread-5] ERROR MessageUtil - adventureBossRankInfo is null
2023-11-24 02:34:00.483 [ScheduleThreadPool-test-thread-1] ERROR MessageUtil - adventureBossRankInfo is null
2023-11-24 02:34:00.845 [ScheduleThreadPool-test-thread-4] ERROR MessageUtil - adventureBossRankInfo is null
2023-11-24 02:34:00.858 [ScheduleThreadPool-test-thread-8] ERROR MessageUtil - adventureBossRankInfo is null
2023-11-24 02:35:00.330 [ScheduleThreadPool-test-thread-4] ERROR MessageUtil - adventureBossRankInfo is null
2023-11-24 02:35:00.382 [ScheduleThreadPool-test-thread-4] ERROR MessageUtil - adventureBossRankInfo is null
2023-11-24 02:35:00.480 [ScheduleThreadPool-test-thread-6] ERROR MessageUtil - adventureBossRankInfo is null
2023-11-24 02:35:00.844 [ScheduleThreadPool-test-thread-6] ERROR MessageUtil - adventureBossRankInfo is null
2023-11-24 02:35:00.856 [ScheduleThreadPool-test-thread-8] ERROR MessageUtil - adventureBossRankInfo is null
2023-11-24 02:36:00.327 [ScheduleThreadPool-test-thread-1] ERROR MessageUtil - adventureBossRankInfo is null
2023-11-24 02:36:00.393 [ScheduleThreadPool-test-thread-8] ERROR MessageUtil - adventureBossRankInfo is null
2023-11-24 02:36:00.497 [ScheduleThreadPool-test-thread-6] ERROR MessageUtil - adventureBossRankInfo is null
2023-11-24 02:36:00.844 [ScheduleThreadPool-test-thread-4] ERROR MessageUtil - adventureBossRankInfo is null
2023-11-24 02:36:00.854 [ScheduleThreadPool-test-thread-1] ERROR MessageUtil - adventureBossRankInfo is null
2023-11-24 02:37:00.325 [ScheduleThreadPool-test-thread-7] ERROR MessageUtil - adventureBossRankInfo is null
2023-11-24 02:37:00.385 [ScheduleThreadPool-test-thread-4] ERROR MessageUtil - adventureBossRankInfo is null
2023-11-24 02:37:00.475 [ScheduleThreadPool-test-thread-7] ERROR MessageUtil - adventureBossRankInfo is null
2023-11-24 02:37:00.843 [ScheduleThreadPool-test-thread-4] ERROR MessageUtil - adventureBossRankInfo is null
2023-11-24 02:37:00.857 [ScheduleThreadPool-test-thread-1] ERROR MessageUtil - adventureBossRankInfo is null
2023-11-24 02:38:00.329 [ScheduleThreadPool-test-thread-1] ERROR MessageUtil - adventureBossRankInfo is null
2023-11-24 02:38:00.390 [ScheduleThreadPool-test-thread-2] ERROR MessageUtil - adventureBossRankInfo is null
2023-11-24 02:38:00.478 [ScheduleThreadPool-test-thread-3] ERROR MessageUtil - adventureBossRankInfo is null
2023-11-24 02:38:00.845 [ScheduleThreadPool-test-thread-3] ERROR MessageUtil - adventureBossRankInfo is null
2023-11-24 02:38:00.852 [ScheduleThreadPool-test-thread-2] ERROR MessageUtil - adventureBossRankInfo is null
2023-11-24 02:39:00.331 [ScheduleThreadPool-test-thread-7] ERROR MessageUtil - adventureBossRankInfo is null
2023-11-24 02:39:00.388 [ScheduleThreadPool-test-thread-3] ERROR MessageUtil - adventureBossRankInfo is null
2023-11-24 02:39:00.478 [ScheduleThreadPool-test-thread-6] ERROR MessageUtil - adventureBossRankInfo is null
2023-11-24 02:39:00.845 [ScheduleThreadPool-test-thread-2] ERROR MessageUtil - adventureBossRankInfo is null
2023-11-24 02:39:00.854 [ScheduleThreadPool-test-thread-5] ERROR MessageUtil - adventureBossRankInfo is null
2023-11-24 02:40:00.329 [ScheduleThreadPool-test-thread-8] ERROR MessageUtil - adventureBossRankInfo is null
2023-11-24 02:40:00.390 [ScheduleThreadPool-test-thread-4] ERROR MessageUtil - adventureBossRankInfo is null
2023-11-24 02:40:00.479 [ScheduleThreadPool-test-thread-6] ERROR MessageUtil - adventureBossRankInfo is null
2023-11-24 02:40:00.847 [ScheduleThreadPool-test-thread-2] ERROR MessageUtil - adventureBossRankInfo is null
2023-11-24 02:40:00.859 [ScheduleThreadPool-test-thread-2] ERROR MessageUtil - adventureBossRankInfo is null
2023-11-24 02:41:00.345 [ScheduleThreadPool-test-thread-1] ERROR MessageUtil - adventureBossRankInfo is null
2023-11-24 02:41:00.389 [ScheduleThreadPool-test-thread-2] ERROR MessageUtil - adventureBossRankInfo is null
2023-11-24 02:41:00.477 [ScheduleThreadPool-test-thread-8] ERROR MessageUtil - adventureBossRankInfo is null
2023-11-24 02:41:00.851 [ScheduleThreadPool-test-thread-7] ERROR MessageUtil - adventureBossRankInfo is null
2023-11-24 02:41:00.853 [ScheduleThreadPool-test-thread-7] ERROR MessageUtil - adventureBossRankInfo is null
2023-11-24 02:42:00.329 [ScheduleThreadPool-test-thread-2] ERROR MessageUtil - adventureBossRankInfo is null
2023-11-24 02:42:00.390 [ScheduleThreadPool-test-thread-3] ERROR MessageUtil - adventureBossRankInfo is null
2023-11-24 02:42:00.484 [ScheduleThreadPool-test-thread-4] ERROR MessageUtil - adventureBossRankInfo is null
2023-11-24 02:42:00.844 [ScheduleThreadPool-test-thread-3] ERROR MessageUtil - adventureBossRankInfo is null
2023-11-24 02:42:00.855 [ScheduleThreadPool-test-thread-2] ERROR MessageUtil - adventureBossRankInfo is null
2023-11-24 02:43:00.328 [ScheduleThreadPool-test-thread-5] ERROR MessageUtil - adventureBossRankInfo is null
2023-11-24 02:43:00.389 [ScheduleThreadPool-test-thread-2] ERROR MessageUtil - adventureBossRankInfo is null
2023-11-24 02:43:00.479 [ScheduleThreadPool-test-thread-1] ERROR MessageUtil - adventureBossRankInfo is null
2023-11-24 02:43:00.846 [ScheduleThreadPool-test-thread-6] ERROR MessageUtil - adventureBossRankInfo is null
2023-11-24 02:43:00.853 [ScheduleThreadPool-test-thread-7] ERROR MessageUtil - adventureBossRankInfo is null
2023-11-24 02:44:00.330 [ScheduleThreadPool-test-thread-7] ERROR MessageUtil - adventureBossRankInfo is null
2023-11-24 02:44:00.385 [ScheduleThreadPool-test-thread-1] ERROR MessageUtil - adventureBossRankInfo is null
2023-11-24 02:44:00.477 [ScheduleThreadPool-test-thread-5] ERROR MessageUtil - adventureBossRankInfo is null
2023-11-24 02:44:00.845 [ScheduleThreadPool-test-thread-4] ERROR MessageUtil - adventureBossRankInfo is null
2023-11-24 02:44:00.854 [ScheduleThreadPool-test-thread-4] ERROR MessageUtil - adventureBossRankInfo is null
2023-11-24 02:45:00.333 [ScheduleThreadPool-test-thread-7] ERROR MessageUtil - adventureBossRankInfo is null
2023-11-24 02:45:00.391 [ScheduleThreadPool-test-thread-1] ERROR MessageUtil - adventureBossRankInfo is null
2023-11-24 02:45:00.483 [ScheduleThreadPool-test-thread-4] ERROR MessageUtil - adventureBossRankInfo is null
2023-11-24 02:45:00.844 [ScheduleThreadPool-test-thread-7] ERROR MessageUtil - adventureBossRankInfo is null
2023-11-24 02:45:00.851 [ScheduleThreadPool-test-thread-2] ERROR MessageUtil - adventureBossRankInfo is null
2023-11-24 02:46:00.331 [ScheduleThreadPool-test-thread-4] ERROR MessageUtil - adventureBossRankInfo is null
2023-11-24 02:46:00.383 [ScheduleThreadPool-test-thread-6] ERROR MessageUtil - adventureBossRankInfo is null
2023-11-24 02:46:00.480 [ScheduleThreadPool-test-thread-7] ERROR MessageUtil - adventureBossRankInfo is null
2023-11-24 02:46:00.846 [ScheduleThreadPool-test-thread-6] ERROR MessageUtil - adventureBossRankInfo is null
2023-11-24 02:46:00.852 [ScheduleThreadPool-test-thread-8] ERROR MessageUtil - adventureBossRankInfo is null
2023-11-24 02:47:00.331 [ScheduleThreadPool-test-thread-2] ERROR MessageUtil - adventureBossRankInfo is null
2023-11-24 02:47:00.387 [ScheduleThreadPool-test-thread-5] ERROR MessageUtil - adventureBossRankInfo is null
2023-11-24 02:47:00.480 [ScheduleThreadPool-test-thread-1] ERROR MessageUtil - adventureBossRankInfo is null
2023-11-24 02:47:00.845 [ScheduleThreadPool-test-thread-5] ERROR MessageUtil - adventureBossRankInfo is null
2023-11-24 02:47:00.856 [ScheduleThreadPool-test-thread-4] ERROR MessageUtil - adventureBossRankInfo is null
2023-11-24 02:48:00.329 [ScheduleThreadPool-test-thread-5] ERROR MessageUtil - adventureBossRankInfo is null
2023-11-24 02:48:00.390 [ScheduleThreadPool-test-thread-1] ERROR MessageUtil - adventureBossRankInfo is null
2023-11-24 02:48:00.479 [ScheduleThreadPool-test-thread-8] ERROR MessageUtil - adventureBossRankInfo is null
2023-11-24 02:48:00.844 [ScheduleThreadPool-test-thread-4] ERROR MessageUtil - adventureBossRankInfo is null
2023-11-24 02:48:00.862 [ScheduleThreadPool-test-thread-4] ERROR MessageUtil - adventureBossRankInfo is null
2023-11-24 02:49:00.333 [ScheduleThreadPool-test-thread-8] ERROR MessageUtil - adventureBossRankInfo is null
2023-11-24 02:49:00.387 [ScheduleThreadPool-test-thread-1] ERROR MessageUtil - adventureBossRankInfo is null
2023-11-24 02:49:00.482 [ScheduleThreadPool-test-thread-8] ERROR MessageUtil - adventureBossRankInfo is null
2023-11-24 02:49:00.844 [ScheduleThreadPool-test-thread-3] ERROR MessageUtil - adventureBossRankInfo is null
2023-11-24 02:49:00.854 [ScheduleThreadPool-test-thread-2] ERROR MessageUtil - adventureBossRankInfo is null
2023-11-24 02:50:00.328 [ScheduleThreadPool-test-thread-4] ERROR MessageUtil - adventureBossRankInfo is null
2023-11-24 02:50:00.391 [ScheduleThreadPool-test-thread-6] ERROR MessageUtil - adventureBossRankInfo is null
2023-11-24 02:50:00.485 [ScheduleThreadPool-test-thread-7] ERROR MessageUtil - adventureBossRankInfo is null
2023-11-24 02:50:00.850 [ScheduleThreadPool-test-thread-1] ERROR MessageUtil - adventureBossRankInfo is null
2023-11-24 02:50:00.853 [ScheduleThreadPool-test-thread-1] ERROR MessageUtil - adventureBossRankInfo is null
2023-11-24 02:51:00.327 [ScheduleThreadPool-test-thread-5] ERROR MessageUtil - adventureBossRankInfo is null
2023-11-24 02:51:00.391 [ScheduleThreadPool-test-thread-3] ERROR MessageUtil - adventureBossRankInfo is null
2023-11-24 02:51:00.483 [ScheduleThreadPool-test-thread-7] ERROR MessageUtil - adventureBossRankInfo is null
2023-11-24 02:51:00.843 [ScheduleThreadPool-test-thread-1] ERROR MessageUtil - adventureBossRankInfo is null
2023-11-24 02:51:00.853 [ScheduleThreadPool-test-thread-1] ERROR MessageUtil - adventureBossRankInfo is null
2023-11-24 02:52:00.327 [ScheduleThreadPool-test-thread-4] ERROR MessageUtil - adventureBossRankInfo is null
2023-11-24 02:52:00.386 [ScheduleThreadPool-test-thread-3] ERROR MessageUtil - adventureBossRankInfo is null
2023-11-24 02:52:00.476 [ScheduleThreadPool-test-thread-7] ERROR MessageUtil - adventureBossRankInfo is null
2023-11-24 02:52:00.842 [ScheduleThreadPool-test-thread-7] ERROR MessageUtil - adventureBossRankInfo is null
2023-11-24 02:52:00.851 [ScheduleThreadPool-test-thread-8] ERROR MessageUtil - adventureBossRankInfo is null
2023-11-24 02:53:00.331 [ScheduleThreadPool-test-thread-7] ERROR MessageUtil - adventureBossRankInfo is null
2023-11-24 02:53:00.392 [ScheduleThreadPool-test-thread-8] ERROR MessageUtil - adventureBossRankInfo is null
2023-11-24 02:53:00.476 [ScheduleThreadPool-test-thread-6] ERROR MessageUtil - adventureBossRankInfo is null
2023-11-24 02:53:00.844 [ScheduleThreadPool-test-thread-5] ERROR MessageUtil - adventureBossRankInfo is null
2023-11-24 02:53:00.853 [ScheduleThreadPool-test-thread-4] ERROR MessageUtil - adventureBossRankInfo is null
2023-11-24 02:54:00.329 [ScheduleThreadPool-test-thread-7] ERROR MessageUtil - adventureBossRankInfo is null
2023-11-24 02:54:00.387 [ScheduleThreadPool-test-thread-4] ERROR MessageUtil - adventureBossRankInfo is null
2023-11-24 02:54:00.475 [ScheduleThreadPool-test-thread-3] ERROR MessageUtil - adventureBossRankInfo is null
2023-11-24 02:54:00.846 [ScheduleThreadPool-test-thread-7] ERROR MessageUtil - adventureBossRankInfo is null
2023-11-24 02:54:00.852 [ScheduleThreadPool-test-thread-7] ERROR MessageUtil - adventureBossRankInfo is null
2023-11-24 02:55:00.328 [ScheduleThreadPool-test-thread-2] ERROR MessageUtil - adventureBossRankInfo is null
2023-11-24 02:55:00.390 [ScheduleThreadPool-test-thread-2] ERROR MessageUtil - adventureBossRankInfo is null
2023-11-24 02:55:00.483 [ScheduleThreadPool-test-thread-8] ERROR MessageUtil - adventureBossRankInfo is null
2023-11-24 02:55:00.841 [ScheduleThreadPool-test-thread-1] ERROR MessageUtil - adventureBossRankInfo is null
2023-11-24 02:55:00.852 [ScheduleThreadPool-test-thread-2] ERROR MessageUtil - adventureBossRankInfo is null
2023-11-24 02:56:01.419 [ScheduleThreadPool-test-thread-7] ERROR MessageUtil - adventureBossRankInfo is null
2023-11-24 02:56:01.423 [ScheduleThreadPool-test-thread-6] ERROR MessageUtil - adventureBossRankInfo is null
2023-11-24 02:56:01.421 [ScheduleThreadPool-test-thread-8] ERROR MessageUtil - adventureBossRankInfo is null
2023-11-24 02:56:01.423 [ScheduleThreadPool-test-thread-7] ERROR MessageUtil - adventureBossRankInfo is null
2023-11-24 02:56:30.531 [ScheduleThreadPool-test-thread-4] ERROR MessageUtil - adventureBossRankInfo is null
2023-11-24 02:57:01.693 [ScheduleThreadPool-test-thread-5] ERROR MessageUtil - adventureBossRankInfo is null
2023-11-24 02:57:01.724 [ScheduleThreadPool-test-thread-8] ERROR MessageUtil - adventureBossRankInfo is null
2023-11-24 02:57:01.722 [ScheduleThreadPool-test-thread-2] ERROR MessageUtil - adventureBossRankInfo is null
2023-11-24 02:57:01.784 [ScheduleThreadPool-test-thread-4] ERROR MessageUtil - adventureBossRankInfo is null
2023-11-24 02:57:30.845 [ScheduleThreadPool-test-thread-7] ERROR MessageUtil - adventureBossRankInfo is null
2023-11-24 02:58:00.504 [ScheduleThreadPool-test-thread-3] ERROR MessageUtil - adventureBossRankInfo is null
2023-11-24 02:58:00.510 [ScheduleThreadPool-test-thread-3] ERROR MessageUtil - adventureBossRankInfo is null
2023-11-24 02:58:00.670 [ScheduleThreadPool-test-thread-6] ERROR MessageUtil - adventureBossRankInfo is null
2023-11-24 02:58:00.809 [ScheduleThreadPool-test-thread-3] ERROR MessageUtil - adventureBossRankInfo is null
2023-11-24 02:58:00.964 [ScheduleThreadPool-test-thread-5] ERROR MessageUtil - adventureBossRankInfo is null
2023-11-24 02:59:00.342 [ScheduleThreadPool-test-thread-3] ERROR MessageUtil - adventureBossRankInfo is null
2023-11-24 02:59:00.397 [ScheduleThreadPool-test-thread-3] ERROR MessageUtil - adventureBossRankInfo is null
2023-11-24 02:59:00.464 [ScheduleThreadPool-test-thread-1] ERROR MessageUtil - adventureBossRankInfo is null
2023-11-24 02:59:00.808 [ScheduleThreadPool-test-thread-1] ERROR MessageUtil - adventureBossRankInfo is null
2023-11-24 02:59:00.855 [ScheduleThreadPool-test-thread-4] ERROR MessageUtil - adventureBossRankInfo is null
2023-11-24 03:00:00.333 [ScheduleThreadPool-test-thread-2] ERROR MessageUtil - adventureBossRankInfo is null
2023-11-24 03:00:00.387 [ScheduleThreadPool-test-thread-4] ERROR MessageUtil - adventureBossRankInfo is null
2023-11-24 03:00:00.461 [ScheduleThreadPool-test-thread-6] ERROR MessageUtil - adventureBossRankInfo is null
2023-11-24 03:00:00.811 [ScheduleThreadPool-test-thread-5] ERROR MessageUtil - adventureBossRankInfo is null
2023-11-24 03:00:00.858 [ScheduleThreadPool-test-thread-5] ERROR MessageUtil - adventureBossRankInfo is null
2023-11-24 03:01:00.335 [ScheduleThreadPool-test-thread-2] ERROR MessageUtil - adventureBossRankInfo is null
2023-11-24 03:01:00.387 [ScheduleThreadPool-test-thread-7] ERROR MessageUtil - adventureBossRankInfo is null
2023-11-24 03:01:00.459 [ScheduleThreadPool-test-thread-5] ERROR MessageUtil - adventureBossRankInfo is null
2023-11-24 03:01:00.813 [ScheduleThreadPool-test-thread-2] ERROR MessageUtil - adventureBossRankInfo is null
2023-11-24 03:01:00.859 [ScheduleThreadPool-test-thread-6] ERROR MessageUtil - adventureBossRankInfo is null
2023-11-24 03:02:00.333 [ScheduleThreadPool-test-thread-5] ERROR MessageUtil - adventureBossRankInfo is null
2023-11-24 03:02:00.391 [ScheduleThreadPool-test-thread-8] ERROR MessageUtil - adventureBossRankInfo is null
2023-11-24 03:02:00.458 [ScheduleThreadPool-test-thread-2] ERROR MessageUtil - adventureBossRankInfo is null
2023-11-24 03:02:00.812 [ScheduleThreadPool-test-thread-7] ERROR MessageUtil - adventureBossRankInfo is null
2023-11-24 03:02:00.855 [ScheduleThreadPool-test-thread-5] ERROR MessageUtil - adventureBossRankInfo is null
2023-11-24 03:03:00.326 [ScheduleThreadPool-test-thread-4] ERROR MessageUtil - adventureBossRankInfo is null
2023-11-24 03:03:00.385 [ScheduleThreadPool-test-thread-8] ERROR MessageUtil - adventureBossRankInfo is null
2023-11-24 03:03:00.460 [ScheduleThreadPool-test-thread-8] ERROR MessageUtil - adventureBossRankInfo is null
2023-11-24 03:03:00.813 [ScheduleThreadPool-test-thread-1] ERROR MessageUtil - adventureBossRankInfo is null
2023-11-24 03:03:00.860 [ScheduleThreadPool-test-thread-1] ERROR MessageUtil - adventureBossRankInfo is null
2023-11-24 03:04:00.333 [ScheduleThreadPool-test-thread-1] ERROR MessageUtil - adventureBossRankInfo is null
2023-11-24 03:04:00.389 [ScheduleThreadPool-test-thread-7] ERROR MessageUtil - adventureBossRankInfo is null
2023-11-24 03:04:00.463 [ScheduleThreadPool-test-thread-8] ERROR MessageUtil - adventureBossRankInfo is null
2023-11-24 03:04:00.810 [ScheduleThreadPool-test-thread-1] ERROR MessageUtil - adventureBossRankInfo is null
2023-11-24 03:04:00.855 [ScheduleThreadPool-test-thread-6] ERROR MessageUtil - adventureBossRankInfo is null
2023-11-24 03:05:00.331 [ScheduleThreadPool-test-thread-1] ERROR MessageUtil - adventureBossRankInfo is null
2023-11-24 03:05:00.389 [ScheduleThreadPool-test-thread-7] ERROR MessageUtil - adventureBossRankInfo is null
2023-11-24 03:05:00.460 [ScheduleThreadPool-test-thread-3] ERROR MessageUtil - adventureBossRankInfo is null
2023-11-24 03:05:00.806 [ScheduleThreadPool-test-thread-6] ERROR MessageUtil - adventureBossRankInfo is null
2023-11-24 03:05:00.853 [ScheduleThreadPool-test-thread-6] ERROR MessageUtil - adventureBossRankInfo is null
2023-11-24 03:06:00.329 [ScheduleThreadPool-test-thread-7] ERROR MessageUtil - adventureBossRankInfo is null
2023-11-24 03:06:00.383 [ScheduleThreadPool-test-thread-6] ERROR MessageUtil - adventureBossRankInfo is null
2023-11-24 03:06:00.463 [ScheduleThreadPool-test-thread-5] ERROR MessageUtil - adventureBossRankInfo is null
2023-11-24 03:06:00.806 [ScheduleThreadPool-test-thread-7] ERROR MessageUtil - adventureBossRankInfo is null
2023-11-24 03:06:00.853 [ScheduleThreadPool-test-thread-6] ERROR MessageUtil - adventureBossRankInfo is null
2023-11-24 03:07:00.333 [ScheduleThreadPool-test-thread-7] ERROR MessageUtil - adventureBossRankInfo is null
2023-11-24 03:07:00.393 [ScheduleThreadPool-test-thread-2] ERROR MessageUtil - adventureBossRankInfo is null
2023-11-24 03:07:00.468 [ScheduleThreadPool-test-thread-5] ERROR MessageUtil - adventureBossRankInfo is null
2023-11-24 03:07:00.809 [ScheduleThreadPool-test-thread-1] ERROR MessageUtil - adventureBossRankInfo is null
2023-11-24 03:07:00.856 [ScheduleThreadPool-test-thread-7] ERROR MessageUtil - adventureBossRankInfo is null
2023-11-24 03:08:00.330 [ScheduleThreadPool-test-thread-4] ERROR MessageUtil - adventureBossRankInfo is null
2023-11-24 03:08:00.386 [ScheduleThreadPool-test-thread-4] ERROR MessageUtil - adventureBossRankInfo is null
2023-11-24 03:08:00.456 [ScheduleThreadPool-test-thread-8] ERROR MessageUtil - adventureBossRankInfo is null
2023-11-24 03:08:00.810 [ScheduleThreadPool-test-thread-1] ERROR MessageUtil - adventureBossRankInfo is null
2023-11-24 03:08:00.857 [ScheduleThreadPool-test-thread-8] ERROR MessageUtil - adventureBossRankInfo is null
2023-11-24 03:09:00.335 [ScheduleThreadPool-test-thread-2] ERROR MessageUtil - adventureBossRankInfo is null
2023-11-24 03:09:00.390 [ScheduleThreadPool-test-thread-3] ERROR MessageUtil - adventureBossRankInfo is null
2023-11-24 03:09:00.460 [ScheduleThreadPool-test-thread-1] ERROR MessageUtil - adventureBossRankInfo is null
2023-11-24 03:09:00.806 [ScheduleThreadPool-test-thread-8] ERROR MessageUtil - adventureBossRankInfo is null
2023-11-24 03:09:00.854 [ScheduleThreadPool-test-thread-2] ERROR MessageUtil - adventureBossRankInfo is null
2023-11-24 03:10:00.326 [ScheduleThreadPool-test-thread-7] ERROR MessageUtil - adventureBossRankInfo is null
2023-11-24 03:10:00.384 [ScheduleThreadPool-test-thread-1] ERROR MessageUtil - adventureBossRankInfo is null
2023-11-24 03:10:00.457 [ScheduleThreadPool-test-thread-2] ERROR MessageUtil - adventureBossRankInfo is null
2023-11-24 03:10:00.807 [ScheduleThreadPool-test-thread-6] ERROR MessageUtil - adventureBossRankInfo is null
2023-11-24 03:10:00.853 [ScheduleThreadPool-test-thread-3] ERROR MessageUtil - adventureBossRankInfo is null
2023-11-24 03:11:00.333 [ScheduleThreadPool-test-thread-1] ERROR MessageUtil - adventureBossRankInfo is null
2023-11-24 03:11:00.387 [ScheduleThreadPool-test-thread-1] ERROR MessageUtil - adventureBossRankInfo is null
2023-11-24 03:11:00.457 [ScheduleThreadPool-test-thread-5] ERROR MessageUtil - adventureBossRankInfo is null
2023-11-24 03:11:00.809 [ScheduleThreadPool-test-thread-4] ERROR MessageUtil - adventureBossRankInfo is null
2023-11-24 03:11:00.854 [ScheduleThreadPool-test-thread-4] ERROR MessageUtil - adventureBossRankInfo is null
2023-11-24 03:12:00.330 [ScheduleThreadPool-test-thread-1] ERROR MessageUtil - adventureBossRankInfo is null
2023-11-24 03:12:00.392 [ScheduleThreadPool-test-thread-4] ERROR MessageUtil - adventureBossRankInfo is null
2023-11-24 03:12:00.463 [ScheduleThreadPool-test-thread-7] ERROR MessageUtil - adventureBossRankInfo is null
2023-11-24 03:12:00.811 [ScheduleThreadPool-test-thread-8] ERROR MessageUtil - adventureBossRankInfo is null
2023-11-24 03:12:00.854 [ScheduleThreadPool-test-thread-8] ERROR MessageUtil - adventureBossRankInfo is null
2023-11-24 03:13:00.374 [ScheduleThreadPool-test-thread-4] ERROR MessageUtil - adventureBossRankInfo is null
2023-11-24 03:13:00.394 [ScheduleThreadPool-test-thread-7] ERROR MessageUtil - adventureBossRankInfo is null
2023-11-24 03:13:00.457 [ScheduleThreadPool-test-thread-8] ERROR MessageUtil - adventureBossRankInfo is null
2023-11-24 03:13:00.813 [ScheduleThreadPool-test-thread-8] ERROR MessageUtil - adventureBossRankInfo is null
2023-11-24 03:13:00.861 [ScheduleThreadPool-test-thread-3] ERROR MessageUtil - adventureBossRankInfo is null
2023-11-24 03:14:00.327 [ScheduleThreadPool-test-thread-3] ERROR MessageUtil - adventureBossRankInfo is null
2023-11-24 03:14:00.383 [ScheduleThreadPool-test-thread-7] ERROR MessageUtil - adventureBossRankInfo is null
2023-11-24 03:14:00.463 [ScheduleThreadPool-test-thread-8] ERROR MessageUtil - adventureBossRankInfo is null
2023-11-24 03:14:00.809 [ScheduleThreadPool-test-thread-2] ERROR MessageUtil - adventureBossRankInfo is null
2023-11-24 03:14:00.856 [ScheduleThreadPool-test-thread-7] ERROR MessageUtil - adventureBossRankInfo is null
2023-11-24 03:15:00.347 [ScheduleThreadPool-test-thread-7] ERROR MessageUtil - adventureBossRankInfo is null
2023-11-24 03:15:00.383 [ScheduleThreadPool-test-thread-8] ERROR MessageUtil - adventureBossRankInfo is null
2023-11-24 03:15:00.459 [ScheduleThreadPool-test-thread-1] ERROR MessageUtil - adventureBossRankInfo is null
2023-11-24 03:15:00.812 [ScheduleThreadPool-test-thread-5] ERROR MessageUtil - adventureBossRankInfo is null
2023-11-24 03:15:00.869 [ScheduleThreadPool-test-thread-1] ERROR MessageUtil - adventureBossRankInfo is null
2023-11-24 03:16:00.334 [ScheduleThreadPool-test-thread-4] ERROR MessageUtil - adventureBossRankInfo is null
2023-11-24 03:16:00.388 [ScheduleThreadPool-test-thread-3] ERROR MessageUtil - adventureBossRankInfo is null
2023-11-24 03:16:00.460 [ScheduleThreadPool-test-thread-5] ERROR MessageUtil - adventureBossRankInfo is null
2023-11-24 03:16:00.812 [ScheduleThreadPool-test-thread-5] ERROR MessageUtil - adventureBossRankInfo is null
2023-11-24 03:16:00.853 [ScheduleThreadPool-test-thread-3] ERROR MessageUtil - adventureBossRankInfo is null
2023-11-24 03:17:00.342 [ScheduleThreadPool-test-thread-4] ERROR MessageUtil - adventureBossRankInfo is null
2023-11-24 03:17:00.389 [ScheduleThreadPool-test-thread-2] ERROR MessageUtil - adventureBossRankInfo is null
2023-11-24 03:17:00.456 [ScheduleThreadPool-test-thread-7] ERROR MessageUtil - adventureBossRankInfo is null
2023-11-24 03:17:00.808 [ScheduleThreadPool-test-thread-2] ERROR MessageUtil - adventureBossRankInfo is null
2023-11-24 03:17:00.852 [ScheduleThreadPool-test-thread-3] ERROR MessageUtil - adventureBossRankInfo is null
2023-11-24 03:18:00.329 [ScheduleThreadPool-test-thread-8] ERROR MessageUtil - adventureBossRankInfo is null
2023-11-24 03:18:00.394 [ScheduleThreadPool-test-thread-8] ERROR MessageUtil - adventureBossRankInfo is null
2023-11-24 03:18:00.462 [ScheduleThreadPool-test-thread-4] ERROR MessageUtil - adventureBossRankInfo is null
2023-11-24 03:18:00.809 [ScheduleThreadPool-test-thread-8] ERROR MessageUtil - adventureBossRankInfo is null
2023-11-24 03:18:00.854 [ScheduleThreadPool-test-thread-2] ERROR MessageUtil - adventureBossRankInfo is null
2023-11-24 03:19:00.327 [ScheduleThreadPool-test-thread-4] ERROR MessageUtil - adventureBossRankInfo is null
2023-11-24 03:19:00.392 [ScheduleThreadPool-test-thread-4] ERROR MessageUtil - adventureBossRankInfo is null
2023-11-24 03:19:00.455 [ScheduleThreadPool-test-thread-1] ERROR MessageUtil - adventureBossRankInfo is null
2023-11-24 03:19:00.809 [ScheduleThreadPool-test-thread-2] ERROR MessageUtil - adventureBossRankInfo is null
2023-11-24 03:19:00.861 [ScheduleThreadPool-test-thread-5] ERROR MessageUtil - adventureBossRankInfo is null
2023-11-24 03:20:00.333 [ScheduleThreadPool-test-thread-2] ERROR MessageUtil - adventureBossRankInfo is null
2023-11-24 03:20:00.384 [ScheduleThreadPool-test-thread-8] ERROR MessageUtil - adventureBossRankInfo is null
2023-11-24 03:20:00.456 [ScheduleThreadPool-test-thread-8] ERROR MessageUtil - adventureBossRankInfo is null
2023-11-24 03:20:00.808 [ScheduleThreadPool-test-thread-8] ERROR MessageUtil - adventureBossRankInfo is null
2023-11-24 03:20:00.855 [ScheduleThreadPool-test-thread-7] ERROR MessageUtil - adventureBossRankInfo is null
2023-11-24 03:20:49.466 [ScheduleThreadPool-test-thread-2] ERROR SecondsTask - e
org.springframework.data.redis.RedisConnectionFailureException: java.net.SocketTimeoutException: Read timed out; nested exception is redis.clients.jedis.exceptions.JedisConnectionException: java.net.SocketTimeoutException: Read timed out
	at org.springframework.data.redis.connection.jedis.JedisExceptionConverter.convert(JedisExceptionConverter.java:67)
	at org.springframework.data.redis.connection.jedis.JedisExceptionConverter.convert(JedisExceptionConverter.java:41)
	at org.springframework.data.redis.PassThroughExceptionTranslationStrategy.translate(PassThroughExceptionTranslationStrategy.java:37)
	at org.springframework.data.redis.FallbackExceptionTranslationStrategy.translate(FallbackExceptionTranslationStrategy.java:37)
	at org.springframework.data.redis.connection.jedis.JedisConnection.convertJedisAccessException(JedisConnection.java:241)
	at org.springframework.data.redis.connection.jedis.JedisConnection.hGetAll(JedisConnection.java:3001)
	at org.springframework.data.redis.connection.DefaultStringRedisConnection.hGetAll(DefaultStringRedisConnection.java:372)
	at org.springframework.data.redis.core.DefaultHashOperations$13.doInRedis(DefaultHashOperations.java:223)
	at org.springframework.data.redis.core.DefaultHashOperations$13.doInRedis(DefaultHashOperations.java:220)
	at org.springframework.data.redis.core.RedisTemplate.execute(RedisTemplate.java:207)
	at org.springframework.data.redis.core.RedisTemplate.execute(RedisTemplate.java:169)
	at org.springframework.data.redis.core.AbstractOperations.execute(AbstractOperations.java:91)
	at org.springframework.data.redis.core.DefaultHashOperations.entries(DefaultHashOperations.java:220)
	at com.ljsd.jieling.db.redis.RedisUtil.getMapValues(RedisUtil.java:1401)
	at com.ljsd.jieling.logic.championship.ChampionshipLogic.minuteCheck(ChampionshipLogic.java:1414)
	at com.ljsd.jieling.thread.task.SecondsTask.run(SecondsTask.java:21)
	at java.util.concurrent.Executors$RunnableAdapter.call(Executors.java:511)
	at java.util.concurrent.FutureTask.runAndReset(FutureTask.java:308)
	at java.util.concurrent.ScheduledThreadPoolExecutor$ScheduledFutureTask.access$301(ScheduledThreadPoolExecutor.java:180)
	at java.util.concurrent.ScheduledThreadPoolExecutor$ScheduledFutureTask.run(ScheduledThreadPoolExecutor.java:294)
	at java.util.concurrent.ThreadPoolExecutor.runWorker(ThreadPoolExecutor.java:1149)
	at java.util.concurrent.ThreadPoolExecutor$Worker.run(ThreadPoolExecutor.java:624)
	at java.lang.Thread.run(Thread.java:750)
Caused by: redis.clients.jedis.exceptions.JedisConnectionException: java.net.SocketTimeoutException: Read timed out
	at redis.clients.util.RedisInputStream.ensureFill(RedisInputStream.java:202)
	at redis.clients.util.RedisInputStream.readByte(RedisInputStream.java:40)
	at redis.clients.jedis.Protocol.process(Protocol.java:151)
	at redis.clients.jedis.Protocol.read(Protocol.java:215)
	at redis.clients.jedis.Connection.readProtocolWithCheckingBroken(Connection.java:340)
	at redis.clients.jedis.Connection.getBinaryMultiBulkReply(Connection.java:276)
	at redis.clients.jedis.BinaryJedis.hgetAll(BinaryJedis.java:1028)
	at org.springframework.data.redis.connection.jedis.JedisConnection.hGetAll(JedisConnection.java:2999)
	... 17 common frames omitted
Caused by: java.net.SocketTimeoutException: Read timed out
	at java.net.SocketInputStream.socketRead0(Native Method)
	at java.net.SocketInputStream.socketRead(SocketInputStream.java:116)
	at java.net.SocketInputStream.read(SocketInputStream.java:171)
	at java.net.SocketInputStream.read(SocketInputStream.java:141)
	at java.net.SocketInputStream.read(SocketInputStream.java:127)
	at redis.clients.util.RedisInputStream.ensureFill(RedisInputStream.java:196)
	... 24 common frames omitted
2023-11-24 03:20:49.497 [ScheduleThreadPool-test-thread-4] ERROR SecondsTask - e
org.springframework.data.redis.RedisConnectionFailureException: java.net.SocketTimeoutException: Read timed out; nested exception is redis.clients.jedis.exceptions.JedisConnectionException: java.net.SocketTimeoutException: Read timed out
	at org.springframework.data.redis.connection.jedis.JedisExceptionConverter.convert(JedisExceptionConverter.java:67)
	at org.springframework.data.redis.connection.jedis.JedisExceptionConverter.convert(JedisExceptionConverter.java:41)
	at org.springframework.data.redis.PassThroughExceptionTranslationStrategy.translate(PassThroughExceptionTranslationStrategy.java:37)
	at org.springframework.data.redis.FallbackExceptionTranslationStrategy.translate(FallbackExceptionTranslationStrategy.java:37)
	at org.springframework.data.redis.connection.jedis.JedisConnection.convertJedisAccessException(JedisConnection.java:241)
	at org.springframework.data.redis.connection.jedis.JedisConnection.hGetAll(JedisConnection.java:3001)
	at org.springframework.data.redis.connection.DefaultStringRedisConnection.hGetAll(DefaultStringRedisConnection.java:372)
	at org.springframework.data.redis.core.DefaultHashOperations$13.doInRedis(DefaultHashOperations.java:223)
	at org.springframework.data.redis.core.DefaultHashOperations$13.doInRedis(DefaultHashOperations.java:220)
	at org.springframework.data.redis.core.RedisTemplate.execute(RedisTemplate.java:207)
	at org.springframework.data.redis.core.RedisTemplate.execute(RedisTemplate.java:169)
	at org.springframework.data.redis.core.AbstractOperations.execute(AbstractOperations.java:91)
	at org.springframework.data.redis.core.DefaultHashOperations.entries(DefaultHashOperations.java:220)
	at com.ljsd.jieling.db.redis.RedisUtil.getMapValues(RedisUtil.java:1401)
	at com.ljsd.jieling.logic.championship.ChampionshipLogic.minuteCheck(ChampionshipLogic.java:1414)
	at com.ljsd.jieling.thread.task.SecondsTask.run(SecondsTask.java:21)
	at java.util.concurrent.Executors$RunnableAdapter.call(Executors.java:511)
	at java.util.concurrent.FutureTask.runAndReset(FutureTask.java:308)
	at java.util.concurrent.ScheduledThreadPoolExecutor$ScheduledFutureTask.access$301(ScheduledThreadPoolExecutor.java:180)
	at java.util.concurrent.ScheduledThreadPoolExecutor$ScheduledFutureTask.run(ScheduledThreadPoolExecutor.java:294)
	at java.util.concurrent.ThreadPoolExecutor.runWorker(ThreadPoolExecutor.java:1149)
	at java.util.concurrent.ThreadPoolExecutor$Worker.run(ThreadPoolExecutor.java:624)
	at java.lang.Thread.run(Thread.java:750)
Caused by: redis.clients.jedis.exceptions.JedisConnectionException: java.net.SocketTimeoutException: Read timed out
	at redis.clients.util.RedisInputStream.ensureFill(RedisInputStream.java:202)
	at redis.clients.util.RedisInputStream.readByte(RedisInputStream.java:40)
	at redis.clients.jedis.Protocol.process(Protocol.java:151)
	at redis.clients.jedis.Protocol.read(Protocol.java:215)
	at redis.clients.jedis.Connection.readProtocolWithCheckingBroken(Connection.java:340)
	at redis.clients.jedis.Connection.getBinaryMultiBulkReply(Connection.java:276)
	at redis.clients.jedis.BinaryJedis.hgetAll(BinaryJedis.java:1028)
	at org.springframework.data.redis.connection.jedis.JedisConnection.hGetAll(JedisConnection.java:2999)
	... 17 common frames omitted
Caused by: java.net.SocketTimeoutException: Read timed out
	at java.net.SocketInputStream.socketRead0(Native Method)
	at java.net.SocketInputStream.socketRead(SocketInputStream.java:116)
	at java.net.SocketInputStream.read(SocketInputStream.java:171)
	at java.net.SocketInputStream.read(SocketInputStream.java:141)
	at java.net.SocketInputStream.read(SocketInputStream.java:127)
	at redis.clients.util.RedisInputStream.ensureFill(RedisInputStream.java:196)
	... 24 common frames omitted
2023-11-24 03:20:49.600 [ScheduleThreadPool-test-thread-7] ERROR SecondsTask - e
org.springframework.data.redis.RedisConnectionFailureException: java.net.SocketTimeoutException: Read timed out; nested exception is redis.clients.jedis.exceptions.JedisConnectionException: java.net.SocketTimeoutException: Read timed out
	at org.springframework.data.redis.connection.jedis.JedisExceptionConverter.convert(JedisExceptionConverter.java:67)
	at org.springframework.data.redis.connection.jedis.JedisExceptionConverter.convert(JedisExceptionConverter.java:41)
	at org.springframework.data.redis.PassThroughExceptionTranslationStrategy.translate(PassThroughExceptionTranslationStrategy.java:37)
	at org.springframework.data.redis.FallbackExceptionTranslationStrategy.translate(FallbackExceptionTranslationStrategy.java:37)
	at org.springframework.data.redis.connection.jedis.JedisConnection.convertJedisAccessException(JedisConnection.java:241)
	at org.springframework.data.redis.connection.jedis.JedisConnection.hGetAll(JedisConnection.java:3001)
	at org.springframework.data.redis.connection.DefaultStringRedisConnection.hGetAll(DefaultStringRedisConnection.java:372)
	at org.springframework.data.redis.core.DefaultHashOperations$13.doInRedis(DefaultHashOperations.java:223)
	at org.springframework.data.redis.core.DefaultHashOperations$13.doInRedis(DefaultHashOperations.java:220)
	at org.springframework.data.redis.core.RedisTemplate.execute(RedisTemplate.java:207)
	at org.springframework.data.redis.core.RedisTemplate.execute(RedisTemplate.java:169)
	at org.springframework.data.redis.core.AbstractOperations.execute(AbstractOperations.java:91)
	at org.springframework.data.redis.core.DefaultHashOperations.entries(DefaultHashOperations.java:220)
	at com.ljsd.jieling.db.redis.RedisUtil.getMapValues(RedisUtil.java:1401)
	at com.ljsd.jieling.logic.championship.ChampionshipLogic.minuteCheck(ChampionshipLogic.java:1414)
	at com.ljsd.jieling.thread.task.SecondsTask.run(SecondsTask.java:21)
	at java.util.concurrent.Executors$RunnableAdapter.call(Executors.java:511)
	at java.util.concurrent.FutureTask.runAndReset(FutureTask.java:308)
	at java.util.concurrent.ScheduledThreadPoolExecutor$ScheduledFutureTask.access$301(ScheduledThreadPoolExecutor.java:180)
	at java.util.concurrent.ScheduledThreadPoolExecutor$ScheduledFutureTask.run(ScheduledThreadPoolExecutor.java:294)
	at java.util.concurrent.ThreadPoolExecutor.runWorker(ThreadPoolExecutor.java:1149)
	at java.util.concurrent.ThreadPoolExecutor$Worker.run(ThreadPoolExecutor.java:624)
	at java.lang.Thread.run(Thread.java:750)
Caused by: redis.clients.jedis.exceptions.JedisConnectionException: java.net.SocketTimeoutException: Read timed out
	at redis.clients.util.RedisInputStream.ensureFill(RedisInputStream.java:202)
	at redis.clients.util.RedisInputStream.readByte(RedisInputStream.java:40)
	at redis.clients.jedis.Protocol.process(Protocol.java:151)
	at redis.clients.jedis.Protocol.read(Protocol.java:215)
	at redis.clients.jedis.Connection.readProtocolWithCheckingBroken(Connection.java:340)
	at redis.clients.jedis.Connection.getBinaryMultiBulkReply(Connection.java:276)
	at redis.clients.jedis.BinaryJedis.hgetAll(BinaryJedis.java:1028)
	at org.springframework.data.redis.connection.jedis.JedisConnection.hGetAll(JedisConnection.java:2999)
	... 17 common frames omitted
Caused by: java.net.SocketTimeoutException: Read timed out
	at java.net.SocketInputStream.socketRead0(Native Method)
	at java.net.SocketInputStream.socketRead(SocketInputStream.java:116)
	at java.net.SocketInputStream.read(SocketInputStream.java:171)
	at java.net.SocketInputStream.read(SocketInputStream.java:141)
	at java.net.SocketInputStream.read(SocketInputStream.java:127)
	at redis.clients.util.RedisInputStream.ensureFill(RedisInputStream.java:196)
	... 24 common frames omitted
2023-11-24 03:21:01.571 [ScheduleThreadPool-test-thread-4] ERROR SecondsTask - e
org.springframework.data.redis.RedisConnectionFailureException: java.net.SocketTimeoutException: Read timed out; nested exception is redis.clients.jedis.exceptions.JedisConnectionException: java.net.SocketTimeoutException: Read timed out
	at org.springframework.data.redis.connection.jedis.JedisExceptionConverter.convert(JedisExceptionConverter.java:67)
	at org.springframework.data.redis.connection.jedis.JedisExceptionConverter.convert(JedisExceptionConverter.java:41)
	at org.springframework.data.redis.PassThroughExceptionTranslationStrategy.translate(PassThroughExceptionTranslationStrategy.java:37)
	at org.springframework.data.redis.FallbackExceptionTranslationStrategy.translate(FallbackExceptionTranslationStrategy.java:37)
	at org.springframework.data.redis.connection.jedis.JedisConnection.convertJedisAccessException(JedisConnection.java:241)
	at org.springframework.data.redis.connection.jedis.JedisConnection.hGetAll(JedisConnection.java:3001)
	at org.springframework.data.redis.connection.DefaultStringRedisConnection.hGetAll(DefaultStringRedisConnection.java:372)
	at org.springframework.data.redis.core.DefaultHashOperations$13.doInRedis(DefaultHashOperations.java:223)
	at org.springframework.data.redis.core.DefaultHashOperations$13.doInRedis(DefaultHashOperations.java:220)
	at org.springframework.data.redis.core.RedisTemplate.execute(RedisTemplate.java:207)
	at org.springframework.data.redis.core.RedisTemplate.execute(RedisTemplate.java:169)
	at org.springframework.data.redis.core.AbstractOperations.execute(AbstractOperations.java:91)
	at org.springframework.data.redis.core.DefaultHashOperations.entries(DefaultHashOperations.java:220)
	at com.ljsd.jieling.db.redis.RedisUtil.getMapValues(RedisUtil.java:1401)
	at com.ljsd.jieling.logic.championship.ChampionshipLogic.minuteCheck(ChampionshipLogic.java:1414)
	at com.ljsd.jieling.thread.task.SecondsTask.run(SecondsTask.java:21)
	at java.util.concurrent.Executors$RunnableAdapter.call(Executors.java:511)
	at java.util.concurrent.FutureTask.runAndReset(FutureTask.java:308)
	at java.util.concurrent.ScheduledThreadPoolExecutor$ScheduledFutureTask.access$301(ScheduledThreadPoolExecutor.java:180)
	at java.util.concurrent.ScheduledThreadPoolExecutor$ScheduledFutureTask.run(ScheduledThreadPoolExecutor.java:294)
	at java.util.concurrent.ThreadPoolExecutor.runWorker(ThreadPoolExecutor.java:1149)
	at java.util.concurrent.ThreadPoolExecutor$Worker.run(ThreadPoolExecutor.java:624)
	at java.lang.Thread.run(Thread.java:750)
Caused by: redis.clients.jedis.exceptions.JedisConnectionException: java.net.SocketTimeoutException: Read timed out
	at redis.clients.util.RedisInputStream.ensureFill(RedisInputStream.java:202)
	at redis.clients.util.RedisInputStream.readByte(RedisInputStream.java:40)
	at redis.clients.jedis.Protocol.process(Protocol.java:151)
	at redis.clients.jedis.Protocol.read(Protocol.java:215)
	at redis.clients.jedis.Connection.readProtocolWithCheckingBroken(Connection.java:340)
	at redis.clients.jedis.Connection.getBinaryMultiBulkReply(Connection.java:276)
	at redis.clients.jedis.BinaryJedis.hgetAll(BinaryJedis.java:1028)
	at org.springframework.data.redis.connection.jedis.JedisConnection.hGetAll(JedisConnection.java:2999)
	... 17 common frames omitted
Caused by: java.net.SocketTimeoutException: Read timed out
	at java.net.SocketInputStream.socketRead0(Native Method)
	at java.net.SocketInputStream.socketRead(SocketInputStream.java:116)
	at java.net.SocketInputStream.read(SocketInputStream.java:171)
	at java.net.SocketInputStream.read(SocketInputStream.java:141)
	at java.net.SocketInputStream.read(SocketInputStream.java:127)
	at redis.clients.util.RedisInputStream.ensureFill(RedisInputStream.java:196)
	... 24 common frames omitted
2023-11-24 03:21:01.774 [ScheduleThreadPool-test-thread-8] ERROR SecondsTask - e
org.springframework.data.redis.RedisConnectionFailureException: java.net.SocketTimeoutException: Read timed out; nested exception is redis.clients.jedis.exceptions.JedisConnectionException: java.net.SocketTimeoutException: Read timed out
	at org.springframework.data.redis.connection.jedis.JedisExceptionConverter.convert(JedisExceptionConverter.java:67)
	at org.springframework.data.redis.connection.jedis.JedisExceptionConverter.convert(JedisExceptionConverter.java:41)
	at org.springframework.data.redis.PassThroughExceptionTranslationStrategy.translate(PassThroughExceptionTranslationStrategy.java:37)
	at org.springframework.data.redis.FallbackExceptionTranslationStrategy.translate(FallbackExceptionTranslationStrategy.java:37)
	at org.springframework.data.redis.connection.jedis.JedisConnection.convertJedisAccessException(JedisConnection.java:241)
	at org.springframework.data.redis.connection.jedis.JedisConnection.hGetAll(JedisConnection.java:3001)
	at org.springframework.data.redis.connection.DefaultStringRedisConnection.hGetAll(DefaultStringRedisConnection.java:372)
	at org.springframework.data.redis.core.DefaultHashOperations$13.doInRedis(DefaultHashOperations.java:223)
	at org.springframework.data.redis.core.DefaultHashOperations$13.doInRedis(DefaultHashOperations.java:220)
	at org.springframework.data.redis.core.RedisTemplate.execute(RedisTemplate.java:207)
	at org.springframework.data.redis.core.RedisTemplate.execute(RedisTemplate.java:169)
	at org.springframework.data.redis.core.AbstractOperations.execute(AbstractOperations.java:91)
	at org.springframework.data.redis.core.DefaultHashOperations.entries(DefaultHashOperations.java:220)
	at com.ljsd.jieling.db.redis.RedisUtil.getMapValues(RedisUtil.java:1401)
	at com.ljsd.jieling.logic.championship.ChampionshipLogic.minuteCheck(ChampionshipLogic.java:1414)
	at com.ljsd.jieling.thread.task.SecondsTask.run(SecondsTask.java:21)
	at java.util.concurrent.Executors$RunnableAdapter.call(Executors.java:511)
	at java.util.concurrent.FutureTask.runAndReset(FutureTask.java:308)
	at java.util.concurrent.ScheduledThreadPoolExecutor$ScheduledFutureTask.access$301(ScheduledThreadPoolExecutor.java:180)
	at java.util.concurrent.ScheduledThreadPoolExecutor$ScheduledFutureTask.run(ScheduledThreadPoolExecutor.java:294)
	at java.util.concurrent.ThreadPoolExecutor.runWorker(ThreadPoolExecutor.java:1149)
	at java.util.concurrent.ThreadPoolExecutor$Worker.run(ThreadPoolExecutor.java:624)
	at java.lang.Thread.run(Thread.java:750)
Caused by: redis.clients.jedis.exceptions.JedisConnectionException: java.net.SocketTimeoutException: Read timed out
	at redis.clients.util.RedisInputStream.ensureFill(RedisInputStream.java:202)
	at redis.clients.util.RedisInputStream.readByte(RedisInputStream.java:40)
	at redis.clients.jedis.Protocol.process(Protocol.java:151)
	at redis.clients.jedis.Protocol.read(Protocol.java:215)
	at redis.clients.jedis.Connection.readProtocolWithCheckingBroken(Connection.java:340)
	at redis.clients.jedis.Connection.getBinaryMultiBulkReply(Connection.java:276)
	at redis.clients.jedis.BinaryJedis.hgetAll(BinaryJedis.java:1028)
	at org.springframework.data.redis.connection.jedis.JedisConnection.hGetAll(JedisConnection.java:2999)
	... 17 common frames omitted
Caused by: java.net.SocketTimeoutException: Read timed out
	at java.net.SocketInputStream.socketRead0(Native Method)
	at java.net.SocketInputStream.socketRead(SocketInputStream.java:116)
	at java.net.SocketInputStream.read(SocketInputStream.java:171)
	at java.net.SocketInputStream.read(SocketInputStream.java:141)
	at java.net.SocketInputStream.read(SocketInputStream.java:127)
	at redis.clients.util.RedisInputStream.ensureFill(RedisInputStream.java:196)
	... 24 common frames omitted
2023-11-24 03:21:01.772 [ScheduleThreadPool-test-thread-1] ERROR SecondsTask - e
org.springframework.data.redis.RedisConnectionFailureException: java.net.SocketTimeoutException: Read timed out; nested exception is redis.clients.jedis.exceptions.JedisConnectionException: java.net.SocketTimeoutException: Read timed out
	at org.springframework.data.redis.connection.jedis.JedisExceptionConverter.convert(JedisExceptionConverter.java:67)
	at org.springframework.data.redis.connection.jedis.JedisExceptionConverter.convert(JedisExceptionConverter.java:41)
	at org.springframework.data.redis.PassThroughExceptionTranslationStrategy.translate(PassThroughExceptionTranslationStrategy.java:37)
	at org.springframework.data.redis.FallbackExceptionTranslationStrategy.translate(FallbackExceptionTranslationStrategy.java:37)
	at org.springframework.data.redis.connection.jedis.JedisConnection.convertJedisAccessException(JedisConnection.java:241)
	at org.springframework.data.redis.connection.jedis.JedisConnection.hGetAll(JedisConnection.java:3001)
	at org.springframework.data.redis.connection.DefaultStringRedisConnection.hGetAll(DefaultStringRedisConnection.java:372)
	at org.springframework.data.redis.core.DefaultHashOperations$13.doInRedis(DefaultHashOperations.java:223)
	at org.springframework.data.redis.core.DefaultHashOperations$13.doInRedis(DefaultHashOperations.java:220)
	at org.springframework.data.redis.core.RedisTemplate.execute(RedisTemplate.java:207)
	at org.springframework.data.redis.core.RedisTemplate.execute(RedisTemplate.java:169)
	at org.springframework.data.redis.core.AbstractOperations.execute(AbstractOperations.java:91)
	at org.springframework.data.redis.core.DefaultHashOperations.entries(DefaultHashOperations.java:220)
	at com.ljsd.jieling.db.redis.RedisUtil.getMapValues(RedisUtil.java:1401)
	at com.ljsd.jieling.logic.championship.ChampionshipLogic.minuteCheck(ChampionshipLogic.java:1414)
	at com.ljsd.jieling.thread.task.SecondsTask.run(SecondsTask.java:21)
	at java.util.concurrent.Executors$RunnableAdapter.call(Executors.java:511)
	at java.util.concurrent.FutureTask.runAndReset(FutureTask.java:308)
	at java.util.concurrent.ScheduledThreadPoolExecutor$ScheduledFutureTask.access$301(ScheduledThreadPoolExecutor.java:180)
	at java.util.concurrent.ScheduledThreadPoolExecutor$ScheduledFutureTask.run(ScheduledThreadPoolExecutor.java:294)
	at java.util.concurrent.ThreadPoolExecutor.runWorker(ThreadPoolExecutor.java:1149)
	at java.util.concurrent.ThreadPoolExecutor$Worker.run(ThreadPoolExecutor.java:624)
	at java.lang.Thread.run(Thread.java:750)
Caused by: redis.clients.jedis.exceptions.JedisConnectionException: java.net.SocketTimeoutException: Read timed out
	at redis.clients.util.RedisInputStream.ensureFill(RedisInputStream.java:202)
	at redis.clients.util.RedisInputStream.readByte(RedisInputStream.java:40)
	at redis.clients.jedis.Protocol.process(Protocol.java:151)
	at redis.clients.jedis.Protocol.read(Protocol.java:215)
	at redis.clients.jedis.Connection.readProtocolWithCheckingBroken(Connection.java:340)
	at redis.clients.jedis.Connection.getBinaryMultiBulkReply(Connection.java:276)
	at redis.clients.jedis.BinaryJedis.hgetAll(BinaryJedis.java:1028)
	at org.springframework.data.redis.connection.jedis.JedisConnection.hGetAll(JedisConnection.java:2999)
	... 17 common frames omitted
Caused by: java.net.SocketTimeoutException: Read timed out
	at java.net.SocketInputStream.socketRead0(Native Method)
	at java.net.SocketInputStream.socketRead(SocketInputStream.java:116)
	at java.net.SocketInputStream.read(SocketInputStream.java:171)
	at java.net.SocketInputStream.read(SocketInputStream.java:141)
	at java.net.SocketInputStream.read(SocketInputStream.java:127)
	at redis.clients.util.RedisInputStream.ensureFill(RedisInputStream.java:196)
	... 24 common frames omitted
2023-11-24 03:21:01.813 [ScheduleThreadPool-test-thread-3] ERROR MessageUtil - adventureBossRankInfo is null
2023-11-24 03:21:01.860 [ScheduleThreadPool-test-thread-2] ERROR MessageUtil - adventureBossRankInfo is null
2023-11-24 03:21:02.057 [ScheduleThreadPool-test-thread-7] ERROR MessageUtil - adventureBossRankInfo is null
2023-11-24 03:21:27.242 [ScheduleThreadPool-test-thread-4] ERROR MessageUtil - adventureBossRankInfo is null
2023-11-24 03:22:00.188 [ScheduleThreadPool-test-thread-8] ERROR MessageUtil - adventureBossRankInfo is null
2023-11-24 03:22:00.218 [ScheduleThreadPool-test-thread-7] ERROR MessageUtil - adventureBossRankInfo is null
2023-11-24 03:22:00.359 [ScheduleThreadPool-test-thread-6] ERROR MessageUtil - adventureBossRankInfo is null
2023-11-24 03:22:00.462 [ScheduleThreadPool-test-thread-5] ERROR MessageUtil - adventureBossRankInfo is null
2023-11-24 03:22:00.819 [ScheduleThreadPool-test-thread-8] ERROR MessageUtil - adventureBossRankInfo is null
2023-11-24 03:23:00.161 [ScheduleThreadPool-test-thread-1] ERROR MessageUtil - adventureBossRankInfo is null
2023-11-24 03:23:00.220 [ScheduleThreadPool-test-thread-8] ERROR MessageUtil - adventureBossRankInfo is null
2023-11-24 03:23:00.334 [ScheduleThreadPool-test-thread-4] ERROR MessageUtil - adventureBossRankInfo is null
2023-11-24 03:23:00.463 [ScheduleThreadPool-test-thread-3] ERROR MessageUtil - adventureBossRankInfo is null
2023-11-24 03:23:00.818 [ScheduleThreadPool-test-thread-3] ERROR MessageUtil - adventureBossRankInfo is null
2023-11-24 03:24:00.152 [ScheduleThreadPool-test-thread-1] ERROR MessageUtil - adventureBossRankInfo is null
2023-11-24 03:24:00.219 [ScheduleThreadPool-test-thread-4] ERROR MessageUtil - adventureBossRankInfo is null
2023-11-24 03:24:00.335 [ScheduleThreadPool-test-thread-5] ERROR MessageUtil - adventureBossRankInfo is null
2023-11-24 03:24:00.460 [ScheduleThreadPool-test-thread-4] ERROR MessageUtil - adventureBossRankInfo is null
2023-11-24 03:24:00.814 [ScheduleThreadPool-test-thread-1] ERROR MessageUtil - adventureBossRankInfo is null
2023-11-24 03:25:06.875 [ScheduleThreadPool-test-thread-5] ERROR MessageUtil - adventureBossRankInfo is null
2023-11-24 03:25:06.962 [ScheduleThreadPool-test-thread-3] ERROR MessageUtil - adventureBossRankInfo is null
2023-11-24 03:25:07.242 [ScheduleThreadPool-test-thread-1] ERROR MessageUtil - adventureBossRankInfo is null
2023-11-24 03:25:06.913 [ScheduleThreadPool-test-thread-1] ERROR SecondsTask - e
org.springframework.data.redis.RedisConnectionFailureException: java.net.SocketTimeoutException: Read timed out; nested exception is redis.clients.jedis.exceptions.JedisConnectionException: java.net.SocketTimeoutException: Read timed out
	at org.springframework.data.redis.connection.jedis.JedisExceptionConverter.convert(JedisExceptionConverter.java:67)
	at org.springframework.data.redis.connection.jedis.JedisExceptionConverter.convert(JedisExceptionConverter.java:41)
	at org.springframework.data.redis.PassThroughExceptionTranslationStrategy.translate(PassThroughExceptionTranslationStrategy.java:37)
	at org.springframework.data.redis.FallbackExceptionTranslationStrategy.translate(FallbackExceptionTranslationStrategy.java:37)
	at org.springframework.data.redis.connection.jedis.JedisConnection.convertJedisAccessException(JedisConnection.java:241)
	at org.springframework.data.redis.connection.jedis.JedisConnection.hGetAll(JedisConnection.java:3001)
	at org.springframework.data.redis.connection.DefaultStringRedisConnection.hGetAll(DefaultStringRedisConnection.java:372)
	at org.springframework.data.redis.core.DefaultHashOperations$13.doInRedis(DefaultHashOperations.java:223)
	at org.springframework.data.redis.core.DefaultHashOperations$13.doInRedis(DefaultHashOperations.java:220)
	at org.springframework.data.redis.core.RedisTemplate.execute(RedisTemplate.java:207)
	at org.springframework.data.redis.core.RedisTemplate.execute(RedisTemplate.java:169)
	at org.springframework.data.redis.core.AbstractOperations.execute(AbstractOperations.java:91)
	at org.springframework.data.redis.core.DefaultHashOperations.entries(DefaultHashOperations.java:220)
	at com.ljsd.jieling.db.redis.RedisUtil.getMapValues(RedisUtil.java:1401)
	at com.ljsd.jieling.logic.championship.ChampionshipLogic.minuteCheck(ChampionshipLogic.java:1414)
	at com.ljsd.jieling.thread.task.SecondsTask.run(SecondsTask.java:21)
	at java.util.concurrent.Executors$RunnableAdapter.call(Executors.java:511)
	at java.util.concurrent.FutureTask.runAndReset(FutureTask.java:308)
	at java.util.concurrent.ScheduledThreadPoolExecutor$ScheduledFutureTask.access$301(ScheduledThreadPoolExecutor.java:180)
	at java.util.concurrent.ScheduledThreadPoolExecutor$ScheduledFutureTask.run(ScheduledThreadPoolExecutor.java:294)
	at java.util.concurrent.ThreadPoolExecutor.runWorker(ThreadPoolExecutor.java:1149)
	at java.util.concurrent.ThreadPoolExecutor$Worker.run(ThreadPoolExecutor.java:624)
	at java.lang.Thread.run(Thread.java:750)
Caused by: redis.clients.jedis.exceptions.JedisConnectionException: java.net.SocketTimeoutException: Read timed out
	at redis.clients.util.RedisInputStream.ensureFill(RedisInputStream.java:202)
	at redis.clients.util.RedisInputStream.readByte(RedisInputStream.java:40)
	at redis.clients.jedis.Protocol.process(Protocol.java:151)
	at redis.clients.jedis.Protocol.read(Protocol.java:215)
	at redis.clients.jedis.Connection.readProtocolWithCheckingBroken(Connection.java:340)
	at redis.clients.jedis.Connection.getBinaryMultiBulkReply(Connection.java:276)
	at redis.clients.jedis.BinaryJedis.hgetAll(BinaryJedis.java:1028)
	at org.springframework.data.redis.connection.jedis.JedisConnection.hGetAll(JedisConnection.java:2999)
	... 17 common frames omitted
Caused by: java.net.SocketTimeoutException: Read timed out
	at java.net.SocketInputStream.socketRead0(Native Method)
	at java.net.SocketInputStream.socketRead(SocketInputStream.java:116)
	at java.net.SocketInputStream.read(SocketInputStream.java:171)
	at java.net.SocketInputStream.read(SocketInputStream.java:141)
	at java.net.SocketInputStream.read(SocketInputStream.java:127)
	at redis.clients.util.RedisInputStream.ensureFill(RedisInputStream.java:196)
	... 24 common frames omitted
2023-11-24 03:25:06.927 [ScheduleThreadPool-test-thread-6] ERROR SecondsTask - e
org.springframework.data.redis.RedisConnectionFailureException: java.net.SocketTimeoutException: Read timed out; nested exception is redis.clients.jedis.exceptions.JedisConnectionException: java.net.SocketTimeoutException: Read timed out
	at org.springframework.data.redis.connection.jedis.JedisExceptionConverter.convert(JedisExceptionConverter.java:67)
	at org.springframework.data.redis.connection.jedis.JedisExceptionConverter.convert(JedisExceptionConverter.java:41)
	at org.springframework.data.redis.PassThroughExceptionTranslationStrategy.translate(PassThroughExceptionTranslationStrategy.java:37)
	at org.springframework.data.redis.FallbackExceptionTranslationStrategy.translate(FallbackExceptionTranslationStrategy.java:37)
	at org.springframework.data.redis.connection.jedis.JedisConnection.convertJedisAccessException(JedisConnection.java:241)
	at org.springframework.data.redis.connection.jedis.JedisConnection.hGetAll(JedisConnection.java:3001)
	at org.springframework.data.redis.connection.DefaultStringRedisConnection.hGetAll(DefaultStringRedisConnection.java:372)
	at org.springframework.data.redis.core.DefaultHashOperations$13.doInRedis(DefaultHashOperations.java:223)
	at org.springframework.data.redis.core.DefaultHashOperations$13.doInRedis(DefaultHashOperations.java:220)
	at org.springframework.data.redis.core.RedisTemplate.execute(RedisTemplate.java:207)
	at org.springframework.data.redis.core.RedisTemplate.execute(RedisTemplate.java:169)
	at org.springframework.data.redis.core.AbstractOperations.execute(AbstractOperations.java:91)
	at org.springframework.data.redis.core.DefaultHashOperations.entries(DefaultHashOperations.java:220)
	at com.ljsd.jieling.db.redis.RedisUtil.getMapValues(RedisUtil.java:1401)
	at com.ljsd.jieling.logic.championship.ChampionshipLogic.minuteCheck(ChampionshipLogic.java:1414)
	at com.ljsd.jieling.thread.task.SecondsTask.run(SecondsTask.java:21)
	at java.util.concurrent.Executors$RunnableAdapter.call(Executors.java:511)
	at java.util.concurrent.FutureTask.runAndReset(FutureTask.java:308)
	at java.util.concurrent.ScheduledThreadPoolExecutor$ScheduledFutureTask.access$301(ScheduledThreadPoolExecutor.java:180)
	at java.util.concurrent.ScheduledThreadPoolExecutor$ScheduledFutureTask.run(ScheduledThreadPoolExecutor.java:294)
	at java.util.concurrent.ThreadPoolExecutor.runWorker(ThreadPoolExecutor.java:1149)
	at java.util.concurrent.ThreadPoolExecutor$Worker.run(ThreadPoolExecutor.java:624)
	at java.lang.Thread.run(Thread.java:750)
Caused by: redis.clients.jedis.exceptions.JedisConnectionException: java.net.SocketTimeoutException: Read timed out
	at redis.clients.util.RedisInputStream.ensureFill(RedisInputStream.java:202)
	at redis.clients.util.RedisInputStream.readByte(RedisInputStream.java:40)
	at redis.clients.jedis.Protocol.process(Protocol.java:151)
	at redis.clients.jedis.Protocol.read(Protocol.java:215)
	at redis.clients.jedis.Connection.readProtocolWithCheckingBroken(Connection.java:340)
	at redis.clients.jedis.Connection.getBinaryMultiBulkReply(Connection.java:276)
	at redis.clients.jedis.BinaryJedis.hgetAll(BinaryJedis.java:1028)
	at org.springframework.data.redis.connection.jedis.JedisConnection.hGetAll(JedisConnection.java:2999)
	... 17 common frames omitted
Caused by: java.net.SocketTimeoutException: Read timed out
	at java.net.SocketInputStream.socketRead0(Native Method)
	at java.net.SocketInputStream.socketRead(SocketInputStream.java:116)
	at java.net.SocketInputStream.read(SocketInputStream.java:171)
	at java.net.SocketInputStream.read(SocketInputStream.java:141)
	at java.net.SocketInputStream.read(SocketInputStream.java:127)
	at redis.clients.util.RedisInputStream.ensureFill(RedisInputStream.java:196)
	... 24 common frames omitted
2023-11-24 03:25:07.382 [ScheduleThreadPool-test-thread-2] ERROR MessageUtil - adventureBossRankInfo is null
2023-11-24 03:25:06.997 [ScheduleThreadPool-test-thread-8] ERROR SecondsTask - e
org.springframework.data.redis.RedisConnectionFailureException: java.net.SocketTimeoutException: Read timed out; nested exception is redis.clients.jedis.exceptions.JedisConnectionException: java.net.SocketTimeoutException: Read timed out
	at org.springframework.data.redis.connection.jedis.JedisExceptionConverter.convert(JedisExceptionConverter.java:67)
	at org.springframework.data.redis.connection.jedis.JedisExceptionConverter.convert(JedisExceptionConverter.java:41)
	at org.springframework.data.redis.PassThroughExceptionTranslationStrategy.translate(PassThroughExceptionTranslationStrategy.java:37)
	at org.springframework.data.redis.FallbackExceptionTranslationStrategy.translate(FallbackExceptionTranslationStrategy.java:37)
	at org.springframework.data.redis.connection.jedis.JedisConnection.convertJedisAccessException(JedisConnection.java:241)
	at org.springframework.data.redis.connection.jedis.JedisConnection.hGetAll(JedisConnection.java:3001)
	at org.springframework.data.redis.connection.DefaultStringRedisConnection.hGetAll(DefaultStringRedisConnection.java:372)
	at org.springframework.data.redis.core.DefaultHashOperations$13.doInRedis(DefaultHashOperations.java:223)
	at org.springframework.data.redis.core.DefaultHashOperations$13.doInRedis(DefaultHashOperations.java:220)
	at org.springframework.data.redis.core.RedisTemplate.execute(RedisTemplate.java:207)
	at org.springframework.data.redis.core.RedisTemplate.execute(RedisTemplate.java:169)
	at org.springframework.data.redis.core.AbstractOperations.execute(AbstractOperations.java:91)
	at org.springframework.data.redis.core.DefaultHashOperations.entries(DefaultHashOperations.java:220)
	at com.ljsd.jieling.db.redis.RedisUtil.getMapValues(RedisUtil.java:1401)
	at com.ljsd.jieling.logic.championship.ChampionshipLogic.minuteCheck(ChampionshipLogic.java:1414)
	at com.ljsd.jieling.thread.task.SecondsTask.run(SecondsTask.java:21)
	at java.util.concurrent.Executors$RunnableAdapter.call(Executors.java:511)
	at java.util.concurrent.FutureTask.runAndReset(FutureTask.java:308)
	at java.util.concurrent.ScheduledThreadPoolExecutor$ScheduledFutureTask.access$301(ScheduledThreadPoolExecutor.java:180)
	at java.util.concurrent.ScheduledThreadPoolExecutor$ScheduledFutureTask.run(ScheduledThreadPoolExecutor.java:294)
	at java.util.concurrent.ThreadPoolExecutor.runWorker(ThreadPoolExecutor.java:1149)
	at java.util.concurrent.ThreadPoolExecutor$Worker.run(ThreadPoolExecutor.java:624)
	at java.lang.Thread.run(Thread.java:750)
Caused by: redis.clients.jedis.exceptions.JedisConnectionException: java.net.SocketTimeoutException: Read timed out
	at redis.clients.util.RedisInputStream.ensureFill(RedisInputStream.java:202)
	at redis.clients.util.RedisInputStream.readByte(RedisInputStream.java:40)
	at redis.clients.jedis.Protocol.process(Protocol.java:151)
	at redis.clients.jedis.Protocol.read(Protocol.java:215)
	at redis.clients.jedis.Connection.readProtocolWithCheckingBroken(Connection.java:340)
	at redis.clients.jedis.Connection.getBinaryMultiBulkReply(Connection.java:276)
	at redis.clients.jedis.BinaryJedis.hgetAll(BinaryJedis.java:1028)
	at org.springframework.data.redis.connection.jedis.JedisConnection.hGetAll(JedisConnection.java:2999)
	... 17 common frames omitted
Caused by: java.net.SocketTimeoutException: Read timed out
	at java.net.SocketInputStream.socketRead0(Native Method)
	at java.net.SocketInputStream.socketRead(SocketInputStream.java:116)
	at java.net.SocketInputStream.read(SocketInputStream.java:171)
	at java.net.SocketInputStream.read(SocketInputStream.java:141)
	at java.net.SocketInputStream.read(SocketInputStream.java:127)
	at redis.clients.util.RedisInputStream.ensureFill(RedisInputStream.java:196)
	... 24 common frames omitted
2023-11-24 03:25:07.398 [ScheduleThreadPool-test-thread-8] ERROR SecondsTask - e
org.springframework.data.redis.RedisConnectionFailureException: java.net.SocketTimeoutException: Read timed out; nested exception is redis.clients.jedis.exceptions.JedisConnectionException: java.net.SocketTimeoutException: Read timed out
	at org.springframework.data.redis.connection.jedis.JedisExceptionConverter.convert(JedisExceptionConverter.java:67)
	at org.springframework.data.redis.connection.jedis.JedisExceptionConverter.convert(JedisExceptionConverter.java:41)
	at org.springframework.data.redis.PassThroughExceptionTranslationStrategy.translate(PassThroughExceptionTranslationStrategy.java:37)
	at org.springframework.data.redis.FallbackExceptionTranslationStrategy.translate(FallbackExceptionTranslationStrategy.java:37)
	at org.springframework.data.redis.connection.jedis.JedisConnection.convertJedisAccessException(JedisConnection.java:241)
	at org.springframework.data.redis.connection.jedis.JedisConnection.hGetAll(JedisConnection.java:3001)
	at org.springframework.data.redis.connection.DefaultStringRedisConnection.hGetAll(DefaultStringRedisConnection.java:372)
	at org.springframework.data.redis.core.DefaultHashOperations$13.doInRedis(DefaultHashOperations.java:223)
	at org.springframework.data.redis.core.DefaultHashOperations$13.doInRedis(DefaultHashOperations.java:220)
	at org.springframework.data.redis.core.RedisTemplate.execute(RedisTemplate.java:207)
	at org.springframework.data.redis.core.RedisTemplate.execute(RedisTemplate.java:169)
	at org.springframework.data.redis.core.AbstractOperations.execute(AbstractOperations.java:91)
	at org.springframework.data.redis.core.DefaultHashOperations.entries(DefaultHashOperations.java:220)
	at com.ljsd.jieling.db.redis.RedisUtil.getMapValues(RedisUtil.java:1401)
	at com.ljsd.jieling.logic.championship.ChampionshipLogic.minuteCheck(ChampionshipLogic.java:1414)
	at com.ljsd.jieling.thread.task.SecondsTask.run(SecondsTask.java:21)
	at java.util.concurrent.Executors$RunnableAdapter.call(Executors.java:511)
	at java.util.concurrent.FutureTask.runAndReset(FutureTask.java:308)
	at java.util.concurrent.ScheduledThreadPoolExecutor$ScheduledFutureTask.access$301(ScheduledThreadPoolExecutor.java:180)
	at java.util.concurrent.ScheduledThreadPoolExecutor$ScheduledFutureTask.run(ScheduledThreadPoolExecutor.java:294)
	at java.util.concurrent.ThreadPoolExecutor.runWorker(ThreadPoolExecutor.java:1149)
	at java.util.concurrent.ThreadPoolExecutor$Worker.run(ThreadPoolExecutor.java:624)
	at java.lang.Thread.run(Thread.java:750)
Caused by: redis.clients.jedis.exceptions.JedisConnectionException: java.net.SocketTimeoutException: Read timed out
	at redis.clients.util.RedisInputStream.ensureFill(RedisInputStream.java:202)
	at redis.clients.util.RedisInputStream.readByte(RedisInputStream.java:40)
	at redis.clients.jedis.Protocol.process(Protocol.java:151)
	at redis.clients.jedis.Protocol.read(Protocol.java:215)
	at redis.clients.jedis.Connection.readProtocolWithCheckingBroken(Connection.java:340)
	at redis.clients.jedis.Connection.getBinaryMultiBulkReply(Connection.java:276)
	at redis.clients.jedis.BinaryJedis.hgetAll(BinaryJedis.java:1028)
	at org.springframework.data.redis.connection.jedis.JedisConnection.hGetAll(JedisConnection.java:2999)
	... 17 common frames omitted
Caused by: java.net.SocketTimeoutException: Read timed out
	at java.net.SocketInputStream.socketRead0(Native Method)
	at java.net.SocketInputStream.socketRead(SocketInputStream.java:116)
	at java.net.SocketInputStream.read(SocketInputStream.java:171)
	at java.net.SocketInputStream.read(SocketInputStream.java:141)
	at java.net.SocketInputStream.read(SocketInputStream.java:127)
	at redis.clients.util.RedisInputStream.ensureFill(RedisInputStream.java:196)
	... 24 common frames omitted
2023-11-24 03:25:37.655 [ScheduleThreadPool-test-thread-6] ERROR MessageUtil - adventureBossRankInfo is null
2023-11-24 03:26:00.177 [ScheduleThreadPool-test-thread-3] ERROR MessageUtil - adventureBossRankInfo is null
2023-11-24 03:26:00.223 [ScheduleThreadPool-test-thread-1] ERROR MessageUtil - adventureBossRankInfo is null
2023-11-24 03:26:00.465 [ScheduleThreadPool-test-thread-2] ERROR MessageUtil - adventureBossRankInfo is null
2023-11-24 03:26:00.596 [ScheduleThreadPool-test-thread-6] ERROR MessageUtil - adventureBossRankInfo is null
2023-11-24 03:26:00.816 [ScheduleThreadPool-test-thread-7] ERROR MessageUtil - adventureBossRankInfo is null
2023-11-24 03:27:00.152 [ScheduleThreadPool-test-thread-6] ERROR MessageUtil - adventureBossRankInfo is null
2023-11-24 03:27:00.218 [ScheduleThreadPool-test-thread-8] ERROR MessageUtil - adventureBossRankInfo is null
2023-11-24 03:27:00.462 [ScheduleThreadPool-test-thread-8] ERROR MessageUtil - adventureBossRankInfo is null
2023-11-24 03:27:00.596 [ScheduleThreadPool-test-thread-1] ERROR MessageUtil - adventureBossRankInfo is null
2023-11-24 03:27:00.816 [ScheduleThreadPool-test-thread-3] ERROR MessageUtil - adventureBossRankInfo is null
2023-11-24 03:28:00.162 [ScheduleThreadPool-test-thread-3] ERROR MessageUtil - adventureBossRankInfo is null
2023-11-24 03:28:00.214 [ScheduleThreadPool-test-thread-1] ERROR MessageUtil - adventureBossRankInfo is null
2023-11-24 03:28:00.463 [ScheduleThreadPool-test-thread-5] ERROR MessageUtil - adventureBossRankInfo is null
2023-11-24 03:28:00.603 [ScheduleThreadPool-test-thread-4] ERROR MessageUtil - adventureBossRankInfo is null
2023-11-24 03:28:00.812 [ScheduleThreadPool-test-thread-1] ERROR MessageUtil - adventureBossRankInfo is null
2023-11-24 03:29:00.150 [ScheduleThreadPool-test-thread-3] ERROR MessageUtil - adventureBossRankInfo is null
2023-11-24 03:29:00.215 [ScheduleThreadPool-test-thread-6] ERROR MessageUtil - adventureBossRankInfo is null
2023-11-24 03:29:00.465 [ScheduleThreadPool-test-thread-2] ERROR MessageUtil - adventureBossRankInfo is null
2023-11-24 03:29:00.596 [ScheduleThreadPool-test-thread-1] ERROR MessageUtil - adventureBossRankInfo is null
2023-11-24 03:29:00.817 [ScheduleThreadPool-test-thread-3] ERROR MessageUtil - adventureBossRankInfo is null
2023-11-24 03:30:00.147 [ScheduleThreadPool-test-thread-4] ERROR MessageUtil - adventureBossRankInfo is null
2023-11-24 03:30:00.216 [ScheduleThreadPool-test-thread-7] ERROR MessageUtil - adventureBossRankInfo is null
2023-11-24 03:30:00.459 [ScheduleThreadPool-test-thread-8] ERROR MessageUtil - adventureBossRankInfo is null
2023-11-24 03:30:00.597 [ScheduleThreadPool-test-thread-4] ERROR MessageUtil - adventureBossRankInfo is null
2023-11-24 03:30:00.818 [ScheduleThreadPool-test-thread-4] ERROR MessageUtil - adventureBossRankInfo is null
2023-11-24 03:31:00.142 [ScheduleThreadPool-test-thread-1] ERROR MessageUtil - adventureBossRankInfo is null
2023-11-24 03:31:00.214 [ScheduleThreadPool-test-thread-7] ERROR MessageUtil - adventureBossRankInfo is null
2023-11-24 03:31:00.458 [ScheduleThreadPool-test-thread-5] ERROR MessageUtil - adventureBossRankInfo is null
2023-11-24 03:31:00.603 [ScheduleThreadPool-test-thread-8] ERROR MessageUtil - adventureBossRankInfo is null
2023-11-24 03:31:00.809 [ScheduleThreadPool-test-thread-8] ERROR MessageUtil - adventureBossRankInfo is null
2023-11-24 03:32:00.154 [ScheduleThreadPool-test-thread-2] ERROR MessageUtil - adventureBossRankInfo is null
2023-11-24 03:32:00.217 [ScheduleThreadPool-test-thread-4] ERROR MessageUtil - adventureBossRankInfo is null
2023-11-24 03:32:00.458 [ScheduleThreadPool-test-thread-1] ERROR MessageUtil - adventureBossRankInfo is null
2023-11-24 03:32:00.602 [ScheduleThreadPool-test-thread-6] ERROR MessageUtil - adventureBossRankInfo is null
2023-11-24 03:32:00.812 [ScheduleThreadPool-test-thread-4] ERROR MessageUtil - adventureBossRankInfo is null
2023-11-24 03:33:00.150 [ScheduleThreadPool-test-thread-3] ERROR MessageUtil - adventureBossRankInfo is null
2023-11-24 03:33:00.217 [ScheduleThreadPool-test-thread-2] ERROR MessageUtil - adventureBossRankInfo is null
2023-11-24 03:33:00.460 [ScheduleThreadPool-test-thread-2] ERROR MessageUtil - adventureBossRankInfo is null
2023-11-24 03:33:00.603 [ScheduleThreadPool-test-thread-3] ERROR MessageUtil - adventureBossRankInfo is null
2023-11-24 03:33:00.812 [ScheduleThreadPool-test-thread-2] ERROR MessageUtil - adventureBossRankInfo is null
2023-11-24 03:34:00.148 [ScheduleThreadPool-test-thread-7] ERROR MessageUtil - adventureBossRankInfo is null
2023-11-24 03:34:00.216 [ScheduleThreadPool-test-thread-4] ERROR MessageUtil - adventureBossRankInfo is null
2023-11-24 03:34:00.474 [ScheduleThreadPool-test-thread-4] ERROR MessageUtil - adventureBossRankInfo is null
2023-11-24 03:34:00.599 [ScheduleThreadPool-test-thread-8] ERROR MessageUtil - adventureBossRankInfo is null
2023-11-24 03:34:00.812 [ScheduleThreadPool-test-thread-3] ERROR MessageUtil - adventureBossRankInfo is null
2023-11-24 03:35:00.143 [ScheduleThreadPool-test-thread-2] ERROR MessageUtil - adventureBossRankInfo is null
2023-11-24 03:35:00.216 [ScheduleThreadPool-test-thread-3] ERROR MessageUtil - adventureBossRankInfo is null
2023-11-24 03:35:00.460 [ScheduleThreadPool-test-thread-5] ERROR MessageUtil - adventureBossRankInfo is null
2023-11-24 03:35:00.601 [ScheduleThreadPool-test-thread-2] ERROR MessageUtil - adventureBossRankInfo is null
2023-11-24 03:35:00.811 [ScheduleThreadPool-test-thread-2] ERROR MessageUtil - adventureBossRankInfo is null
2023-11-24 03:36:00.141 [ScheduleThreadPool-test-thread-2] ERROR MessageUtil - adventureBossRankInfo is null
2023-11-24 03:36:00.212 [ScheduleThreadPool-test-thread-7] ERROR MessageUtil - adventureBossRankInfo is null
2023-11-24 03:36:00.459 [ScheduleThreadPool-test-thread-8] ERROR MessageUtil - adventureBossRankInfo is null
2023-11-24 03:36:00.596 [ScheduleThreadPool-test-thread-2] ERROR MessageUtil - adventureBossRankInfo is null
2023-11-24 03:36:00.809 [ScheduleThreadPool-test-thread-4] ERROR MessageUtil - adventureBossRankInfo is null
2023-11-24 03:37:00.143 [ScheduleThreadPool-test-thread-5] ERROR MessageUtil - adventureBossRankInfo is null
2023-11-24 03:37:00.212 [ScheduleThreadPool-test-thread-4] ERROR MessageUtil - adventureBossRankInfo is null
2023-11-24 03:37:00.459 [ScheduleThreadPool-test-thread-3] ERROR MessageUtil - adventureBossRankInfo is null
2023-11-24 03:37:00.605 [ScheduleThreadPool-test-thread-1] ERROR MessageUtil - adventureBossRankInfo is null
2023-11-24 03:37:00.811 [ScheduleThreadPool-test-thread-1] ERROR MessageUtil - adventureBossRankInfo is null
2023-11-24 03:38:00.146 [ScheduleThreadPool-test-thread-1] ERROR MessageUtil - adventureBossRankInfo is null
2023-11-24 03:38:00.216 [ScheduleThreadPool-test-thread-2] ERROR MessageUtil - adventureBossRankInfo is null
2023-11-24 03:38:00.461 [ScheduleThreadPool-test-thread-2] ERROR MessageUtil - adventureBossRankInfo is null
2023-11-24 03:38:00.599 [ScheduleThreadPool-test-thread-3] ERROR MessageUtil - adventureBossRankInfo is null
2023-11-24 03:38:00.811 [ScheduleThreadPool-test-thread-1] ERROR MessageUtil - adventureBossRankInfo is null
2023-11-24 03:39:00.156 [ScheduleThreadPool-test-thread-8] ERROR MessageUtil - adventureBossRankInfo is null
2023-11-24 03:39:00.212 [ScheduleThreadPool-test-thread-1] ERROR MessageUtil - adventureBossRankInfo is null
2023-11-24 03:39:00.456 [ScheduleThreadPool-test-thread-3] ERROR MessageUtil - adventureBossRankInfo is null
2023-11-24 03:39:00.599 [ScheduleThreadPool-test-thread-4] ERROR MessageUtil - adventureBossRankInfo is null
2023-11-24 03:39:00.814 [ScheduleThreadPool-test-thread-7] ERROR MessageUtil - adventureBossRankInfo is null
2023-11-24 03:40:00.144 [ScheduleThreadPool-test-thread-1] ERROR MessageUtil - adventureBossRankInfo is null
2023-11-24 03:40:00.216 [ScheduleThreadPool-test-thread-8] ERROR MessageUtil - adventureBossRankInfo is null
2023-11-24 03:40:00.468 [ScheduleThreadPool-test-thread-5] ERROR MessageUtil - adventureBossRankInfo is null
2023-11-24 03:40:00.599 [ScheduleThreadPool-test-thread-1] ERROR MessageUtil - adventureBossRankInfo is null
2023-11-24 03:40:00.812 [ScheduleThreadPool-test-thread-1] ERROR MessageUtil - adventureBossRankInfo is null
2023-11-24 03:41:00.144 [ScheduleThreadPool-test-thread-6] ERROR MessageUtil - adventureBossRankInfo is null
2023-11-24 03:41:00.219 [ScheduleThreadPool-test-thread-1] ERROR MessageUtil - adventureBossRankInfo is null
2023-11-24 03:41:00.466 [ScheduleThreadPool-test-thread-4] ERROR MessageUtil - adventureBossRankInfo is null
2023-11-24 03:41:00.602 [ScheduleThreadPool-test-thread-8] ERROR MessageUtil - adventureBossRankInfo is null
2023-11-24 03:41:00.811 [ScheduleThreadPool-test-thread-8] ERROR MessageUtil - adventureBossRankInfo is null
2023-11-24 03:42:00.143 [ScheduleThreadPool-test-thread-1] ERROR MessageUtil - adventureBossRankInfo is null
2023-11-24 03:42:00.217 [ScheduleThreadPool-test-thread-7] ERROR MessageUtil - adventureBossRankInfo is null
2023-11-24 03:42:00.467 [ScheduleThreadPool-test-thread-6] ERROR MessageUtil - adventureBossRankInfo is null
2023-11-24 03:42:00.601 [ScheduleThreadPool-test-thread-7] ERROR MessageUtil - adventureBossRankInfo is null
2023-11-24 03:42:00.809 [ScheduleThreadPool-test-thread-3] ERROR MessageUtil - adventureBossRankInfo is null
2023-11-24 03:43:00.141 [ScheduleThreadPool-test-thread-6] ERROR MessageUtil - adventureBossRankInfo is null
2023-11-24 03:43:00.213 [ScheduleThreadPool-test-thread-7] ERROR MessageUtil - adventureBossRankInfo is null
2023-11-24 03:43:00.457 [ScheduleThreadPool-test-thread-7] ERROR MessageUtil - adventureBossRankInfo is null
2023-11-24 03:43:00.602 [ScheduleThreadPool-test-thread-4] ERROR MessageUtil - adventureBossRankInfo is null
2023-11-24 03:43:00.814 [ScheduleThreadPool-test-thread-8] ERROR MessageUtil - adventureBossRankInfo is null
2023-11-24 03:44:00.142 [ScheduleThreadPool-test-thread-1] ERROR MessageUtil - adventureBossRankInfo is null
2023-11-24 03:44:00.214 [ScheduleThreadPool-test-thread-4] ERROR MessageUtil - adventureBossRankInfo is null
2023-11-24 03:44:00.461 [ScheduleThreadPool-test-thread-4] ERROR MessageUtil - adventureBossRankInfo is null
2023-11-24 03:44:00.601 [ScheduleThreadPool-test-thread-1] ERROR MessageUtil - adventureBossRankInfo is null
2023-11-24 03:44:00.806 [ScheduleThreadPool-test-thread-5] ERROR MessageUtil - adventureBossRankInfo is null
2023-11-24 03:45:00.145 [ScheduleThreadPool-test-thread-6] ERROR MessageUtil - adventureBossRankInfo is null
2023-11-24 03:45:00.212 [ScheduleThreadPool-test-thread-1] ERROR MessageUtil - adventureBossRankInfo is null
2023-11-24 03:45:00.460 [ScheduleThreadPool-test-thread-1] ERROR MessageUtil - adventureBossRankInfo is null
2023-11-24 03:45:00.605 [ScheduleThreadPool-test-thread-1] ERROR MessageUtil - adventureBossRankInfo is null
2023-11-24 03:45:00.809 [ScheduleThreadPool-test-thread-8] ERROR MessageUtil - adventureBossRankInfo is null
2023-11-24 03:46:00.141 [ScheduleThreadPool-test-thread-2] ERROR MessageUtil - adventureBossRankInfo is null
2023-11-24 03:46:00.213 [ScheduleThreadPool-test-thread-1] ERROR MessageUtil - adventureBossRankInfo is null
2023-11-24 03:46:00.464 [ScheduleThreadPool-test-thread-1] ERROR MessageUtil - adventureBossRankInfo is null
2023-11-24 03:46:00.596 [ScheduleThreadPool-test-thread-8] ERROR MessageUtil - adventureBossRankInfo is null
2023-11-24 03:46:00.807 [ScheduleThreadPool-test-thread-3] ERROR MessageUtil - adventureBossRankInfo is null
2023-11-24 03:47:00.151 [ScheduleThreadPool-test-thread-7] ERROR MessageUtil - adventureBossRankInfo is null
2023-11-24 03:47:00.213 [ScheduleThreadPool-test-thread-5] ERROR MessageUtil - adventureBossRankInfo is null
2023-11-24 03:47:00.459 [ScheduleThreadPool-test-thread-4] ERROR MessageUtil - adventureBossRankInfo is null
2023-11-24 03:47:00.602 [ScheduleThreadPool-test-thread-7] ERROR MessageUtil - adventureBossRankInfo is null
2023-11-24 03:47:00.811 [ScheduleThreadPool-test-thread-8] ERROR MessageUtil - adventureBossRankInfo is null
2023-11-24 03:48:00.141 [ScheduleThreadPool-test-thread-6] ERROR MessageUtil - adventureBossRankInfo is null
2023-11-24 03:48:00.212 [ScheduleThreadPool-test-thread-5] ERROR MessageUtil - adventureBossRankInfo is null
2023-11-24 03:48:00.457 [ScheduleThreadPool-test-thread-6] ERROR MessageUtil - adventureBossRankInfo is null
2023-11-24 03:48:00.606 [ScheduleThreadPool-test-thread-1] ERROR MessageUtil - adventureBossRankInfo is null
2023-11-24 03:48:00.812 [ScheduleThreadPool-test-thread-7] ERROR MessageUtil - adventureBossRankInfo is null
2023-11-24 03:49:00.145 [ScheduleThreadPool-test-thread-1] ERROR MessageUtil - adventureBossRankInfo is null
2023-11-24 03:49:00.227 [ScheduleThreadPool-test-thread-5] ERROR MessageUtil - adventureBossRankInfo is null
2023-11-24 03:49:00.460 [ScheduleThreadPool-test-thread-7] ERROR MessageUtil - adventureBossRankInfo is null
2023-11-24 03:49:00.601 [ScheduleThreadPool-test-thread-8] ERROR MessageUtil - adventureBossRankInfo is null
2023-11-24 03:49:00.816 [ScheduleThreadPool-test-thread-2] ERROR MessageUtil - adventureBossRankInfo is null
2023-11-24 03:50:00.140 [ScheduleThreadPool-test-thread-8] ERROR MessageUtil - adventureBossRankInfo is null
2023-11-24 03:50:00.217 [ScheduleThreadPool-test-thread-1] ERROR MessageUtil - adventureBossRankInfo is null
2023-11-24 03:50:00.471 [ScheduleThreadPool-test-thread-7] ERROR MessageUtil - adventureBossRankInfo is null
2023-11-24 03:50:00.600 [ScheduleThreadPool-test-thread-7] ERROR MessageUtil - adventureBossRankInfo is null
2023-11-24 03:50:00.812 [ScheduleThreadPool-test-thread-4] ERROR MessageUtil - adventureBossRankInfo is null
2023-11-24 03:51:00.143 [ScheduleThreadPool-test-thread-2] ERROR MessageUtil - adventureBossRankInfo is null
2023-11-24 03:51:00.216 [ScheduleThreadPool-test-thread-6] ERROR MessageUtil - adventureBossRankInfo is null
2023-11-24 03:51:00.463 [ScheduleThreadPool-test-thread-7] ERROR MessageUtil - adventureBossRankInfo is null
2023-11-24 03:51:00.603 [ScheduleThreadPool-test-thread-8] ERROR MessageUtil - adventureBossRankInfo is null
2023-11-24 03:51:00.815 [ScheduleThreadPool-test-thread-5] ERROR MessageUtil - adventureBossRankInfo is null
2023-11-24 03:52:00.143 [ScheduleThreadPool-test-thread-6] ERROR MessageUtil - adventureBossRankInfo is null
2023-11-24 03:52:00.214 [ScheduleThreadPool-test-thread-6] ERROR MessageUtil - adventureBossRankInfo is null
2023-11-24 03:52:00.462 [ScheduleThreadPool-test-thread-5] ERROR MessageUtil - adventureBossRankInfo is null
2023-11-24 03:52:00.599 [ScheduleThreadPool-test-thread-6] ERROR MessageUtil - adventureBossRankInfo is null
2023-11-24 03:52:00.817 [ScheduleThreadPool-test-thread-7] ERROR MessageUtil - adventureBossRankInfo is null
2023-11-24 03:53:00.147 [ScheduleThreadPool-test-thread-5] ERROR MessageUtil - adventureBossRankInfo is null
2023-11-24 03:53:00.222 [ScheduleThreadPool-test-thread-4] ERROR MessageUtil - adventureBossRankInfo is null
2023-11-24 03:53:00.463 [ScheduleThreadPool-test-thread-1] ERROR MessageUtil - adventureBossRankInfo is null
2023-11-24 03:53:00.595 [ScheduleThreadPool-test-thread-3] ERROR MessageUtil - adventureBossRankInfo is null
2023-11-24 03:53:00.807 [ScheduleThreadPool-test-thread-2] ERROR MessageUtil - adventureBossRankInfo is null
2023-11-24 03:54:00.156 [ScheduleThreadPool-test-thread-7] ERROR MessageUtil - adventureBossRankInfo is null
2023-11-24 03:54:00.221 [ScheduleThreadPool-test-thread-3] ERROR MessageUtil - adventureBossRankInfo is null
2023-11-24 03:54:00.458 [ScheduleThreadPool-test-thread-1] ERROR MessageUtil - adventureBossRankInfo is null
2023-11-24 03:54:00.600 [ScheduleThreadPool-test-thread-6] ERROR MessageUtil - adventureBossRankInfo is null
2023-11-24 03:54:00.815 [ScheduleThreadPool-test-thread-8] ERROR MessageUtil - adventureBossRankInfo is null
2023-11-24 03:55:00.143 [ScheduleThreadPool-test-thread-2] ERROR MessageUtil - adventureBossRankInfo is null
2023-11-24 03:55:00.209 [ScheduleThreadPool-test-thread-5] ERROR MessageUtil - adventureBossRankInfo is null
2023-11-24 03:55:00.457 [ScheduleThreadPool-test-thread-8] ERROR MessageUtil - adventureBossRankInfo is null
2023-11-24 03:55:00.596 [ScheduleThreadPool-test-thread-8] ERROR MessageUtil - adventureBossRankInfo is null
2023-11-24 03:55:00.808 [ScheduleThreadPool-test-thread-5] ERROR MessageUtil - adventureBossRankInfo is null
2023-11-24 03:56:00.146 [ScheduleThreadPool-test-thread-8] ERROR MessageUtil - adventureBossRankInfo is null
2023-11-24 03:56:00.216 [ScheduleThreadPool-test-thread-5] ERROR MessageUtil - adventureBossRankInfo is null
2023-11-24 03:56:00.462 [ScheduleThreadPool-test-thread-6] ERROR MessageUtil - adventureBossRankInfo is null
2023-11-24 03:56:00.599 [ScheduleThreadPool-test-thread-1] ERROR MessageUtil - adventureBossRankInfo is null
2023-11-24 03:56:00.817 [ScheduleThreadPool-test-thread-5] ERROR MessageUtil - adventureBossRankInfo is null
2023-11-24 03:57:00.141 [ScheduleThreadPool-test-thread-6] ERROR MessageUtil - adventureBossRankInfo is null
2023-11-24 03:57:00.212 [ScheduleThreadPool-test-thread-8] ERROR MessageUtil - adventureBossRankInfo is null
2023-11-24 03:57:00.460 [ScheduleThreadPool-test-thread-1] ERROR MessageUtil - adventureBossRankInfo is null
2023-11-24 03:57:00.599 [ScheduleThreadPool-test-thread-6] ERROR MessageUtil - adventureBossRankInfo is null
2023-11-24 03:57:00.812 [ScheduleThreadPool-test-thread-4] ERROR MessageUtil - adventureBossRankInfo is null
2023-11-24 03:58:00.144 [ScheduleThreadPool-test-thread-4] ERROR MessageUtil - adventureBossRankInfo is null
2023-11-24 03:58:00.213 [ScheduleThreadPool-test-thread-6] ERROR MessageUtil - adventureBossRankInfo is null
2023-11-24 03:58:00.459 [ScheduleThreadPool-test-thread-7] ERROR MessageUtil - adventureBossRankInfo is null
2023-11-24 03:58:00.596 [ScheduleThreadPool-test-thread-4] ERROR MessageUtil - adventureBossRankInfo is null
2023-11-24 03:58:00.805 [ScheduleThreadPool-test-thread-7] ERROR MessageUtil - adventureBossRankInfo is null
2023-11-24 03:59:00.189 [ScheduleThreadPool-test-thread-4] ERROR MessageUtil - adventureBossRankInfo is null
2023-11-24 03:59:00.220 [ScheduleThreadPool-test-thread-3] ERROR MessageUtil - adventureBossRankInfo is null
2023-11-24 03:59:00.601 [ScheduleThreadPool-test-thread-4] ERROR MessageUtil - adventureBossRankInfo is null
2023-11-24 03:59:00.810 [ScheduleThreadPool-test-thread-6] ERROR MessageUtil - adventureBossRankInfo is null
2023-11-24 03:59:21.526 [ScheduleThreadPool-test-thread-5] ERROR MessageUtil - adventureBossRankInfo is null
2023-11-24 04:00:00.188 [ScheduleThreadPool-test-thread-6] ERROR MessageUtil - adventureBossRankInfo is null
2023-11-24 04:00:00.223 [ScheduleThreadPool-test-thread-5] ERROR MessageUtil - adventureBossRankInfo is null
2023-11-24 04:00:00.507 [ScheduleThreadPool-test-thread-2] ERROR MessageUtil - adventureBossRankInfo is null
2023-11-24 04:00:00.609 [ScheduleThreadPool-test-thread-7] ERROR MessageUtil - adventureBossRankInfo is null
2023-11-24 04:00:00.813 [ScheduleThreadPool-test-thread-6] ERROR MessageUtil - adventureBossRankInfo is null
2023-11-24 04:01:02.325 [ScheduleThreadPool-test-thread-1] ERROR MessageUtil - adventureBossRankInfo is null
2023-11-24 04:01:02.351 [ScheduleThreadPool-test-thread-2] ERROR MessageUtil - adventureBossRankInfo is null
2023-11-24 04:01:02.422 [ScheduleThreadPool-test-thread-2] ERROR MessageUtil - adventureBossRankInfo is null
2023-11-24 04:01:02.585 [ScheduleThreadPool-test-thread-8] ERROR MessageUtil - adventureBossRankInfo is null
2023-11-24 04:01:06.541 [ScheduleThreadPool-test-thread-4] ERROR MessageUtil - adventureBossRankInfo is null
2023-11-24 04:02:00.189 [ScheduleThreadPool-test-thread-8] ERROR MessageUtil - adventureBossRankInfo is null
2023-11-24 04:02:00.220 [ScheduleThreadPool-test-thread-7] ERROR MessageUtil - adventureBossRankInfo is null
2023-11-24 04:02:00.412 [ScheduleThreadPool-test-thread-5] ERROR MessageUtil - adventureBossRankInfo is null
2023-11-24 04:02:00.505 [ScheduleThreadPool-test-thread-1] ERROR MessageUtil - adventureBossRankInfo is null
2023-11-24 04:02:00.606 [ScheduleThreadPool-test-thread-2] ERROR MessageUtil - adventureBossRankInfo is null
2023-11-24 04:03:00.168 [ScheduleThreadPool-test-thread-4] ERROR MessageUtil - adventureBossRankInfo is null
2023-11-24 04:03:00.218 [ScheduleThreadPool-test-thread-3] ERROR MessageUtil - adventureBossRankInfo is null
2023-11-24 04:03:00.415 [ScheduleThreadPool-test-thread-2] ERROR MessageUtil - adventureBossRankInfo is null
2023-11-24 04:03:00.504 [ScheduleThreadPool-test-thread-3] ERROR MessageUtil - adventureBossRankInfo is null
2023-11-24 04:03:00.605 [ScheduleThreadPool-test-thread-6] ERROR MessageUtil - adventureBossRankInfo is null
2023-11-24 04:04:00.150 [ScheduleThreadPool-test-thread-8] ERROR MessageUtil - adventureBossRankInfo is null
2023-11-24 04:04:00.234 [ScheduleThreadPool-test-thread-1] ERROR MessageUtil - adventureBossRankInfo is null
2023-11-24 04:04:00.410 [ScheduleThreadPool-test-thread-7] ERROR MessageUtil - adventureBossRankInfo is null
2023-11-24 04:04:00.505 [ScheduleThreadPool-test-thread-7] ERROR MessageUtil - adventureBossRankInfo is null
2023-11-24 04:04:00.607 [ScheduleThreadPool-test-thread-5] ERROR MessageUtil - adventureBossRankInfo is null
2023-11-24 04:05:00.144 [ScheduleThreadPool-test-thread-2] ERROR MessageUtil - adventureBossRankInfo is null
2023-11-24 04:05:00.220 [ScheduleThreadPool-test-thread-7] ERROR MessageUtil - adventureBossRankInfo is null
2023-11-24 04:05:00.410 [ScheduleThreadPool-test-thread-7] ERROR MessageUtil - adventureBossRankInfo is null
2023-11-24 04:05:00.506 [ScheduleThreadPool-test-thread-7] ERROR MessageUtil - adventureBossRankInfo is null
2023-11-24 04:05:00.602 [ScheduleThreadPool-test-thread-4] ERROR MessageUtil - adventureBossRankInfo is null
2023-11-24 04:06:00.158 [ScheduleThreadPool-test-thread-4] ERROR MessageUtil - adventureBossRankInfo is null
2023-11-24 04:06:00.215 [ScheduleThreadPool-test-thread-7] ERROR MessageUtil - adventureBossRankInfo is null
2023-11-24 04:06:00.407 [ScheduleThreadPool-test-thread-1] ERROR MessageUtil - adventureBossRankInfo is null
2023-11-24 04:06:00.504 [ScheduleThreadPool-test-thread-5] ERROR MessageUtil - adventureBossRankInfo is null
2023-11-24 04:06:00.607 [ScheduleThreadPool-test-thread-5] ERROR MessageUtil - adventureBossRankInfo is null
2023-11-24 04:07:00.147 [ScheduleThreadPool-test-thread-8] ERROR MessageUtil - adventureBossRankInfo is null
2023-11-24 04:07:00.217 [ScheduleThreadPool-test-thread-6] ERROR MessageUtil - adventureBossRankInfo is null
2023-11-24 04:07:00.406 [ScheduleThreadPool-test-thread-2] ERROR MessageUtil - adventureBossRankInfo is null
2023-11-24 04:07:00.510 [ScheduleThreadPool-test-thread-1] ERROR MessageUtil - adventureBossRankInfo is null
2023-11-24 04:07:00.600 [ScheduleThreadPool-test-thread-2] ERROR MessageUtil - adventureBossRankInfo is null
2023-11-24 04:08:00.141 [ScheduleThreadPool-test-thread-4] ERROR MessageUtil - adventureBossRankInfo is null
2023-11-24 04:08:00.213 [ScheduleThreadPool-test-thread-7] ERROR MessageUtil - adventureBossRankInfo is null
2023-11-24 04:08:00.406 [ScheduleThreadPool-test-thread-3] ERROR MessageUtil - adventureBossRankInfo is null
2023-11-24 04:08:00.508 [ScheduleThreadPool-test-thread-5] ERROR MessageUtil - adventureBossRankInfo is null
2023-11-24 04:08:00.598 [ScheduleThreadPool-test-thread-5] ERROR MessageUtil - adventureBossRankInfo is null
2023-11-24 04:09:00.144 [ScheduleThreadPool-test-thread-2] ERROR MessageUtil - adventureBossRankInfo is null
2023-11-24 04:09:00.213 [ScheduleThreadPool-test-thread-7] ERROR MessageUtil - adventureBossRankInfo is null
2023-11-24 04:09:00.407 [ScheduleThreadPool-test-thread-4] ERROR MessageUtil - adventureBossRankInfo is null
2023-11-24 04:09:00.502 [ScheduleThreadPool-test-thread-1] ERROR MessageUtil - adventureBossRankInfo is null
2023-11-24 04:09:00.599 [ScheduleThreadPool-test-thread-6] ERROR MessageUtil - adventureBossRankInfo is null
2023-11-24 04:10:00.146 [ScheduleThreadPool-test-thread-2] ERROR MessageUtil - adventureBossRankInfo is null
2023-11-24 04:10:00.214 [ScheduleThreadPool-test-thread-8] ERROR MessageUtil - adventureBossRankInfo is null
2023-11-24 04:10:00.410 [ScheduleThreadPool-test-thread-1] ERROR MessageUtil - adventureBossRankInfo is null
2023-11-24 04:10:00.503 [ScheduleThreadPool-test-thread-1] ERROR MessageUtil - adventureBossRankInfo is null
2023-11-24 04:10:00.597 [ScheduleThreadPool-test-thread-4] ERROR MessageUtil - adventureBossRankInfo is null
2023-11-24 04:11:00.140 [ScheduleThreadPool-test-thread-1] ERROR MessageUtil - adventureBossRankInfo is null
2023-11-24 04:11:00.221 [ScheduleThreadPool-test-thread-6] ERROR MessageUtil - adventureBossRankInfo is null
2023-11-24 04:11:00.407 [ScheduleThreadPool-test-thread-2] ERROR MessageUtil - adventureBossRankInfo is null
2023-11-24 04:11:00.509 [ScheduleThreadPool-test-thread-4] ERROR MessageUtil - adventureBossRankInfo is null
2023-11-24 04:11:00.600 [ScheduleThreadPool-test-thread-3] ERROR MessageUtil - adventureBossRankInfo is null
2023-11-24 04:12:00.140 [ScheduleThreadPool-test-thread-1] ERROR MessageUtil - adventureBossRankInfo is null
2023-11-24 04:12:00.212 [ScheduleThreadPool-test-thread-8] ERROR MessageUtil - adventureBossRankInfo is null
2023-11-24 04:12:00.405 [ScheduleThreadPool-test-thread-7] ERROR MessageUtil - adventureBossRankInfo is null
2023-11-24 04:12:00.509 [ScheduleThreadPool-test-thread-1] ERROR MessageUtil - adventureBossRankInfo is null
2023-11-24 04:12:00.598 [ScheduleThreadPool-test-thread-5] ERROR MessageUtil - adventureBossRankInfo is null
2023-11-24 04:13:00.146 [ScheduleThreadPool-test-thread-1] ERROR MessageUtil - adventureBossRankInfo is null
2023-11-24 04:13:00.210 [ScheduleThreadPool-test-thread-6] ERROR MessageUtil - adventureBossRankInfo is null
2023-11-24 04:13:00.406 [ScheduleThreadPool-test-thread-3] ERROR MessageUtil - adventureBossRankInfo is null
2023-11-24 04:13:00.507 [ScheduleThreadPool-test-thread-4] ERROR MessageUtil - adventureBossRankInfo is null
2023-11-24 04:13:00.603 [ScheduleThreadPool-test-thread-7] ERROR MessageUtil - adventureBossRankInfo is null
2023-11-24 04:14:00.144 [ScheduleThreadPool-test-thread-7] ERROR MessageUtil - adventureBossRankInfo is null
2023-11-24 04:14:00.215 [ScheduleThreadPool-test-thread-3] ERROR MessageUtil - adventureBossRankInfo is null
2023-11-24 04:14:00.410 [ScheduleThreadPool-test-thread-1] ERROR MessageUtil - adventureBossRankInfo is null
2023-11-24 04:14:00.505 [ScheduleThreadPool-test-thread-2] ERROR MessageUtil - adventureBossRankInfo is null
2023-11-24 04:14:00.598 [ScheduleThreadPool-test-thread-1] ERROR MessageUtil - adventureBossRankInfo is null
2023-11-24 04:15:00.143 [ScheduleThreadPool-test-thread-8] ERROR MessageUtil - adventureBossRankInfo is null
2023-11-24 04:15:00.213 [ScheduleThreadPool-test-thread-2] ERROR MessageUtil - adventureBossRankInfo is null
2023-11-24 04:15:00.406 [ScheduleThreadPool-test-thread-7] ERROR MessageUtil - adventureBossRankInfo is null
2023-11-24 04:15:00.503 [ScheduleThreadPool-test-thread-2] ERROR MessageUtil - adventureBossRankInfo is null
2023-11-24 04:15:00.602 [ScheduleThreadPool-test-thread-7] ERROR MessageUtil - adventureBossRankInfo is null
2023-11-24 04:16:00.183 [ScheduleThreadPool-test-thread-2] ERROR MessageUtil - adventureBossRankInfo is null
2023-11-24 04:16:00.218 [ScheduleThreadPool-test-thread-6] ERROR MessageUtil - adventureBossRankInfo is null
2023-11-24 04:16:00.407 [ScheduleThreadPool-test-thread-7] ERROR MessageUtil - adventureBossRankInfo is null
2023-11-24 04:16:00.505 [ScheduleThreadPool-test-thread-2] ERROR MessageUtil - adventureBossRankInfo is null
2023-11-24 04:16:00.604 [ScheduleThreadPool-test-thread-3] ERROR MessageUtil - adventureBossRankInfo is null
2023-11-24 04:17:00.160 [ScheduleThreadPool-test-thread-8] ERROR MessageUtil - adventureBossRankInfo is null
2023-11-24 04:17:00.212 [ScheduleThreadPool-test-thread-6] ERROR MessageUtil - adventureBossRankInfo is null
2023-11-24 04:17:00.404 [ScheduleThreadPool-test-thread-2] ERROR MessageUtil - adventureBossRankInfo is null
2023-11-24 04:17:00.508 [ScheduleThreadPool-test-thread-2] ERROR MessageUtil - adventureBossRankInfo is null
2023-11-24 04:17:00.606 [ScheduleThreadPool-test-thread-2] ERROR MessageUtil - adventureBossRankInfo is null
2023-11-24 04:18:00.159 [ScheduleThreadPool-test-thread-4] ERROR MessageUtil - adventureBossRankInfo is null
2023-11-24 04:18:00.226 [ScheduleThreadPool-test-thread-2] ERROR MessageUtil - adventureBossRankInfo is null
2023-11-24 04:18:00.406 [ScheduleThreadPool-test-thread-1] ERROR MessageUtil - adventureBossRankInfo is null
2023-11-24 04:18:00.507 [ScheduleThreadPool-test-thread-2] ERROR MessageUtil - adventureBossRankInfo is null
2023-11-24 04:18:00.604 [ScheduleThreadPool-test-thread-4] ERROR MessageUtil - adventureBossRankInfo is null
2023-11-24 04:19:00.154 [ScheduleThreadPool-test-thread-1] ERROR MessageUtil - adventureBossRankInfo is null
2023-11-24 04:19:00.242 [ScheduleThreadPool-test-thread-1] ERROR MessageUtil - adventureBossRankInfo is null
2023-11-24 04:19:00.407 [ScheduleThreadPool-test-thread-8] ERROR MessageUtil - adventureBossRankInfo is null
2023-11-24 04:19:00.508 [ScheduleThreadPool-test-thread-3] ERROR MessageUtil - adventureBossRankInfo is null
2023-11-24 04:19:00.599 [ScheduleThreadPool-test-thread-3] ERROR MessageUtil - adventureBossRankInfo is null
2023-11-24 04:20:00.156 [ScheduleThreadPool-test-thread-7] ERROR MessageUtil - adventureBossRankInfo is null
2023-11-24 04:20:00.215 [ScheduleThreadPool-test-thread-2] ERROR MessageUtil - adventureBossRankInfo is null
2023-11-24 04:20:00.410 [ScheduleThreadPool-test-thread-6] ERROR MessageUtil - adventureBossRankInfo is null
2023-11-24 04:20:00.504 [ScheduleThreadPool-test-thread-5] ERROR MessageUtil - adventureBossRankInfo is null
2023-11-24 04:20:00.605 [ScheduleThreadPool-test-thread-6] ERROR MessageUtil - adventureBossRankInfo is null
2023-11-24 04:21:00.148 [ScheduleThreadPool-test-thread-6] ERROR MessageUtil - adventureBossRankInfo is null
2023-11-24 04:21:00.217 [ScheduleThreadPool-test-thread-7] ERROR MessageUtil - adventureBossRankInfo is null
2023-11-24 04:21:00.408 [ScheduleThreadPool-test-thread-7] ERROR MessageUtil - adventureBossRankInfo is null
2023-11-24 04:21:00.509 [ScheduleThreadPool-test-thread-2] ERROR MessageUtil - adventureBossRankInfo is null
2023-11-24 04:21:00.601 [ScheduleThreadPool-test-thread-7] ERROR MessageUtil - adventureBossRankInfo is null
2023-11-24 04:22:00.157 [ScheduleThreadPool-test-thread-8] ERROR MessageUtil - adventureBossRankInfo is null
2023-11-24 04:22:00.214 [ScheduleThreadPool-test-thread-7] ERROR MessageUtil - adventureBossRankInfo is null
2023-11-24 04:22:00.410 [ScheduleThreadPool-test-thread-7] ERROR MessageUtil - adventureBossRankInfo is null
2023-11-24 04:22:00.506 [ScheduleThreadPool-test-thread-3] ERROR MessageUtil - adventureBossRankInfo is null
2023-11-24 04:22:00.599 [ScheduleThreadPool-test-thread-3] ERROR MessageUtil - adventureBossRankInfo is null
2023-11-24 04:23:00.143 [ScheduleThreadPool-test-thread-4] ERROR MessageUtil - adventureBossRankInfo is null
2023-11-24 04:23:00.212 [ScheduleThreadPool-test-thread-7] ERROR MessageUtil - adventureBossRankInfo is null
2023-11-24 04:23:00.409 [ScheduleThreadPool-test-thread-4] ERROR MessageUtil - adventureBossRankInfo is null
2023-11-24 04:23:00.510 [ScheduleThreadPool-test-thread-6] ERROR MessageUtil - adventureBossRankInfo is null
2023-11-24 04:23:00.603 [ScheduleThreadPool-test-thread-5] ERROR MessageUtil - adventureBossRankInfo is null
2023-11-24 04:24:00.332 [ScheduleThreadPool-test-thread-7] ERROR MessageUtil - adventureBossRankInfo is null
2023-11-24 04:24:00.422 [ScheduleThreadPool-test-thread-2] ERROR MessageUtil - adventureBossRankInfo is null
2023-11-24 04:24:00.425 [ScheduleThreadPool-test-thread-4] ERROR MessageUtil - adventureBossRankInfo is null
2023-11-24 04:24:00.522 [ScheduleThreadPool-test-thread-2] ERROR MessageUtil - adventureBossRankInfo is null
2023-11-24 04:24:00.607 [ScheduleThreadPool-test-thread-6] ERROR MessageUtil - adventureBossRankInfo is null
2023-11-24 04:25:00.239 [ScheduleThreadPool-test-thread-2] ERROR MessageUtil - adventureBossRankInfo is null
2023-11-24 04:25:00.409 [ScheduleThreadPool-test-thread-2] ERROR MessageUtil - adventureBossRankInfo is null
2023-11-24 04:25:00.413 [ScheduleThreadPool-test-thread-3] ERROR MessageUtil - adventureBossRankInfo is null
2023-11-24 04:25:00.511 [ScheduleThreadPool-test-thread-3] ERROR MessageUtil - adventureBossRankInfo is null
2023-11-24 04:25:00.603 [ScheduleThreadPool-test-thread-4] ERROR MessageUtil - adventureBossRankInfo is null
2023-11-24 04:26:00.223 [ScheduleThreadPool-test-thread-1] ERROR MessageUtil - adventureBossRankInfo is null
2023-11-24 04:26:00.407 [ScheduleThreadPool-test-thread-4] ERROR MessageUtil - adventureBossRankInfo is null
2023-11-24 04:26:00.414 [ScheduleThreadPool-test-thread-7] ERROR MessageUtil - adventureBossRankInfo is null
2023-11-24 04:26:00.508 [ScheduleThreadPool-test-thread-6] ERROR MessageUtil - adventureBossRankInfo is null
2023-11-24 04:26:00.603 [ScheduleThreadPool-test-thread-7] ERROR MessageUtil - adventureBossRankInfo is null
2023-11-24 04:26:28.724 [ScheduleThreadPool-test-thread-8] ERROR SecondsTask - e
org.springframework.data.redis.RedisConnectionFailureException: java.net.SocketTimeoutException: Read timed out; nested exception is redis.clients.jedis.exceptions.JedisConnectionException: java.net.SocketTimeoutException: Read timed out
	at org.springframework.data.redis.connection.jedis.JedisExceptionConverter.convert(JedisExceptionConverter.java:67)
	at org.springframework.data.redis.connection.jedis.JedisExceptionConverter.convert(JedisExceptionConverter.java:41)
	at org.springframework.data.redis.PassThroughExceptionTranslationStrategy.translate(PassThroughExceptionTranslationStrategy.java:37)
	at org.springframework.data.redis.FallbackExceptionTranslationStrategy.translate(FallbackExceptionTranslationStrategy.java:37)
	at org.springframework.data.redis.connection.jedis.JedisConnection.convertJedisAccessException(JedisConnection.java:241)
	at org.springframework.data.redis.connection.jedis.JedisConnection.hGetAll(JedisConnection.java:3001)
	at org.springframework.data.redis.connection.DefaultStringRedisConnection.hGetAll(DefaultStringRedisConnection.java:372)
	at org.springframework.data.redis.core.DefaultHashOperations$13.doInRedis(DefaultHashOperations.java:223)
	at org.springframework.data.redis.core.DefaultHashOperations$13.doInRedis(DefaultHashOperations.java:220)
	at org.springframework.data.redis.core.RedisTemplate.execute(RedisTemplate.java:207)
	at org.springframework.data.redis.core.RedisTemplate.execute(RedisTemplate.java:169)
	at org.springframework.data.redis.core.AbstractOperations.execute(AbstractOperations.java:91)
	at org.springframework.data.redis.core.DefaultHashOperations.entries(DefaultHashOperations.java:220)
	at com.ljsd.jieling.db.redis.RedisUtil.getMapValues(RedisUtil.java:1401)
	at com.ljsd.jieling.logic.championship.ChampionshipLogic.minuteCheck(ChampionshipLogic.java:1414)
	at com.ljsd.jieling.thread.task.SecondsTask.run(SecondsTask.java:21)
	at java.util.concurrent.Executors$RunnableAdapter.call(Executors.java:511)
	at java.util.concurrent.FutureTask.runAndReset(FutureTask.java:308)
	at java.util.concurrent.ScheduledThreadPoolExecutor$ScheduledFutureTask.access$301(ScheduledThreadPoolExecutor.java:180)
	at java.util.concurrent.ScheduledThreadPoolExecutor$ScheduledFutureTask.run(ScheduledThreadPoolExecutor.java:294)
	at java.util.concurrent.ThreadPoolExecutor.runWorker(ThreadPoolExecutor.java:1149)
	at java.util.concurrent.ThreadPoolExecutor$Worker.run(ThreadPoolExecutor.java:624)
	at java.lang.Thread.run(Thread.java:750)
Caused by: redis.clients.jedis.exceptions.JedisConnectionException: java.net.SocketTimeoutException: Read timed out
	at redis.clients.util.RedisInputStream.ensureFill(RedisInputStream.java:202)
	at redis.clients.util.RedisInputStream.readByte(RedisInputStream.java:40)
	at redis.clients.jedis.Protocol.process(Protocol.java:151)
	at redis.clients.jedis.Protocol.read(Protocol.java:215)
	at redis.clients.jedis.Connection.readProtocolWithCheckingBroken(Connection.java:340)
	at redis.clients.jedis.Connection.getBinaryMultiBulkReply(Connection.java:276)
	at redis.clients.jedis.BinaryJedis.hgetAll(BinaryJedis.java:1028)
	at org.springframework.data.redis.connection.jedis.JedisConnection.hGetAll(JedisConnection.java:2999)
	... 17 common frames omitted
Caused by: java.net.SocketTimeoutException: Read timed out
	at java.net.SocketInputStream.socketRead0(Native Method)
	at java.net.SocketInputStream.socketRead(SocketInputStream.java:116)
	at java.net.SocketInputStream.read(SocketInputStream.java:171)
	at java.net.SocketInputStream.read(SocketInputStream.java:141)
	at java.net.SocketInputStream.read(SocketInputStream.java:127)
	at redis.clients.util.RedisInputStream.ensureFill(RedisInputStream.java:196)
	... 24 common frames omitted
2023-11-24 04:26:28.748 [ScheduleThreadPool-test-thread-8] ERROR SecondsTask - e
org.springframework.data.redis.RedisConnectionFailureException: java.net.SocketTimeoutException: Read timed out; nested exception is redis.clients.jedis.exceptions.JedisConnectionException: java.net.SocketTimeoutException: Read timed out
	at org.springframework.data.redis.connection.jedis.JedisExceptionConverter.convert(JedisExceptionConverter.java:67)
	at org.springframework.data.redis.connection.jedis.JedisExceptionConverter.convert(JedisExceptionConverter.java:41)
	at org.springframework.data.redis.PassThroughExceptionTranslationStrategy.translate(PassThroughExceptionTranslationStrategy.java:37)
	at org.springframework.data.redis.FallbackExceptionTranslationStrategy.translate(FallbackExceptionTranslationStrategy.java:37)
	at org.springframework.data.redis.connection.jedis.JedisConnection.convertJedisAccessException(JedisConnection.java:241)
	at org.springframework.data.redis.connection.jedis.JedisConnection.hGetAll(JedisConnection.java:3001)
	at org.springframework.data.redis.connection.DefaultStringRedisConnection.hGetAll(DefaultStringRedisConnection.java:372)
	at org.springframework.data.redis.core.DefaultHashOperations$13.doInRedis(DefaultHashOperations.java:223)
	at org.springframework.data.redis.core.DefaultHashOperations$13.doInRedis(DefaultHashOperations.java:220)
	at org.springframework.data.redis.core.RedisTemplate.execute(RedisTemplate.java:207)
	at org.springframework.data.redis.core.RedisTemplate.execute(RedisTemplate.java:169)
	at org.springframework.data.redis.core.AbstractOperations.execute(AbstractOperations.java:91)
	at org.springframework.data.redis.core.DefaultHashOperations.entries(DefaultHashOperations.java:220)
	at com.ljsd.jieling.db.redis.RedisUtil.getMapValues(RedisUtil.java:1401)
	at com.ljsd.jieling.logic.championship.ChampionshipLogic.minuteCheck(ChampionshipLogic.java:1414)
	at com.ljsd.jieling.thread.task.SecondsTask.run(SecondsTask.java:21)
	at java.util.concurrent.Executors$RunnableAdapter.call(Executors.java:511)
	at java.util.concurrent.FutureTask.runAndReset(FutureTask.java:308)
	at java.util.concurrent.ScheduledThreadPoolExecutor$ScheduledFutureTask.access$301(ScheduledThreadPoolExecutor.java:180)
	at java.util.concurrent.ScheduledThreadPoolExecutor$ScheduledFutureTask.run(ScheduledThreadPoolExecutor.java:294)
	at java.util.concurrent.ThreadPoolExecutor.runWorker(ThreadPoolExecutor.java:1149)
	at java.util.concurrent.ThreadPoolExecutor$Worker.run(ThreadPoolExecutor.java:624)
	at java.lang.Thread.run(Thread.java:750)
Caused by: redis.clients.jedis.exceptions.JedisConnectionException: java.net.SocketTimeoutException: Read timed out
	at redis.clients.util.RedisInputStream.ensureFill(RedisInputStream.java:202)
	at redis.clients.util.RedisInputStream.readByte(RedisInputStream.java:40)
	at redis.clients.jedis.Protocol.process(Protocol.java:151)
	at redis.clients.jedis.Protocol.read(Protocol.java:215)
	at redis.clients.jedis.Connection.readProtocolWithCheckingBroken(Connection.java:340)
	at redis.clients.jedis.Connection.getBinaryMultiBulkReply(Connection.java:276)
	at redis.clients.jedis.BinaryJedis.hgetAll(BinaryJedis.java:1028)
	at org.springframework.data.redis.connection.jedis.JedisConnection.hGetAll(JedisConnection.java:2999)
	... 17 common frames omitted
Caused by: java.net.SocketTimeoutException: Read timed out
	at java.net.SocketInputStream.socketRead0(Native Method)
	at java.net.SocketInputStream.socketRead(SocketInputStream.java:116)
	at java.net.SocketInputStream.read(SocketInputStream.java:171)
	at java.net.SocketInputStream.read(SocketInputStream.java:141)
	at java.net.SocketInputStream.read(SocketInputStream.java:127)
	at redis.clients.util.RedisInputStream.ensureFill(RedisInputStream.java:196)
	... 24 common frames omitted
2023-11-24 04:26:28.788 [ScheduleThreadPool-test-thread-6] ERROR SecondsTask - e
org.springframework.data.redis.RedisConnectionFailureException: java.net.SocketTimeoutException: Read timed out; nested exception is redis.clients.jedis.exceptions.JedisConnectionException: java.net.SocketTimeoutException: Read timed out
	at org.springframework.data.redis.connection.jedis.JedisExceptionConverter.convert(JedisExceptionConverter.java:67)
	at org.springframework.data.redis.connection.jedis.JedisExceptionConverter.convert(JedisExceptionConverter.java:41)
	at org.springframework.data.redis.PassThroughExceptionTranslationStrategy.translate(PassThroughExceptionTranslationStrategy.java:37)
	at org.springframework.data.redis.FallbackExceptionTranslationStrategy.translate(FallbackExceptionTranslationStrategy.java:37)
	at org.springframework.data.redis.connection.jedis.JedisConnection.convertJedisAccessException(JedisConnection.java:241)
	at org.springframework.data.redis.connection.jedis.JedisConnection.hGetAll(JedisConnection.java:3001)
	at org.springframework.data.redis.connection.DefaultStringRedisConnection.hGetAll(DefaultStringRedisConnection.java:372)
	at org.springframework.data.redis.core.DefaultHashOperations$13.doInRedis(DefaultHashOperations.java:223)
	at org.springframework.data.redis.core.DefaultHashOperations$13.doInRedis(DefaultHashOperations.java:220)
	at org.springframework.data.redis.core.RedisTemplate.execute(RedisTemplate.java:207)
	at org.springframework.data.redis.core.RedisTemplate.execute(RedisTemplate.java:169)
	at org.springframework.data.redis.core.AbstractOperations.execute(AbstractOperations.java:91)
	at org.springframework.data.redis.core.DefaultHashOperations.entries(DefaultHashOperations.java:220)
	at com.ljsd.jieling.db.redis.RedisUtil.getMapValues(RedisUtil.java:1401)
	at com.ljsd.jieling.logic.championship.ChampionshipLogic.minuteCheck(ChampionshipLogic.java:1414)
	at com.ljsd.jieling.thread.task.SecondsTask.run(SecondsTask.java:21)
	at java.util.concurrent.Executors$RunnableAdapter.call(Executors.java:511)
	at java.util.concurrent.FutureTask.runAndReset(FutureTask.java:308)
	at java.util.concurrent.ScheduledThreadPoolExecutor$ScheduledFutureTask.access$301(ScheduledThreadPoolExecutor.java:180)
	at java.util.concurrent.ScheduledThreadPoolExecutor$ScheduledFutureTask.run(ScheduledThreadPoolExecutor.java:294)
	at java.util.concurrent.ThreadPoolExecutor.runWorker(ThreadPoolExecutor.java:1149)
	at java.util.concurrent.ThreadPoolExecutor$Worker.run(ThreadPoolExecutor.java:624)
	at java.lang.Thread.run(Thread.java:750)
Caused by: redis.clients.jedis.exceptions.JedisConnectionException: java.net.SocketTimeoutException: Read timed out
	at redis.clients.util.RedisInputStream.ensureFill(RedisInputStream.java:202)
	at redis.clients.util.RedisInputStream.readByte(RedisInputStream.java:40)
	at redis.clients.jedis.Protocol.process(Protocol.java:151)
	at redis.clients.jedis.Protocol.read(Protocol.java:215)
	at redis.clients.jedis.Connection.readProtocolWithCheckingBroken(Connection.java:340)
	at redis.clients.jedis.Connection.getBinaryMultiBulkReply(Connection.java:276)
	at redis.clients.jedis.BinaryJedis.hgetAll(BinaryJedis.java:1028)
	at org.springframework.data.redis.connection.jedis.JedisConnection.hGetAll(JedisConnection.java:2999)
	... 17 common frames omitted
Caused by: java.net.SocketTimeoutException: Read timed out
	at java.net.SocketInputStream.socketRead0(Native Method)
	at java.net.SocketInputStream.socketRead(SocketInputStream.java:116)
	at java.net.SocketInputStream.read(SocketInputStream.java:171)
	at java.net.SocketInputStream.read(SocketInputStream.java:141)
	at java.net.SocketInputStream.read(SocketInputStream.java:127)
	at redis.clients.util.RedisInputStream.ensureFill(RedisInputStream.java:196)
	... 24 common frames omitted
2023-11-24 04:26:28.863 [ScheduleThreadPool-test-thread-7] ERROR SecondsTask - e
org.springframework.data.redis.RedisConnectionFailureException: java.net.SocketTimeoutException: Read timed out; nested exception is redis.clients.jedis.exceptions.JedisConnectionException: java.net.SocketTimeoutException: Read timed out
	at org.springframework.data.redis.connection.jedis.JedisExceptionConverter.convert(JedisExceptionConverter.java:67)
	at org.springframework.data.redis.connection.jedis.JedisExceptionConverter.convert(JedisExceptionConverter.java:41)
	at org.springframework.data.redis.PassThroughExceptionTranslationStrategy.translate(PassThroughExceptionTranslationStrategy.java:37)
	at org.springframework.data.redis.FallbackExceptionTranslationStrategy.translate(FallbackExceptionTranslationStrategy.java:37)
	at org.springframework.data.redis.connection.jedis.JedisConnection.convertJedisAccessException(JedisConnection.java:241)
	at org.springframework.data.redis.connection.jedis.JedisConnection.hGetAll(JedisConnection.java:3001)
	at org.springframework.data.redis.connection.DefaultStringRedisConnection.hGetAll(DefaultStringRedisConnection.java:372)
	at org.springframework.data.redis.core.DefaultHashOperations$13.doInRedis(DefaultHashOperations.java:223)
	at org.springframework.data.redis.core.DefaultHashOperations$13.doInRedis(DefaultHashOperations.java:220)
	at org.springframework.data.redis.core.RedisTemplate.execute(RedisTemplate.java:207)
	at org.springframework.data.redis.core.RedisTemplate.execute(RedisTemplate.java:169)
	at org.springframework.data.redis.core.AbstractOperations.execute(AbstractOperations.java:91)
	at org.springframework.data.redis.core.DefaultHashOperations.entries(DefaultHashOperations.java:220)
	at com.ljsd.jieling.db.redis.RedisUtil.getMapValues(RedisUtil.java:1401)
	at com.ljsd.jieling.logic.championship.ChampionshipLogic.minuteCheck(ChampionshipLogic.java:1414)
	at com.ljsd.jieling.thread.task.SecondsTask.run(SecondsTask.java:21)
	at java.util.concurrent.Executors$RunnableAdapter.call(Executors.java:511)
	at java.util.concurrent.FutureTask.runAndReset(FutureTask.java:308)
	at java.util.concurrent.ScheduledThreadPoolExecutor$ScheduledFutureTask.access$301(ScheduledThreadPoolExecutor.java:180)
	at java.util.concurrent.ScheduledThreadPoolExecutor$ScheduledFutureTask.run(ScheduledThreadPoolExecutor.java:294)
	at java.util.concurrent.ThreadPoolExecutor.runWorker(ThreadPoolExecutor.java:1149)
	at java.util.concurrent.ThreadPoolExecutor$Worker.run(ThreadPoolExecutor.java:624)
	at java.lang.Thread.run(Thread.java:750)
Caused by: redis.clients.jedis.exceptions.JedisConnectionException: java.net.SocketTimeoutException: Read timed out
	at redis.clients.util.RedisInputStream.ensureFill(RedisInputStream.java:202)
	at redis.clients.util.RedisInputStream.readByte(RedisInputStream.java:40)
	at redis.clients.jedis.Protocol.process(Protocol.java:151)
	at redis.clients.jedis.Protocol.read(Protocol.java:215)
	at redis.clients.jedis.Connection.readProtocolWithCheckingBroken(Connection.java:340)
	at redis.clients.jedis.Connection.getBinaryMultiBulkReply(Connection.java:276)
	at redis.clients.jedis.BinaryJedis.hgetAll(BinaryJedis.java:1028)
	at org.springframework.data.redis.connection.jedis.JedisConnection.hGetAll(JedisConnection.java:2999)
	... 17 common frames omitted
Caused by: java.net.SocketTimeoutException: Read timed out
	at java.net.SocketInputStream.socketRead0(Native Method)
	at java.net.SocketInputStream.socketRead(SocketInputStream.java:116)
	at java.net.SocketInputStream.read(SocketInputStream.java:171)
	at java.net.SocketInputStream.read(SocketInputStream.java:141)
	at java.net.SocketInputStream.read(SocketInputStream.java:127)
	at redis.clients.util.RedisInputStream.ensureFill(RedisInputStream.java:196)
	... 24 common frames omitted
2023-11-24 04:27:00.474 [ScheduleThreadPool-test-thread-8] ERROR MessageUtil - adventureBossRankInfo is null
2023-11-24 04:27:00.476 [ScheduleThreadPool-test-thread-8] ERROR MessageUtil - adventureBossRankInfo is null
2023-11-24 04:27:00.593 [ScheduleThreadPool-test-thread-1] ERROR MessageUtil - adventureBossRankInfo is null
2023-11-24 04:27:00.620 [ScheduleThreadPool-test-thread-5] ERROR MessageUtil - adventureBossRankInfo is null
2023-11-24 04:27:00.717 [ScheduleThreadPool-test-thread-1] ERROR MessageUtil - adventureBossRankInfo is null
2023-11-24 04:28:00.417 [ScheduleThreadPool-test-thread-6] ERROR MessageUtil - adventureBossRankInfo is null
2023-11-24 04:28:00.418 [ScheduleThreadPool-test-thread-7] ERROR MessageUtil - adventureBossRankInfo is null
2023-11-24 04:28:00.509 [ScheduleThreadPool-test-thread-6] ERROR MessageUtil - adventureBossRankInfo is null
2023-11-24 04:28:00.717 [ScheduleThreadPool-test-thread-3] ERROR MessageUtil - adventureBossRankInfo is null
2023-11-24 04:28:47.881 [ScheduleThreadPool-test-thread-7] ERROR MessageUtil - adventureBossRankInfo is null
2023-11-24 04:29:00.503 [ScheduleThreadPool-test-thread-4] ERROR MessageUtil - adventureBossRankInfo is null
2023-11-24 04:29:00.519 [ScheduleThreadPool-test-thread-4] ERROR MessageUtil - adventureBossRankInfo is null
2023-11-24 04:29:00.556 [ScheduleThreadPool-test-thread-6] ERROR MessageUtil - adventureBossRankInfo is null
2023-11-24 04:29:00.731 [ScheduleThreadPool-test-thread-7] ERROR MessageUtil - adventureBossRankInfo is null
2023-11-24 04:29:00.878 [ScheduleThreadPool-test-thread-2] ERROR MessageUtil - adventureBossRankInfo is null
2023-11-24 04:30:00.413 [ScheduleThreadPool-test-thread-6] ERROR MessageUtil - adventureBossRankInfo is null
2023-11-24 04:30:00.416 [ScheduleThreadPool-test-thread-3] ERROR MessageUtil - adventureBossRankInfo is null
2023-11-24 04:30:00.511 [ScheduleThreadPool-test-thread-7] ERROR MessageUtil - adventureBossRankInfo is null
2023-11-24 04:30:00.714 [ScheduleThreadPool-test-thread-1] ERROR MessageUtil - adventureBossRankInfo is null
2023-11-24 04:30:00.873 [ScheduleThreadPool-test-thread-7] ERROR MessageUtil - adventureBossRankInfo is null
2023-11-24 04:31:00.410 [ScheduleThreadPool-test-thread-5] ERROR MessageUtil - adventureBossRankInfo is null
2023-11-24 04:31:00.421 [ScheduleThreadPool-test-thread-1] ERROR MessageUtil - adventureBossRankInfo is null
2023-11-24 04:31:00.512 [ScheduleThreadPool-test-thread-2] ERROR MessageUtil - adventureBossRankInfo is null
2023-11-24 04:31:00.716 [ScheduleThreadPool-test-thread-3] ERROR MessageUtil - adventureBossRankInfo is null
2023-11-24 04:31:00.876 [ScheduleThreadPool-test-thread-6] ERROR MessageUtil - adventureBossRankInfo is null
2023-11-24 04:32:00.408 [ScheduleThreadPool-test-thread-3] ERROR MessageUtil - adventureBossRankInfo is null
2023-11-24 04:32:00.409 [ScheduleThreadPool-test-thread-2] ERROR MessageUtil - adventureBossRankInfo is null
2023-11-24 04:32:00.504 [ScheduleThreadPool-test-thread-2] ERROR MessageUtil - adventureBossRankInfo is null
2023-11-24 04:32:00.717 [ScheduleThreadPool-test-thread-5] ERROR MessageUtil - adventureBossRankInfo is null
2023-11-24 04:32:00.876 [ScheduleThreadPool-test-thread-5] ERROR MessageUtil - adventureBossRankInfo is null
2023-11-24 04:33:00.412 [ScheduleThreadPool-test-thread-1] ERROR MessageUtil - adventureBossRankInfo is null
2023-11-24 04:33:00.413 [ScheduleThreadPool-test-thread-7] ERROR MessageUtil - adventureBossRankInfo is null
2023-11-24 04:33:00.505 [ScheduleThreadPool-test-thread-3] ERROR MessageUtil - adventureBossRankInfo is null
2023-11-24 04:33:00.717 [ScheduleThreadPool-test-thread-4] ERROR MessageUtil - adventureBossRankInfo is null
2023-11-24 04:33:00.874 [ScheduleThreadPool-test-thread-1] ERROR MessageUtil - adventureBossRankInfo is null
2023-11-24 04:34:00.410 [ScheduleThreadPool-test-thread-4] ERROR MessageUtil - adventureBossRankInfo is null
2023-11-24 04:34:00.411 [ScheduleThreadPool-test-thread-3] ERROR MessageUtil - adventureBossRankInfo is null
2023-11-24 04:34:00.507 [ScheduleThreadPool-test-thread-6] ERROR MessageUtil - adventureBossRankInfo is null
2023-11-24 04:34:00.714 [ScheduleThreadPool-test-thread-5] ERROR MessageUtil - adventureBossRankInfo is null
2023-11-24 04:34:00.877 [ScheduleThreadPool-test-thread-8] ERROR MessageUtil - adventureBossRankInfo is null
2023-11-24 04:35:00.410 [ScheduleThreadPool-test-thread-6] ERROR MessageUtil - adventureBossRankInfo is null
2023-11-24 04:35:00.411 [ScheduleThreadPool-test-thread-4] ERROR MessageUtil - adventureBossRankInfo is null
2023-11-24 04:35:00.509 [ScheduleThreadPool-test-thread-6] ERROR MessageUtil - adventureBossRankInfo is null
2023-11-24 04:35:00.717 [ScheduleThreadPool-test-thread-1] ERROR MessageUtil - adventureBossRankInfo is null
2023-11-24 04:35:00.877 [ScheduleThreadPool-test-thread-7] ERROR MessageUtil - adventureBossRankInfo is null
2023-11-24 04:36:00.408 [ScheduleThreadPool-test-thread-1] ERROR MessageUtil - adventureBossRankInfo is null
2023-11-24 04:36:00.409 [ScheduleThreadPool-test-thread-5] ERROR MessageUtil - adventureBossRankInfo is null
2023-11-24 04:36:00.504 [ScheduleThreadPool-test-thread-7] ERROR MessageUtil - adventureBossRankInfo is null
2023-11-24 04:36:00.718 [ScheduleThreadPool-test-thread-2] ERROR MessageUtil - adventureBossRankInfo is null
2023-11-24 04:36:00.877 [ScheduleThreadPool-test-thread-7] ERROR MessageUtil - adventureBossRankInfo is null
2023-11-24 04:37:00.408 [ScheduleThreadPool-test-thread-4] ERROR MessageUtil - adventureBossRankInfo is null
2023-11-24 04:37:00.411 [ScheduleThreadPool-test-thread-6] ERROR MessageUtil - adventureBossRankInfo is null
2023-11-24 04:37:00.507 [ScheduleThreadPool-test-thread-2] ERROR MessageUtil - adventureBossRankInfo is null
2023-11-24 04:37:00.718 [ScheduleThreadPool-test-thread-2] ERROR MessageUtil - adventureBossRankInfo is null
2023-11-24 04:37:00.874 [ScheduleThreadPool-test-thread-4] ERROR MessageUtil - adventureBossRankInfo is null
2023-11-24 04:38:00.408 [ScheduleThreadPool-test-thread-6] ERROR MessageUtil - adventureBossRankInfo is null
2023-11-24 04:38:00.414 [ScheduleThreadPool-test-thread-8] ERROR MessageUtil - adventureBossRankInfo is null
2023-11-24 04:38:00.504 [ScheduleThreadPool-test-thread-6] ERROR MessageUtil - adventureBossRankInfo is null
2023-11-24 04:38:00.715 [ScheduleThreadPool-test-thread-1] ERROR MessageUtil - adventureBossRankInfo is null
2023-11-24 04:38:00.876 [ScheduleThreadPool-test-thread-4] ERROR MessageUtil - adventureBossRankInfo is null
2023-11-24 04:39:00.408 [ScheduleThreadPool-test-thread-2] ERROR MessageUtil - adventureBossRankInfo is null
2023-11-24 04:39:00.411 [ScheduleThreadPool-test-thread-4] ERROR MessageUtil - adventureBossRankInfo is null
2023-11-24 04:39:00.510 [ScheduleThreadPool-test-thread-6] ERROR MessageUtil - adventureBossRankInfo is null
2023-11-24 04:39:00.713 [ScheduleThreadPool-test-thread-6] ERROR MessageUtil - adventureBossRankInfo is null
2023-11-24 04:39:00.875 [ScheduleThreadPool-test-thread-4] ERROR MessageUtil - adventureBossRankInfo is null
2023-11-24 04:40:00.407 [ScheduleThreadPool-test-thread-1] ERROR MessageUtil - adventureBossRankInfo is null
2023-11-24 04:40:00.416 [ScheduleThreadPool-test-thread-8] ERROR MessageUtil - adventureBossRankInfo is null
2023-11-24 04:40:00.506 [ScheduleThreadPool-test-thread-1] ERROR MessageUtil - adventureBossRankInfo is null
2023-11-24 04:40:00.714 [ScheduleThreadPool-test-thread-3] ERROR MessageUtil - adventureBossRankInfo is null
2023-11-24 04:40:00.872 [ScheduleThreadPool-test-thread-1] ERROR MessageUtil - adventureBossRankInfo is null
2023-11-24 04:41:00.411 [ScheduleThreadPool-test-thread-3] ERROR MessageUtil - adventureBossRankInfo is null
2023-11-24 04:41:00.411 [ScheduleThreadPool-test-thread-6] ERROR MessageUtil - adventureBossRankInfo is null
2023-11-24 04:41:00.508 [ScheduleThreadPool-test-thread-3] ERROR MessageUtil - adventureBossRankInfo is null
2023-11-24 04:41:00.713 [ScheduleThreadPool-test-thread-7] ERROR MessageUtil - adventureBossRankInfo is null
2023-11-24 04:41:00.875 [ScheduleThreadPool-test-thread-7] ERROR MessageUtil - adventureBossRankInfo is null
2023-11-24 04:42:00.415 [ScheduleThreadPool-test-thread-8] ERROR MessageUtil - adventureBossRankInfo is null
2023-11-24 04:42:00.422 [ScheduleThreadPool-test-thread-8] ERROR MessageUtil - adventureBossRankInfo is null
2023-11-24 04:42:00.507 [ScheduleThreadPool-test-thread-5] ERROR MessageUtil - adventureBossRankInfo is null
2023-11-24 04:42:00.714 [ScheduleThreadPool-test-thread-2] ERROR MessageUtil - adventureBossRankInfo is null
2023-11-24 04:42:00.872 [ScheduleThreadPool-test-thread-7] ERROR MessageUtil - adventureBossRankInfo is null
2023-11-24 04:43:00.410 [ScheduleThreadPool-test-thread-5] ERROR MessageUtil - adventureBossRankInfo is null
2023-11-24 04:43:00.417 [ScheduleThreadPool-test-thread-3] ERROR MessageUtil - adventureBossRankInfo is null
2023-11-24 04:43:00.507 [ScheduleThreadPool-test-thread-4] ERROR MessageUtil - adventureBossRankInfo is null
2023-11-24 04:43:00.714 [ScheduleThreadPool-test-thread-7] ERROR MessageUtil - adventureBossRankInfo is null
2023-11-24 04:43:00.888 [ScheduleThreadPool-test-thread-7] ERROR MessageUtil - adventureBossRankInfo is null
2023-11-24 04:44:00.407 [ScheduleThreadPool-test-thread-2] ERROR MessageUtil - adventureBossRankInfo is null
2023-11-24 04:44:00.413 [ScheduleThreadPool-test-thread-6] ERROR MessageUtil - adventureBossRankInfo is null
2023-11-24 04:44:00.508 [ScheduleThreadPool-test-thread-4] ERROR MessageUtil - adventureBossRankInfo is null
2023-11-24 04:44:00.713 [ScheduleThreadPool-test-thread-3] ERROR MessageUtil - adventureBossRankInfo is null
2023-11-24 04:44:00.875 [ScheduleThreadPool-test-thread-2] ERROR MessageUtil - adventureBossRankInfo is null
2023-11-24 04:45:00.405 [ScheduleThreadPool-test-thread-5] ERROR MessageUtil - adventureBossRankInfo is null
2023-11-24 04:45:00.411 [ScheduleThreadPool-test-thread-4] ERROR MessageUtil - adventureBossRankInfo is null
2023-11-24 04:45:00.503 [ScheduleThreadPool-test-thread-6] ERROR MessageUtil - adventureBossRankInfo is null
2023-11-24 04:45:00.716 [ScheduleThreadPool-test-thread-2] ERROR MessageUtil - adventureBossRankInfo is null
2023-11-24 04:45:00.876 [ScheduleThreadPool-test-thread-1] ERROR MessageUtil - adventureBossRankInfo is null
2023-11-24 04:46:00.406 [ScheduleThreadPool-test-thread-5] ERROR MessageUtil - adventureBossRankInfo is null
2023-11-24 04:46:00.416 [ScheduleThreadPool-test-thread-7] ERROR MessageUtil - adventureBossRankInfo is null
2023-11-24 04:46:00.510 [ScheduleThreadPool-test-thread-7] ERROR MessageUtil - adventureBossRankInfo is null
2023-11-24 04:46:00.715 [ScheduleThreadPool-test-thread-3] ERROR MessageUtil - adventureBossRankInfo is null
2023-11-24 04:46:00.878 [ScheduleThreadPool-test-thread-7] ERROR MessageUtil - adventureBossRankInfo is null
2023-11-24 04:47:00.409 [ScheduleThreadPool-test-thread-1] ERROR MessageUtil - adventureBossRankInfo is null
2023-11-24 04:47:00.412 [ScheduleThreadPool-test-thread-6] ERROR MessageUtil - adventureBossRankInfo is null
2023-11-24 04:47:00.506 [ScheduleThreadPool-test-thread-1] ERROR MessageUtil - adventureBossRankInfo is null
2023-11-24 04:47:00.711 [ScheduleThreadPool-test-thread-6] ERROR MessageUtil - adventureBossRankInfo is null
2023-11-24 04:47:00.875 [ScheduleThreadPool-test-thread-2] ERROR MessageUtil - adventureBossRankInfo is null
2023-11-24 04:48:00.406 [ScheduleThreadPool-test-thread-8] ERROR MessageUtil - adventureBossRankInfo is null
2023-11-24 04:48:00.408 [ScheduleThreadPool-test-thread-5] ERROR MessageUtil - adventureBossRankInfo is null
2023-11-24 04:48:00.508 [ScheduleThreadPool-test-thread-6] ERROR MessageUtil - adventureBossRankInfo is null
2023-11-24 04:48:00.719 [ScheduleThreadPool-test-thread-6] ERROR MessageUtil - adventureBossRankInfo is null
2023-11-24 04:48:00.871 [ScheduleThreadPool-test-thread-8] ERROR MessageUtil - adventureBossRankInfo is null
2023-11-24 04:49:00.434 [ScheduleThreadPool-test-thread-4] ERROR MessageUtil - adventureBossRankInfo is null
2023-11-24 04:49:00.444 [ScheduleThreadPool-test-thread-1] ERROR MessageUtil - adventureBossRankInfo is null
2023-11-24 04:49:00.509 [ScheduleThreadPool-test-thread-7] ERROR MessageUtil - adventureBossRankInfo is null
2023-11-24 04:49:00.713 [ScheduleThreadPool-test-thread-5] ERROR MessageUtil - adventureBossRankInfo is null
2023-11-24 04:49:00.875 [ScheduleThreadPool-test-thread-6] ERROR MessageUtil - adventureBossRankInfo is null
2023-11-24 04:50:00.410 [ScheduleThreadPool-test-thread-3] ERROR MessageUtil - adventureBossRankInfo is null
2023-11-24 04:50:00.411 [ScheduleThreadPool-test-thread-5] ERROR MessageUtil - adventureBossRankInfo is null
2023-11-24 04:50:00.507 [ScheduleThreadPool-test-thread-1] ERROR MessageUtil - adventureBossRankInfo is null
2023-11-24 04:50:00.716 [ScheduleThreadPool-test-thread-5] ERROR MessageUtil - adventureBossRankInfo is null
2023-11-24 04:50:00.873 [ScheduleThreadPool-test-thread-1] ERROR MessageUtil - adventureBossRankInfo is null
2023-11-24 04:51:00.405 [ScheduleThreadPool-test-thread-7] ERROR MessageUtil - adventureBossRankInfo is null
2023-11-24 04:51:00.407 [ScheduleThreadPool-test-thread-8] ERROR MessageUtil - adventureBossRankInfo is null
2023-11-24 04:51:00.513 [ScheduleThreadPool-test-thread-2] ERROR MessageUtil - adventureBossRankInfo is null
2023-11-24 04:51:00.713 [ScheduleThreadPool-test-thread-1] ERROR MessageUtil - adventureBossRankInfo is null
2023-11-24 04:51:00.875 [ScheduleThreadPool-test-thread-2] ERROR MessageUtil - adventureBossRankInfo is null
2023-11-24 04:52:00.451 [ScheduleThreadPool-test-thread-5] ERROR MessageUtil - adventureBossRankInfo is null
2023-11-24 04:52:00.451 [ScheduleThreadPool-test-thread-5] ERROR MessageUtil - adventureBossRankInfo is null
2023-11-24 04:52:00.502 [ScheduleThreadPool-test-thread-4] ERROR MessageUtil - adventureBossRankInfo is null
2023-11-24 04:52:00.718 [ScheduleThreadPool-test-thread-5] ERROR MessageUtil - adventureBossRankInfo is null
2023-11-24 04:52:00.874 [ScheduleThreadPool-test-thread-8] ERROR MessageUtil - adventureBossRankInfo is null
2023-11-24 04:53:00.407 [ScheduleThreadPool-test-thread-1] ERROR MessageUtil - adventureBossRankInfo is null
2023-11-24 04:53:00.416 [ScheduleThreadPool-test-thread-8] ERROR MessageUtil - adventureBossRankInfo is null
2023-11-24 04:53:00.502 [ScheduleThreadPool-test-thread-5] ERROR MessageUtil - adventureBossRankInfo is null
2023-11-24 04:53:00.715 [ScheduleThreadPool-test-thread-7] ERROR MessageUtil - adventureBossRankInfo is null
2023-11-24 04:53:00.881 [ScheduleThreadPool-test-thread-8] ERROR MessageUtil - adventureBossRankInfo is null
2023-11-24 04:54:00.409 [ScheduleThreadPool-test-thread-8] ERROR MessageUtil - adventureBossRankInfo is null
2023-11-24 04:54:00.411 [ScheduleThreadPool-test-thread-1] ERROR MessageUtil - adventureBossRankInfo is null
2023-11-24 04:54:00.502 [ScheduleThreadPool-test-thread-1] ERROR MessageUtil - adventureBossRankInfo is null
2023-11-24 04:54:00.715 [ScheduleThreadPool-test-thread-1] ERROR MessageUtil - adventureBossRankInfo is null
2023-11-24 04:54:00.879 [ScheduleThreadPool-test-thread-8] ERROR MessageUtil - adventureBossRankInfo is null
2023-11-24 04:55:00.412 [ScheduleThreadPool-test-thread-1] ERROR MessageUtil - adventureBossRankInfo is null
2023-11-24 04:55:00.413 [ScheduleThreadPool-test-thread-5] ERROR MessageUtil - adventureBossRankInfo is null
2023-11-24 04:55:00.509 [ScheduleThreadPool-test-thread-5] ERROR MessageUtil - adventureBossRankInfo is null
2023-11-24 04:55:00.718 [ScheduleThreadPool-test-thread-5] ERROR MessageUtil - adventureBossRankInfo is null
2023-11-24 04:55:00.876 [ScheduleThreadPool-test-thread-7] ERROR MessageUtil - adventureBossRankInfo is null
2023-11-24 04:56:00.411 [ScheduleThreadPool-test-thread-1] ERROR MessageUtil - adventureBossRankInfo is null
2023-11-24 04:56:00.411 [ScheduleThreadPool-test-thread-8] ERROR MessageUtil - adventureBossRankInfo is null
2023-11-24 04:56:00.504 [ScheduleThreadPool-test-thread-4] ERROR MessageUtil - adventureBossRankInfo is null
2023-11-24 04:56:00.720 [ScheduleThreadPool-test-thread-7] ERROR MessageUtil - adventureBossRankInfo is null
2023-11-24 04:56:00.876 [ScheduleThreadPool-test-thread-6] ERROR MessageUtil - adventureBossRankInfo is null
2023-11-24 04:57:00.406 [ScheduleThreadPool-test-thread-1] ERROR MessageUtil - adventureBossRankInfo is null
2023-11-24 04:57:00.415 [ScheduleThreadPool-test-thread-5] ERROR MessageUtil - adventureBossRankInfo is null
2023-11-24 04:57:00.503 [ScheduleThreadPool-test-thread-6] ERROR MessageUtil - adventureBossRankInfo is null
2023-11-24 04:57:00.715 [ScheduleThreadPool-test-thread-1] ERROR MessageUtil - adventureBossRankInfo is null
2023-11-24 04:57:00.871 [ScheduleThreadPool-test-thread-8] ERROR MessageUtil - adventureBossRankInfo is null
2023-11-24 04:58:00.403 [ScheduleThreadPool-test-thread-1] ERROR MessageUtil - adventureBossRankInfo is null
2023-11-24 04:58:00.411 [ScheduleThreadPool-test-thread-8] ERROR MessageUtil - adventureBossRankInfo is null
2023-11-24 04:58:00.504 [ScheduleThreadPool-test-thread-3] ERROR MessageUtil - adventureBossRankInfo is null
2023-11-24 04:58:00.711 [ScheduleThreadPool-test-thread-7] ERROR MessageUtil - adventureBossRankInfo is null
2023-11-24 04:58:00.878 [ScheduleThreadPool-test-thread-5] ERROR MessageUtil - adventureBossRankInfo is null
2023-11-24 04:59:00.410 [ScheduleThreadPool-test-thread-1] ERROR MessageUtil - adventureBossRankInfo is null
2023-11-24 04:59:00.417 [ScheduleThreadPool-test-thread-5] ERROR MessageUtil - adventureBossRankInfo is null
2023-11-24 04:59:00.507 [ScheduleThreadPool-test-thread-4] ERROR MessageUtil - adventureBossRankInfo is null
2023-11-24 04:59:00.715 [ScheduleThreadPool-test-thread-3] ERROR MessageUtil - adventureBossRankInfo is null
2023-11-24 04:59:00.879 [ScheduleThreadPool-test-thread-1] ERROR MessageUtil - adventureBossRankInfo is null
2023-11-24 05:00:00.409 [ScheduleThreadPool-test-thread-1] ERROR MessageUtil - adventureBossRankInfo is null
2023-11-24 05:00:00.412 [ScheduleThreadPool-test-thread-3] ERROR MessageUtil - adventureBossRankInfo is null
2023-11-24 05:00:00.507 [ScheduleThreadPool-test-thread-3] ERROR MessageUtil - adventureBossRankInfo is null
2023-11-24 05:00:00.715 [ScheduleThreadPool-test-thread-7] ERROR MessageUtil - adventureBossRankInfo is null
2023-11-24 05:00:00.876 [ScheduleThreadPool-test-thread-7] ERROR MessageUtil - adventureBossRankInfo is null
2023-11-24 05:01:00.409 [ScheduleThreadPool-test-thread-8] ERROR MessageUtil - adventureBossRankInfo is null
2023-11-24 05:01:00.426 [ScheduleThreadPool-test-thread-2] ERROR MessageUtil - adventureBossRankInfo is null
2023-11-24 05:01:00.510 [ScheduleThreadPool-test-thread-6] ERROR MessageUtil - adventureBossRankInfo is null
2023-11-24 05:01:00.713 [ScheduleThreadPool-test-thread-1] ERROR MessageUtil - adventureBossRankInfo is null
2023-11-24 05:01:00.875 [ScheduleThreadPool-test-thread-5] ERROR MessageUtil - adventureBossRankInfo is null
2023-11-24 05:02:00.409 [ScheduleThreadPool-test-thread-4] ERROR MessageUtil - adventureBossRankInfo is null
2023-11-24 05:02:00.413 [ScheduleThreadPool-test-thread-6] ERROR MessageUtil - adventureBossRankInfo is null
2023-11-24 05:02:00.506 [ScheduleThreadPool-test-thread-4] ERROR MessageUtil - adventureBossRankInfo is null
2023-11-24 05:02:00.718 [ScheduleThreadPool-test-thread-8] ERROR MessageUtil - adventureBossRankInfo is null
2023-11-24 05:02:00.876 [ScheduleThreadPool-test-thread-8] ERROR MessageUtil - adventureBossRankInfo is null
2023-11-24 05:03:00.500 [ScheduleThreadPool-test-thread-5] ERROR MessageUtil - adventureBossRankInfo is null
2023-11-24 05:03:00.500 [ScheduleThreadPool-test-thread-5] ERROR MessageUtil - adventureBossRankInfo is null
2023-11-24 05:03:00.725 [ScheduleThreadPool-test-thread-5] ERROR MessageUtil - adventureBossRankInfo is null
2023-11-24 05:03:00.817 [ScheduleThreadPool-test-thread-6] ERROR MessageUtil - adventureBossRankInfo is null
2023-11-24 05:03:00.916 [ScheduleThreadPool-test-thread-1] ERROR MessageUtil - adventureBossRankInfo is null
2023-11-24 05:04:00.422 [ScheduleThreadPool-test-thread-2] ERROR MessageUtil - adventureBossRankInfo is null
2023-11-24 05:04:00.422 [ScheduleThreadPool-test-thread-2] ERROR MessageUtil - adventureBossRankInfo is null
2023-11-24 05:04:00.718 [ScheduleThreadPool-test-thread-8] ERROR MessageUtil - adventureBossRankInfo is null
2023-11-24 05:04:00.820 [ScheduleThreadPool-test-thread-4] ERROR MessageUtil - adventureBossRankInfo is null
2023-11-24 05:04:00.874 [ScheduleThreadPool-test-thread-5] ERROR MessageUtil - adventureBossRankInfo is null
2023-11-24 05:05:00.659 [ScheduleThreadPool-test-thread-2] ERROR MessageUtil - adventureBossRankInfo is null
2023-11-24 05:05:00.778 [ScheduleThreadPool-test-thread-5] ERROR MessageUtil - adventureBossRankInfo is null
2023-11-24 05:05:00.850 [ScheduleThreadPool-test-thread-1] ERROR MessageUtil - adventureBossRankInfo is null
2023-11-24 05:05:00.912 [ScheduleThreadPool-test-thread-1] ERROR MessageUtil - adventureBossRankInfo is null
2023-11-24 05:05:24.454 [ScheduleThreadPool-test-thread-1] ERROR MessageUtil - adventureBossRankInfo is null
2023-11-24 05:06:00.529 [ScheduleThreadPool-test-thread-8] ERROR MessageUtil - adventureBossRankInfo is null
2023-11-24 05:06:00.528 [ScheduleThreadPool-test-thread-7] ERROR MessageUtil - adventureBossRankInfo is null
2023-11-24 05:06:00.719 [ScheduleThreadPool-test-thread-4] ERROR MessageUtil - adventureBossRankInfo is null
2023-11-24 05:06:00.830 [ScheduleThreadPool-test-thread-2] ERROR MessageUtil - adventureBossRankInfo is null
2023-11-24 05:06:00.880 [ScheduleThreadPool-test-thread-4] ERROR MessageUtil - adventureBossRankInfo is null
2023-11-24 05:07:00.451 [ScheduleThreadPool-test-thread-2] ERROR MessageUtil - adventureBossRankInfo is null
2023-11-24 05:07:00.458 [ScheduleThreadPool-test-thread-2] ERROR MessageUtil - adventureBossRankInfo is null
2023-11-24 05:07:00.719 [ScheduleThreadPool-test-thread-4] ERROR MessageUtil - adventureBossRankInfo is null
2023-11-24 05:07:00.823 [ScheduleThreadPool-test-thread-1] ERROR MessageUtil - adventureBossRankInfo is null
2023-11-24 05:07:00.883 [ScheduleThreadPool-test-thread-3] ERROR MessageUtil - adventureBossRankInfo is null
2023-11-24 05:08:00.412 [ScheduleThreadPool-test-thread-6] ERROR MessageUtil - adventureBossRankInfo is null
2023-11-24 05:08:00.442 [ScheduleThreadPool-test-thread-3] ERROR MessageUtil - adventureBossRankInfo is null
2023-11-24 05:08:00.724 [ScheduleThreadPool-test-thread-7] ERROR MessageUtil - adventureBossRankInfo is null
2023-11-24 05:08:00.824 [ScheduleThreadPool-test-thread-8] ERROR MessageUtil - adventureBossRankInfo is null
2023-11-24 05:08:00.878 [ScheduleThreadPool-test-thread-7] ERROR MessageUtil - adventureBossRankInfo is null
2023-11-24 05:09:00.409 [ScheduleThreadPool-test-thread-2] ERROR MessageUtil - adventureBossRankInfo is null
2023-11-24 05:09:00.443 [ScheduleThreadPool-test-thread-8] ERROR MessageUtil - adventureBossRankInfo is null
2023-11-24 05:09:00.718 [ScheduleThreadPool-test-thread-8] ERROR MessageUtil - adventureBossRankInfo is null
2023-11-24 05:09:00.821 [ScheduleThreadPool-test-thread-5] ERROR MessageUtil - adventureBossRankInfo is null
2023-11-24 05:09:00.876 [ScheduleThreadPool-test-thread-3] ERROR MessageUtil - adventureBossRankInfo is null
2023-11-24 05:10:00.414 [ScheduleThreadPool-test-thread-7] ERROR MessageUtil - adventureBossRankInfo is null
2023-11-24 05:10:00.437 [ScheduleThreadPool-test-thread-8] ERROR MessageUtil - adventureBossRankInfo is null
2023-11-24 05:10:00.719 [ScheduleThreadPool-test-thread-7] ERROR MessageUtil - adventureBossRankInfo is null
2023-11-24 05:10:00.823 [ScheduleThreadPool-test-thread-5] ERROR MessageUtil - adventureBossRankInfo is null
2023-11-24 05:10:00.876 [ScheduleThreadPool-test-thread-7] ERROR MessageUtil - adventureBossRankInfo is null
2023-11-24 05:11:00.415 [ScheduleThreadPool-test-thread-6] ERROR MessageUtil - adventureBossRankInfo is null
2023-11-24 05:11:00.447 [ScheduleThreadPool-test-thread-3] ERROR MessageUtil - adventureBossRankInfo is null
2023-11-24 05:11:00.718 [ScheduleThreadPool-test-thread-4] ERROR MessageUtil - adventureBossRankInfo is null
2023-11-24 05:11:00.827 [ScheduleThreadPool-test-thread-2] ERROR MessageUtil - adventureBossRankInfo is null
2023-11-24 05:11:00.872 [ScheduleThreadPool-test-thread-2] ERROR MessageUtil - adventureBossRankInfo is null
2023-11-24 05:12:00.411 [ScheduleThreadPool-test-thread-6] ERROR MessageUtil - adventureBossRankInfo is null
2023-11-24 05:12:00.436 [ScheduleThreadPool-test-thread-3] ERROR MessageUtil - adventureBossRankInfo is null
2023-11-24 05:12:00.715 [ScheduleThreadPool-test-thread-8] ERROR MessageUtil - adventureBossRankInfo is null
2023-11-24 05:12:00.827 [ScheduleThreadPool-test-thread-8] ERROR MessageUtil - adventureBossRankInfo is null
2023-11-24 05:12:00.877 [ScheduleThreadPool-test-thread-4] ERROR MessageUtil - adventureBossRankInfo is null
2023-11-24 05:13:00.413 [ScheduleThreadPool-test-thread-7] ERROR MessageUtil - adventureBossRankInfo is null
2023-11-24 05:13:00.440 [ScheduleThreadPool-test-thread-2] ERROR MessageUtil - adventureBossRankInfo is null
2023-11-24 05:13:00.712 [ScheduleThreadPool-test-thread-8] ERROR MessageUtil - adventureBossRankInfo is null
2023-11-24 05:13:00.823 [ScheduleThreadPool-test-thread-5] ERROR MessageUtil - adventureBossRankInfo is null
2023-11-24 05:13:00.873 [ScheduleThreadPool-test-thread-4] ERROR MessageUtil - adventureBossRankInfo is null
2023-11-24 05:14:00.412 [ScheduleThreadPool-test-thread-5] ERROR MessageUtil - adventureBossRankInfo is null
2023-11-24 05:14:00.440 [ScheduleThreadPool-test-thread-7] ERROR MessageUtil - adventureBossRankInfo is null
2023-11-24 05:14:00.714 [ScheduleThreadPool-test-thread-5] ERROR MessageUtil - adventureBossRankInfo is null
2023-11-24 05:14:00.821 [ScheduleThreadPool-test-thread-4] ERROR MessageUtil - adventureBossRankInfo is null
2023-11-24 05:14:00.877 [ScheduleThreadPool-test-thread-4] ERROR MessageUtil - adventureBossRankInfo is null
2023-11-24 05:15:00.412 [ScheduleThreadPool-test-thread-3] ERROR MessageUtil - adventureBossRankInfo is null
2023-11-24 05:15:00.438 [ScheduleThreadPool-test-thread-8] ERROR MessageUtil - adventureBossRankInfo is null
2023-11-24 05:15:00.714 [ScheduleThreadPool-test-thread-8] ERROR MessageUtil - adventureBossRankInfo is null
2023-11-24 05:15:00.822 [ScheduleThreadPool-test-thread-4] ERROR MessageUtil - adventureBossRankInfo is null
2023-11-24 05:15:00.877 [ScheduleThreadPool-test-thread-4] ERROR MessageUtil - adventureBossRankInfo is null
2023-11-24 05:16:00.411 [ScheduleThreadPool-test-thread-2] ERROR MessageUtil - adventureBossRankInfo is null
2023-11-24 05:16:00.439 [ScheduleThreadPool-test-thread-8] ERROR MessageUtil - adventureBossRankInfo is null
2023-11-24 05:16:00.722 [ScheduleThreadPool-test-thread-1] ERROR MessageUtil - adventureBossRankInfo is null
2023-11-24 05:16:00.825 [ScheduleThreadPool-test-thread-8] ERROR MessageUtil - adventureBossRankInfo is null
2023-11-24 05:16:00.874 [ScheduleThreadPool-test-thread-3] ERROR MessageUtil - adventureBossRankInfo is null
2023-11-24 05:17:00.412 [ScheduleThreadPool-test-thread-1] ERROR MessageUtil - adventureBossRankInfo is null
2023-11-24 05:17:00.473 [ScheduleThreadPool-test-thread-6] ERROR MessageUtil - adventureBossRankInfo is null
2023-11-24 05:17:00.715 [ScheduleThreadPool-test-thread-4] ERROR MessageUtil - adventureBossRankInfo is null
2023-11-24 05:17:00.821 [ScheduleThreadPool-test-thread-8] ERROR MessageUtil - adventureBossRankInfo is null
2023-11-24 05:17:00.877 [ScheduleThreadPool-test-thread-2] ERROR MessageUtil - adventureBossRankInfo is null
2023-11-24 05:18:00.412 [ScheduleThreadPool-test-thread-1] ERROR MessageUtil - adventureBossRankInfo is null
2023-11-24 05:18:00.439 [ScheduleThreadPool-test-thread-5] ERROR MessageUtil - adventureBossRankInfo is null
2023-11-24 05:18:00.717 [ScheduleThreadPool-test-thread-5] ERROR MessageUtil - adventureBossRankInfo is null
2023-11-24 05:18:00.822 [ScheduleThreadPool-test-thread-5] ERROR MessageUtil - adventureBossRankInfo is null
2023-11-24 05:18:00.878 [ScheduleThreadPool-test-thread-2] ERROR MessageUtil - adventureBossRankInfo is null
2023-11-24 05:19:00.412 [ScheduleThreadPool-test-thread-2] ERROR MessageUtil - adventureBossRankInfo is null
2023-11-24 05:19:00.445 [ScheduleThreadPool-test-thread-2] ERROR MessageUtil - adventureBossRankInfo is null
2023-11-24 05:19:00.718 [ScheduleThreadPool-test-thread-3] ERROR MessageUtil - adventureBossRankInfo is null
2023-11-24 05:19:00.826 [ScheduleThreadPool-test-thread-1] ERROR MessageUtil - adventureBossRankInfo is null
2023-11-24 05:19:00.880 [ScheduleThreadPool-test-thread-8] ERROR MessageUtil - adventureBossRankInfo is null
2023-11-24 05:20:00.417 [ScheduleThreadPool-test-thread-2] ERROR MessageUtil - adventureBossRankInfo is null
2023-11-24 05:20:00.442 [ScheduleThreadPool-test-thread-2] ERROR MessageUtil - adventureBossRankInfo is null
2023-11-24 05:20:00.723 [ScheduleThreadPool-test-thread-1] ERROR MessageUtil - adventureBossRankInfo is null
2023-11-24 05:20:00.824 [ScheduleThreadPool-test-thread-2] ERROR MessageUtil - adventureBossRankInfo is null
2023-11-24 05:20:00.878 [ScheduleThreadPool-test-thread-5] ERROR MessageUtil - adventureBossRankInfo is null
2023-11-24 05:21:00.412 [ScheduleThreadPool-test-thread-5] ERROR MessageUtil - adventureBossRankInfo is null
2023-11-24 05:21:00.442 [ScheduleThreadPool-test-thread-1] ERROR MessageUtil - adventureBossRankInfo is null
2023-11-24 05:21:00.720 [ScheduleThreadPool-test-thread-5] ERROR MessageUtil - adventureBossRankInfo is null
2023-11-24 05:21:00.822 [ScheduleThreadPool-test-thread-1] ERROR MessageUtil - adventureBossRankInfo is null
2023-11-24 05:21:00.876 [ScheduleThreadPool-test-thread-1] ERROR MessageUtil - adventureBossRankInfo is null
2023-11-24 05:22:00.408 [ScheduleThreadPool-test-thread-8] ERROR MessageUtil - adventureBossRankInfo is null
2023-11-24 05:22:00.444 [ScheduleThreadPool-test-thread-2] ERROR MessageUtil - adventureBossRankInfo is null
2023-11-24 05:22:00.718 [ScheduleThreadPool-test-thread-2] ERROR MessageUtil - adventureBossRankInfo is null
2023-11-24 05:22:00.821 [ScheduleThreadPool-test-thread-7] ERROR MessageUtil - adventureBossRankInfo is null
2023-11-24 05:22:00.874 [ScheduleThreadPool-test-thread-2] ERROR MessageUtil - adventureBossRankInfo is null
2023-11-24 05:23:00.410 [ScheduleThreadPool-test-thread-1] ERROR MessageUtil - adventureBossRankInfo is null
2023-11-24 05:23:00.443 [ScheduleThreadPool-test-thread-5] ERROR MessageUtil - adventureBossRankInfo is null
2023-11-24 05:23:00.717 [ScheduleThreadPool-test-thread-3] ERROR MessageUtil - adventureBossRankInfo is null
2023-11-24 05:23:00.822 [ScheduleThreadPool-test-thread-4] ERROR MessageUtil - adventureBossRankInfo is null
2023-11-24 05:23:00.874 [ScheduleThreadPool-test-thread-8] ERROR MessageUtil - adventureBossRankInfo is null
2023-11-24 05:24:00.415 [ScheduleThreadPool-test-thread-8] ERROR MessageUtil - adventureBossRankInfo is null
2023-11-24 05:24:00.441 [ScheduleThreadPool-test-thread-6] ERROR MessageUtil - adventureBossRankInfo is null
2023-11-24 05:24:00.712 [ScheduleThreadPool-test-thread-8] ERROR MessageUtil - adventureBossRankInfo is null
2023-11-24 05:24:00.822 [ScheduleThreadPool-test-thread-8] ERROR MessageUtil - adventureBossRankInfo is null
2023-11-24 05:24:00.880 [ScheduleThreadPool-test-thread-3] ERROR MessageUtil - adventureBossRankInfo is null
2023-11-24 05:25:00.414 [ScheduleThreadPool-test-thread-5] ERROR MessageUtil - adventureBossRankInfo is null
2023-11-24 05:25:00.441 [ScheduleThreadPool-test-thread-1] ERROR MessageUtil - adventureBossRankInfo is null
2023-11-24 05:25:00.713 [ScheduleThreadPool-test-thread-1] ERROR MessageUtil - adventureBossRankInfo is null
2023-11-24 05:25:00.823 [ScheduleThreadPool-test-thread-7] ERROR MessageUtil - adventureBossRankInfo is null
2023-11-24 05:25:00.877 [ScheduleThreadPool-test-thread-3] ERROR MessageUtil - adventureBossRankInfo is null
2023-11-24 05:26:00.414 [ScheduleThreadPool-test-thread-1] ERROR MessageUtil - adventureBossRankInfo is null
2023-11-24 05:26:00.442 [ScheduleThreadPool-test-thread-2] ERROR MessageUtil - adventureBossRankInfo is null
2023-11-24 05:26:00.720 [ScheduleThreadPool-test-thread-2] ERROR MessageUtil - adventureBossRankInfo is null
2023-11-24 05:26:00.824 [ScheduleThreadPool-test-thread-2] ERROR MessageUtil - adventureBossRankInfo is null
2023-11-24 05:26:00.871 [ScheduleThreadPool-test-thread-5] ERROR MessageUtil - adventureBossRankInfo is null
2023-11-24 05:27:00.440 [ScheduleThreadPool-test-thread-2] ERROR MessageUtil - adventureBossRankInfo is null
2023-11-24 05:27:00.713 [ScheduleThreadPool-test-thread-7] ERROR MessageUtil - adventureBossRankInfo is null
2023-11-24 05:27:00.823 [ScheduleThreadPool-test-thread-1] ERROR MessageUtil - adventureBossRankInfo is null
2023-11-24 05:27:00.872 [ScheduleThreadPool-test-thread-1] ERROR MessageUtil - adventureBossRankInfo is null
2023-11-24 05:27:00.414 [ScheduleThreadPool-test-thread-1] ERROR MessageUtil - adventureBossRankInfo is null
2023-11-24 05:28:00.185 [ScheduleThreadPool-test-thread-2] ERROR MessageUtil - adventureBossRankInfo is null
2023-11-24 05:28:00.449 [ScheduleThreadPool-test-thread-1] ERROR MessageUtil - adventureBossRankInfo is null
2023-11-24 05:28:00.720 [ScheduleThreadPool-test-thread-8] ERROR MessageUtil - adventureBossRankInfo is null
2023-11-24 05:28:00.826 [ScheduleThreadPool-test-thread-5] ERROR MessageUtil - adventureBossRankInfo is null
2023-11-24 05:28:00.912 [ScheduleThreadPool-test-thread-3] ERROR MessageUtil - adventureBossRankInfo is null
2023-11-24 05:29:00.193 [ScheduleThreadPool-test-thread-5] ERROR MessageUtil - adventureBossRankInfo is null
2023-11-24 05:29:00.443 [ScheduleThreadPool-test-thread-7] ERROR MessageUtil - adventureBossRankInfo is null
2023-11-24 05:29:00.722 [ScheduleThreadPool-test-thread-7] ERROR MessageUtil - adventureBossRankInfo is null
2023-11-24 05:29:00.823 [ScheduleThreadPool-test-thread-7] ERROR MessageUtil - adventureBossRankInfo is null
2023-11-24 05:29:00.877 [ScheduleThreadPool-test-thread-1] ERROR MessageUtil - adventureBossRankInfo is null
2023-11-24 05:30:00.165 [ScheduleThreadPool-test-thread-8] ERROR MessageUtil - adventureBossRankInfo is null
2023-11-24 05:30:00.440 [ScheduleThreadPool-test-thread-6] ERROR MessageUtil - adventureBossRankInfo is null
2023-11-24 05:30:00.730 [ScheduleThreadPool-test-thread-4] ERROR MessageUtil - adventureBossRankInfo is null
2023-11-24 05:30:00.823 [ScheduleThreadPool-test-thread-6] ERROR MessageUtil - adventureBossRankInfo is null
2023-11-24 05:30:00.881 [ScheduleThreadPool-test-thread-4] ERROR MessageUtil - adventureBossRankInfo is null
2023-11-24 05:31:00.155 [ScheduleThreadPool-test-thread-5] ERROR MessageUtil - adventureBossRankInfo is null
2023-11-24 05:31:00.443 [ScheduleThreadPool-test-thread-5] ERROR MessageUtil - adventureBossRankInfo is null
2023-11-24 05:31:00.720 [ScheduleThreadPool-test-thread-4] ERROR MessageUtil - adventureBossRankInfo is null
2023-11-24 05:31:00.813 [ScheduleThreadPool-test-thread-1] ERROR MessageUtil - adventureBossRankInfo is null
2023-11-24 05:31:00.878 [ScheduleThreadPool-test-thread-8] ERROR MessageUtil - adventureBossRankInfo is null
2023-11-24 05:31:32.814 [ScheduleThreadPool-test-thread-1] ERROR SecondsTask - e
org.springframework.data.redis.RedisConnectionFailureException: Cannot get Jedis connection; nested exception is redis.clients.jedis.exceptions.JedisConnectionException: Could not get a resource from the pool
	at org.springframework.data.redis.connection.jedis.JedisConnectionFactory.fetchJedisConnector(JedisConnectionFactory.java:204)
	at org.springframework.data.redis.connection.jedis.JedisConnectionFactory.getConnection(JedisConnectionFactory.java:348)
	at org.springframework.data.redis.core.RedisConnectionUtils.doGetConnection(RedisConnectionUtils.java:129)
	at org.springframework.data.redis.core.RedisConnectionUtils.getConnection(RedisConnectionUtils.java:92)
	at org.springframework.data.redis.core.RedisConnectionUtils.getConnection(RedisConnectionUtils.java:79)
	at org.springframework.data.redis.core.RedisTemplate.execute(RedisTemplate.java:194)
	at org.springframework.data.redis.core.RedisTemplate.execute(RedisTemplate.java:169)
	at org.springframework.data.redis.core.AbstractOperations.execute(AbstractOperations.java:91)
	at org.springframework.data.redis.core.DefaultHashOperations.entries(DefaultHashOperations.java:220)
	at com.ljsd.jieling.db.redis.RedisUtil.getMapValues(RedisUtil.java:1401)
	at com.ljsd.jieling.logic.championship.ChampionshipLogic.minuteCheck(ChampionshipLogic.java:1414)
	at com.ljsd.jieling.thread.task.SecondsTask.run(SecondsTask.java:21)
	at java.util.concurrent.Executors$RunnableAdapter.call(Executors.java:511)
	at java.util.concurrent.FutureTask.runAndReset(FutureTask.java:308)
	at java.util.concurrent.ScheduledThreadPoolExecutor$ScheduledFutureTask.access$301(ScheduledThreadPoolExecutor.java:180)
	at java.util.concurrent.ScheduledThreadPoolExecutor$ScheduledFutureTask.run(ScheduledThreadPoolExecutor.java:294)
	at java.util.concurrent.ThreadPoolExecutor.runWorker(ThreadPoolExecutor.java:1149)
	at java.util.concurrent.ThreadPoolExecutor$Worker.run(ThreadPoolExecutor.java:624)
	at java.lang.Thread.run(Thread.java:750)
Caused by: redis.clients.jedis.exceptions.JedisConnectionException: Could not get a resource from the pool
	at redis.clients.util.Pool.getResource(Pool.java:53)
	at redis.clients.jedis.JedisPool.getResource(JedisPool.java:226)
	at redis.clients.jedis.JedisPool.getResource(JedisPool.java:16)
	at org.springframework.data.redis.connection.jedis.JedisConnectionFactory.fetchJedisConnector(JedisConnectionFactory.java:194)
	... 18 common frames omitted
Caused by: redis.clients.jedis.exceptions.JedisConnectionException: java.net.SocketTimeoutException
	at redis.clients.jedis.Connection.connect(Connection.java:207)
	at redis.clients.jedis.BinaryClient.connect(BinaryClient.java:93)
	at redis.clients.jedis.BinaryJedis.connect(BinaryJedis.java:1767)
	at redis.clients.jedis.JedisFactory.makeObject(JedisFactory.java:106)
	at org.apache.commons.pool2.impl.GenericObjectPool.create(GenericObjectPool.java:868)
	at org.apache.commons.pool2.impl.GenericObjectPool.borrowObject(GenericObjectPool.java:435)
	at org.apache.commons.pool2.impl.GenericObjectPool.borrowObject(GenericObjectPool.java:363)
	at redis.clients.util.Pool.getResource(Pool.java:49)
	... 21 common frames omitted
Caused by: java.net.SocketTimeoutException: null
	at java.net.SocksSocketImpl.remainingMillis(SocksSocketImpl.java:111)
	at java.net.SocksSocketImpl.connect(SocksSocketImpl.java:392)
	at java.net.Socket.connect(Socket.java:607)
	at redis.clients.jedis.Connection.connect(Connection.java:184)
	... 28 common frames omitted
2023-11-24 05:32:00.408 [ScheduleThreadPool-test-thread-1] ERROR MessageUtil - adventureBossRankInfo is null
2023-11-24 05:32:00.715 [ScheduleThreadPool-test-thread-4] ERROR MessageUtil - adventureBossRankInfo is null
2023-11-24 05:32:01.314 [ScheduleThreadPool-test-thread-4] ERROR MessageUtil - adventureBossRankInfo is null
2023-11-24 05:32:07.623 [ScheduleThreadPool-test-thread-1] ERROR MessageUtil - adventureBossRankInfo is null
2023-11-24 05:32:40.112 [ScheduleThreadPool-test-thread-8] ERROR MessageUtil - adventureBossRankInfo is null
2023-11-24 05:33:00.223 [ScheduleThreadPool-test-thread-2] ERROR MessageUtil - adventureBossRankInfo is null
2023-11-24 05:33:00.448 [ScheduleThreadPool-test-thread-3] ERROR MessageUtil - adventureBossRankInfo is null
2023-11-24 05:33:00.511 [ScheduleThreadPool-test-thread-5] ERROR MessageUtil - adventureBossRankInfo is null
2023-11-24 05:33:00.835 [ScheduleThreadPool-test-thread-8] ERROR MessageUtil - adventureBossRankInfo is null
2023-11-24 05:33:00.993 [ScheduleThreadPool-test-thread-7] ERROR MessageUtil - adventureBossRankInfo is null
2023-11-24 05:34:00.208 [ScheduleThreadPool-test-thread-7] ERROR MessageUtil - adventureBossRankInfo is null
2023-11-24 05:34:00.445 [ScheduleThreadPool-test-thread-1] ERROR MessageUtil - adventureBossRankInfo is null
2023-11-24 05:34:00.503 [ScheduleThreadPool-test-thread-5] ERROR MessageUtil - adventureBossRankInfo is null
2023-11-24 05:34:00.831 [ScheduleThreadPool-test-thread-5] ERROR MessageUtil - adventureBossRankInfo is null
2023-11-24 05:34:00.991 [ScheduleThreadPool-test-thread-4] ERROR MessageUtil - adventureBossRankInfo is null
2023-11-24 05:35:00.141 [ScheduleThreadPool-test-thread-2] ERROR MessageUtil - adventureBossRankInfo is null
2023-11-24 05:35:00.444 [ScheduleThreadPool-test-thread-7] ERROR MessageUtil - adventureBossRankInfo is null
2023-11-24 05:35:00.510 [ScheduleThreadPool-test-thread-3] ERROR MessageUtil - adventureBossRankInfo is null
2023-11-24 05:35:00.822 [ScheduleThreadPool-test-thread-4] ERROR MessageUtil - adventureBossRankInfo is null
2023-11-24 05:35:00.991 [ScheduleThreadPool-test-thread-8] ERROR MessageUtil - adventureBossRankInfo is null
2023-11-24 05:36:00.145 [ScheduleThreadPool-test-thread-6] ERROR MessageUtil - adventureBossRankInfo is null
2023-11-24 05:36:00.443 [ScheduleThreadPool-test-thread-3] ERROR MessageUtil - adventureBossRankInfo is null
2023-11-24 05:36:00.512 [ScheduleThreadPool-test-thread-5] ERROR MessageUtil - adventureBossRankInfo is null
2023-11-24 05:36:00.822 [ScheduleThreadPool-test-thread-8] ERROR MessageUtil - adventureBossRankInfo is null
2023-11-24 05:36:00.991 [ScheduleThreadPool-test-thread-8] ERROR MessageUtil - adventureBossRankInfo is null
2023-11-24 05:37:00.141 [ScheduleThreadPool-test-thread-2] ERROR MessageUtil - adventureBossRankInfo is null
2023-11-24 05:37:00.442 [ScheduleThreadPool-test-thread-2] ERROR MessageUtil - adventureBossRankInfo is null
2023-11-24 05:37:00.509 [ScheduleThreadPool-test-thread-1] ERROR MessageUtil - adventureBossRankInfo is null
2023-11-24 05:37:00.821 [ScheduleThreadPool-test-thread-6] ERROR MessageUtil - adventureBossRankInfo is null
2023-11-24 05:37:00.998 [ScheduleThreadPool-test-thread-7] ERROR MessageUtil - adventureBossRankInfo is null
2023-11-24 05:38:00.141 [ScheduleThreadPool-test-thread-7] ERROR MessageUtil - adventureBossRankInfo is null
2023-11-24 05:38:00.439 [ScheduleThreadPool-test-thread-6] ERROR MessageUtil - adventureBossRankInfo is null
2023-11-24 05:38:00.509 [ScheduleThreadPool-test-thread-1] ERROR MessageUtil - adventureBossRankInfo is null
2023-11-24 05:38:00.820 [ScheduleThreadPool-test-thread-5] ERROR MessageUtil - adventureBossRankInfo is null
2023-11-24 05:38:00.988 [ScheduleThreadPool-test-thread-8] ERROR MessageUtil - adventureBossRankInfo is null
2023-11-24 05:39:00.145 [ScheduleThreadPool-test-thread-5] ERROR MessageUtil - adventureBossRankInfo is null
2023-11-24 05:39:00.443 [ScheduleThreadPool-test-thread-6] ERROR MessageUtil - adventureBossRankInfo is null
2023-11-24 05:39:00.506 [ScheduleThreadPool-test-thread-1] ERROR MessageUtil - adventureBossRankInfo is null
2023-11-24 05:39:00.825 [ScheduleThreadPool-test-thread-5] ERROR MessageUtil - adventureBossRankInfo is null
2023-11-24 05:39:00.986 [ScheduleThreadPool-test-thread-2] ERROR MessageUtil - adventureBossRankInfo is null
2023-11-24 05:40:00.137 [ScheduleThreadPool-test-thread-1] ERROR MessageUtil - adventureBossRankInfo is null
2023-11-24 05:40:00.442 [ScheduleThreadPool-test-thread-1] ERROR MessageUtil - adventureBossRankInfo is null
2023-11-24 05:40:00.510 [ScheduleThreadPool-test-thread-4] ERROR MessageUtil - adventureBossRankInfo is null
2023-11-24 05:40:00.820 [ScheduleThreadPool-test-thread-2] ERROR MessageUtil - adventureBossRankInfo is null
2023-11-24 05:40:00.984 [ScheduleThreadPool-test-thread-7] ERROR MessageUtil - adventureBossRankInfo is null
2023-11-24 05:41:00.141 [ScheduleThreadPool-test-thread-6] ERROR MessageUtil - adventureBossRankInfo is null
2023-11-24 05:41:00.439 [ScheduleThreadPool-test-thread-2] ERROR MessageUtil - adventureBossRankInfo is null
2023-11-24 05:41:00.508 [ScheduleThreadPool-test-thread-8] ERROR MessageUtil - adventureBossRankInfo is null
2023-11-24 05:41:00.824 [ScheduleThreadPool-test-thread-7] ERROR MessageUtil - adventureBossRankInfo is null
2023-11-24 05:41:00.991 [ScheduleThreadPool-test-thread-2] ERROR MessageUtil - adventureBossRankInfo is null
2023-11-24 05:42:00.135 [ScheduleThreadPool-test-thread-2] ERROR MessageUtil - adventureBossRankInfo is null
2023-11-24 05:42:00.438 [ScheduleThreadPool-test-thread-6] ERROR MessageUtil - adventureBossRankInfo is null
2023-11-24 05:42:00.510 [ScheduleThreadPool-test-thread-6] ERROR MessageUtil - adventureBossRankInfo is null
2023-11-24 05:42:00.819 [ScheduleThreadPool-test-thread-6] ERROR MessageUtil - adventureBossRankInfo is null
2023-11-24 05:42:00.984 [ScheduleThreadPool-test-thread-3] ERROR MessageUtil - adventureBossRankInfo is null
2023-11-24 05:43:00.140 [ScheduleThreadPool-test-thread-1] ERROR MessageUtil - adventureBossRankInfo is null
2023-11-24 05:43:00.438 [ScheduleThreadPool-test-thread-1] ERROR MessageUtil - adventureBossRankInfo is null
2023-11-24 05:43:00.505 [ScheduleThreadPool-test-thread-7] ERROR MessageUtil - adventureBossRankInfo is null
2023-11-24 05:43:00.819 [ScheduleThreadPool-test-thread-8] ERROR MessageUtil - adventureBossRankInfo is null
2023-11-24 05:43:00.992 [ScheduleThreadPool-test-thread-3] ERROR MessageUtil - adventureBossRankInfo is null
2023-11-24 05:44:00.137 [ScheduleThreadPool-test-thread-8] ERROR MessageUtil - adventureBossRankInfo is null
2023-11-24 05:44:00.438 [ScheduleThreadPool-test-thread-2] ERROR MessageUtil - adventureBossRankInfo is null
2023-11-24 05:44:00.508 [ScheduleThreadPool-test-thread-6] ERROR MessageUtil - adventureBossRankInfo is null
2023-11-24 05:44:00.825 [ScheduleThreadPool-test-thread-7] ERROR MessageUtil - adventureBossRankInfo is null
2023-11-24 05:44:00.987 [ScheduleThreadPool-test-thread-2] ERROR MessageUtil - adventureBossRankInfo is null
2023-11-24 05:45:00.171 [ScheduleThreadPool-test-thread-7] ERROR MessageUtil - adventureBossRankInfo is null
2023-11-24 05:45:00.438 [ScheduleThreadPool-test-thread-3] ERROR MessageUtil - adventureBossRankInfo is null
2023-11-24 05:45:00.509 [ScheduleThreadPool-test-thread-5] ERROR MessageUtil - adventureBossRankInfo is null
2023-11-24 05:45:00.825 [ScheduleThreadPool-test-thread-5] ERROR MessageUtil - adventureBossRankInfo is null
2023-11-24 05:45:00.989 [ScheduleThreadPool-test-thread-4] ERROR MessageUtil - adventureBossRankInfo is null
2023-11-24 05:46:00.141 [ScheduleThreadPool-test-thread-8] ERROR MessageUtil - adventureBossRankInfo is null
2023-11-24 05:46:00.440 [ScheduleThreadPool-test-thread-1] ERROR MessageUtil - adventureBossRankInfo is null
2023-11-24 05:46:00.512 [ScheduleThreadPool-test-thread-6] ERROR MessageUtil - adventureBossRankInfo is null
2023-11-24 05:46:00.821 [ScheduleThreadPool-test-thread-1] ERROR MessageUtil - adventureBossRankInfo is null
2023-11-24 05:46:00.990 [ScheduleThreadPool-test-thread-2] ERROR MessageUtil - adventureBossRankInfo is null
2023-11-24 05:47:00.166 [ScheduleThreadPool-test-thread-1] ERROR MessageUtil - adventureBossRankInfo is null
2023-11-24 05:47:00.445 [ScheduleThreadPool-test-thread-1] ERROR MessageUtil - adventureBossRankInfo is null
2023-11-24 05:47:00.515 [ScheduleThreadPool-test-thread-3] ERROR MessageUtil - adventureBossRankInfo is null
2023-11-24 05:47:00.822 [ScheduleThreadPool-test-thread-2] ERROR MessageUtil - adventureBossRankInfo is null
2023-11-24 05:47:00.991 [ScheduleThreadPool-test-thread-7] ERROR MessageUtil - adventureBossRankInfo is null
2023-11-24 05:48:00.167 [ScheduleThreadPool-test-thread-2] ERROR MessageUtil - adventureBossRankInfo is null
2023-11-24 05:48:00.446 [ScheduleThreadPool-test-thread-3] ERROR MessageUtil - adventureBossRankInfo is null
2023-11-24 05:48:00.514 [ScheduleThreadPool-test-thread-1] ERROR MessageUtil - adventureBossRankInfo is null
2023-11-24 05:48:00.827 [ScheduleThreadPool-test-thread-5] ERROR MessageUtil - adventureBossRankInfo is null
2023-11-24 05:48:00.992 [ScheduleThreadPool-test-thread-3] ERROR MessageUtil - adventureBossRankInfo is null
2023-11-24 05:49:00.143 [ScheduleThreadPool-test-thread-8] ERROR MessageUtil - adventureBossRankInfo is null
2023-11-24 05:49:00.442 [ScheduleThreadPool-test-thread-4] ERROR MessageUtil - adventureBossRankInfo is null
2023-11-24 05:49:00.512 [ScheduleThreadPool-test-thread-4] ERROR MessageUtil - adventureBossRankInfo is null
2023-11-24 05:49:00.825 [ScheduleThreadPool-test-thread-6] ERROR MessageUtil - adventureBossRankInfo is null
2023-11-24 05:49:00.992 [ScheduleThreadPool-test-thread-5] ERROR MessageUtil - adventureBossRankInfo is null
2023-11-24 05:50:00.139 [ScheduleThreadPool-test-thread-2] ERROR MessageUtil - adventureBossRankInfo is null
2023-11-24 05:50:00.443 [ScheduleThreadPool-test-thread-2] ERROR MessageUtil - adventureBossRankInfo is null
2023-11-24 05:50:00.511 [ScheduleThreadPool-test-thread-8] ERROR MessageUtil - adventureBossRankInfo is null
2023-11-24 05:50:00.828 [ScheduleThreadPool-test-thread-8] ERROR MessageUtil - adventureBossRankInfo is null
2023-11-24 05:50:00.991 [ScheduleThreadPool-test-thread-5] ERROR MessageUtil - adventureBossRankInfo is null
2023-11-24 05:51:00.141 [ScheduleThreadPool-test-thread-2] ERROR MessageUtil - adventureBossRankInfo is null
2023-11-24 05:51:00.441 [ScheduleThreadPool-test-thread-4] ERROR MessageUtil - adventureBossRankInfo is null
2023-11-24 05:51:00.511 [ScheduleThreadPool-test-thread-6] ERROR MessageUtil - adventureBossRankInfo is null
2023-11-24 05:51:00.825 [ScheduleThreadPool-test-thread-5] ERROR MessageUtil - adventureBossRankInfo is null
2023-11-24 05:51:00.990 [ScheduleThreadPool-test-thread-2] ERROR MessageUtil - adventureBossRankInfo is null
2023-11-24 05:52:00.142 [ScheduleThreadPool-test-thread-1] ERROR MessageUtil - adventureBossRankInfo is null
2023-11-24 05:52:00.443 [ScheduleThreadPool-test-thread-6] ERROR MessageUtil - adventureBossRankInfo is null
2023-11-24 05:52:00.511 [ScheduleThreadPool-test-thread-3] ERROR MessageUtil - adventureBossRankInfo is null
2023-11-24 05:52:00.820 [ScheduleThreadPool-test-thread-1] ERROR MessageUtil - adventureBossRankInfo is null
2023-11-24 05:52:00.988 [ScheduleThreadPool-test-thread-1] ERROR MessageUtil - adventureBossRankInfo is null
2023-11-24 05:53:00.138 [ScheduleThreadPool-test-thread-5] ERROR MessageUtil - adventureBossRankInfo is null
2023-11-24 05:53:00.442 [ScheduleThreadPool-test-thread-4] ERROR MessageUtil - adventureBossRankInfo is null
2023-11-24 05:53:00.512 [ScheduleThreadPool-test-thread-6] ERROR MessageUtil - adventureBossRankInfo is null
2023-11-24 05:53:00.825 [ScheduleThreadPool-test-thread-4] ERROR MessageUtil - adventureBossRankInfo is null
2023-11-24 05:53:00.990 [ScheduleThreadPool-test-thread-4] ERROR MessageUtil - adventureBossRankInfo is null
2023-11-24 05:54:00.142 [ScheduleThreadPool-test-thread-2] ERROR MessageUtil - adventureBossRankInfo is null
2023-11-24 05:54:00.446 [ScheduleThreadPool-test-thread-2] ERROR MessageUtil - adventureBossRankInfo is null
2023-11-24 05:54:00.512 [ScheduleThreadPool-test-thread-1] ERROR MessageUtil - adventureBossRankInfo is null
2023-11-24 05:54:00.824 [ScheduleThreadPool-test-thread-4] ERROR MessageUtil - adventureBossRankInfo is null
2023-11-24 05:54:00.986 [ScheduleThreadPool-test-thread-3] ERROR MessageUtil - adventureBossRankInfo is null
2023-11-24 05:55:00.138 [ScheduleThreadPool-test-thread-3] ERROR MessageUtil - adventureBossRankInfo is null
2023-11-24 05:55:00.442 [ScheduleThreadPool-test-thread-1] ERROR MessageUtil - adventureBossRankInfo is null
2023-11-24 05:55:00.509 [ScheduleThreadPool-test-thread-8] ERROR MessageUtil - adventureBossRankInfo is null
2023-11-24 05:55:00.823 [ScheduleThreadPool-test-thread-5] ERROR MessageUtil - adventureBossRankInfo is null
2023-11-24 05:55:00.986 [ScheduleThreadPool-test-thread-4] ERROR MessageUtil - adventureBossRankInfo is null
2023-11-24 05:56:00.136 [ScheduleThreadPool-test-thread-1] ERROR MessageUtil - adventureBossRankInfo is null
2023-11-24 05:56:00.438 [ScheduleThreadPool-test-thread-5] ERROR MessageUtil - adventureBossRankInfo is null
2023-11-24 05:56:00.509 [ScheduleThreadPool-test-thread-5] ERROR MessageUtil - adventureBossRankInfo is null
2023-11-24 05:56:00.832 [ScheduleThreadPool-test-thread-2] ERROR MessageUtil - adventureBossRankInfo is null
2023-11-24 05:56:00.989 [ScheduleThreadPool-test-thread-3] ERROR MessageUtil - adventureBossRankInfo is null
2023-11-24 05:57:00.140 [ScheduleThreadPool-test-thread-8] ERROR MessageUtil - adventureBossRankInfo is null
2023-11-24 05:57:00.442 [ScheduleThreadPool-test-thread-4] ERROR MessageUtil - adventureBossRankInfo is null
2023-11-24 05:57:00.512 [ScheduleThreadPool-test-thread-1] ERROR MessageUtil - adventureBossRankInfo is null
2023-11-24 05:57:00.823 [ScheduleThreadPool-test-thread-6] ERROR MessageUtil - adventureBossRankInfo is null
2023-11-24 05:57:00.986 [ScheduleThreadPool-test-thread-5] ERROR MessageUtil - adventureBossRankInfo is null
2023-11-24 05:58:00.140 [ScheduleThreadPool-test-thread-7] ERROR MessageUtil - adventureBossRankInfo is null
2023-11-24 05:58:00.441 [ScheduleThreadPool-test-thread-6] ERROR MessageUtil - adventureBossRankInfo is null
2023-11-24 05:58:00.512 [ScheduleThreadPool-test-thread-6] ERROR MessageUtil - adventureBossRankInfo is null
2023-11-24 05:58:00.816 [ScheduleThreadPool-test-thread-1] ERROR MessageUtil - adventureBossRankInfo is null
2023-11-24 05:58:00.989 [ScheduleThreadPool-test-thread-1] ERROR MessageUtil - adventureBossRankInfo is null
2023-11-24 05:59:00.141 [ScheduleThreadPool-test-thread-1] ERROR MessageUtil - adventureBossRankInfo is null
2023-11-24 05:59:00.442 [ScheduleThreadPool-test-thread-1] ERROR MessageUtil - adventureBossRankInfo is null
2023-11-24 05:59:00.514 [ScheduleThreadPool-test-thread-7] ERROR MessageUtil - adventureBossRankInfo is null
2023-11-24 05:59:00.825 [ScheduleThreadPool-test-thread-7] ERROR MessageUtil - adventureBossRankInfo is null
2023-11-24 05:59:00.991 [ScheduleThreadPool-test-thread-4] ERROR MessageUtil - adventureBossRankInfo is null
2023-11-24 06:00:00.144 [ScheduleThreadPool-test-thread-6] ERROR MessageUtil - adventureBossRankInfo is null
2023-11-24 06:00:00.442 [ScheduleThreadPool-test-thread-5] ERROR MessageUtil - adventureBossRankInfo is null
2023-11-24 06:00:00.507 [ScheduleThreadPool-test-thread-5] ERROR MessageUtil - adventureBossRankInfo is null
2023-11-24 06:00:00.819 [ScheduleThreadPool-test-thread-2] ERROR MessageUtil - adventureBossRankInfo is null
2023-11-24 06:00:00.992 [ScheduleThreadPool-test-thread-4] ERROR MessageUtil - adventureBossRankInfo is null
2023-11-24 06:01:00.141 [ScheduleThreadPool-test-thread-7] ERROR MessageUtil - adventureBossRankInfo is null
2023-11-24 06:01:00.442 [ScheduleThreadPool-test-thread-2] ERROR MessageUtil - adventureBossRankInfo is null
2023-11-24 06:01:00.506 [ScheduleThreadPool-test-thread-7] ERROR MessageUtil - adventureBossRankInfo is null
2023-11-24 06:01:00.822 [ScheduleThreadPool-test-thread-8] ERROR MessageUtil - adventureBossRankInfo is null
2023-11-24 06:01:00.991 [ScheduleThreadPool-test-thread-7] ERROR MessageUtil - adventureBossRankInfo is null
2023-11-24 06:02:00.134 [ScheduleThreadPool-test-thread-3] ERROR MessageUtil - adventureBossRankInfo is null
2023-11-24 06:02:00.444 [ScheduleThreadPool-test-thread-1] ERROR MessageUtil - adventureBossRankInfo is null
2023-11-24 06:02:00.510 [ScheduleThreadPool-test-thread-4] ERROR MessageUtil - adventureBossRankInfo is null
2023-11-24 06:02:00.823 [ScheduleThreadPool-test-thread-1] ERROR MessageUtil - adventureBossRankInfo is null
2023-11-24 06:02:00.987 [ScheduleThreadPool-test-thread-3] ERROR MessageUtil - adventureBossRankInfo is null
2023-11-24 06:03:00.143 [ScheduleThreadPool-test-thread-7] ERROR MessageUtil - adventureBossRankInfo is null
2023-11-24 06:03:00.442 [ScheduleThreadPool-test-thread-8] ERROR MessageUtil - adventureBossRankInfo is null
2023-11-24 06:03:00.510 [ScheduleThreadPool-test-thread-3] ERROR MessageUtil - adventureBossRankInfo is null
2023-11-24 06:03:00.824 [ScheduleThreadPool-test-thread-2] ERROR MessageUtil - adventureBossRankInfo is null
2023-11-24 06:03:00.992 [ScheduleThreadPool-test-thread-4] ERROR MessageUtil - adventureBossRankInfo is null
2023-11-24 06:04:00.142 [ScheduleThreadPool-test-thread-6] ERROR MessageUtil - adventureBossRankInfo is null
2023-11-24 06:04:00.433 [ScheduleThreadPool-test-thread-4] ERROR MessageUtil - adventureBossRankInfo is null
2023-11-24 06:04:00.512 [ScheduleThreadPool-test-thread-3] ERROR MessageUtil - adventureBossRankInfo is null
2023-11-24 06:04:00.837 [ScheduleThreadPool-test-thread-3] ERROR MessageUtil - adventureBossRankInfo is null
2023-11-24 06:04:00.994 [ScheduleThreadPool-test-thread-3] ERROR MessageUtil - adventureBossRankInfo is null
2023-11-24 06:05:00.139 [ScheduleThreadPool-test-thread-6] ERROR MessageUtil - adventureBossRankInfo is null
2023-11-24 06:05:00.446 [ScheduleThreadPool-test-thread-1] ERROR MessageUtil - adventureBossRankInfo is null
2023-11-24 06:05:00.512 [ScheduleThreadPool-test-thread-3] ERROR MessageUtil - adventureBossRankInfo is null
2023-11-24 06:05:00.823 [ScheduleThreadPool-test-thread-2] ERROR MessageUtil - adventureBossRankInfo is null
2023-11-24 06:05:00.993 [ScheduleThreadPool-test-thread-4] ERROR MessageUtil - adventureBossRankInfo is null
2023-11-24 06:06:00.153 [ScheduleThreadPool-test-thread-6] ERROR MessageUtil - adventureBossRankInfo is null
2023-11-24 06:06:00.462 [ScheduleThreadPool-test-thread-4] ERROR MessageUtil - adventureBossRankInfo is null
2023-11-24 06:06:00.510 [ScheduleThreadPool-test-thread-4] ERROR MessageUtil - adventureBossRankInfo is null
2023-11-24 06:06:00.821 [ScheduleThreadPool-test-thread-4] ERROR MessageUtil - adventureBossRankInfo is null
2023-11-24 06:06:00.990 [ScheduleThreadPool-test-thread-7] ERROR MessageUtil - adventureBossRankInfo is null
2023-11-24 06:07:00.065 [ScheduleThreadPool-test-thread-6] ERROR MessageUtil - adventureBossRankInfo is null
2023-11-24 06:07:00.288 [ScheduleThreadPool-test-thread-3] ERROR MessageUtil - adventureBossRankInfo is null
2023-11-24 06:07:00.525 [ScheduleThreadPool-test-thread-7] ERROR MessageUtil - adventureBossRankInfo is null
2023-11-24 06:07:00.524 [ScheduleThreadPool-test-thread-6] ERROR MessageUtil - adventureBossRankInfo is null
2023-11-24 06:07:01.088 [ScheduleThreadPool-test-thread-3] ERROR MessageUtil - adventureBossRankInfo is null
2023-11-24 06:08:00.063 [ScheduleThreadPool-test-thread-3] ERROR MessageUtil - adventureBossRankInfo is null
2023-11-24 06:08:00.147 [ScheduleThreadPool-test-thread-2] ERROR MessageUtil - adventureBossRankInfo is null
2023-11-24 06:08:00.446 [ScheduleThreadPool-test-thread-7] ERROR MessageUtil - adventureBossRankInfo is null
2023-11-24 06:08:00.509 [ScheduleThreadPool-test-thread-7] ERROR MessageUtil - adventureBossRankInfo is null
2023-11-24 06:08:00.994 [ScheduleThreadPool-test-thread-5] ERROR MessageUtil - adventureBossRankInfo is null
2023-11-24 06:09:00.150 [ScheduleThreadPool-test-thread-3] ERROR MessageUtil - adventureBossRankInfo is null
2023-11-24 06:09:00.162 [ScheduleThreadPool-test-thread-3] ERROR MessageUtil - adventureBossRankInfo is null
2023-11-24 06:09:00.516 [ScheduleThreadPool-test-thread-5] ERROR MessageUtil - adventureBossRankInfo is null
2023-11-24 06:09:01.264 [ScheduleThreadPool-test-thread-7] ERROR MessageUtil - adventureBossRankInfo is null
2023-11-24 06:09:33.577 [ScheduleThreadPool-test-thread-8] ERROR MessageUtil - adventureBossRankInfo is null
2023-11-24 06:10:00.196 [ScheduleThreadPool-test-thread-6] ERROR MessageUtil - adventureBossRankInfo is null
2023-11-24 06:10:00.238 [ScheduleThreadPool-test-thread-3] ERROR MessageUtil - adventureBossRankInfo is null
2023-11-24 06:10:00.508 [ScheduleThreadPool-test-thread-4] ERROR MessageUtil - adventureBossRankInfo is null
2023-11-24 06:10:00.554 [ScheduleThreadPool-test-thread-1] ERROR MessageUtil - adventureBossRankInfo is null
2023-11-24 06:10:01.135 [ScheduleThreadPool-test-thread-3] ERROR MessageUtil - adventureBossRankInfo is null
2023-11-24 06:11:00.123 [ScheduleThreadPool-test-thread-3] ERROR MessageUtil - adventureBossRankInfo is null
2023-11-24 06:11:00.141 [ScheduleThreadPool-test-thread-7] ERROR MessageUtil - adventureBossRankInfo is null
2023-11-24 06:11:00.500 [ScheduleThreadPool-test-thread-1] ERROR MessageUtil - adventureBossRankInfo is null
2023-11-24 06:11:00.513 [ScheduleThreadPool-test-thread-2] ERROR MessageUtil - adventureBossRankInfo is null
2023-11-24 06:11:00.994 [ScheduleThreadPool-test-thread-8] ERROR MessageUtil - adventureBossRankInfo is null
2023-11-24 06:12:00.075 [ScheduleThreadPool-test-thread-2] ERROR MessageUtil - adventureBossRankInfo is null
2023-11-24 06:12:00.137 [ScheduleThreadPool-test-thread-7] ERROR MessageUtil - adventureBossRankInfo is null
2023-11-24 06:12:00.503 [ScheduleThreadPool-test-thread-4] ERROR MessageUtil - adventureBossRankInfo is null
2023-11-24 06:12:00.512 [ScheduleThreadPool-test-thread-4] ERROR MessageUtil - adventureBossRankInfo is null
2023-11-24 06:12:00.999 [ScheduleThreadPool-test-thread-5] ERROR MessageUtil - adventureBossRankInfo is null
2023-11-24 06:13:00.058 [ScheduleThreadPool-test-thread-5] ERROR MessageUtil - adventureBossRankInfo is null
2023-11-24 06:13:00.135 [ScheduleThreadPool-test-thread-2] ERROR MessageUtil - adventureBossRankInfo is null
2023-11-24 06:13:00.501 [ScheduleThreadPool-test-thread-4] ERROR MessageUtil - adventureBossRankInfo is null
2023-11-24 06:13:00.511 [ScheduleThreadPool-test-thread-4] ERROR MessageUtil - adventureBossRankInfo is null
2023-11-24 06:13:00.995 [ScheduleThreadPool-test-thread-6] ERROR MessageUtil - adventureBossRankInfo is null
2023-11-24 06:14:00.053 [ScheduleThreadPool-test-thread-5] ERROR MessageUtil - adventureBossRankInfo is null
2023-11-24 06:14:00.140 [ScheduleThreadPool-test-thread-6] ERROR MessageUtil - adventureBossRankInfo is null
2023-11-24 06:14:00.499 [ScheduleThreadPool-test-thread-1] ERROR MessageUtil - adventureBossRankInfo is null
2023-11-24 06:14:00.508 [ScheduleThreadPool-test-thread-2] ERROR MessageUtil - adventureBossRankInfo is null
2023-11-24 06:14:00.990 [ScheduleThreadPool-test-thread-5] ERROR MessageUtil - adventureBossRankInfo is null
2023-11-24 06:15:00.055 [ScheduleThreadPool-test-thread-2] ERROR MessageUtil - adventureBossRankInfo is null
2023-11-24 06:15:00.140 [ScheduleThreadPool-test-thread-7] ERROR MessageUtil - adventureBossRankInfo is null
2023-11-24 06:15:00.499 [ScheduleThreadPool-test-thread-5] ERROR MessageUtil - adventureBossRankInfo is null
2023-11-24 06:15:00.510 [ScheduleThreadPool-test-thread-8] ERROR MessageUtil - adventureBossRankInfo is null
2023-11-24 06:15:00.995 [ScheduleThreadPool-test-thread-4] ERROR MessageUtil - adventureBossRankInfo is null
2023-11-24 06:16:00.054 [ScheduleThreadPool-test-thread-3] ERROR MessageUtil - adventureBossRankInfo is null
2023-11-24 06:16:00.138 [ScheduleThreadPool-test-thread-7] ERROR MessageUtil - adventureBossRankInfo is null
2023-11-24 06:16:00.500 [ScheduleThreadPool-test-thread-8] ERROR MessageUtil - adventureBossRankInfo is null
2023-11-24 06:16:00.507 [ScheduleThreadPool-test-thread-8] ERROR MessageUtil - adventureBossRankInfo is null
2023-11-24 06:16:00.989 [ScheduleThreadPool-test-thread-7] ERROR MessageUtil - adventureBossRankInfo is null
2023-11-24 06:17:00.054 [ScheduleThreadPool-test-thread-1] ERROR MessageUtil - adventureBossRankInfo is null
2023-11-24 06:17:00.138 [ScheduleThreadPool-test-thread-8] ERROR MessageUtil - adventureBossRankInfo is null
2023-11-24 06:17:00.503 [ScheduleThreadPool-test-thread-8] ERROR MessageUtil - adventureBossRankInfo is null
2023-11-24 06:17:00.510 [ScheduleThreadPool-test-thread-2] ERROR MessageUtil - adventureBossRankInfo is null
2023-11-24 06:17:00.988 [ScheduleThreadPool-test-thread-6] ERROR MessageUtil - adventureBossRankInfo is null
2023-11-24 06:18:00.056 [ScheduleThreadPool-test-thread-8] ERROR MessageUtil - adventureBossRankInfo is null
2023-11-24 06:18:00.140 [ScheduleThreadPool-test-thread-7] ERROR MessageUtil - adventureBossRankInfo is null
2023-11-24 06:18:00.503 [ScheduleThreadPool-test-thread-8] ERROR MessageUtil - adventureBossRankInfo is null
2023-11-24 06:18:00.513 [ScheduleThreadPool-test-thread-1] ERROR MessageUtil - adventureBossRankInfo is null
2023-11-24 06:18:00.992 [ScheduleThreadPool-test-thread-5] ERROR MessageUtil - adventureBossRankInfo is null
2023-11-24 06:19:00.054 [ScheduleThreadPool-test-thread-1] ERROR MessageUtil - adventureBossRankInfo is null
2023-11-24 06:19:00.146 [ScheduleThreadPool-test-thread-3] ERROR MessageUtil - adventureBossRankInfo is null
2023-11-24 06:19:00.502 [ScheduleThreadPool-test-thread-6] ERROR MessageUtil - adventureBossRankInfo is null
2023-11-24 06:19:00.508 [ScheduleThreadPool-test-thread-8] ERROR MessageUtil - adventureBossRankInfo is null
2023-11-24 06:19:00.986 [ScheduleThreadPool-test-thread-4] ERROR MessageUtil - adventureBossRankInfo is null
2023-11-24 06:20:00.056 [ScheduleThreadPool-test-thread-7] ERROR MessageUtil - adventureBossRankInfo is null
2023-11-24 06:20:00.140 [ScheduleThreadPool-test-thread-2] ERROR MessageUtil - adventureBossRankInfo is null
2023-11-24 06:20:00.500 [ScheduleThreadPool-test-thread-1] ERROR MessageUtil - adventureBossRankInfo is null
2023-11-24 06:20:00.511 [ScheduleThreadPool-test-thread-4] ERROR MessageUtil - adventureBossRankInfo is null
2023-11-24 06:20:00.987 [ScheduleThreadPool-test-thread-8] ERROR MessageUtil - adventureBossRankInfo is null
2023-11-24 06:21:00.057 [ScheduleThreadPool-test-thread-6] ERROR MessageUtil - adventureBossRankInfo is null
2023-11-24 06:21:00.140 [ScheduleThreadPool-test-thread-1] ERROR MessageUtil - adventureBossRankInfo is null
2023-11-24 06:21:00.503 [ScheduleThreadPool-test-thread-6] ERROR MessageUtil - adventureBossRankInfo is null
2023-11-24 06:21:00.511 [ScheduleThreadPool-test-thread-1] ERROR MessageUtil - adventureBossRankInfo is null
2023-11-24 06:21:00.988 [ScheduleThreadPool-test-thread-8] ERROR MessageUtil - adventureBossRankInfo is null
2023-11-24 06:22:00.059 [ScheduleThreadPool-test-thread-1] ERROR MessageUtil - adventureBossRankInfo is null
2023-11-24 06:22:00.137 [ScheduleThreadPool-test-thread-8] ERROR MessageUtil - adventureBossRankInfo is null
2023-11-24 06:22:00.503 [ScheduleThreadPool-test-thread-7] ERROR MessageUtil - adventureBossRankInfo is null
2023-11-24 06:22:00.512 [ScheduleThreadPool-test-thread-7] ERROR MessageUtil - adventureBossRankInfo is null
2023-11-24 06:22:00.986 [ScheduleThreadPool-test-thread-4] ERROR MessageUtil - adventureBossRankInfo is null
2023-11-24 06:23:00.058 [ScheduleThreadPool-test-thread-2] ERROR MessageUtil - adventureBossRankInfo is null
2023-11-24 06:23:00.142 [ScheduleThreadPool-test-thread-8] ERROR MessageUtil - adventureBossRankInfo is null
2023-11-24 06:23:00.501 [ScheduleThreadPool-test-thread-1] ERROR MessageUtil - adventureBossRankInfo is null
2023-11-24 06:23:00.509 [ScheduleThreadPool-test-thread-6] ERROR MessageUtil - adventureBossRankInfo is null
2023-11-24 06:23:00.993 [ScheduleThreadPool-test-thread-5] ERROR MessageUtil - adventureBossRankInfo is null
2023-11-24 06:24:00.054 [ScheduleThreadPool-test-thread-2] ERROR MessageUtil - adventureBossRankInfo is null
2023-11-24 06:24:00.143 [ScheduleThreadPool-test-thread-1] ERROR MessageUtil - adventureBossRankInfo is null
2023-11-24 06:24:00.506 [ScheduleThreadPool-test-thread-6] ERROR MessageUtil - adventureBossRankInfo is null
2023-11-24 06:24:00.509 [ScheduleThreadPool-test-thread-2] ERROR MessageUtil - adventureBossRankInfo is null
2023-11-24 06:24:00.991 [ScheduleThreadPool-test-thread-2] ERROR MessageUtil - adventureBossRankInfo is null
2023-11-24 06:25:00.058 [ScheduleThreadPool-test-thread-1] ERROR MessageUtil - adventureBossRankInfo is null
2023-11-24 06:25:00.146 [ScheduleThreadPool-test-thread-7] ERROR MessageUtil - adventureBossRankInfo is null
2023-11-24 06:25:00.503 [ScheduleThreadPool-test-thread-1] ERROR MessageUtil - adventureBossRankInfo is null
2023-11-24 06:25:00.510 [ScheduleThreadPool-test-thread-2] ERROR MessageUtil - adventureBossRankInfo is null
2023-11-24 06:25:00.992 [ScheduleThreadPool-test-thread-8] ERROR MessageUtil - adventureBossRankInfo is null
2023-11-24 06:26:00.054 [ScheduleThreadPool-test-thread-5] ERROR MessageUtil - adventureBossRankInfo is null
2023-11-24 06:26:00.143 [ScheduleThreadPool-test-thread-7] ERROR MessageUtil - adventureBossRankInfo is null
2023-11-24 06:26:00.502 [ScheduleThreadPool-test-thread-4] ERROR MessageUtil - adventureBossRankInfo is null
2023-11-24 06:26:00.512 [ScheduleThreadPool-test-thread-4] ERROR MessageUtil - adventureBossRankInfo is null
2023-11-24 06:26:00.991 [ScheduleThreadPool-test-thread-6] ERROR MessageUtil - adventureBossRankInfo is null
2023-11-24 06:27:00.097 [ScheduleThreadPool-test-thread-7] ERROR MessageUtil - adventureBossRankInfo is null
2023-11-24 06:27:00.153 [ScheduleThreadPool-test-thread-8] ERROR MessageUtil - adventureBossRankInfo is null
2023-11-24 06:27:00.501 [ScheduleThreadPool-test-thread-5] ERROR MessageUtil - adventureBossRankInfo is null
2023-11-24 06:27:00.511 [ScheduleThreadPool-test-thread-6] ERROR MessageUtil - adventureBossRankInfo is null
2023-11-24 06:27:00.991 [ScheduleThreadPool-test-thread-6] ERROR MessageUtil - adventureBossRankInfo is null
2023-11-24 06:28:00.116 [ScheduleThreadPool-test-thread-2] ERROR MessageUtil - adventureBossRankInfo is null
2023-11-24 06:28:00.140 [ScheduleThreadPool-test-thread-1] ERROR MessageUtil - adventureBossRankInfo is null
2023-11-24 06:28:00.496 [ScheduleThreadPool-test-thread-5] ERROR MessageUtil - adventureBossRankInfo is null
2023-11-24 06:28:00.517 [ScheduleThreadPool-test-thread-1] ERROR MessageUtil - adventureBossRankInfo is null
2023-11-24 06:28:00.990 [ScheduleThreadPool-test-thread-5] ERROR MessageUtil - adventureBossRankInfo is null
2023-11-24 06:29:00.124 [ScheduleThreadPool-test-thread-7] ERROR MessageUtil - adventureBossRankInfo is null
2023-11-24 06:29:00.144 [ScheduleThreadPool-test-thread-3] ERROR MessageUtil - adventureBossRankInfo is null
2023-11-24 06:29:00.500 [ScheduleThreadPool-test-thread-1] ERROR MessageUtil - adventureBossRankInfo is null
2023-11-24 06:29:00.511 [ScheduleThreadPool-test-thread-1] ERROR MessageUtil - adventureBossRankInfo is null
2023-11-24 06:29:00.993 [ScheduleThreadPool-test-thread-7] ERROR MessageUtil - adventureBossRankInfo is null
2023-11-24 06:30:00.081 [ScheduleThreadPool-test-thread-5] ERROR MessageUtil - adventureBossRankInfo is null
2023-11-24 06:30:00.141 [ScheduleThreadPool-test-thread-5] ERROR MessageUtil - adventureBossRankInfo is null
2023-11-24 06:30:00.506 [ScheduleThreadPool-test-thread-2] ERROR MessageUtil - adventureBossRankInfo is null
2023-11-24 06:30:00.513 [ScheduleThreadPool-test-thread-1] ERROR MessageUtil - adventureBossRankInfo is null
2023-11-24 06:30:00.991 [ScheduleThreadPool-test-thread-6] ERROR MessageUtil - adventureBossRankInfo is null
2023-11-24 06:31:00.557 [ScheduleThreadPool-test-thread-4] ERROR MessageUtil - adventureBossRankInfo is null
2023-11-24 06:31:00.558 [ScheduleThreadPool-test-thread-3] ERROR MessageUtil - adventureBossRankInfo is null
2023-11-24 06:31:00.562 [ScheduleThreadPool-test-thread-5] ERROR MessageUtil - adventureBossRankInfo is null
2023-11-24 06:31:00.992 [ScheduleThreadPool-test-thread-4] ERROR MessageUtil - adventureBossRankInfo is null
2023-11-24 06:31:41.345 [ScheduleThreadPool-test-thread-2] ERROR MessageUtil - adventureBossRankInfo is null
2023-11-24 06:32:00.093 [ScheduleThreadPool-test-thread-1] ERROR MessageUtil - adventureBossRankInfo is null
2023-11-24 06:32:00.161 [ScheduleThreadPool-test-thread-1] ERROR MessageUtil - adventureBossRankInfo is null
2023-11-24 06:32:00.509 [ScheduleThreadPool-test-thread-2] ERROR MessageUtil - adventureBossRankInfo is null
2023-11-24 06:32:00.524 [ScheduleThreadPool-test-thread-3] ERROR MessageUtil - adventureBossRankInfo is null
2023-11-24 06:32:01.026 [ScheduleThreadPool-test-thread-8] ERROR MessageUtil - adventureBossRankInfo is null
2023-11-24 06:33:00.086 [ScheduleThreadPool-test-thread-2] ERROR MessageUtil - adventureBossRankInfo is null
2023-11-24 06:33:00.161 [ScheduleThreadPool-test-thread-7] ERROR MessageUtil - adventureBossRankInfo is null
2023-11-24 06:33:00.499 [ScheduleThreadPool-test-thread-8] ERROR MessageUtil - adventureBossRankInfo is null
2023-11-24 06:33:00.513 [ScheduleThreadPool-test-thread-4] ERROR MessageUtil - adventureBossRankInfo is null
2023-11-24 06:33:00.992 [ScheduleThreadPool-test-thread-5] ERROR MessageUtil - adventureBossRankInfo is null
2023-11-24 06:34:00.071 [ScheduleThreadPool-test-thread-5] ERROR MessageUtil - adventureBossRankInfo is null
2023-11-24 06:34:00.165 [ScheduleThreadPool-test-thread-3] ERROR MessageUtil - adventureBossRankInfo is null
2023-11-24 06:34:00.501 [ScheduleThreadPool-test-thread-2] ERROR MessageUtil - adventureBossRankInfo is null
2023-11-24 06:34:00.506 [ScheduleThreadPool-test-thread-1] ERROR MessageUtil - adventureBossRankInfo is null
2023-11-24 06:34:00.986 [ScheduleThreadPool-test-thread-4] ERROR MessageUtil - adventureBossRankInfo is null
2023-11-24 06:35:00.215 [ScheduleThreadPool-test-thread-3] ERROR MessageUtil - adventureBossRankInfo is null
2023-11-24 06:35:00.222 [ScheduleThreadPool-test-thread-2] ERROR MessageUtil - adventureBossRankInfo is null
2023-11-24 06:35:00.580 [ScheduleThreadPool-test-thread-4] ERROR MessageUtil - adventureBossRankInfo is null
2023-11-24 06:35:01.035 [ScheduleThreadPool-test-thread-6] ERROR MessageUtil - adventureBossRankInfo is null
2023-11-24 06:35:49.064 [ScheduleThreadPool-test-thread-3] ERROR MessageUtil - adventureBossRankInfo is null
2023-11-24 06:36:00.109 [ScheduleThreadPool-test-thread-1] ERROR MessageUtil - adventureBossRankInfo is null
2023-11-24 06:36:00.262 [ScheduleThreadPool-test-thread-7] ERROR MessageUtil - adventureBossRankInfo is null
2023-11-24 06:36:00.566 [ScheduleThreadPool-test-thread-2] ERROR MessageUtil - adventureBossRankInfo is null
2023-11-24 06:36:00.908 [ScheduleThreadPool-test-thread-1] ERROR MessageUtil - adventureBossRankInfo is null
2023-11-24 06:36:01.093 [ScheduleThreadPool-test-thread-8] ERROR MessageUtil - adventureBossRankInfo is null
2023-11-24 06:37:00.092 [ScheduleThreadPool-test-thread-7] ERROR MessageUtil - adventureBossRankInfo is null
2023-11-24 06:37:00.160 [ScheduleThreadPool-test-thread-3] ERROR MessageUtil - adventureBossRankInfo is null
2023-11-24 06:37:00.508 [ScheduleThreadPool-test-thread-5] ERROR MessageUtil - adventureBossRankInfo is null
2023-11-24 06:37:00.913 [ScheduleThreadPool-test-thread-1] ERROR MessageUtil - adventureBossRankInfo is null
2023-11-24 06:37:00.993 [ScheduleThreadPool-test-thread-1] ERROR MessageUtil - adventureBossRankInfo is null
2023-11-24 06:38:01.391 [ScheduleThreadPool-test-thread-4] ERROR MessageUtil - adventureBossRankInfo is null
2023-11-24 06:38:01.521 [ScheduleThreadPool-test-thread-3] ERROR MessageUtil - adventureBossRankInfo is null
2023-11-24 06:38:01.537 [ScheduleThreadPool-test-thread-7] ERROR MessageUtil - adventureBossRankInfo is null
2023-11-24 06:38:01.678 [ScheduleThreadPool-test-thread-5] ERROR MessageUtil - adventureBossRankInfo is null
2023-11-24 06:38:33.520 [ScheduleThreadPool-test-thread-1] ERROR MessageUtil - adventureBossRankInfo is null
2023-11-24 06:39:00.068 [ScheduleThreadPool-test-thread-5] ERROR MessageUtil - adventureBossRankInfo is null
2023-11-24 06:39:00.163 [ScheduleThreadPool-test-thread-2] ERROR MessageUtil - adventureBossRankInfo is null
2023-11-24 06:39:00.494 [ScheduleThreadPool-test-thread-3] ERROR MessageUtil - adventureBossRankInfo is null
2023-11-24 06:39:00.507 [ScheduleThreadPool-test-thread-1] ERROR MessageUtil - adventureBossRankInfo is null
2023-11-24 06:39:00.912 [ScheduleThreadPool-test-thread-1] ERROR MessageUtil - adventureBossRankInfo is null
2023-11-24 06:40:00.054 [ScheduleThreadPool-test-thread-8] ERROR MessageUtil - adventureBossRankInfo is null
2023-11-24 06:40:00.163 [ScheduleThreadPool-test-thread-3] ERROR MessageUtil - adventureBossRankInfo is null
2023-11-24 06:40:00.493 [ScheduleThreadPool-test-thread-1] ERROR MessageUtil - adventureBossRankInfo is null
2023-11-24 06:40:00.504 [ScheduleThreadPool-test-thread-5] ERROR MessageUtil - adventureBossRankInfo is null
2023-11-24 06:40:00.912 [ScheduleThreadPool-test-thread-7] ERROR MessageUtil - adventureBossRankInfo is null
2023-11-24 06:41:00.050 [ScheduleThreadPool-test-thread-8] ERROR MessageUtil - adventureBossRankInfo is null
2023-11-24 06:41:00.156 [ScheduleThreadPool-test-thread-8] ERROR MessageUtil - adventureBossRankInfo is null
2023-11-24 06:41:00.496 [ScheduleThreadPool-test-thread-7] ERROR MessageUtil - adventureBossRankInfo is null
2023-11-24 06:41:00.498 [ScheduleThreadPool-test-thread-5] ERROR MessageUtil - adventureBossRankInfo is null
2023-11-24 06:41:00.915 [ScheduleThreadPool-test-thread-5] ERROR MessageUtil - adventureBossRankInfo is null
2023-11-24 06:42:00.063 [ScheduleThreadPool-test-thread-4] ERROR MessageUtil - adventureBossRankInfo is null
2023-11-24 06:42:00.159 [ScheduleThreadPool-test-thread-3] ERROR MessageUtil - adventureBossRankInfo is null
2023-11-24 06:42:00.496 [ScheduleThreadPool-test-thread-2] ERROR MessageUtil - adventureBossRankInfo is null
2023-11-24 06:42:00.504 [ScheduleThreadPool-test-thread-7] ERROR MessageUtil - adventureBossRankInfo is null
2023-11-24 06:42:00.907 [ScheduleThreadPool-test-thread-3] ERROR MessageUtil - adventureBossRankInfo is null
2023-11-24 06:43:00.058 [ScheduleThreadPool-test-thread-7] ERROR MessageUtil - adventureBossRankInfo is null
2023-11-24 06:43:00.158 [ScheduleThreadPool-test-thread-7] ERROR MessageUtil - adventureBossRankInfo is null
2023-11-24 06:43:00.500 [ScheduleThreadPool-test-thread-2] ERROR MessageUtil - adventureBossRankInfo is null
2023-11-24 06:43:00.504 [ScheduleThreadPool-test-thread-4] ERROR MessageUtil - adventureBossRankInfo is null
2023-11-24 06:43:00.912 [ScheduleThreadPool-test-thread-6] ERROR MessageUtil - adventureBossRankInfo is null
2023-11-24 06:44:00.064 [ScheduleThreadPool-test-thread-6] ERROR MessageUtil - adventureBossRankInfo is null
2023-11-24 06:44:00.158 [ScheduleThreadPool-test-thread-8] ERROR MessageUtil - adventureBossRankInfo is null
2023-11-24 06:44:00.492 [ScheduleThreadPool-test-thread-3] ERROR MessageUtil - adventureBossRankInfo is null
2023-11-24 06:44:00.505 [ScheduleThreadPool-test-thread-8] ERROR MessageUtil - adventureBossRankInfo is null
2023-11-24 06:44:00.910 [ScheduleThreadPool-test-thread-5] ERROR MessageUtil - adventureBossRankInfo is null
2023-11-24 06:45:00.055 [ScheduleThreadPool-test-thread-6] ERROR MessageUtil - adventureBossRankInfo is null
2023-11-24 06:45:00.159 [ScheduleThreadPool-test-thread-7] ERROR MessageUtil - adventureBossRankInfo is null
2023-11-24 06:45:00.495 [ScheduleThreadPool-test-thread-2] ERROR MessageUtil - adventureBossRankInfo is null
2023-11-24 06:45:00.502 [ScheduleThreadPool-test-thread-8] ERROR MessageUtil - adventureBossRankInfo is null
2023-11-24 06:45:00.913 [ScheduleThreadPool-test-thread-5] ERROR MessageUtil - adventureBossRankInfo is null
2023-11-24 06:46:00.054 [ScheduleThreadPool-test-thread-2] ERROR MessageUtil - adventureBossRankInfo is null
2023-11-24 06:46:00.159 [ScheduleThreadPool-test-thread-1] ERROR MessageUtil - adventureBossRankInfo is null
2023-11-24 06:46:00.487 [ScheduleThreadPool-test-thread-1] ERROR MessageUtil - adventureBossRankInfo is null
2023-11-24 06:46:00.500 [ScheduleThreadPool-test-thread-1] ERROR MessageUtil - adventureBossRankInfo is null
2023-11-24 06:46:00.912 [ScheduleThreadPool-test-thread-2] ERROR MessageUtil - adventureBossRankInfo is null
2023-11-24 06:47:00.079 [ScheduleThreadPool-test-thread-3] ERROR MessageUtil - adventureBossRankInfo is null
2023-11-24 06:47:00.160 [ScheduleThreadPool-test-thread-7] ERROR MessageUtil - adventureBossRankInfo is null
2023-11-24 06:47:00.493 [ScheduleThreadPool-test-thread-2] ERROR MessageUtil - adventureBossRankInfo is null
2023-11-24 06:47:00.501 [ScheduleThreadPool-test-thread-7] ERROR MessageUtil - adventureBossRankInfo is null
2023-11-24 06:47:00.912 [ScheduleThreadPool-test-thread-1] ERROR MessageUtil - adventureBossRankInfo is null
2023-11-24 06:48:00.056 [ScheduleThreadPool-test-thread-6] ERROR MessageUtil - adventureBossRankInfo is null
2023-11-24 06:48:00.161 [ScheduleThreadPool-test-thread-3] ERROR MessageUtil - adventureBossRankInfo is null
2023-11-24 06:48:00.494 [ScheduleThreadPool-test-thread-8] ERROR MessageUtil - adventureBossRankInfo is null
2023-11-24 06:48:00.499 [ScheduleThreadPool-test-thread-8] ERROR MessageUtil - adventureBossRankInfo is null
2023-11-24 06:48:00.911 [ScheduleThreadPool-test-thread-6] ERROR MessageUtil - adventureBossRankInfo is null
2023-11-24 06:49:00.082 [ScheduleThreadPool-test-thread-5] ERROR MessageUtil - adventureBossRankInfo is null
2023-11-24 06:49:00.155 [ScheduleThreadPool-test-thread-4] ERROR MessageUtil - adventureBossRankInfo is null
2023-11-24 06:49:00.491 [ScheduleThreadPool-test-thread-3] ERROR MessageUtil - adventureBossRankInfo is null
2023-11-24 06:49:00.499 [ScheduleThreadPool-test-thread-8] ERROR MessageUtil - adventureBossRankInfo is null
2023-11-24 06:49:00.908 [ScheduleThreadPool-test-thread-4] ERROR MessageUtil - adventureBossRankInfo is null
2023-11-24 06:50:00.052 [ScheduleThreadPool-test-thread-6] ERROR MessageUtil - adventureBossRankInfo is null
2023-11-24 06:50:00.160 [ScheduleThreadPool-test-thread-1] ERROR MessageUtil - adventureBossRankInfo is null
2023-11-24 06:50:00.493 [ScheduleThreadPool-test-thread-3] ERROR MessageUtil - adventureBossRankInfo is null
2023-11-24 06:50:00.502 [ScheduleThreadPool-test-thread-4] ERROR MessageUtil - adventureBossRankInfo is null
2023-11-24 06:50:00.911 [ScheduleThreadPool-test-thread-1] ERROR MessageUtil - adventureBossRankInfo is null
2023-11-24 06:51:00.059 [ScheduleThreadPool-test-thread-8] ERROR MessageUtil - adventureBossRankInfo is null
2023-11-24 06:51:00.163 [ScheduleThreadPool-test-thread-5] ERROR MessageUtil - adventureBossRankInfo is null
2023-11-24 06:51:00.488 [ScheduleThreadPool-test-thread-1] ERROR MessageUtil - adventureBossRankInfo is null
2023-11-24 06:51:00.496 [ScheduleThreadPool-test-thread-1] ERROR MessageUtil - adventureBossRankInfo is null
2023-11-24 06:51:00.912 [ScheduleThreadPool-test-thread-8] ERROR MessageUtil - adventureBossRankInfo is null
2023-11-24 06:52:00.055 [ScheduleThreadPool-test-thread-6] ERROR MessageUtil - adventureBossRankInfo is null
2023-11-24 06:52:00.163 [ScheduleThreadPool-test-thread-2] ERROR MessageUtil - adventureBossRankInfo is null
2023-11-24 06:52:00.491 [ScheduleThreadPool-test-thread-1] ERROR MessageUtil - adventureBossRankInfo is null
2023-11-24 06:52:00.503 [ScheduleThreadPool-test-thread-8] ERROR MessageUtil - adventureBossRankInfo is null
2023-11-24 06:52:00.913 [ScheduleThreadPool-test-thread-1] ERROR MessageUtil - adventureBossRankInfo is null
2023-11-24 06:53:00.064 [ScheduleThreadPool-test-thread-4] ERROR MessageUtil - adventureBossRankInfo is null
2023-11-24 06:53:00.164 [ScheduleThreadPool-test-thread-2] ERROR MessageUtil - adventureBossRankInfo is null
2023-11-24 06:53:00.497 [ScheduleThreadPool-test-thread-8] ERROR MessageUtil - adventureBossRankInfo is null
2023-11-24 06:53:00.498 [ScheduleThreadPool-test-thread-5] ERROR MessageUtil - adventureBossRankInfo is null
2023-11-24 06:53:00.912 [ScheduleThreadPool-test-thread-8] ERROR MessageUtil - adventureBossRankInfo is null
2023-11-24 06:54:00.065 [ScheduleThreadPool-test-thread-8] ERROR MessageUtil - adventureBossRankInfo is null
2023-11-24 06:54:00.162 [ScheduleThreadPool-test-thread-1] ERROR MessageUtil - adventureBossRankInfo is null
2023-11-24 06:54:00.494 [ScheduleThreadPool-test-thread-3] ERROR MessageUtil - adventureBossRankInfo is null
2023-11-24 06:54:00.497 [ScheduleThreadPool-test-thread-2] ERROR MessageUtil - adventureBossRankInfo is null
2023-11-24 06:54:00.913 [ScheduleThreadPool-test-thread-6] ERROR MessageUtil - adventureBossRankInfo is null
2023-11-24 06:55:00.056 [ScheduleThreadPool-test-thread-1] ERROR MessageUtil - adventureBossRankInfo is null
2023-11-24 06:55:00.163 [ScheduleThreadPool-test-thread-4] ERROR MessageUtil - adventureBossRankInfo is null
2023-11-24 06:55:00.495 [ScheduleThreadPool-test-thread-4] ERROR MessageUtil - adventureBossRankInfo is null
2023-11-24 06:55:00.504 [ScheduleThreadPool-test-thread-8] ERROR MessageUtil - adventureBossRankInfo is null
2023-11-24 06:55:00.912 [ScheduleThreadPool-test-thread-4] ERROR MessageUtil - adventureBossRankInfo is null
2023-11-24 06:56:00.059 [ScheduleThreadPool-test-thread-4] ERROR MessageUtil - adventureBossRankInfo is null
2023-11-24 06:56:00.163 [ScheduleThreadPool-test-thread-3] ERROR MessageUtil - adventureBossRankInfo is null
2023-11-24 06:56:00.495 [ScheduleThreadPool-test-thread-5] ERROR MessageUtil - adventureBossRankInfo is null
2023-11-24 06:56:00.501 [ScheduleThreadPool-test-thread-7] ERROR MessageUtil - adventureBossRankInfo is null
2023-11-24 06:56:00.913 [ScheduleThreadPool-test-thread-8] ERROR MessageUtil - adventureBossRankInfo is null
2023-11-24 06:57:00.056 [ScheduleThreadPool-test-thread-1] ERROR MessageUtil - adventureBossRankInfo is null
2023-11-24 06:57:00.166 [ScheduleThreadPool-test-thread-1] ERROR MessageUtil - adventureBossRankInfo is null
2023-11-24 06:57:00.493 [ScheduleThreadPool-test-thread-3] ERROR MessageUtil - adventureBossRankInfo is null
2023-11-24 06:57:00.502 [ScheduleThreadPool-test-thread-2] ERROR MessageUtil - adventureBossRankInfo is null
2023-11-24 06:57:00.912 [ScheduleThreadPool-test-thread-6] ERROR MessageUtil - adventureBossRankInfo is null
2023-11-24 06:58:00.058 [ScheduleThreadPool-test-thread-1] ERROR MessageUtil - adventureBossRankInfo is null
2023-11-24 06:58:00.164 [ScheduleThreadPool-test-thread-1] ERROR MessageUtil - adventureBossRankInfo is null
2023-11-24 06:58:00.493 [ScheduleThreadPool-test-thread-4] ERROR MessageUtil - adventureBossRankInfo is null
2023-11-24 06:58:00.502 [ScheduleThreadPool-test-thread-2] ERROR MessageUtil - adventureBossRankInfo is null
2023-11-24 06:58:00.914 [ScheduleThreadPool-test-thread-4] ERROR MessageUtil - adventureBossRankInfo is null
2023-11-24 06:59:00.056 [ScheduleThreadPool-test-thread-6] ERROR MessageUtil - adventureBossRankInfo is null
2023-11-24 06:59:00.163 [ScheduleThreadPool-test-thread-3] ERROR MessageUtil - adventureBossRankInfo is null
2023-11-24 06:59:00.495 [ScheduleThreadPool-test-thread-8] ERROR MessageUtil - adventureBossRankInfo is null
2023-11-24 06:59:00.502 [ScheduleThreadPool-test-thread-5] ERROR MessageUtil - adventureBossRankInfo is null
2023-11-24 06:59:00.913 [ScheduleThreadPool-test-thread-3] ERROR MessageUtil - adventureBossRankInfo is null
2023-11-24 07:00:00.055 [ScheduleThreadPool-test-thread-2] ERROR MessageUtil - adventureBossRankInfo is null
2023-11-24 07:00:00.164 [ScheduleThreadPool-test-thread-2] ERROR MessageUtil - adventureBossRankInfo is null
2023-11-24 07:00:00.494 [ScheduleThreadPool-test-thread-7] ERROR MessageUtil - adventureBossRankInfo is null
2023-11-24 07:00:00.500 [ScheduleThreadPool-test-thread-5] ERROR MessageUtil - adventureBossRankInfo is null
2023-11-24 07:00:00.911 [ScheduleThreadPool-test-thread-5] ERROR MessageUtil - adventureBossRankInfo is null
2023-11-24 07:01:00.055 [ScheduleThreadPool-test-thread-7] ERROR MessageUtil - adventureBossRankInfo is null
2023-11-24 07:01:00.160 [ScheduleThreadPool-test-thread-4] ERROR MessageUtil - adventureBossRankInfo is null
2023-11-24 07:01:00.494 [ScheduleThreadPool-test-thread-8] ERROR MessageUtil - adventureBossRankInfo is null
2023-11-24 07:01:00.499 [ScheduleThreadPool-test-thread-8] ERROR MessageUtil - adventureBossRankInfo is null
2023-11-24 07:01:00.913 [ScheduleThreadPool-test-thread-6] ERROR MessageUtil - adventureBossRankInfo is null
2023-11-24 07:02:00.066 [ScheduleThreadPool-test-thread-6] ERROR MessageUtil - adventureBossRankInfo is null
2023-11-24 07:02:00.162 [ScheduleThreadPool-test-thread-1] ERROR MessageUtil - adventureBossRankInfo is null
2023-11-24 07:02:00.492 [ScheduleThreadPool-test-thread-8] ERROR MessageUtil - adventureBossRankInfo is null
2023-11-24 07:02:00.505 [ScheduleThreadPool-test-thread-4] ERROR MessageUtil - adventureBossRankInfo is null
2023-11-24 07:02:00.911 [ScheduleThreadPool-test-thread-4] ERROR MessageUtil - adventureBossRankInfo is null
2023-11-24 07:03:00.057 [ScheduleThreadPool-test-thread-7] ERROR MessageUtil - adventureBossRankInfo is null
2023-11-24 07:03:00.158 [ScheduleThreadPool-test-thread-7] ERROR MessageUtil - adventureBossRankInfo is null
2023-11-24 07:03:00.492 [ScheduleThreadPool-test-thread-8] ERROR MessageUtil - adventureBossRankInfo is null
2023-11-24 07:03:00.499 [ScheduleThreadPool-test-thread-6] ERROR MessageUtil - adventureBossRankInfo is null
2023-11-24 07:03:00.914 [ScheduleThreadPool-test-thread-4] ERROR MessageUtil - adventureBossRankInfo is null
2023-11-24 07:04:00.058 [ScheduleThreadPool-test-thread-4] ERROR MessageUtil - adventureBossRankInfo is null
2023-11-24 07:04:00.162 [ScheduleThreadPool-test-thread-1] ERROR MessageUtil - adventureBossRankInfo is null
2023-11-24 07:04:00.492 [ScheduleThreadPool-test-thread-4] ERROR MessageUtil - adventureBossRankInfo is null
2023-11-24 07:04:00.503 [ScheduleThreadPool-test-thread-6] ERROR MessageUtil - adventureBossRankInfo is null
2023-11-24 07:04:00.912 [ScheduleThreadPool-test-thread-6] ERROR MessageUtil - adventureBossRankInfo is null
2023-11-24 07:05:00.057 [ScheduleThreadPool-test-thread-2] ERROR MessageUtil - adventureBossRankInfo is null
2023-11-24 07:05:00.161 [ScheduleThreadPool-test-thread-2] ERROR MessageUtil - adventureBossRankInfo is null
2023-11-24 07:05:00.490 [ScheduleThreadPool-test-thread-2] ERROR MessageUtil - adventureBossRankInfo is null
2023-11-24 07:05:00.501 [ScheduleThreadPool-test-thread-2] ERROR MessageUtil - adventureBossRankInfo is null
2023-11-24 07:05:00.912 [ScheduleThreadPool-test-thread-2] ERROR MessageUtil - adventureBossRankInfo is null
2023-11-24 07:06:00.053 [ScheduleThreadPool-test-thread-6] ERROR MessageUtil - adventureBossRankInfo is null
2023-11-24 07:06:00.161 [ScheduleThreadPool-test-thread-2] ERROR MessageUtil - adventureBossRankInfo is null
2023-11-24 07:06:00.496 [ScheduleThreadPool-test-thread-6] ERROR MessageUtil - adventureBossRankInfo is null
2023-11-24 07:06:00.501 [ScheduleThreadPool-test-thread-6] ERROR MessageUtil - adventureBossRankInfo is null
2023-11-24 07:06:00.916 [ScheduleThreadPool-test-thread-6] ERROR MessageUtil - adventureBossRankInfo is null
2023-11-24 07:07:00.068 [ScheduleThreadPool-test-thread-1] ERROR MessageUtil - adventureBossRankInfo is null
2023-11-24 07:07:00.164 [ScheduleThreadPool-test-thread-1] ERROR MessageUtil - adventureBossRankInfo is null
2023-11-24 07:07:00.495 [ScheduleThreadPool-test-thread-2] ERROR MessageUtil - adventureBossRankInfo is null
2023-11-24 07:07:00.501 [ScheduleThreadPool-test-thread-8] ERROR MessageUtil - adventureBossRankInfo is null
2023-11-24 07:07:00.913 [ScheduleThreadPool-test-thread-2] ERROR MessageUtil - adventureBossRankInfo is null
2023-11-24 07:08:00.057 [ScheduleThreadPool-test-thread-1] ERROR MessageUtil - adventureBossRankInfo is null
2023-11-24 07:08:00.159 [ScheduleThreadPool-test-thread-2] ERROR MessageUtil - adventureBossRankInfo is null
2023-11-24 07:08:00.492 [ScheduleThreadPool-test-thread-4] ERROR MessageUtil - adventureBossRankInfo is null
2023-11-24 07:08:00.502 [ScheduleThreadPool-test-thread-8] ERROR MessageUtil - adventureBossRankInfo is null
2023-11-24 07:08:00.908 [ScheduleThreadPool-test-thread-1] ERROR MessageUtil - adventureBossRankInfo is null
2023-11-24 07:09:00.061 [ScheduleThreadPool-test-thread-1] ERROR MessageUtil - adventureBossRankInfo is null
2023-11-24 07:09:00.162 [ScheduleThreadPool-test-thread-3] ERROR MessageUtil - adventureBossRankInfo is null
2023-11-24 07:09:00.497 [ScheduleThreadPool-test-thread-2] ERROR MessageUtil - adventureBossRankInfo is null
2023-11-24 07:09:00.501 [ScheduleThreadPool-test-thread-1] ERROR MessageUtil - adventureBossRankInfo is null
2023-11-24 07:09:00.916 [ScheduleThreadPool-test-thread-1] ERROR MessageUtil - adventureBossRankInfo is null
2023-11-24 07:10:01.401 [ScheduleThreadPool-test-thread-6] ERROR MessageUtil - adventureBossRankInfo is null
2023-11-24 07:10:01.401 [ScheduleThreadPool-test-thread-5] ERROR MessageUtil - adventureBossRankInfo is null
2023-11-24 07:10:01.423 [ScheduleThreadPool-test-thread-7] ERROR MessageUtil - adventureBossRankInfo is null
2023-11-24 07:10:01.455 [ScheduleThreadPool-test-thread-8] ERROR MessageUtil - adventureBossRankInfo is null
2023-11-24 07:10:38.633 [ScheduleThreadPool-test-thread-7] ERROR MessageUtil - adventureBossRankInfo is null
2023-11-24 07:11:00.202 [ScheduleThreadPool-test-thread-6] ERROR MessageUtil - adventureBossRankInfo is null
2023-11-24 07:11:00.562 [ScheduleThreadPool-test-thread-7] ERROR MessageUtil - adventureBossRankInfo is null
2023-11-24 07:11:00.561 [ScheduleThreadPool-test-thread-8] ERROR MessageUtil - adventureBossRankInfo is null
2023-11-24 07:11:00.602 [ScheduleThreadPool-test-thread-4] ERROR MessageUtil - adventureBossRankInfo is null
2023-11-24 07:11:00.976 [ScheduleThreadPool-test-thread-6] ERROR MessageUtil - adventureBossRankInfo is null
2023-11-24 07:12:00.185 [ScheduleThreadPool-test-thread-1] ERROR MessageUtil - adventureBossRankInfo is null
2023-11-24 07:12:00.497 [ScheduleThreadPool-test-thread-8] ERROR MessageUtil - adventureBossRankInfo is null
2023-11-24 07:12:00.498 [ScheduleThreadPool-test-thread-8] ERROR MessageUtil - adventureBossRankInfo is null
2023-11-24 07:12:00.601 [ScheduleThreadPool-test-thread-1] ERROR MessageUtil - adventureBossRankInfo is null
2023-11-24 07:12:00.911 [ScheduleThreadPool-test-thread-6] ERROR MessageUtil - adventureBossRankInfo is null
2023-11-24 07:13:00.160 [ScheduleThreadPool-test-thread-2] ERROR MessageUtil - adventureBossRankInfo is null
2023-11-24 07:13:00.492 [ScheduleThreadPool-test-thread-6] ERROR MessageUtil - adventureBossRankInfo is null
2023-11-24 07:13:00.501 [ScheduleThreadPool-test-thread-6] ERROR MessageUtil - adventureBossRankInfo is null
2023-11-24 07:13:00.603 [ScheduleThreadPool-test-thread-7] ERROR MessageUtil - adventureBossRankInfo is null
2023-11-24 07:13:00.914 [ScheduleThreadPool-test-thread-4] ERROR MessageUtil - adventureBossRankInfo is null
2023-11-24 07:14:00.233 [ScheduleThreadPool-test-thread-6] ERROR MessageUtil - adventureBossRankInfo is null
2023-11-24 07:14:00.535 [ScheduleThreadPool-test-thread-6] ERROR MessageUtil - adventureBossRankInfo is null
2023-11-24 07:14:00.546 [ScheduleThreadPool-test-thread-2] ERROR MessageUtil - adventureBossRankInfo is null
2023-11-24 07:14:00.602 [ScheduleThreadPool-test-thread-4] ERROR MessageUtil - adventureBossRankInfo is null
2023-11-24 07:14:00.913 [ScheduleThreadPool-test-thread-1] ERROR MessageUtil - adventureBossRankInfo is null
2023-11-24 07:15:00.216 [ScheduleThreadPool-test-thread-1] ERROR MessageUtil - adventureBossRankInfo is null
2023-11-24 07:15:00.493 [ScheduleThreadPool-test-thread-6] ERROR MessageUtil - adventureBossRankInfo is null
2023-11-24 07:15:00.544 [ScheduleThreadPool-test-thread-2] ERROR MessageUtil - adventureBossRankInfo is null
2023-11-24 07:15:00.599 [ScheduleThreadPool-test-thread-3] ERROR MessageUtil - adventureBossRankInfo is null
2023-11-24 07:15:00.914 [ScheduleThreadPool-test-thread-5] ERROR MessageUtil - adventureBossRankInfo is null
2023-11-24 07:16:00.175 [ScheduleThreadPool-test-thread-6] ERROR MessageUtil - adventureBossRankInfo is null
2023-11-24 07:16:00.492 [ScheduleThreadPool-test-thread-1] ERROR MessageUtil - adventureBossRankInfo is null
2023-11-24 07:16:00.545 [ScheduleThreadPool-test-thread-8] ERROR MessageUtil - adventureBossRankInfo is null
2023-11-24 07:16:00.600 [ScheduleThreadPool-test-thread-7] ERROR MessageUtil - adventureBossRankInfo is null
2023-11-24 07:16:00.919 [ScheduleThreadPool-test-thread-8] ERROR MessageUtil - adventureBossRankInfo is null
2023-11-24 07:17:00.159 [ScheduleThreadPool-test-thread-1] ERROR MessageUtil - adventureBossRankInfo is null
2023-11-24 07:17:00.495 [ScheduleThreadPool-test-thread-4] ERROR MessageUtil - adventureBossRankInfo is null
2023-11-24 07:17:00.543 [ScheduleThreadPool-test-thread-2] ERROR MessageUtil - adventureBossRankInfo is null
2023-11-24 07:17:00.602 [ScheduleThreadPool-test-thread-7] ERROR MessageUtil - adventureBossRankInfo is null
2023-11-24 07:17:00.910 [ScheduleThreadPool-test-thread-5] ERROR MessageUtil - adventureBossRankInfo is null
2023-11-24 07:18:00.161 [ScheduleThreadPool-test-thread-6] ERROR MessageUtil - adventureBossRankInfo is null
2023-11-24 07:18:00.490 [ScheduleThreadPool-test-thread-6] ERROR MessageUtil - adventureBossRankInfo is null
2023-11-24 07:18:00.547 [ScheduleThreadPool-test-thread-6] ERROR MessageUtil - adventureBossRankInfo is null
2023-11-24 07:18:00.601 [ScheduleThreadPool-test-thread-1] ERROR MessageUtil - adventureBossRankInfo is null
2023-11-24 07:18:00.913 [ScheduleThreadPool-test-thread-6] ERROR MessageUtil - adventureBossRankInfo is null
2023-11-24 07:19:00.190 [ScheduleThreadPool-test-thread-2] ERROR MessageUtil - adventureBossRankInfo is null
2023-11-24 07:19:00.493 [ScheduleThreadPool-test-thread-2] ERROR MessageUtil - adventureBossRankInfo is null
2023-11-24 07:19:00.546 [ScheduleThreadPool-test-thread-6] ERROR MessageUtil - adventureBossRankInfo is null
2023-11-24 07:19:00.602 [ScheduleThreadPool-test-thread-6] ERROR MessageUtil - adventureBossRankInfo is null
2023-11-24 07:19:00.913 [ScheduleThreadPool-test-thread-8] ERROR MessageUtil - adventureBossRankInfo is null
2023-11-24 07:20:00.158 [ScheduleThreadPool-test-thread-8] ERROR MessageUtil - adventureBossRankInfo is null
2023-11-24 07:20:00.485 [ScheduleThreadPool-test-thread-8] ERROR MessageUtil - adventureBossRankInfo is null
2023-11-24 07:20:00.544 [ScheduleThreadPool-test-thread-3] ERROR MessageUtil - adventureBossRankInfo is null
2023-11-24 07:20:00.599 [ScheduleThreadPool-test-thread-4] ERROR MessageUtil - adventureBossRankInfo is null
2023-11-24 07:20:00.913 [ScheduleThreadPool-test-thread-2] ERROR MessageUtil - adventureBossRankInfo is null
2023-11-24 07:21:00.161 [ScheduleThreadPool-test-thread-1] ERROR MessageUtil - adventureBossRankInfo is null
2023-11-24 07:21:00.494 [ScheduleThreadPool-test-thread-7] ERROR MessageUtil - adventureBossRankInfo is null
2023-11-24 07:21:00.543 [ScheduleThreadPool-test-thread-1] ERROR MessageUtil - adventureBossRankInfo is null
2023-11-24 07:21:00.603 [ScheduleThreadPool-test-thread-3] ERROR MessageUtil - adventureBossRankInfo is null
2023-11-24 07:21:00.914 [ScheduleThreadPool-test-thread-3] ERROR MessageUtil - adventureBossRankInfo is null
2023-11-24 07:22:00.159 [ScheduleThreadPool-test-thread-1] ERROR MessageUtil - adventureBossRankInfo is null
2023-11-24 07:22:00.494 [ScheduleThreadPool-test-thread-6] ERROR MessageUtil - adventureBossRankInfo is null
2023-11-24 07:22:00.547 [ScheduleThreadPool-test-thread-6] ERROR MessageUtil - adventureBossRankInfo is null
2023-11-24 07:22:00.602 [ScheduleThreadPool-test-thread-4] ERROR MessageUtil - adventureBossRankInfo is null
2023-11-24 07:22:00.912 [ScheduleThreadPool-test-thread-6] ERROR MessageUtil - adventureBossRankInfo is null
2023-11-24 07:23:00.162 [ScheduleThreadPool-test-thread-2] ERROR MessageUtil - adventureBossRankInfo is null
2023-11-24 07:23:00.492 [ScheduleThreadPool-test-thread-4] ERROR MessageUtil - adventureBossRankInfo is null
2023-11-24 07:23:00.545 [ScheduleThreadPool-test-thread-4] ERROR MessageUtil - adventureBossRankInfo is null
2023-11-24 07:23:00.600 [ScheduleThreadPool-test-thread-3] ERROR MessageUtil - adventureBossRankInfo is null
2023-11-24 07:23:00.912 [ScheduleThreadPool-test-thread-2] ERROR MessageUtil - adventureBossRankInfo is null
2023-11-24 07:24:00.160 [ScheduleThreadPool-test-thread-1] ERROR MessageUtil - adventureBossRankInfo is null
2023-11-24 07:24:00.493 [ScheduleThreadPool-test-thread-4] ERROR MessageUtil - adventureBossRankInfo is null
2023-11-24 07:24:00.543 [ScheduleThreadPool-test-thread-3] ERROR MessageUtil - adventureBossRankInfo is null
2023-11-24 07:24:00.599 [ScheduleThreadPool-test-thread-1] ERROR MessageUtil - adventureBossRankInfo is null
2023-11-24 07:24:00.913 [ScheduleThreadPool-test-thread-3] ERROR MessageUtil - adventureBossRankInfo is null
2023-11-24 07:25:00.163 [ScheduleThreadPool-test-thread-5] ERROR MessageUtil - adventureBossRankInfo is null
2023-11-24 07:25:00.494 [ScheduleThreadPool-test-thread-2] ERROR MessageUtil - adventureBossRankInfo is null
2023-11-24 07:25:00.543 [ScheduleThreadPool-test-thread-3] ERROR MessageUtil - adventureBossRankInfo is null
2023-11-24 07:25:00.602 [ScheduleThreadPool-test-thread-4] ERROR MessageUtil - adventureBossRankInfo is null
2023-11-24 07:25:00.912 [ScheduleThreadPool-test-thread-8] ERROR MessageUtil - adventureBossRankInfo is null
2023-11-24 07:26:00.164 [ScheduleThreadPool-test-thread-8] ERROR MessageUtil - adventureBossRankInfo is null
2023-11-24 07:26:00.491 [ScheduleThreadPool-test-thread-1] ERROR MessageUtil - adventureBossRankInfo is null
2023-11-24 07:26:00.542 [ScheduleThreadPool-test-thread-3] ERROR MessageUtil - adventureBossRankInfo is null
2023-11-24 07:26:00.605 [ScheduleThreadPool-test-thread-5] ERROR MessageUtil - adventureBossRankInfo is null
2023-11-24 07:26:00.914 [ScheduleThreadPool-test-thread-4] ERROR MessageUtil - adventureBossRankInfo is null
2023-11-24 07:27:00.161 [ScheduleThreadPool-test-thread-5] ERROR MessageUtil - adventureBossRankInfo is null
2023-11-24 07:27:00.496 [ScheduleThreadPool-test-thread-8] ERROR MessageUtil - adventureBossRankInfo is null
2023-11-24 07:27:00.545 [ScheduleThreadPool-test-thread-8] ERROR MessageUtil - adventureBossRankInfo is null
2023-11-24 07:27:00.599 [ScheduleThreadPool-test-thread-6] ERROR MessageUtil - adventureBossRankInfo is null
2023-11-24 07:27:00.911 [ScheduleThreadPool-test-thread-3] ERROR MessageUtil - adventureBossRankInfo is null
2023-11-24 07:28:00.164 [ScheduleThreadPool-test-thread-2] ERROR MessageUtil - adventureBossRankInfo is null
2023-11-24 07:28:00.489 [ScheduleThreadPool-test-thread-8] ERROR MessageUtil - adventureBossRankInfo is null
2023-11-24 07:28:00.544 [ScheduleThreadPool-test-thread-6] ERROR MessageUtil - adventureBossRankInfo is null
2023-11-24 07:28:00.604 [ScheduleThreadPool-test-thread-1] ERROR MessageUtil - adventureBossRankInfo is null
2023-11-24 07:28:00.913 [ScheduleThreadPool-test-thread-5] ERROR MessageUtil - adventureBossRankInfo is null
2023-11-24 07:29:00.162 [ScheduleThreadPool-test-thread-8] ERROR MessageUtil - adventureBossRankInfo is null
2023-11-24 07:29:00.494 [ScheduleThreadPool-test-thread-5] ERROR MessageUtil - adventureBossRankInfo is null
2023-11-24 07:29:00.545 [ScheduleThreadPool-test-thread-4] ERROR MessageUtil - adventureBossRankInfo is null
2023-11-24 07:29:00.617 [ScheduleThreadPool-test-thread-7] ERROR MessageUtil - adventureBossRankInfo is null
2023-11-24 07:29:00.913 [ScheduleThreadPool-test-thread-5] ERROR MessageUtil - adventureBossRankInfo is null
2023-11-24 07:30:00.162 [ScheduleThreadPool-test-thread-2] ERROR MessageUtil - adventureBossRankInfo is null
2023-11-24 07:30:00.494 [ScheduleThreadPool-test-thread-5] ERROR MessageUtil - adventureBossRankInfo is null
2023-11-24 07:30:00.545 [ScheduleThreadPool-test-thread-5] ERROR MessageUtil - adventureBossRankInfo is null
2023-11-24 07:30:00.604 [ScheduleThreadPool-test-thread-4] ERROR MessageUtil - adventureBossRankInfo is null
2023-11-24 07:30:00.916 [ScheduleThreadPool-test-thread-2] ERROR MessageUtil - adventureBossRankInfo is null
2023-11-24 07:31:00.164 [ScheduleThreadPool-test-thread-6] ERROR MessageUtil - adventureBossRankInfo is null
2023-11-24 07:31:00.494 [ScheduleThreadPool-test-thread-6] ERROR MessageUtil - adventureBossRankInfo is null
2023-11-24 07:31:00.548 [ScheduleThreadPool-test-thread-3] ERROR MessageUtil - adventureBossRankInfo is null
2023-11-24 07:31:00.602 [ScheduleThreadPool-test-thread-1] ERROR MessageUtil - adventureBossRankInfo is null
2023-11-24 07:31:00.913 [ScheduleThreadPool-test-thread-3] ERROR MessageUtil - adventureBossRankInfo is null
2023-11-24 07:32:00.161 [ScheduleThreadPool-test-thread-7] ERROR MessageUtil - adventureBossRankInfo is null
2023-11-24 07:32:00.495 [ScheduleThreadPool-test-thread-2] ERROR MessageUtil - adventureBossRankInfo is null
2023-11-24 07:32:00.555 [ScheduleThreadPool-test-thread-7] ERROR MessageUtil - adventureBossRankInfo is null
2023-11-24 07:32:00.607 [ScheduleThreadPool-test-thread-7] ERROR MessageUtil - adventureBossRankInfo is null
2023-11-24 07:32:00.914 [ScheduleThreadPool-test-thread-2] ERROR MessageUtil - adventureBossRankInfo is null
2023-11-24 07:33:00.160 [ScheduleThreadPool-test-thread-8] ERROR MessageUtil - adventureBossRankInfo is null
2023-11-24 07:33:00.495 [ScheduleThreadPool-test-thread-5] ERROR MessageUtil - adventureBossRankInfo is null
2023-11-24 07:33:00.547 [ScheduleThreadPool-test-thread-7] ERROR MessageUtil - adventureBossRankInfo is null
2023-11-24 07:33:00.603 [ScheduleThreadPool-test-thread-7] ERROR MessageUtil - adventureBossRankInfo is null
2023-11-24 07:33:00.915 [ScheduleThreadPool-test-thread-2] ERROR MessageUtil - adventureBossRankInfo is null
2023-11-24 07:34:00.163 [ScheduleThreadPool-test-thread-5] ERROR MessageUtil - adventureBossRankInfo is null
2023-11-24 07:34:00.505 [ScheduleThreadPool-test-thread-8] ERROR MessageUtil - adventureBossRankInfo is null
2023-11-24 07:34:00.547 [ScheduleThreadPool-test-thread-4] ERROR MessageUtil - adventureBossRankInfo is null
2023-11-24 07:34:00.601 [ScheduleThreadPool-test-thread-1] ERROR MessageUtil - adventureBossRankInfo is null
2023-11-24 07:34:00.914 [ScheduleThreadPool-test-thread-3] ERROR MessageUtil - adventureBossRankInfo is null
2023-11-24 07:35:00.617 [ScheduleThreadPool-test-thread-3] ERROR MessageUtil - adventureBossRankInfo is null
2023-11-24 07:35:01.032 [ScheduleThreadPool-test-thread-7] ERROR MessageUtil - adventureBossRankInfo is null
2023-11-24 07:35:01.297 [ScheduleThreadPool-test-thread-3] ERROR MessageUtil - adventureBossRankInfo is null
2023-11-24 07:35:01.349 [ScheduleThreadPool-test-thread-2] ERROR MessageUtil - adventureBossRankInfo is null
2023-11-24 07:35:31.300 [ScheduleThreadPool-test-thread-2] ERROR MessageUtil - adventureBossRankInfo is null
2023-11-24 07:36:00.327 [ScheduleThreadPool-test-thread-1] ERROR MessageUtil - adventureBossRankInfo is null
2023-11-24 07:36:00.497 [ScheduleThreadPool-test-thread-1] ERROR MessageUtil - adventureBossRankInfo is null
2023-11-24 07:36:00.552 [ScheduleThreadPool-test-thread-6] ERROR MessageUtil - adventureBossRankInfo is null
2023-11-24 07:36:00.603 [ScheduleThreadPool-test-thread-2] ERROR MessageUtil - adventureBossRankInfo is null
2023-11-24 07:36:00.915 [ScheduleThreadPool-test-thread-4] ERROR MessageUtil - adventureBossRankInfo is null
2023-11-24 07:37:00.284 [ScheduleThreadPool-test-thread-8] ERROR MessageUtil - adventureBossRankInfo is null
2023-11-24 07:37:00.497 [ScheduleThreadPool-test-thread-3] ERROR MessageUtil - adventureBossRankInfo is null
2023-11-24 07:37:00.546 [ScheduleThreadPool-test-thread-3] ERROR MessageUtil - adventureBossRankInfo is null
2023-11-24 07:37:00.604 [ScheduleThreadPool-test-thread-4] ERROR MessageUtil - adventureBossRankInfo is null
2023-11-24 07:37:00.912 [ScheduleThreadPool-test-thread-6] ERROR MessageUtil - adventureBossRankInfo is null
2023-11-24 07:38:00.290 [ScheduleThreadPool-test-thread-7] ERROR MessageUtil - adventureBossRankInfo is null
2023-11-24 07:38:00.493 [ScheduleThreadPool-test-thread-1] ERROR MessageUtil - adventureBossRankInfo is null
2023-11-24 07:38:00.545 [ScheduleThreadPool-test-thread-8] ERROR MessageUtil - adventureBossRankInfo is null
2023-11-24 07:38:00.597 [ScheduleThreadPool-test-thread-4] ERROR MessageUtil - adventureBossRankInfo is null
2023-11-24 07:38:00.912 [ScheduleThreadPool-test-thread-3] ERROR MessageUtil - adventureBossRankInfo is null
2023-11-24 07:39:00.417 [ScheduleThreadPool-test-thread-8] ERROR MessageUtil - adventureBossRankInfo is null
2023-11-24 07:39:00.514 [ScheduleThreadPool-test-thread-1] ERROR MessageUtil - adventureBossRankInfo is null
2023-11-24 07:39:00.576 [ScheduleThreadPool-test-thread-1] ERROR MessageUtil - adventureBossRankInfo is null
2023-11-24 07:39:00.599 [ScheduleThreadPool-test-thread-2] ERROR MessageUtil - adventureBossRankInfo is null
2023-11-24 07:39:05.105 [ScheduleThreadPool-test-thread-1] ERROR MessageUtil - adventureBossRankInfo is null
2023-11-24 07:40:00.319 [ScheduleThreadPool-test-thread-3] ERROR MessageUtil - adventureBossRankInfo is null
2023-11-24 07:40:00.492 [ScheduleThreadPool-test-thread-5] ERROR MessageUtil - adventureBossRankInfo is null
2023-11-24 07:40:00.548 [ScheduleThreadPool-test-thread-7] ERROR MessageUtil - adventureBossRankInfo is null
2023-11-24 07:40:00.604 [ScheduleThreadPool-test-thread-3] ERROR MessageUtil - adventureBossRankInfo is null
2023-11-24 07:40:01.003 [ScheduleThreadPool-test-thread-4] ERROR MessageUtil - adventureBossRankInfo is null
2023-11-24 07:41:00.288 [ScheduleThreadPool-test-thread-7] ERROR MessageUtil - adventureBossRankInfo is null
2023-11-24 07:41:00.494 [ScheduleThreadPool-test-thread-6] ERROR MessageUtil - adventureBossRankInfo is null
2023-11-24 07:41:00.546 [ScheduleThreadPool-test-thread-5] ERROR MessageUtil - adventureBossRankInfo is null
2023-11-24 07:41:00.604 [ScheduleThreadPool-test-thread-1] ERROR MessageUtil - adventureBossRankInfo is null
2023-11-24 07:41:00.999 [ScheduleThreadPool-test-thread-1] ERROR MessageUtil - adventureBossRankInfo is null
2023-11-24 07:42:00.289 [ScheduleThreadPool-test-thread-5] ERROR MessageUtil - adventureBossRankInfo is null
2023-11-24 07:42:00.493 [ScheduleThreadPool-test-thread-6] ERROR MessageUtil - adventureBossRankInfo is null
2023-11-24 07:42:00.543 [ScheduleThreadPool-test-thread-8] ERROR MessageUtil - adventureBossRankInfo is null
2023-11-24 07:42:00.600 [ScheduleThreadPool-test-thread-2] ERROR MessageUtil - adventureBossRankInfo is null
2023-11-24 07:42:00.997 [ScheduleThreadPool-test-thread-8] ERROR MessageUtil - adventureBossRankInfo is null
2023-11-24 07:43:00.291 [ScheduleThreadPool-test-thread-1] ERROR MessageUtil - adventureBossRankInfo is null
2023-11-24 07:43:00.495 [ScheduleThreadPool-test-thread-6] ERROR MessageUtil - adventureBossRankInfo is null
2023-11-24 07:43:00.543 [ScheduleThreadPool-test-thread-4] ERROR MessageUtil - adventureBossRankInfo is null
2023-11-24 07:43:00.598 [ScheduleThreadPool-test-thread-5] ERROR MessageUtil - adventureBossRankInfo is null
2023-11-24 07:43:00.992 [ScheduleThreadPool-test-thread-8] ERROR MessageUtil - adventureBossRankInfo is null
2023-11-24 07:44:00.455 [ScheduleThreadPool-test-thread-7] ERROR MessageUtil - adventureBossRankInfo is null
2023-11-24 07:44:00.561 [ScheduleThreadPool-test-thread-5] ERROR MessageUtil - adventureBossRankInfo is null
2023-11-24 07:44:00.625 [ScheduleThreadPool-test-thread-5] ERROR MessageUtil - adventureBossRankInfo is null
2023-11-24 07:44:01.024 [ScheduleThreadPool-test-thread-3] ERROR MessageUtil - adventureBossRankInfo is null
2023-11-24 07:44:20.998 [ScheduleThreadPool-test-thread-1] ERROR MessageUtil - adventureBossRankInfo is null
2023-11-24 07:45:00.301 [ScheduleThreadPool-test-thread-7] ERROR MessageUtil - adventureBossRankInfo is null
2023-11-24 07:45:00.545 [ScheduleThreadPool-test-thread-1] ERROR MessageUtil - adventureBossRankInfo is null
2023-11-24 07:45:00.601 [ScheduleThreadPool-test-thread-2] ERROR MessageUtil - adventureBossRankInfo is null
2023-11-24 07:45:00.976 [ScheduleThreadPool-test-thread-6] ERROR MessageUtil - adventureBossRankInfo is null
2023-11-24 07:45:00.999 [ScheduleThreadPool-test-thread-4] ERROR MessageUtil - adventureBossRankInfo is null
2023-11-24 07:46:00.284 [ScheduleThreadPool-test-thread-4] ERROR MessageUtil - adventureBossRankInfo is null
2023-11-24 07:46:00.548 [ScheduleThreadPool-test-thread-3] ERROR MessageUtil - adventureBossRankInfo is null
2023-11-24 07:46:00.604 [ScheduleThreadPool-test-thread-4] ERROR MessageUtil - adventureBossRankInfo is null
2023-11-24 07:46:00.978 [ScheduleThreadPool-test-thread-1] ERROR MessageUtil - adventureBossRankInfo is null
2023-11-24 07:46:00.999 [ScheduleThreadPool-test-thread-5] ERROR MessageUtil - adventureBossRankInfo is null
2023-11-24 07:47:00.290 [ScheduleThreadPool-test-thread-8] ERROR MessageUtil - adventureBossRankInfo is null
2023-11-24 07:47:00.543 [ScheduleThreadPool-test-thread-7] ERROR MessageUtil - adventureBossRankInfo is null
2023-11-24 07:47:00.602 [ScheduleThreadPool-test-thread-6] ERROR MessageUtil - adventureBossRankInfo is null
2023-11-24 07:47:00.976 [ScheduleThreadPool-test-thread-3] ERROR MessageUtil - adventureBossRankInfo is null
2023-11-24 07:47:00.997 [ScheduleThreadPool-test-thread-6] ERROR MessageUtil - adventureBossRankInfo is null
2023-11-24 07:48:00.288 [ScheduleThreadPool-test-thread-3] ERROR MessageUtil - adventureBossRankInfo is null
2023-11-24 07:48:00.544 [ScheduleThreadPool-test-thread-3] ERROR MessageUtil - adventureBossRankInfo is null
2023-11-24 07:48:00.601 [ScheduleThreadPool-test-thread-2] ERROR MessageUtil - adventureBossRankInfo is null
2023-11-24 07:48:00.976 [ScheduleThreadPool-test-thread-2] ERROR MessageUtil - adventureBossRankInfo is null
2023-11-24 07:48:01.000 [ScheduleThreadPool-test-thread-2] ERROR MessageUtil - adventureBossRankInfo is null
2023-11-24 07:49:00.288 [ScheduleThreadPool-test-thread-7] ERROR MessageUtil - adventureBossRankInfo is null
2023-11-24 07:49:00.544 [ScheduleThreadPool-test-thread-5] ERROR MessageUtil - adventureBossRankInfo is null
2023-11-24 07:49:00.600 [ScheduleThreadPool-test-thread-4] ERROR MessageUtil - adventureBossRankInfo is null
2023-11-24 07:49:00.982 [ScheduleThreadPool-test-thread-6] ERROR MessageUtil - adventureBossRankInfo is null
2023-11-24 07:49:00.999 [ScheduleThreadPool-test-thread-2] ERROR MessageUtil - adventureBossRankInfo is null
2023-11-24 07:50:00.296 [ScheduleThreadPool-test-thread-6] ERROR MessageUtil - adventureBossRankInfo is null
2023-11-24 07:50:00.544 [ScheduleThreadPool-test-thread-4] ERROR MessageUtil - adventureBossRankInfo is null
2023-11-24 07:50:00.599 [ScheduleThreadPool-test-thread-6] ERROR MessageUtil - adventureBossRankInfo is null
2023-11-24 07:50:00.979 [ScheduleThreadPool-test-thread-8] ERROR MessageUtil - adventureBossRankInfo is null
2023-11-24 07:50:00.997 [ScheduleThreadPool-test-thread-3] ERROR MessageUtil - adventureBossRankInfo is null
2023-11-24 07:51:00.287 [ScheduleThreadPool-test-thread-6] ERROR MessageUtil - adventureBossRankInfo is null
2023-11-24 07:51:00.545 [ScheduleThreadPool-test-thread-6] ERROR MessageUtil - adventureBossRankInfo is null
2023-11-24 07:51:00.599 [ScheduleThreadPool-test-thread-1] ERROR MessageUtil - adventureBossRankInfo is null
2023-11-24 07:51:00.978 [ScheduleThreadPool-test-thread-8] ERROR MessageUtil - adventureBossRankInfo is null
2023-11-24 07:51:00.998 [ScheduleThreadPool-test-thread-1] ERROR MessageUtil - adventureBossRankInfo is null
2023-11-24 07:52:00.290 [ScheduleThreadPool-test-thread-4] ERROR MessageUtil - adventureBossRankInfo is null
2023-11-24 07:52:00.547 [ScheduleThreadPool-test-thread-4] ERROR MessageUtil - adventureBossRankInfo is null
2023-11-24 07:52:00.600 [ScheduleThreadPool-test-thread-1] ERROR MessageUtil - adventureBossRankInfo is null
2023-11-24 07:52:00.977 [ScheduleThreadPool-test-thread-1] ERROR MessageUtil - adventureBossRankInfo is null
2023-11-24 07:52:01.000 [ScheduleThreadPool-test-thread-1] ERROR MessageUtil - adventureBossRankInfo is null
2023-11-24 07:53:00.290 [ScheduleThreadPool-test-thread-3] ERROR MessageUtil - adventureBossRankInfo is null
2023-11-24 07:53:00.542 [ScheduleThreadPool-test-thread-1] ERROR MessageUtil - adventureBossRankInfo is null
2023-11-24 07:53:00.604 [ScheduleThreadPool-test-thread-2] ERROR MessageUtil - adventureBossRankInfo is null
2023-11-24 07:53:00.976 [ScheduleThreadPool-test-thread-5] ERROR MessageUtil - adventureBossRankInfo is null
2023-11-24 07:53:01.000 [ScheduleThreadPool-test-thread-6] ERROR MessageUtil - adventureBossRankInfo is null
2023-11-24 07:54:00.291 [ScheduleThreadPool-test-thread-8] ERROR MessageUtil - adventureBossRankInfo is null
2023-11-24 07:54:00.544 [ScheduleThreadPool-test-thread-3] ERROR MessageUtil - adventureBossRankInfo is null
2023-11-24 07:54:00.604 [ScheduleThreadPool-test-thread-6] ERROR MessageUtil - adventureBossRankInfo is null
2023-11-24 07:54:00.976 [ScheduleThreadPool-test-thread-1] ERROR MessageUtil - adventureBossRankInfo is null
2023-11-24 07:54:00.999 [ScheduleThreadPool-test-thread-6] ERROR MessageUtil - adventureBossRankInfo is null
2023-11-24 07:55:00.291 [ScheduleThreadPool-test-thread-8] ERROR MessageUtil - adventureBossRankInfo is null
2023-11-24 07:55:00.546 [ScheduleThreadPool-test-thread-6] ERROR MessageUtil - adventureBossRankInfo is null
2023-11-24 07:55:00.601 [ScheduleThreadPool-test-thread-4] ERROR MessageUtil - adventureBossRankInfo is null
2023-11-24 07:55:00.976 [ScheduleThreadPool-test-thread-5] ERROR MessageUtil - adventureBossRankInfo is null
2023-11-24 07:55:00.998 [ScheduleThreadPool-test-thread-7] ERROR MessageUtil - adventureBossRankInfo is null
2023-11-24 07:56:00.292 [ScheduleThreadPool-test-thread-8] ERROR MessageUtil - adventureBossRankInfo is null
2023-11-24 07:56:00.543 [ScheduleThreadPool-test-thread-6] ERROR MessageUtil - adventureBossRankInfo is null
2023-11-24 07:56:00.604 [ScheduleThreadPool-test-thread-4] ERROR MessageUtil - adventureBossRankInfo is null
2023-11-24 07:56:00.979 [ScheduleThreadPool-test-thread-5] ERROR MessageUtil - adventureBossRankInfo is null
2023-11-24 07:56:01.004 [ScheduleThreadPool-test-thread-7] ERROR MessageUtil - adventureBossRankInfo is null
2023-11-24 07:57:00.292 [ScheduleThreadPool-test-thread-5] ERROR MessageUtil - adventureBossRankInfo is null
2023-11-24 07:57:00.547 [ScheduleThreadPool-test-thread-7] ERROR MessageUtil - adventureBossRankInfo is null
2023-11-24 07:57:00.600 [ScheduleThreadPool-test-thread-7] ERROR MessageUtil - adventureBossRankInfo is null
2023-11-24 07:57:00.977 [ScheduleThreadPool-test-thread-7] ERROR MessageUtil - adventureBossRankInfo is null
2023-11-24 07:57:01.001 [ScheduleThreadPool-test-thread-4] ERROR MessageUtil - adventureBossRankInfo is null
2023-11-24 07:58:00.292 [ScheduleThreadPool-test-thread-4] ERROR MessageUtil - adventureBossRankInfo is null
2023-11-24 07:58:00.546 [ScheduleThreadPool-test-thread-8] ERROR MessageUtil - adventureBossRankInfo is null
2023-11-24 07:58:00.599 [ScheduleThreadPool-test-thread-6] ERROR MessageUtil - adventureBossRankInfo is null
2023-11-24 07:58:00.979 [ScheduleThreadPool-test-thread-6] ERROR MessageUtil - adventureBossRankInfo is null
2023-11-24 07:58:00.999 [ScheduleThreadPool-test-thread-5] ERROR MessageUtil - adventureBossRankInfo is null
2023-11-24 07:59:00.351 [ScheduleThreadPool-test-thread-7] ERROR MessageUtil - adventureBossRankInfo is null
2023-11-24 07:59:00.547 [ScheduleThreadPool-test-thread-6] ERROR MessageUtil - adventureBossRankInfo is null
2023-11-24 07:59:00.600 [ScheduleThreadPool-test-thread-7] ERROR MessageUtil - adventureBossRankInfo is null
2023-11-24 07:59:00.980 [ScheduleThreadPool-test-thread-2] ERROR MessageUtil - adventureBossRankInfo is null
2023-11-24 07:59:01.004 [ScheduleThreadPool-test-thread-7] ERROR MessageUtil - adventureBossRankInfo is null
2023-11-24 08:00:00.325 [ScheduleThreadPool-test-thread-6] ERROR MessageUtil - adventureBossRankInfo is null
2023-11-24 08:00:00.548 [ScheduleThreadPool-test-thread-4] ERROR MessageUtil - adventureBossRankInfo is null
2023-11-24 08:00:00.597 [ScheduleThreadPool-test-thread-5] ERROR MessageUtil - adventureBossRankInfo is null
2023-11-24 08:00:00.980 [ScheduleThreadPool-test-thread-8] ERROR MessageUtil - adventureBossRankInfo is null
2023-11-24 08:00:01.001 [ScheduleThreadPool-test-thread-8] ERROR MessageUtil - adventureBossRankInfo is null
2023-11-24 08:01:00.345 [ScheduleThreadPool-test-thread-3] ERROR MessageUtil - adventureBossRankInfo is null
2023-11-24 08:01:00.546 [ScheduleThreadPool-test-thread-6] ERROR MessageUtil - adventureBossRankInfo is null
2023-11-24 08:01:00.606 [ScheduleThreadPool-test-thread-5] ERROR MessageUtil - adventureBossRankInfo is null
2023-11-24 08:01:00.980 [ScheduleThreadPool-test-thread-1] ERROR MessageUtil - adventureBossRankInfo is null
2023-11-24 08:01:00.999 [ScheduleThreadPool-test-thread-5] ERROR MessageUtil - adventureBossRankInfo is null
2023-11-24 08:02:00.359 [ScheduleThreadPool-test-thread-5] ERROR MessageUtil - adventureBossRankInfo is null
2023-11-24 08:02:00.545 [ScheduleThreadPool-test-thread-8] ERROR MessageUtil - adventureBossRankInfo is null
2023-11-24 08:02:00.634 [ScheduleThreadPool-test-thread-2] ERROR MessageUtil - adventureBossRankInfo is null
2023-11-24 08:02:00.979 [ScheduleThreadPool-test-thread-6] ERROR MessageUtil - adventureBossRankInfo is null
2023-11-24 08:02:01.001 [ScheduleThreadPool-test-thread-7] ERROR MessageUtil - adventureBossRankInfo is null
2023-11-24 08:03:00.315 [ScheduleThreadPool-test-thread-8] ERROR MessageUtil - adventureBossRankInfo is null
2023-11-24 08:03:00.548 [ScheduleThreadPool-test-thread-7] ERROR MessageUtil - adventureBossRankInfo is null
2023-11-24 08:03:00.600 [ScheduleThreadPool-test-thread-1] ERROR MessageUtil - adventureBossRankInfo is null
2023-11-24 08:03:00.979 [ScheduleThreadPool-test-thread-6] ERROR MessageUtil - adventureBossRankInfo is null
2023-11-24 08:03:00.997 [ScheduleThreadPool-test-thread-6] ERROR MessageUtil - adventureBossRankInfo is null
2023-11-24 08:04:00.306 [ScheduleThreadPool-test-thread-7] ERROR MessageUtil - adventureBossRankInfo is null
2023-11-24 08:04:00.547 [ScheduleThreadPool-test-thread-1] ERROR MessageUtil - adventureBossRankInfo is null
2023-11-24 08:04:00.601 [ScheduleThreadPool-test-thread-5] ERROR MessageUtil - adventureBossRankInfo is null
2023-11-24 08:04:00.981 [ScheduleThreadPool-test-thread-8] ERROR MessageUtil - adventureBossRankInfo is null
2023-11-24 08:04:01.004 [ScheduleThreadPool-test-thread-4] ERROR MessageUtil - adventureBossRankInfo is null
2023-11-24 08:05:00.291 [ScheduleThreadPool-test-thread-6] ERROR MessageUtil - adventureBossRankInfo is null
2023-11-24 08:05:00.542 [ScheduleThreadPool-test-thread-4] ERROR MessageUtil - adventureBossRankInfo is null
2023-11-24 08:05:00.601 [ScheduleThreadPool-test-thread-2] ERROR MessageUtil - adventureBossRankInfo is null
2023-11-24 08:05:00.979 [ScheduleThreadPool-test-thread-3] ERROR MessageUtil - adventureBossRankInfo is null
2023-11-24 08:05:00.996 [ScheduleThreadPool-test-thread-8] ERROR MessageUtil - adventureBossRankInfo is null
2023-11-24 08:06:00.292 [ScheduleThreadPool-test-thread-7] ERROR MessageUtil - adventureBossRankInfo is null
2023-11-24 08:06:00.561 [ScheduleThreadPool-test-thread-2] ERROR MessageUtil - adventureBossRankInfo is null
2023-11-24 08:06:00.602 [ScheduleThreadPool-test-thread-7] ERROR MessageUtil - adventureBossRankInfo is null
2023-11-24 08:06:00.975 [ScheduleThreadPool-test-thread-5] ERROR MessageUtil - adventureBossRankInfo is null
2023-11-24 08:06:01.002 [ScheduleThreadPool-test-thread-7] ERROR MessageUtil - adventureBossRankInfo is null
2023-11-24 08:07:00.303 [ScheduleThreadPool-test-thread-1] ERROR MessageUtil - adventureBossRankInfo is null
2023-11-24 08:07:00.548 [ScheduleThreadPool-test-thread-2] ERROR MessageUtil - adventureBossRankInfo is null
2023-11-24 08:07:00.599 [ScheduleThreadPool-test-thread-4] ERROR MessageUtil - adventureBossRankInfo is null
2023-11-24 08:07:00.976 [ScheduleThreadPool-test-thread-3] ERROR MessageUtil - adventureBossRankInfo is null
2023-11-24 08:07:01.000 [ScheduleThreadPool-test-thread-8] ERROR MessageUtil - adventureBossRankInfo is null
2023-11-24 08:08:00.285 [ScheduleThreadPool-test-thread-7] ERROR MessageUtil - adventureBossRankInfo is null
2023-11-24 08:08:00.546 [ScheduleThreadPool-test-thread-3] ERROR MessageUtil - adventureBossRankInfo is null
2023-11-24 08:08:00.600 [ScheduleThreadPool-test-thread-5] ERROR MessageUtil - adventureBossRankInfo is null
2023-11-24 08:08:00.977 [ScheduleThreadPool-test-thread-8] ERROR MessageUtil - adventureBossRankInfo is null
2023-11-24 08:08:01.004 [ScheduleThreadPool-test-thread-8] ERROR MessageUtil - adventureBossRankInfo is null
2023-11-24 08:09:00.291 [ScheduleThreadPool-test-thread-1] ERROR MessageUtil - adventureBossRankInfo is null
2023-11-24 08:09:00.545 [ScheduleThreadPool-test-thread-6] ERROR MessageUtil - adventureBossRankInfo is null
2023-11-24 08:09:00.599 [ScheduleThreadPool-test-thread-3] ERROR MessageUtil - adventureBossRankInfo is null
2023-11-24 08:09:00.978 [ScheduleThreadPool-test-thread-1] ERROR MessageUtil - adventureBossRankInfo is null
2023-11-24 08:09:01.004 [ScheduleThreadPool-test-thread-7] ERROR MessageUtil - adventureBossRankInfo is null
2023-11-24 08:10:00.291 [ScheduleThreadPool-test-thread-3] ERROR MessageUtil - adventureBossRankInfo is null
2023-11-24 08:10:00.540 [ScheduleThreadPool-test-thread-4] ERROR MessageUtil - adventureBossRankInfo is null
2023-11-24 08:10:00.605 [ScheduleThreadPool-test-thread-3] ERROR MessageUtil - adventureBossRankInfo is null
2023-11-24 08:10:00.978 [ScheduleThreadPool-test-thread-7] ERROR MessageUtil - adventureBossRankInfo is null
2023-11-24 08:10:01.002 [ScheduleThreadPool-test-thread-1] ERROR MessageUtil - adventureBossRankInfo is null
2023-11-24 08:11:00.293 [ScheduleThreadPool-test-thread-7] ERROR MessageUtil - adventureBossRankInfo is null
2023-11-24 08:11:00.547 [ScheduleThreadPool-test-thread-8] ERROR MessageUtil - adventureBossRankInfo is null
2023-11-24 08:11:00.615 [ScheduleThreadPool-test-thread-8] ERROR MessageUtil - adventureBossRankInfo is null
2023-11-24 08:11:00.982 [ScheduleThreadPool-test-thread-7] ERROR MessageUtil - adventureBossRankInfo is null
2023-11-24 08:11:00.996 [ScheduleThreadPool-test-thread-5] ERROR MessageUtil - adventureBossRankInfo is null
2023-11-24 08:12:00.294 [ScheduleThreadPool-test-thread-8] ERROR MessageUtil - adventureBossRankInfo is null
2023-11-24 08:12:00.546 [ScheduleThreadPool-test-thread-6] ERROR MessageUtil - adventureBossRankInfo is null
2023-11-24 08:12:00.611 [ScheduleThreadPool-test-thread-4] ERROR MessageUtil - adventureBossRankInfo is null
2023-11-24 08:12:00.979 [ScheduleThreadPool-test-thread-6] ERROR MessageUtil - adventureBossRankInfo is null
2023-11-24 08:12:01.003 [ScheduleThreadPool-test-thread-4] ERROR MessageUtil - adventureBossRankInfo is null
2023-11-24 08:13:01.024 [ScheduleThreadPool-test-thread-6] ERROR MessageUtil - adventureBossRankInfo is null
2023-11-24 08:13:01.064 [ScheduleThreadPool-test-thread-5] ERROR MessageUtil - adventureBossRankInfo is null
2023-11-24 08:13:01.067 [ScheduleThreadPool-test-thread-8] ERROR MessageUtil - adventureBossRankInfo is null
2023-11-24 08:13:01.084 [ScheduleThreadPool-test-thread-3] ERROR MessageUtil - adventureBossRankInfo is null
2023-11-24 08:13:52.661 [ScheduleThreadPool-test-thread-2] ERROR MessageUtil - adventureBossRankInfo is null
2023-11-24 08:14:00.458 [ScheduleThreadPool-test-thread-6] ERROR MessageUtil - adventureBossRankInfo is null
2023-11-24 08:14:00.621 [ScheduleThreadPool-test-thread-1] ERROR MessageUtil - adventureBossRankInfo is null
2023-11-24 08:14:00.630 [ScheduleThreadPool-test-thread-2] ERROR MessageUtil - adventureBossRankInfo is null
2023-11-24 08:14:00.989 [ScheduleThreadPool-test-thread-6] ERROR MessageUtil - adventureBossRankInfo is null
2023-11-24 08:14:01.046 [ScheduleThreadPool-test-thread-1] ERROR MessageUtil - adventureBossRankInfo is null
2023-11-24 08:15:00.306 [ScheduleThreadPool-test-thread-8] ERROR MessageUtil - adventureBossRankInfo is null
2023-11-24 08:15:00.548 [ScheduleThreadPool-test-thread-4] ERROR MessageUtil - adventureBossRankInfo is null
2023-11-24 08:15:00.629 [ScheduleThreadPool-test-thread-1] ERROR MessageUtil - adventureBossRankInfo is null
2023-11-24 08:15:00.980 [ScheduleThreadPool-test-thread-7] ERROR MessageUtil - adventureBossRankInfo is null
2023-11-24 08:15:01.004 [ScheduleThreadPool-test-thread-5] ERROR MessageUtil - adventureBossRankInfo is null
2023-11-24 08:16:00.294 [ScheduleThreadPool-test-thread-1] ERROR MessageUtil - adventureBossRankInfo is null
2023-11-24 08:16:00.547 [ScheduleThreadPool-test-thread-2] ERROR MessageUtil - adventureBossRankInfo is null
2023-11-24 08:16:00.627 [ScheduleThreadPool-test-thread-1] ERROR MessageUtil - adventureBossRankInfo is null
2023-11-24 08:16:00.977 [ScheduleThreadPool-test-thread-2] ERROR MessageUtil - adventureBossRankInfo is null
2023-11-24 08:16:01.006 [ScheduleThreadPool-test-thread-6] ERROR MessageUtil - adventureBossRankInfo is null
2023-11-24 08:17:00.287 [ScheduleThreadPool-test-thread-7] ERROR MessageUtil - adventureBossRankInfo is null
2023-11-24 08:17:00.545 [ScheduleThreadPool-test-thread-5] ERROR MessageUtil - adventureBossRankInfo is null
2023-11-24 08:17:00.630 [ScheduleThreadPool-test-thread-6] ERROR MessageUtil - adventureBossRankInfo is null
2023-11-24 08:17:00.980 [ScheduleThreadPool-test-thread-1] ERROR MessageUtil - adventureBossRankInfo is null
2023-11-24 08:17:01.005 [ScheduleThreadPool-test-thread-7] ERROR MessageUtil - adventureBossRankInfo is null
2023-11-24 08:17:28.305 [ScheduleThreadPool-test-thread-3] ERROR SecondsTask - e
org.springframework.data.redis.RedisConnectionFailureException: java.net.SocketTimeoutException: Read timed out; nested exception is redis.clients.jedis.exceptions.JedisConnectionException: java.net.SocketTimeoutException: Read timed out
	at org.springframework.data.redis.connection.jedis.JedisExceptionConverter.convert(JedisExceptionConverter.java:67)
	at org.springframework.data.redis.connection.jedis.JedisExceptionConverter.convert(JedisExceptionConverter.java:41)
	at org.springframework.data.redis.PassThroughExceptionTranslationStrategy.translate(PassThroughExceptionTranslationStrategy.java:37)
	at org.springframework.data.redis.FallbackExceptionTranslationStrategy.translate(FallbackExceptionTranslationStrategy.java:37)
	at org.springframework.data.redis.connection.jedis.JedisConnection.convertJedisAccessException(JedisConnection.java:241)
	at org.springframework.data.redis.connection.jedis.JedisConnection.hGetAll(JedisConnection.java:3001)
	at org.springframework.data.redis.connection.DefaultStringRedisConnection.hGetAll(DefaultStringRedisConnection.java:372)
	at org.springframework.data.redis.core.DefaultHashOperations$13.doInRedis(DefaultHashOperations.java:223)
	at org.springframework.data.redis.core.DefaultHashOperations$13.doInRedis(DefaultHashOperations.java:220)
	at org.springframework.data.redis.core.RedisTemplate.execute(RedisTemplate.java:207)
	at org.springframework.data.redis.core.RedisTemplate.execute(RedisTemplate.java:169)
	at org.springframework.data.redis.core.AbstractOperations.execute(AbstractOperations.java:91)
	at org.springframework.data.redis.core.DefaultHashOperations.entries(DefaultHashOperations.java:220)
	at com.ljsd.jieling.db.redis.RedisUtil.getMapValues(RedisUtil.java:1401)
	at com.ljsd.jieling.logic.championship.ChampionshipLogic.minuteCheck(ChampionshipLogic.java:1414)
	at com.ljsd.jieling.thread.task.SecondsTask.run(SecondsTask.java:21)
	at java.util.concurrent.Executors$RunnableAdapter.call(Executors.java:511)
	at java.util.concurrent.FutureTask.runAndReset(FutureTask.java:308)
	at java.util.concurrent.ScheduledThreadPoolExecutor$ScheduledFutureTask.access$301(ScheduledThreadPoolExecutor.java:180)
	at java.util.concurrent.ScheduledThreadPoolExecutor$ScheduledFutureTask.run(ScheduledThreadPoolExecutor.java:294)
	at java.util.concurrent.ThreadPoolExecutor.runWorker(ThreadPoolExecutor.java:1149)
	at java.util.concurrent.ThreadPoolExecutor$Worker.run(ThreadPoolExecutor.java:624)
	at java.lang.Thread.run(Thread.java:750)
Caused by: redis.clients.jedis.exceptions.JedisConnectionException: java.net.SocketTimeoutException: Read timed out
	at redis.clients.util.RedisInputStream.ensureFill(RedisInputStream.java:202)
	at redis.clients.util.RedisInputStream.readByte(RedisInputStream.java:40)
	at redis.clients.jedis.Protocol.process(Protocol.java:151)
	at redis.clients.jedis.Protocol.read(Protocol.java:215)
	at redis.clients.jedis.Connection.readProtocolWithCheckingBroken(Connection.java:340)
	at redis.clients.jedis.Connection.getBinaryMultiBulkReply(Connection.java:276)
	at redis.clients.jedis.BinaryJedis.hgetAll(BinaryJedis.java:1028)
	at org.springframework.data.redis.connection.jedis.JedisConnection.hGetAll(JedisConnection.java:2999)
	... 17 common frames omitted
Caused by: java.net.SocketTimeoutException: Read timed out
	at java.net.SocketInputStream.socketRead0(Native Method)
	at java.net.SocketInputStream.socketRead(SocketInputStream.java:116)
	at java.net.SocketInputStream.read(SocketInputStream.java:171)
	at java.net.SocketInputStream.read(SocketInputStream.java:141)
	at java.net.SocketInputStream.read(SocketInputStream.java:127)
	at redis.clients.util.RedisInputStream.ensureFill(RedisInputStream.java:196)
	... 24 common frames omitted
2023-11-24 08:17:28.404 [ScheduleThreadPool-test-thread-1] ERROR SecondsTask - e
org.springframework.data.redis.RedisConnectionFailureException: java.net.SocketTimeoutException: Read timed out; nested exception is redis.clients.jedis.exceptions.JedisConnectionException: java.net.SocketTimeoutException: Read timed out
	at org.springframework.data.redis.connection.jedis.JedisExceptionConverter.convert(JedisExceptionConverter.java:67)
	at org.springframework.data.redis.connection.jedis.JedisExceptionConverter.convert(JedisExceptionConverter.java:41)
	at org.springframework.data.redis.PassThroughExceptionTranslationStrategy.translate(PassThroughExceptionTranslationStrategy.java:37)
	at org.springframework.data.redis.FallbackExceptionTranslationStrategy.translate(FallbackExceptionTranslationStrategy.java:37)
	at org.springframework.data.redis.connection.jedis.JedisConnection.convertJedisAccessException(JedisConnection.java:241)
	at org.springframework.data.redis.connection.jedis.JedisConnection.hGetAll(JedisConnection.java:3001)
	at org.springframework.data.redis.connection.DefaultStringRedisConnection.hGetAll(DefaultStringRedisConnection.java:372)
	at org.springframework.data.redis.core.DefaultHashOperations$13.doInRedis(DefaultHashOperations.java:223)
	at org.springframework.data.redis.core.DefaultHashOperations$13.doInRedis(DefaultHashOperations.java:220)
	at org.springframework.data.redis.core.RedisTemplate.execute(RedisTemplate.java:207)
	at org.springframework.data.redis.core.RedisTemplate.execute(RedisTemplate.java:169)
	at org.springframework.data.redis.core.AbstractOperations.execute(AbstractOperations.java:91)
	at org.springframework.data.redis.core.DefaultHashOperations.entries(DefaultHashOperations.java:220)
	at com.ljsd.jieling.db.redis.RedisUtil.getMapValues(RedisUtil.java:1401)
	at com.ljsd.jieling.logic.championship.ChampionshipLogic.minuteCheck(ChampionshipLogic.java:1414)
	at com.ljsd.jieling.thread.task.SecondsTask.run(SecondsTask.java:21)
	at java.util.concurrent.Executors$RunnableAdapter.call(Executors.java:511)
	at java.util.concurrent.FutureTask.runAndReset(FutureTask.java:308)
	at java.util.concurrent.ScheduledThreadPoolExecutor$ScheduledFutureTask.access$301(ScheduledThreadPoolExecutor.java:180)
	at java.util.concurrent.ScheduledThreadPoolExecutor$ScheduledFutureTask.run(ScheduledThreadPoolExecutor.java:294)
	at java.util.concurrent.ThreadPoolExecutor.runWorker(ThreadPoolExecutor.java:1149)
	at java.util.concurrent.ThreadPoolExecutor$Worker.run(ThreadPoolExecutor.java:624)
	at java.lang.Thread.run(Thread.java:750)
Caused by: redis.clients.jedis.exceptions.JedisConnectionException: java.net.SocketTimeoutException: Read timed out
	at redis.clients.util.RedisInputStream.ensureFill(RedisInputStream.java:202)
	at redis.clients.util.RedisInputStream.readByte(RedisInputStream.java:40)
	at redis.clients.jedis.Protocol.process(Protocol.java:151)
	at redis.clients.jedis.Protocol.read(Protocol.java:215)
	at redis.clients.jedis.Connection.readProtocolWithCheckingBroken(Connection.java:340)
	at redis.clients.jedis.Connection.getBinaryMultiBulkReply(Connection.java:276)
	at redis.clients.jedis.BinaryJedis.hgetAll(BinaryJedis.java:1028)
	at org.springframework.data.redis.connection.jedis.JedisConnection.hGetAll(JedisConnection.java:2999)
	... 17 common frames omitted
Caused by: java.net.SocketTimeoutException: Read timed out
	at java.net.SocketInputStream.socketRead0(Native Method)
	at java.net.SocketInputStream.socketRead(SocketInputStream.java:116)
	at java.net.SocketInputStream.read(SocketInputStream.java:171)
	at java.net.SocketInputStream.read(SocketInputStream.java:141)
	at java.net.SocketInputStream.read(SocketInputStream.java:127)
	at redis.clients.util.RedisInputStream.ensureFill(RedisInputStream.java:196)
	... 24 common frames omitted
2023-11-24 08:17:28.486 [ScheduleThreadPool-test-thread-3] ERROR SecondsTask - e
org.springframework.data.redis.RedisConnectionFailureException: java.net.SocketTimeoutException: Read timed out; nested exception is redis.clients.jedis.exceptions.JedisConnectionException: java.net.SocketTimeoutException: Read timed out
	at org.springframework.data.redis.connection.jedis.JedisExceptionConverter.convert(JedisExceptionConverter.java:67)
	at org.springframework.data.redis.connection.jedis.JedisExceptionConverter.convert(JedisExceptionConverter.java:41)
	at org.springframework.data.redis.PassThroughExceptionTranslationStrategy.translate(PassThroughExceptionTranslationStrategy.java:37)
	at org.springframework.data.redis.FallbackExceptionTranslationStrategy.translate(FallbackExceptionTranslationStrategy.java:37)
	at org.springframework.data.redis.connection.jedis.JedisConnection.convertJedisAccessException(JedisConnection.java:241)
	at org.springframework.data.redis.connection.jedis.JedisConnection.hGetAll(JedisConnection.java:3001)
	at org.springframework.data.redis.connection.DefaultStringRedisConnection.hGetAll(DefaultStringRedisConnection.java:372)
	at org.springframework.data.redis.core.DefaultHashOperations$13.doInRedis(DefaultHashOperations.java:223)
	at org.springframework.data.redis.core.DefaultHashOperations$13.doInRedis(DefaultHashOperations.java:220)
	at org.springframework.data.redis.core.RedisTemplate.execute(RedisTemplate.java:207)
	at org.springframework.data.redis.core.RedisTemplate.execute(RedisTemplate.java:169)
	at org.springframework.data.redis.core.AbstractOperations.execute(AbstractOperations.java:91)
	at org.springframework.data.redis.core.DefaultHashOperations.entries(DefaultHashOperations.java:220)
	at com.ljsd.jieling.db.redis.RedisUtil.getMapValues(RedisUtil.java:1401)
	at com.ljsd.jieling.logic.championship.ChampionshipLogic.minuteCheck(ChampionshipLogic.java:1414)
	at com.ljsd.jieling.thread.task.SecondsTask.run(SecondsTask.java:21)
	at java.util.concurrent.Executors$RunnableAdapter.call(Executors.java:511)
	at java.util.concurrent.FutureTask.runAndReset(FutureTask.java:308)
	at java.util.concurrent.ScheduledThreadPoolExecutor$ScheduledFutureTask.access$301(ScheduledThreadPoolExecutor.java:180)
	at java.util.concurrent.ScheduledThreadPoolExecutor$ScheduledFutureTask.run(ScheduledThreadPoolExecutor.java:294)
	at java.util.concurrent.ThreadPoolExecutor.runWorker(ThreadPoolExecutor.java:1149)
	at java.util.concurrent.ThreadPoolExecutor$Worker.run(ThreadPoolExecutor.java:624)
	at java.lang.Thread.run(Thread.java:750)
Caused by: redis.clients.jedis.exceptions.JedisConnectionException: java.net.SocketTimeoutException: Read timed out
	at redis.clients.util.RedisInputStream.ensureFill(RedisInputStream.java:202)
	at redis.clients.util.RedisInputStream.readByte(RedisInputStream.java:40)
	at redis.clients.jedis.Protocol.process(Protocol.java:151)
	at redis.clients.jedis.Protocol.read(Protocol.java:215)
	at redis.clients.jedis.Connection.readProtocolWithCheckingBroken(Connection.java:340)
	at redis.clients.jedis.Connection.getBinaryMultiBulkReply(Connection.java:276)
	at redis.clients.jedis.BinaryJedis.hgetAll(BinaryJedis.java:1028)
	at org.springframework.data.redis.connection.jedis.JedisConnection.hGetAll(JedisConnection.java:2999)
	... 17 common frames omitted
Caused by: java.net.SocketTimeoutException: Read timed out
	at java.net.SocketInputStream.socketRead0(Native Method)
	at java.net.SocketInputStream.socketRead(SocketInputStream.java:116)
	at java.net.SocketInputStream.read(SocketInputStream.java:171)
	at java.net.SocketInputStream.read(SocketInputStream.java:141)
	at java.net.SocketInputStream.read(SocketInputStream.java:127)
	at redis.clients.util.RedisInputStream.ensureFill(RedisInputStream.java:196)
	... 24 common frames omitted
2023-11-24 08:17:28.498 [ScheduleThreadPool-test-thread-5] ERROR SecondsTask - e
org.springframework.data.redis.RedisConnectionFailureException: java.net.SocketTimeoutException: Read timed out; nested exception is redis.clients.jedis.exceptions.JedisConnectionException: java.net.SocketTimeoutException: Read timed out
	at org.springframework.data.redis.connection.jedis.JedisExceptionConverter.convert(JedisExceptionConverter.java:67)
	at org.springframework.data.redis.connection.jedis.JedisExceptionConverter.convert(JedisExceptionConverter.java:41)
	at org.springframework.data.redis.PassThroughExceptionTranslationStrategy.translate(PassThroughExceptionTranslationStrategy.java:37)
	at org.springframework.data.redis.FallbackExceptionTranslationStrategy.translate(FallbackExceptionTranslationStrategy.java:37)
	at org.springframework.data.redis.connection.jedis.JedisConnection.convertJedisAccessException(JedisConnection.java:241)
	at org.springframework.data.redis.connection.jedis.JedisConnection.hGetAll(JedisConnection.java:3001)
	at org.springframework.data.redis.connection.DefaultStringRedisConnection.hGetAll(DefaultStringRedisConnection.java:372)
	at org.springframework.data.redis.core.DefaultHashOperations$13.doInRedis(DefaultHashOperations.java:223)
	at org.springframework.data.redis.core.DefaultHashOperations$13.doInRedis(DefaultHashOperations.java:220)
	at org.springframework.data.redis.core.RedisTemplate.execute(RedisTemplate.java:207)
	at org.springframework.data.redis.core.RedisTemplate.execute(RedisTemplate.java:169)
	at org.springframework.data.redis.core.AbstractOperations.execute(AbstractOperations.java:91)
	at org.springframework.data.redis.core.DefaultHashOperations.entries(DefaultHashOperations.java:220)
	at com.ljsd.jieling.db.redis.RedisUtil.getMapValues(RedisUtil.java:1401)
	at com.ljsd.jieling.logic.championship.ChampionshipLogic.minuteCheck(ChampionshipLogic.java:1414)
	at com.ljsd.jieling.thread.task.SecondsTask.run(SecondsTask.java:21)
	at java.util.concurrent.Executors$RunnableAdapter.call(Executors.java:511)
	at java.util.concurrent.FutureTask.runAndReset(FutureTask.java:308)
	at java.util.concurrent.ScheduledThreadPoolExecutor$ScheduledFutureTask.access$301(ScheduledThreadPoolExecutor.java:180)
	at java.util.concurrent.ScheduledThreadPoolExecutor$ScheduledFutureTask.run(ScheduledThreadPoolExecutor.java:294)
	at java.util.concurrent.ThreadPoolExecutor.runWorker(ThreadPoolExecutor.java:1149)
	at java.util.concurrent.ThreadPoolExecutor$Worker.run(ThreadPoolExecutor.java:624)
	at java.lang.Thread.run(Thread.java:750)
Caused by: redis.clients.jedis.exceptions.JedisConnectionException: java.net.SocketTimeoutException: Read timed out
	at redis.clients.util.RedisInputStream.ensureFill(RedisInputStream.java:202)
	at redis.clients.util.RedisInputStream.readByte(RedisInputStream.java:40)
	at redis.clients.jedis.Protocol.process(Protocol.java:151)
	at redis.clients.jedis.Protocol.read(Protocol.java:215)
	at redis.clients.jedis.Connection.readProtocolWithCheckingBroken(Connection.java:340)
	at redis.clients.jedis.Connection.getBinaryMultiBulkReply(Connection.java:276)
	at redis.clients.jedis.BinaryJedis.hgetAll(BinaryJedis.java:1028)
	at org.springframework.data.redis.connection.jedis.JedisConnection.hGetAll(JedisConnection.java:2999)
	... 17 common frames omitted
Caused by: java.net.SocketTimeoutException: Read timed out
	at java.net.SocketInputStream.socketRead0(Native Method)
	at java.net.SocketInputStream.socketRead(SocketInputStream.java:116)
	at java.net.SocketInputStream.read(SocketInputStream.java:171)
	at java.net.SocketInputStream.read(SocketInputStream.java:141)
	at java.net.SocketInputStream.read(SocketInputStream.java:127)
	at redis.clients.util.RedisInputStream.ensureFill(RedisInputStream.java:196)
	... 24 common frames omitted
2023-11-24 08:18:00.320 [ScheduleThreadPool-test-thread-6] ERROR MessageUtil - adventureBossRankInfo is null
2023-11-24 08:18:00.341 [ScheduleThreadPool-test-thread-7] ERROR MessageUtil - adventureBossRankInfo is null
2023-11-24 08:18:00.678 [ScheduleThreadPool-test-thread-7] ERROR MessageUtil - adventureBossRankInfo is null
2023-11-24 08:18:01.006 [ScheduleThreadPool-test-thread-1] ERROR MessageUtil - adventureBossRankInfo is null
2023-11-24 08:18:01.030 [ScheduleThreadPool-test-thread-4] ERROR MessageUtil - adventureBossRankInfo is null
2023-11-24 08:19:00.330 [ScheduleThreadPool-test-thread-3] ERROR MessageUtil - adventureBossRankInfo is null
2023-11-24 08:19:00.340 [ScheduleThreadPool-test-thread-7] ERROR MessageUtil - adventureBossRankInfo is null
2023-11-24 08:19:00.632 [ScheduleThreadPool-test-thread-6] ERROR MessageUtil - adventureBossRankInfo is null
2023-11-24 08:19:00.976 [ScheduleThreadPool-test-thread-8] ERROR MessageUtil - adventureBossRankInfo is null
2023-11-24 08:19:00.999 [ScheduleThreadPool-test-thread-2] ERROR MessageUtil - adventureBossRankInfo is null
2023-11-24 08:20:00.294 [ScheduleThreadPool-test-thread-8] ERROR MessageUtil - adventureBossRankInfo is null
2023-11-24 08:20:00.337 [ScheduleThreadPool-test-thread-7] ERROR MessageUtil - adventureBossRankInfo is null
2023-11-24 08:20:00.628 [ScheduleThreadPool-test-thread-7] ERROR MessageUtil - adventureBossRankInfo is null
2023-11-24 08:20:00.978 [ScheduleThreadPool-test-thread-7] ERROR MessageUtil - adventureBossRankInfo is null
2023-11-24 08:20:01.002 [ScheduleThreadPool-test-thread-7] ERROR MessageUtil - adventureBossRankInfo is null
2023-11-24 08:21:00.289 [ScheduleThreadPool-test-thread-1] ERROR MessageUtil - adventureBossRankInfo is null
2023-11-24 08:21:00.336 [ScheduleThreadPool-test-thread-6] ERROR MessageUtil - adventureBossRankInfo is null
2023-11-24 08:21:00.630 [ScheduleThreadPool-test-thread-1] ERROR MessageUtil - adventureBossRankInfo is null
2023-11-24 08:21:00.981 [ScheduleThreadPool-test-thread-7] ERROR MessageUtil - adventureBossRankInfo is null
2023-11-24 08:21:00.999 [ScheduleThreadPool-test-thread-8] ERROR MessageUtil - adventureBossRankInfo is null
2023-11-24 08:22:00.290 [ScheduleThreadPool-test-thread-8] ERROR MessageUtil - adventureBossRankInfo is null
2023-11-24 08:22:00.342 [ScheduleThreadPool-test-thread-3] ERROR MessageUtil - adventureBossRankInfo is null
2023-11-24 08:22:00.628 [ScheduleThreadPool-test-thread-2] ERROR MessageUtil - adventureBossRankInfo is null
2023-11-24 08:22:00.981 [ScheduleThreadPool-test-thread-6] ERROR MessageUtil - adventureBossRankInfo is null
2023-11-24 08:22:01.001 [ScheduleThreadPool-test-thread-3] ERROR MessageUtil - adventureBossRankInfo is null
2023-11-24 08:23:00.290 [ScheduleThreadPool-test-thread-8] ERROR MessageUtil - adventureBossRankInfo is null
2023-11-24 08:23:00.338 [ScheduleThreadPool-test-thread-5] ERROR MessageUtil - adventureBossRankInfo is null
2023-11-24 08:23:00.633 [ScheduleThreadPool-test-thread-7] ERROR MessageUtil - adventureBossRankInfo is null
2023-11-24 08:23:00.977 [ScheduleThreadPool-test-thread-7] ERROR MessageUtil - adventureBossRankInfo is null
2023-11-24 08:23:01.000 [ScheduleThreadPool-test-thread-2] ERROR MessageUtil - adventureBossRankInfo is null
2023-11-24 08:24:00.287 [ScheduleThreadPool-test-thread-3] ERROR MessageUtil - adventureBossRankInfo is null
2023-11-24 08:24:00.342 [ScheduleThreadPool-test-thread-3] ERROR MessageUtil - adventureBossRankInfo is null
2023-11-24 08:24:00.628 [ScheduleThreadPool-test-thread-4] ERROR MessageUtil - adventureBossRankInfo is null
2023-11-24 08:24:00.978 [ScheduleThreadPool-test-thread-6] ERROR MessageUtil - adventureBossRankInfo is null
2023-11-24 08:24:00.998 [ScheduleThreadPool-test-thread-4] ERROR MessageUtil - adventureBossRankInfo is null
2023-11-24 08:25:00.289 [ScheduleThreadPool-test-thread-7] ERROR MessageUtil - adventureBossRankInfo is null
2023-11-24 08:25:00.338 [ScheduleThreadPool-test-thread-1] ERROR MessageUtil - adventureBossRankInfo is null
2023-11-24 08:25:00.628 [ScheduleThreadPool-test-thread-1] ERROR MessageUtil - adventureBossRankInfo is null
2023-11-24 08:25:00.980 [ScheduleThreadPool-test-thread-3] ERROR MessageUtil - adventureBossRankInfo is null
2023-11-24 08:25:00.999 [ScheduleThreadPool-test-thread-4] ERROR MessageUtil - adventureBossRankInfo is null
2023-11-24 08:26:00.292 [ScheduleThreadPool-test-thread-1] ERROR MessageUtil - adventureBossRankInfo is null
2023-11-24 08:26:00.339 [ScheduleThreadPool-test-thread-1] ERROR MessageUtil - adventureBossRankInfo is null
2023-11-24 08:26:00.629 [ScheduleThreadPool-test-thread-1] ERROR MessageUtil - adventureBossRankInfo is null
2023-11-24 08:26:00.979 [ScheduleThreadPool-test-thread-3] ERROR MessageUtil - adventureBossRankInfo is null
2023-11-24 08:26:01.004 [ScheduleThreadPool-test-thread-3] ERROR MessageUtil - adventureBossRankInfo is null
2023-11-24 08:27:00.291 [ScheduleThreadPool-test-thread-7] ERROR MessageUtil - adventureBossRankInfo is null
2023-11-24 08:27:00.339 [ScheduleThreadPool-test-thread-6] ERROR MessageUtil - adventureBossRankInfo is null
2023-11-24 08:27:00.623 [ScheduleThreadPool-test-thread-5] ERROR MessageUtil - adventureBossRankInfo is null
2023-11-24 08:27:00.974 [ScheduleThreadPool-test-thread-2] ERROR MessageUtil - adventureBossRankInfo is null
2023-11-24 08:27:01.001 [ScheduleThreadPool-test-thread-1] ERROR MessageUtil - adventureBossRankInfo is null
2023-11-24 08:28:00.292 [ScheduleThreadPool-test-thread-1] ERROR MessageUtil - adventureBossRankInfo is null
2023-11-24 08:28:00.337 [ScheduleThreadPool-test-thread-4] ERROR MessageUtil - adventureBossRankInfo is null
2023-11-24 08:28:00.630 [ScheduleThreadPool-test-thread-7] ERROR MessageUtil - adventureBossRankInfo is null
2023-11-24 08:28:00.979 [ScheduleThreadPool-test-thread-2] ERROR MessageUtil - adventureBossRankInfo is null
2023-11-24 08:28:00.996 [ScheduleThreadPool-test-thread-3] ERROR MessageUtil - adventureBossRankInfo is null
2023-11-24 08:29:00.293 [ScheduleThreadPool-test-thread-8] ERROR MessageUtil - adventureBossRankInfo is null
2023-11-24 08:29:00.337 [ScheduleThreadPool-test-thread-6] ERROR MessageUtil - adventureBossRankInfo is null
2023-11-24 08:29:00.631 [ScheduleThreadPool-test-thread-4] ERROR MessageUtil - adventureBossRankInfo is null
2023-11-24 08:29:00.974 [ScheduleThreadPool-test-thread-8] ERROR MessageUtil - adventureBossRankInfo is null
2023-11-24 08:29:00.999 [ScheduleThreadPool-test-thread-2] ERROR MessageUtil - adventureBossRankInfo is null
2023-11-24 08:30:00.296 [ScheduleThreadPool-test-thread-3] ERROR MessageUtil - adventureBossRankInfo is null
2023-11-24 08:30:00.342 [ScheduleThreadPool-test-thread-2] ERROR MessageUtil - adventureBossRankInfo is null
2023-11-24 08:30:00.635 [ScheduleThreadPool-test-thread-7] ERROR MessageUtil - adventureBossRankInfo is null
2023-11-24 08:30:00.977 [ScheduleThreadPool-test-thread-5] ERROR MessageUtil - adventureBossRankInfo is null
2023-11-24 08:30:01.001 [ScheduleThreadPool-test-thread-7] ERROR MessageUtil - adventureBossRankInfo is null
2023-11-24 08:31:00.358 [ScheduleThreadPool-test-thread-8] ERROR MessageUtil - adventureBossRankInfo is null
2023-11-24 08:31:00.368 [ScheduleThreadPool-test-thread-6] ERROR MessageUtil - adventureBossRankInfo is null
2023-11-24 08:31:00.628 [ScheduleThreadPool-test-thread-1] ERROR MessageUtil - adventureBossRankInfo is null
2023-11-24 08:31:00.989 [ScheduleThreadPool-test-thread-2] ERROR MessageUtil - adventureBossRankInfo is null
2023-11-24 08:31:01.002 [ScheduleThreadPool-test-thread-6] ERROR MessageUtil - adventureBossRankInfo is null
2023-11-24 08:32:00.291 [ScheduleThreadPool-test-thread-3] ERROR MessageUtil - adventureBossRankInfo is null
2023-11-24 08:32:00.339 [ScheduleThreadPool-test-thread-2] ERROR MessageUtil - adventureBossRankInfo is null
2023-11-24 08:32:00.634 [ScheduleThreadPool-test-thread-3] ERROR MessageUtil - adventureBossRankInfo is null
2023-11-24 08:32:00.981 [ScheduleThreadPool-test-thread-5] ERROR MessageUtil - adventureBossRankInfo is null
2023-11-24 08:32:01.002 [ScheduleThreadPool-test-thread-1] ERROR MessageUtil - adventureBossRankInfo is null
2023-11-24 08:33:00.292 [ScheduleThreadPool-test-thread-4] ERROR MessageUtil - adventureBossRankInfo is null
2023-11-24 08:33:00.344 [ScheduleThreadPool-test-thread-6] ERROR MessageUtil - adventureBossRankInfo is null
2023-11-24 08:33:00.642 [ScheduleThreadPool-test-thread-5] ERROR MessageUtil - adventureBossRankInfo is null
2023-11-24 08:33:00.984 [ScheduleThreadPool-test-thread-8] ERROR MessageUtil - adventureBossRankInfo is null
2023-11-24 08:33:00.999 [ScheduleThreadPool-test-thread-1] ERROR MessageUtil - adventureBossRankInfo is null
2023-11-24 08:34:00.293 [ScheduleThreadPool-test-thread-8] ERROR MessageUtil - adventureBossRankInfo is null
2023-11-24 08:34:00.342 [ScheduleThreadPool-test-thread-3] ERROR MessageUtil - adventureBossRankInfo is null
2023-11-24 08:34:00.631 [ScheduleThreadPool-test-thread-1] ERROR MessageUtil - adventureBossRankInfo is null
2023-11-24 08:34:00.987 [ScheduleThreadPool-test-thread-7] ERROR MessageUtil - adventureBossRankInfo is null
2023-11-24 08:34:01.000 [ScheduleThreadPool-test-thread-7] ERROR MessageUtil - adventureBossRankInfo is null
2023-11-24 08:35:00.290 [ScheduleThreadPool-test-thread-3] ERROR MessageUtil - adventureBossRankInfo is null
2023-11-24 08:35:00.342 [ScheduleThreadPool-test-thread-5] ERROR MessageUtil - adventureBossRankInfo is null
2023-11-24 08:35:00.635 [ScheduleThreadPool-test-thread-5] ERROR MessageUtil - adventureBossRankInfo is null
2023-11-24 08:35:00.975 [ScheduleThreadPool-test-thread-2] ERROR MessageUtil - adventureBossRankInfo is null
2023-11-24 08:35:01.002 [ScheduleThreadPool-test-thread-5] ERROR MessageUtil - adventureBossRankInfo is null
2023-11-24 08:36:00.293 [ScheduleThreadPool-test-thread-1] ERROR MessageUtil - adventureBossRankInfo is null
2023-11-24 08:36:00.341 [ScheduleThreadPool-test-thread-1] ERROR MessageUtil - adventureBossRankInfo is null
2023-11-24 08:36:00.629 [ScheduleThreadPool-test-thread-4] ERROR MessageUtil - adventureBossRankInfo is null
2023-11-24 08:36:00.979 [ScheduleThreadPool-test-thread-2] ERROR MessageUtil - adventureBossRankInfo is null
2023-11-24 08:36:01.001 [ScheduleThreadPool-test-thread-1] ERROR MessageUtil - adventureBossRankInfo is null
2023-11-24 08:37:00.327 [ScheduleThreadPool-test-thread-1] ERROR MessageUtil - adventureBossRankInfo is null
2023-11-24 08:37:00.345 [ScheduleThreadPool-test-thread-4] ERROR MessageUtil - adventureBossRankInfo is null
2023-11-24 08:37:00.630 [ScheduleThreadPool-test-thread-2] ERROR MessageUtil - adventureBossRankInfo is null
2023-11-24 08:37:00.980 [ScheduleThreadPool-test-thread-3] ERROR MessageUtil - adventureBossRankInfo is null
2023-11-24 08:37:01.002 [ScheduleThreadPool-test-thread-4] ERROR MessageUtil - adventureBossRankInfo is null
2023-11-24 08:38:00.524 [ScheduleThreadPool-test-thread-7] ERROR MessageUtil - adventureBossRankInfo is null
2023-11-24 08:38:00.632 [ScheduleThreadPool-test-thread-3] ERROR MessageUtil - adventureBossRankInfo is null
2023-11-24 08:38:01.048 [ScheduleThreadPool-test-thread-4] ERROR MessageUtil - adventureBossRankInfo is null
2023-11-24 08:38:01.026 [ScheduleThreadPool-test-thread-1] ERROR MessageUtil - adventureBossRankInfo is null
2023-11-24 08:38:34.009 [ScheduleThreadPool-test-thread-3] ERROR SecondsTask - e
org.springframework.data.redis.RedisConnectionFailureException: java.net.SocketTimeoutException: Read timed out; nested exception is redis.clients.jedis.exceptions.JedisConnectionException: java.net.SocketTimeoutException: Read timed out
	at org.springframework.data.redis.connection.jedis.JedisExceptionConverter.convert(JedisExceptionConverter.java:67)
	at org.springframework.data.redis.connection.jedis.JedisExceptionConverter.convert(JedisExceptionConverter.java:41)
	at org.springframework.data.redis.PassThroughExceptionTranslationStrategy.translate(PassThroughExceptionTranslationStrategy.java:37)
	at org.springframework.data.redis.FallbackExceptionTranslationStrategy.translate(FallbackExceptionTranslationStrategy.java:37)
	at org.springframework.data.redis.connection.jedis.JedisConnection.convertJedisAccessException(JedisConnection.java:241)
	at org.springframework.data.redis.connection.jedis.JedisConnection.hGetAll(JedisConnection.java:3001)
	at org.springframework.data.redis.connection.DefaultStringRedisConnection.hGetAll(DefaultStringRedisConnection.java:372)
	at org.springframework.data.redis.core.DefaultHashOperations$13.doInRedis(DefaultHashOperations.java:223)
	at org.springframework.data.redis.core.DefaultHashOperations$13.doInRedis(DefaultHashOperations.java:220)
	at org.springframework.data.redis.core.RedisTemplate.execute(RedisTemplate.java:207)
	at org.springframework.data.redis.core.RedisTemplate.execute(RedisTemplate.java:169)
	at org.springframework.data.redis.core.AbstractOperations.execute(AbstractOperations.java:91)
	at org.springframework.data.redis.core.DefaultHashOperations.entries(DefaultHashOperations.java:220)
	at com.ljsd.jieling.db.redis.RedisUtil.getMapValues(RedisUtil.java:1401)
	at com.ljsd.jieling.logic.championship.ChampionshipLogic.minuteCheck(ChampionshipLogic.java:1414)
	at com.ljsd.jieling.thread.task.SecondsTask.run(SecondsTask.java:21)
	at java.util.concurrent.Executors$RunnableAdapter.call(Executors.java:511)
	at java.util.concurrent.FutureTask.runAndReset(FutureTask.java:308)
	at java.util.concurrent.ScheduledThreadPoolExecutor$ScheduledFutureTask.access$301(ScheduledThreadPoolExecutor.java:180)
	at java.util.concurrent.ScheduledThreadPoolExecutor$ScheduledFutureTask.run(ScheduledThreadPoolExecutor.java:294)
	at java.util.concurrent.ThreadPoolExecutor.runWorker(ThreadPoolExecutor.java:1149)
	at java.util.concurrent.ThreadPoolExecutor$Worker.run(ThreadPoolExecutor.java:624)
	at java.lang.Thread.run(Thread.java:750)
Caused by: redis.clients.jedis.exceptions.JedisConnectionException: java.net.SocketTimeoutException: Read timed out
	at redis.clients.util.RedisInputStream.ensureFill(RedisInputStream.java:202)
	at redis.clients.util.RedisInputStream.readByte(RedisInputStream.java:40)
	at redis.clients.jedis.Protocol.process(Protocol.java:151)
	at redis.clients.jedis.Protocol.read(Protocol.java:215)
	at redis.clients.jedis.Connection.readProtocolWithCheckingBroken(Connection.java:340)
	at redis.clients.jedis.Connection.getBinaryMultiBulkReply(Connection.java:276)
	at redis.clients.jedis.BinaryJedis.hgetAll(BinaryJedis.java:1028)
	at org.springframework.data.redis.connection.jedis.JedisConnection.hGetAll(JedisConnection.java:2999)
	... 17 common frames omitted
Caused by: java.net.SocketTimeoutException: Read timed out
	at java.net.SocketInputStream.socketRead0(Native Method)
	at java.net.SocketInputStream.socketRead(SocketInputStream.java:116)
	at java.net.SocketInputStream.read(SocketInputStream.java:171)
	at java.net.SocketInputStream.read(SocketInputStream.java:141)
	at java.net.SocketInputStream.read(SocketInputStream.java:127)
	at redis.clients.util.RedisInputStream.ensureFill(RedisInputStream.java:196)
	... 24 common frames omitted
2023-11-24 08:38:34.032 [ScheduleThreadPool-test-thread-3] ERROR SecondsTask - e
org.springframework.data.redis.RedisConnectionFailureException: java.net.SocketTimeoutException: Read timed out; nested exception is redis.clients.jedis.exceptions.JedisConnectionException: java.net.SocketTimeoutException: Read timed out
	at org.springframework.data.redis.connection.jedis.JedisExceptionConverter.convert(JedisExceptionConverter.java:67)
	at org.springframework.data.redis.connection.jedis.JedisExceptionConverter.convert(JedisExceptionConverter.java:41)
	at org.springframework.data.redis.PassThroughExceptionTranslationStrategy.translate(PassThroughExceptionTranslationStrategy.java:37)
	at org.springframework.data.redis.FallbackExceptionTranslationStrategy.translate(FallbackExceptionTranslationStrategy.java:37)
	at org.springframework.data.redis.connection.jedis.JedisConnection.convertJedisAccessException(JedisConnection.java:241)
	at org.springframework.data.redis.connection.jedis.JedisConnection.hGetAll(JedisConnection.java:3001)
	at org.springframework.data.redis.connection.DefaultStringRedisConnection.hGetAll(DefaultStringRedisConnection.java:372)
	at org.springframework.data.redis.core.DefaultHashOperations$13.doInRedis(DefaultHashOperations.java:223)
	at org.springframework.data.redis.core.DefaultHashOperations$13.doInRedis(DefaultHashOperations.java:220)
	at org.springframework.data.redis.core.RedisTemplate.execute(RedisTemplate.java:207)
	at org.springframework.data.redis.core.RedisTemplate.execute(RedisTemplate.java:169)
	at org.springframework.data.redis.core.AbstractOperations.execute(AbstractOperations.java:91)
	at org.springframework.data.redis.core.DefaultHashOperations.entries(DefaultHashOperations.java:220)
	at com.ljsd.jieling.db.redis.RedisUtil.getMapValues(RedisUtil.java:1401)
	at com.ljsd.jieling.logic.championship.ChampionshipLogic.minuteCheck(ChampionshipLogic.java:1414)
	at com.ljsd.jieling.thread.task.SecondsTask.run(SecondsTask.java:21)
	at java.util.concurrent.Executors$RunnableAdapter.call(Executors.java:511)
	at java.util.concurrent.FutureTask.runAndReset(FutureTask.java:308)
	at java.util.concurrent.ScheduledThreadPoolExecutor$ScheduledFutureTask.access$301(ScheduledThreadPoolExecutor.java:180)
	at java.util.concurrent.ScheduledThreadPoolExecutor$ScheduledFutureTask.run(ScheduledThreadPoolExecutor.java:294)
	at java.util.concurrent.ThreadPoolExecutor.runWorker(ThreadPoolExecutor.java:1149)
	at java.util.concurrent.ThreadPoolExecutor$Worker.run(ThreadPoolExecutor.java:624)
	at java.lang.Thread.run(Thread.java:750)
Caused by: redis.clients.jedis.exceptions.JedisConnectionException: java.net.SocketTimeoutException: Read timed out
	at redis.clients.util.RedisInputStream.ensureFill(RedisInputStream.java:202)
	at redis.clients.util.RedisInputStream.readByte(RedisInputStream.java:40)
	at redis.clients.jedis.Protocol.process(Protocol.java:151)
	at redis.clients.jedis.Protocol.read(Protocol.java:215)
	at redis.clients.jedis.Connection.readProtocolWithCheckingBroken(Connection.java:340)
	at redis.clients.jedis.Connection.getBinaryMultiBulkReply(Connection.java:276)
	at redis.clients.jedis.BinaryJedis.hgetAll(BinaryJedis.java:1028)
	at org.springframework.data.redis.connection.jedis.JedisConnection.hGetAll(JedisConnection.java:2999)
	... 17 common frames omitted
Caused by: java.net.SocketTimeoutException: Read timed out
	at java.net.SocketInputStream.socketRead0(Native Method)
	at java.net.SocketInputStream.socketRead(SocketInputStream.java:116)
	at java.net.SocketInputStream.read(SocketInputStream.java:171)
	at java.net.SocketInputStream.read(SocketInputStream.java:141)
	at java.net.SocketInputStream.read(SocketInputStream.java:127)
	at redis.clients.util.RedisInputStream.ensureFill(RedisInputStream.java:196)
	... 24 common frames omitted
2023-11-24 08:38:34.165 [ScheduleThreadPool-test-thread-8] ERROR MessageUtil - adventureBossRankInfo is null
2023-11-24 08:38:34.038 [ScheduleThreadPool-test-thread-4] ERROR SecondsTask - e
org.springframework.data.redis.RedisConnectionFailureException: java.net.SocketTimeoutException: Read timed out; nested exception is redis.clients.jedis.exceptions.JedisConnectionException: java.net.SocketTimeoutException: Read timed out
	at org.springframework.data.redis.connection.jedis.JedisExceptionConverter.convert(JedisExceptionConverter.java:67)
	at org.springframework.data.redis.connection.jedis.JedisExceptionConverter.convert(JedisExceptionConverter.java:41)
	at org.springframework.data.redis.PassThroughExceptionTranslationStrategy.translate(PassThroughExceptionTranslationStrategy.java:37)
	at org.springframework.data.redis.FallbackExceptionTranslationStrategy.translate(FallbackExceptionTranslationStrategy.java:37)
	at org.springframework.data.redis.connection.jedis.JedisConnection.convertJedisAccessException(JedisConnection.java:241)
	at org.springframework.data.redis.connection.jedis.JedisConnection.hGetAll(JedisConnection.java:3001)
	at org.springframework.data.redis.connection.DefaultStringRedisConnection.hGetAll(DefaultStringRedisConnection.java:372)
	at org.springframework.data.redis.core.DefaultHashOperations$13.doInRedis(DefaultHashOperations.java:223)
	at org.springframework.data.redis.core.DefaultHashOperations$13.doInRedis(DefaultHashOperations.java:220)
	at org.springframework.data.redis.core.RedisTemplate.execute(RedisTemplate.java:207)
	at org.springframework.data.redis.core.RedisTemplate.execute(RedisTemplate.java:169)
	at org.springframework.data.redis.core.AbstractOperations.execute(AbstractOperations.java:91)
	at org.springframework.data.redis.core.DefaultHashOperations.entries(DefaultHashOperations.java:220)
	at com.ljsd.jieling.db.redis.RedisUtil.getMapValues(RedisUtil.java:1401)
	at com.ljsd.jieling.logic.championship.ChampionshipLogic.minuteCheck(ChampionshipLogic.java:1414)
	at com.ljsd.jieling.thread.task.SecondsTask.run(SecondsTask.java:21)
	at java.util.concurrent.Executors$RunnableAdapter.call(Executors.java:511)
	at java.util.concurrent.FutureTask.runAndReset(FutureTask.java:308)
	at java.util.concurrent.ScheduledThreadPoolExecutor$ScheduledFutureTask.access$301(ScheduledThreadPoolExecutor.java:180)
	at java.util.concurrent.ScheduledThreadPoolExecutor$ScheduledFutureTask.run(ScheduledThreadPoolExecutor.java:294)
	at java.util.concurrent.ThreadPoolExecutor.runWorker(ThreadPoolExecutor.java:1149)
	at java.util.concurrent.ThreadPoolExecutor$Worker.run(ThreadPoolExecutor.java:624)
	at java.lang.Thread.run(Thread.java:750)
Caused by: redis.clients.jedis.exceptions.JedisConnectionException: java.net.SocketTimeoutException: Read timed out
	at redis.clients.util.RedisInputStream.ensureFill(RedisInputStream.java:202)
	at redis.clients.util.RedisInputStream.readByte(RedisInputStream.java:40)
	at redis.clients.jedis.Protocol.process(Protocol.java:151)
	at redis.clients.jedis.Protocol.read(Protocol.java:215)
	at redis.clients.jedis.Connection.readProtocolWithCheckingBroken(Connection.java:340)
	at redis.clients.jedis.Connection.getBinaryMultiBulkReply(Connection.java:276)
	at redis.clients.jedis.BinaryJedis.hgetAll(BinaryJedis.java:1028)
	at org.springframework.data.redis.connection.jedis.JedisConnection.hGetAll(JedisConnection.java:2999)
	... 17 common frames omitted
Caused by: java.net.SocketTimeoutException: Read timed out
	at java.net.SocketInputStream.socketRead0(Native Method)
	at java.net.SocketInputStream.socketRead(SocketInputStream.java:116)
	at java.net.SocketInputStream.read(SocketInputStream.java:171)
	at java.net.SocketInputStream.read(SocketInputStream.java:141)
	at java.net.SocketInputStream.read(SocketInputStream.java:127)
	at redis.clients.util.RedisInputStream.ensureFill(RedisInputStream.java:196)
	... 24 common frames omitted
2023-11-24 08:38:34.038 [ScheduleThreadPool-test-thread-2] ERROR SecondsTask - e
org.springframework.data.redis.RedisConnectionFailureException: java.net.SocketTimeoutException: Read timed out; nested exception is redis.clients.jedis.exceptions.JedisConnectionException: java.net.SocketTimeoutException: Read timed out
	at org.springframework.data.redis.connection.jedis.JedisExceptionConverter.convert(JedisExceptionConverter.java:67)
	at org.springframework.data.redis.connection.jedis.JedisExceptionConverter.convert(JedisExceptionConverter.java:41)
	at org.springframework.data.redis.PassThroughExceptionTranslationStrategy.translate(PassThroughExceptionTranslationStrategy.java:37)
	at org.springframework.data.redis.FallbackExceptionTranslationStrategy.translate(FallbackExceptionTranslationStrategy.java:37)
	at org.springframework.data.redis.connection.jedis.JedisConnection.convertJedisAccessException(JedisConnection.java:241)
	at org.springframework.data.redis.connection.jedis.JedisConnection.hGetAll(JedisConnection.java:3001)
	at org.springframework.data.redis.connection.DefaultStringRedisConnection.hGetAll(DefaultStringRedisConnection.java:372)
	at org.springframework.data.redis.core.DefaultHashOperations$13.doInRedis(DefaultHashOperations.java:223)
	at org.springframework.data.redis.core.DefaultHashOperations$13.doInRedis(DefaultHashOperations.java:220)
	at org.springframework.data.redis.core.RedisTemplate.execute(RedisTemplate.java:207)
	at org.springframework.data.redis.core.RedisTemplate.execute(RedisTemplate.java:169)
	at org.springframework.data.redis.core.AbstractOperations.execute(AbstractOperations.java:91)
	at org.springframework.data.redis.core.DefaultHashOperations.entries(DefaultHashOperations.java:220)
	at com.ljsd.jieling.db.redis.RedisUtil.getMapValues(RedisUtil.java:1401)
	at com.ljsd.jieling.logic.championship.ChampionshipLogic.minuteCheck(ChampionshipLogic.java:1414)
	at com.ljsd.jieling.thread.task.SecondsTask.run(SecondsTask.java:21)
	at java.util.concurrent.Executors$RunnableAdapter.call(Executors.java:511)
	at java.util.concurrent.FutureTask.runAndReset(FutureTask.java:308)
	at java.util.concurrent.ScheduledThreadPoolExecutor$ScheduledFutureTask.access$301(ScheduledThreadPoolExecutor.java:180)
	at java.util.concurrent.ScheduledThreadPoolExecutor$ScheduledFutureTask.run(ScheduledThreadPoolExecutor.java:294)
	at java.util.concurrent.ThreadPoolExecutor.runWorker(ThreadPoolExecutor.java:1149)
	at java.util.concurrent.ThreadPoolExecutor$Worker.run(ThreadPoolExecutor.java:624)
	at java.lang.Thread.run(Thread.java:750)
Caused by: redis.clients.jedis.exceptions.JedisConnectionException: java.net.SocketTimeoutException: Read timed out
	at redis.clients.util.RedisInputStream.ensureFill(RedisInputStream.java:202)
	at redis.clients.util.RedisInputStream.readByte(RedisInputStream.java:40)
	at redis.clients.jedis.Protocol.process(Protocol.java:151)
	at redis.clients.jedis.Protocol.read(Protocol.java:215)
	at redis.clients.jedis.Connection.readProtocolWithCheckingBroken(Connection.java:340)
	at redis.clients.jedis.Connection.getBinaryMultiBulkReply(Connection.java:276)
	at redis.clients.jedis.BinaryJedis.hgetAll(BinaryJedis.java:1028)
	at org.springframework.data.redis.connection.jedis.JedisConnection.hGetAll(JedisConnection.java:2999)
	... 17 common frames omitted
Caused by: java.net.SocketTimeoutException: Read timed out
	at java.net.SocketInputStream.socketRead0(Native Method)
	at java.net.SocketInputStream.socketRead(SocketInputStream.java:116)
	at java.net.SocketInputStream.read(SocketInputStream.java:171)
	at java.net.SocketInputStream.read(SocketInputStream.java:141)
	at java.net.SocketInputStream.read(SocketInputStream.java:127)
	at redis.clients.util.RedisInputStream.ensureFill(RedisInputStream.java:196)
	... 24 common frames omitted
2023-11-24 08:38:34.205 [ScheduleThreadPool-test-thread-6] ERROR SecondsTask - e
org.springframework.data.redis.RedisConnectionFailureException: java.net.SocketTimeoutException: Read timed out; nested exception is redis.clients.jedis.exceptions.JedisConnectionException: java.net.SocketTimeoutException: Read timed out
	at org.springframework.data.redis.connection.jedis.JedisExceptionConverter.convert(JedisExceptionConverter.java:67)
	at org.springframework.data.redis.connection.jedis.JedisExceptionConverter.convert(JedisExceptionConverter.java:41)
	at org.springframework.data.redis.PassThroughExceptionTranslationStrategy.translate(PassThroughExceptionTranslationStrategy.java:37)
	at org.springframework.data.redis.FallbackExceptionTranslationStrategy.translate(FallbackExceptionTranslationStrategy.java:37)
	at org.springframework.data.redis.connection.jedis.JedisConnection.convertJedisAccessException(JedisConnection.java:241)
	at org.springframework.data.redis.connection.jedis.JedisConnection.hGetAll(JedisConnection.java:3001)
	at org.springframework.data.redis.connection.DefaultStringRedisConnection.hGetAll(DefaultStringRedisConnection.java:372)
	at org.springframework.data.redis.core.DefaultHashOperations$13.doInRedis(DefaultHashOperations.java:223)
	at org.springframework.data.redis.core.DefaultHashOperations$13.doInRedis(DefaultHashOperations.java:220)
	at org.springframework.data.redis.core.RedisTemplate.execute(RedisTemplate.java:207)
	at org.springframework.data.redis.core.RedisTemplate.execute(RedisTemplate.java:169)
	at org.springframework.data.redis.core.AbstractOperations.execute(AbstractOperations.java:91)
	at org.springframework.data.redis.core.DefaultHashOperations.entries(DefaultHashOperations.java:220)
	at com.ljsd.jieling.db.redis.RedisUtil.getMapValues(RedisUtil.java:1401)
	at com.ljsd.jieling.logic.championship.ChampionshipLogic.minuteCheck(ChampionshipLogic.java:1414)
	at com.ljsd.jieling.thread.task.SecondsTask.run(SecondsTask.java:21)
	at java.util.concurrent.Executors$RunnableAdapter.call(Executors.java:511)
	at java.util.concurrent.FutureTask.runAndReset(FutureTask.java:308)
	at java.util.concurrent.ScheduledThreadPoolExecutor$ScheduledFutureTask.access$301(ScheduledThreadPoolExecutor.java:180)
	at java.util.concurrent.ScheduledThreadPoolExecutor$ScheduledFutureTask.run(ScheduledThreadPoolExecutor.java:294)
	at java.util.concurrent.ThreadPoolExecutor.runWorker(ThreadPoolExecutor.java:1149)
	at java.util.concurrent.ThreadPoolExecutor$Worker.run(ThreadPoolExecutor.java:624)
	at java.lang.Thread.run(Thread.java:750)
Caused by: redis.clients.jedis.exceptions.JedisConnectionException: java.net.SocketTimeoutException: Read timed out
	at redis.clients.util.RedisInputStream.ensureFill(RedisInputStream.java:202)
	at redis.clients.util.RedisInputStream.readByte(RedisInputStream.java:40)
	at redis.clients.jedis.Protocol.process(Protocol.java:151)
	at redis.clients.jedis.Protocol.read(Protocol.java:215)
	at redis.clients.jedis.Connection.readProtocolWithCheckingBroken(Connection.java:340)
	at redis.clients.jedis.Connection.getBinaryMultiBulkReply(Connection.java:276)
	at redis.clients.jedis.BinaryJedis.hgetAll(BinaryJedis.java:1028)
	at org.springframework.data.redis.connection.jedis.JedisConnection.hGetAll(JedisConnection.java:2999)
	... 17 common frames omitted
Caused by: java.net.SocketTimeoutException: Read timed out
	at java.net.SocketInputStream.socketRead0(Native Method)
	at java.net.SocketInputStream.socketRead(SocketInputStream.java:116)
	at java.net.SocketInputStream.read(SocketInputStream.java:171)
	at java.net.SocketInputStream.read(SocketInputStream.java:141)
	at java.net.SocketInputStream.read(SocketInputStream.java:127)
	at redis.clients.util.RedisInputStream.ensureFill(RedisInputStream.java:196)
	... 24 common frames omitted
2023-11-24 08:39:00.363 [ScheduleThreadPool-test-thread-2] ERROR MessageUtil - adventureBossRankInfo is null
2023-11-24 08:39:00.631 [ScheduleThreadPool-test-thread-4] ERROR MessageUtil - adventureBossRankInfo is null
2023-11-24 08:39:00.964 [ScheduleThreadPool-test-thread-6] ERROR MessageUtil - adventureBossRankInfo is null
2023-11-24 08:39:00.981 [ScheduleThreadPool-test-thread-6] ERROR MessageUtil - adventureBossRankInfo is null
2023-11-24 08:39:01.003 [ScheduleThreadPool-test-thread-1] ERROR MessageUtil - adventureBossRankInfo is null
2023-11-24 08:40:00.352 [ScheduleThreadPool-test-thread-3] ERROR MessageUtil - adventureBossRankInfo is null
2023-11-24 08:40:00.626 [ScheduleThreadPool-test-thread-3] ERROR MessageUtil - adventureBossRankInfo is null
2023-11-24 08:40:00.960 [ScheduleThreadPool-test-thread-5] ERROR MessageUtil - adventureBossRankInfo is null
2023-11-24 08:40:00.983 [ScheduleThreadPool-test-thread-8] ERROR MessageUtil - adventureBossRankInfo is null
2023-11-24 08:40:00.999 [ScheduleThreadPool-test-thread-1] ERROR MessageUtil - adventureBossRankInfo is null
2023-11-24 08:41:00.340 [ScheduleThreadPool-test-thread-4] ERROR MessageUtil - adventureBossRankInfo is null
2023-11-24 08:41:00.629 [ScheduleThreadPool-test-thread-5] ERROR MessageUtil - adventureBossRankInfo is null
2023-11-24 08:41:00.964 [ScheduleThreadPool-test-thread-5] ERROR MessageUtil - adventureBossRankInfo is null
2023-11-24 08:41:00.975 [ScheduleThreadPool-test-thread-6] ERROR MessageUtil - adventureBossRankInfo is null
2023-11-24 08:41:01.002 [ScheduleThreadPool-test-thread-4] ERROR MessageUtil - adventureBossRankInfo is null
2023-11-24 08:42:00.554 [ScheduleThreadPool-test-thread-7] ERROR MessageUtil - adventureBossRankInfo is null
2023-11-24 08:42:00.691 [ScheduleThreadPool-test-thread-2] ERROR MessageUtil - adventureBossRankInfo is null
2023-11-24 08:42:01.023 [ScheduleThreadPool-test-thread-7] ERROR MessageUtil - adventureBossRankInfo is null
2023-11-24 08:42:01.044 [ScheduleThreadPool-test-thread-1] ERROR MessageUtil - adventureBossRankInfo is null
2023-11-24 08:42:01.081 [ScheduleThreadPool-test-thread-4] ERROR MessageUtil - adventureBossRankInfo is null
2023-11-24 08:43:00.352 [ScheduleThreadPool-test-thread-7] ERROR MessageUtil - adventureBossRankInfo is null
2023-11-24 08:43:00.633 [ScheduleThreadPool-test-thread-7] ERROR MessageUtil - adventureBossRankInfo is null
2023-11-24 08:43:00.962 [ScheduleThreadPool-test-thread-2] ERROR MessageUtil - adventureBossRankInfo is null
2023-11-24 08:43:00.978 [ScheduleThreadPool-test-thread-6] ERROR MessageUtil - adventureBossRankInfo is null
2023-11-24 08:43:01.042 [ScheduleThreadPool-test-thread-7] ERROR MessageUtil - adventureBossRankInfo is null
2023-11-24 08:44:00.340 [ScheduleThreadPool-test-thread-7] ERROR MessageUtil - adventureBossRankInfo is null
2023-11-24 08:44:00.631 [ScheduleThreadPool-test-thread-5] ERROR MessageUtil - adventureBossRankInfo is null
2023-11-24 08:44:00.964 [ScheduleThreadPool-test-thread-5] ERROR MessageUtil - adventureBossRankInfo is null
2023-11-24 08:44:00.978 [ScheduleThreadPool-test-thread-8] ERROR MessageUtil - adventureBossRankInfo is null
2023-11-24 08:44:01.037 [ScheduleThreadPool-test-thread-3] ERROR MessageUtil - adventureBossRankInfo is null
2023-11-24 08:45:00.340 [ScheduleThreadPool-test-thread-5] ERROR MessageUtil - adventureBossRankInfo is null
2023-11-24 08:45:00.630 [ScheduleThreadPool-test-thread-1] ERROR MessageUtil - adventureBossRankInfo is null
2023-11-24 08:45:00.973 [ScheduleThreadPool-test-thread-4] ERROR MessageUtil - adventureBossRankInfo is null
2023-11-24 08:45:00.976 [ScheduleThreadPool-test-thread-1] ERROR MessageUtil - adventureBossRankInfo is null
2023-11-24 08:45:01.041 [ScheduleThreadPool-test-thread-3] ERROR MessageUtil - adventureBossRankInfo is null
2023-11-24 08:46:00.336 [ScheduleThreadPool-test-thread-2] ERROR MessageUtil - adventureBossRankInfo is null
2023-11-24 08:46:00.632 [ScheduleThreadPool-test-thread-3] ERROR MessageUtil - adventureBossRankInfo is null
2023-11-24 08:46:00.964 [ScheduleThreadPool-test-thread-6] ERROR MessageUtil - adventureBossRankInfo is null
2023-11-24 08:46:00.977 [ScheduleThreadPool-test-thread-5] ERROR MessageUtil - adventureBossRankInfo is null
2023-11-24 08:46:01.040 [ScheduleThreadPool-test-thread-5] ERROR MessageUtil - adventureBossRankInfo is null
2023-11-24 08:47:00.346 [ScheduleThreadPool-test-thread-1] ERROR MessageUtil - adventureBossRankInfo is null
2023-11-24 08:47:00.626 [ScheduleThreadPool-test-thread-2] ERROR MessageUtil - adventureBossRankInfo is null
2023-11-24 08:47:00.961 [ScheduleThreadPool-test-thread-7] ERROR MessageUtil - adventureBossRankInfo is null
2023-11-24 08:47:00.981 [ScheduleThreadPool-test-thread-8] ERROR MessageUtil - adventureBossRankInfo is null
2023-11-24 08:47:01.040 [ScheduleThreadPool-test-thread-3] ERROR MessageUtil - adventureBossRankInfo is null
2023-11-24 08:48:00.358 [ScheduleThreadPool-test-thread-4] ERROR MessageUtil - adventureBossRankInfo is null
2023-11-24 08:48:00.622 [ScheduleThreadPool-test-thread-3] ERROR MessageUtil - adventureBossRankInfo is null
2023-11-24 08:48:00.957 [ScheduleThreadPool-test-thread-6] ERROR MessageUtil - adventureBossRankInfo is null
2023-11-24 08:48:00.974 [ScheduleThreadPool-test-thread-5] ERROR MessageUtil - adventureBossRankInfo is null
2023-11-24 08:48:01.038 [ScheduleThreadPool-test-thread-7] ERROR MessageUtil - adventureBossRankInfo is null
2023-11-24 08:49:00.532 [ScheduleThreadPool-test-thread-8] ERROR MessageUtil - adventureBossRankInfo is null
2023-11-24 08:49:00.629 [ScheduleThreadPool-test-thread-6] ERROR MessageUtil - adventureBossRankInfo is null
2023-11-24 08:49:00.965 [ScheduleThreadPool-test-thread-7] ERROR MessageUtil - adventureBossRankInfo is null
2023-11-24 08:49:01.066 [ScheduleThreadPool-test-thread-3] ERROR MessageUtil - adventureBossRankInfo is null
2023-11-24 08:49:33.730 [ScheduleThreadPool-test-thread-2] ERROR MessageUtil - adventureBossRankInfo is null
2023-11-24 08:50:00.375 [ScheduleThreadPool-test-thread-1] ERROR MessageUtil - adventureBossRankInfo is null
2023-11-24 08:50:00.630 [ScheduleThreadPool-test-thread-6] ERROR MessageUtil - adventureBossRankInfo is null
2023-11-24 08:50:00.711 [ScheduleThreadPool-test-thread-2] ERROR MessageUtil - adventureBossRankInfo is null
2023-11-24 08:50:00.980 [ScheduleThreadPool-test-thread-2] ERROR MessageUtil - adventureBossRankInfo is null
2023-11-24 08:50:01.044 [ScheduleThreadPool-test-thread-8] ERROR MessageUtil - adventureBossRankInfo is null
2023-11-24 08:51:00.351 [ScheduleThreadPool-test-thread-6] ERROR MessageUtil - adventureBossRankInfo is null
2023-11-24 08:51:00.627 [ScheduleThreadPool-test-thread-7] ERROR MessageUtil - adventureBossRankInfo is null
2023-11-24 08:51:00.716 [ScheduleThreadPool-test-thread-8] ERROR MessageUtil - adventureBossRankInfo is null
2023-11-24 08:51:00.958 [ScheduleThreadPool-test-thread-5] ERROR MessageUtil - adventureBossRankInfo is null
2023-11-24 08:51:01.043 [ScheduleThreadPool-test-thread-5] ERROR MessageUtil - adventureBossRankInfo is null
2023-11-24 08:52:00.338 [ScheduleThreadPool-test-thread-8] ERROR MessageUtil - adventureBossRankInfo is null
2023-11-24 08:52:00.625 [ScheduleThreadPool-test-thread-2] ERROR MessageUtil - adventureBossRankInfo is null
2023-11-24 08:52:00.718 [ScheduleThreadPool-test-thread-5] ERROR MessageUtil - adventureBossRankInfo is null
2023-11-24 08:52:00.963 [ScheduleThreadPool-test-thread-2] ERROR MessageUtil - adventureBossRankInfo is null
2023-11-24 08:52:01.041 [ScheduleThreadPool-test-thread-1] ERROR MessageUtil - adventureBossRankInfo is null
2023-11-24 08:53:00.339 [ScheduleThreadPool-test-thread-5] ERROR MessageUtil - adventureBossRankInfo is null
2023-11-24 08:53:00.628 [ScheduleThreadPool-test-thread-3] ERROR MessageUtil - adventureBossRankInfo is null
2023-11-24 08:53:00.718 [ScheduleThreadPool-test-thread-8] ERROR MessageUtil - adventureBossRankInfo is null
2023-11-24 08:53:00.962 [ScheduleThreadPool-test-thread-6] ERROR MessageUtil - adventureBossRankInfo is null
2023-11-24 08:53:01.041 [ScheduleThreadPool-test-thread-7] ERROR MessageUtil - adventureBossRankInfo is null
2023-11-24 08:54:00.338 [ScheduleThreadPool-test-thread-5] ERROR MessageUtil - adventureBossRankInfo is null
2023-11-24 08:54:00.630 [ScheduleThreadPool-test-thread-4] ERROR MessageUtil - adventureBossRankInfo is null
2023-11-24 08:54:00.715 [ScheduleThreadPool-test-thread-4] ERROR MessageUtil - adventureBossRankInfo is null
2023-11-24 08:54:00.959 [ScheduleThreadPool-test-thread-2] ERROR MessageUtil - adventureBossRankInfo is null
2023-11-24 08:54:01.040 [ScheduleThreadPool-test-thread-8] ERROR MessageUtil - adventureBossRankInfo is null
2023-11-24 08:55:00.339 [ScheduleThreadPool-test-thread-7] ERROR MessageUtil - adventureBossRankInfo is null
2023-11-24 08:55:00.641 [ScheduleThreadPool-test-thread-6] ERROR MessageUtil - adventureBossRankInfo is null
2023-11-24 08:55:00.717 [ScheduleThreadPool-test-thread-5] ERROR MessageUtil - adventureBossRankInfo is null
2023-11-24 08:55:00.958 [ScheduleThreadPool-test-thread-8] ERROR MessageUtil - adventureBossRankInfo is null
2023-11-24 08:55:01.042 [ScheduleThreadPool-test-thread-2] ERROR MessageUtil - adventureBossRankInfo is null
2023-11-24 08:56:00.341 [ScheduleThreadPool-test-thread-2] ERROR MessageUtil - adventureBossRankInfo is null
2023-11-24 08:56:00.631 [ScheduleThreadPool-test-thread-5] ERROR MessageUtil - adventureBossRankInfo is null
2023-11-24 08:56:00.719 [ScheduleThreadPool-test-thread-7] ERROR MessageUtil - adventureBossRankInfo is null
2023-11-24 08:56:00.965 [ScheduleThreadPool-test-thread-7] ERROR MessageUtil - adventureBossRankInfo is null
2023-11-24 08:56:01.042 [ScheduleThreadPool-test-thread-3] ERROR MessageUtil - adventureBossRankInfo is null
2023-11-24 08:57:00.338 [ScheduleThreadPool-test-thread-7] ERROR MessageUtil - adventureBossRankInfo is null
2023-11-24 08:57:00.628 [ScheduleThreadPool-test-thread-7] ERROR MessageUtil - adventureBossRankInfo is null
2023-11-24 08:57:00.718 [ScheduleThreadPool-test-thread-1] ERROR MessageUtil - adventureBossRankInfo is null
2023-11-24 08:57:00.962 [ScheduleThreadPool-test-thread-7] ERROR MessageUtil - adventureBossRankInfo is null
2023-11-24 08:57:01.043 [ScheduleThreadPool-test-thread-8] ERROR MessageUtil - adventureBossRankInfo is null
2023-11-24 08:58:00.343 [ScheduleThreadPool-test-thread-2] ERROR MessageUtil - adventureBossRankInfo is null
2023-11-24 08:58:00.630 [ScheduleThreadPool-test-thread-1] ERROR MessageUtil - adventureBossRankInfo is null
2023-11-24 08:58:00.716 [ScheduleThreadPool-test-thread-2] ERROR MessageUtil - adventureBossRankInfo is null
2023-11-24 08:58:00.961 [ScheduleThreadPool-test-thread-3] ERROR MessageUtil - adventureBossRankInfo is null
2023-11-24 08:58:01.043 [ScheduleThreadPool-test-thread-4] ERROR MessageUtil - adventureBossRankInfo is null
2023-11-24 08:59:00.372 [ScheduleThreadPool-test-thread-5] ERROR MessageUtil - adventureBossRankInfo is null
2023-11-24 08:59:00.630 [ScheduleThreadPool-test-thread-2] ERROR MessageUtil - adventureBossRankInfo is null
2023-11-24 08:59:00.717 [ScheduleThreadPool-test-thread-3] ERROR MessageUtil - adventureBossRankInfo is null
2023-11-24 08:59:00.961 [ScheduleThreadPool-test-thread-4] ERROR MessageUtil - adventureBossRankInfo is null
2023-11-24 08:59:01.043 [ScheduleThreadPool-test-thread-2] ERROR MessageUtil - adventureBossRankInfo is null
2023-11-24 09:00:00.338 [ScheduleThreadPool-test-thread-5] ERROR MessageUtil - adventureBossRankInfo is null
2023-11-24 09:00:00.622 [ScheduleThreadPool-test-thread-4] ERROR MessageUtil - adventureBossRankInfo is null
2023-11-24 09:00:00.718 [ScheduleThreadPool-test-thread-7] ERROR MessageUtil - adventureBossRankInfo is null
2023-11-24 09:00:00.958 [ScheduleThreadPool-test-thread-2] ERROR MessageUtil - adventureBossRankInfo is null
2023-11-24 09:00:01.046 [ScheduleThreadPool-test-thread-8] ERROR MessageUtil - adventureBossRankInfo is null
2023-11-24 09:01:00.369 [ScheduleThreadPool-test-thread-7] ERROR MessageUtil - adventureBossRankInfo is null
2023-11-24 09:01:00.629 [ScheduleThreadPool-test-thread-5] ERROR MessageUtil - adventureBossRankInfo is null
2023-11-24 09:01:00.714 [ScheduleThreadPool-test-thread-2] ERROR MessageUtil - adventureBossRankInfo is null
2023-11-24 09:01:00.965 [ScheduleThreadPool-test-thread-6] ERROR MessageUtil - adventureBossRankInfo is null
2023-11-24 09:01:01.041 [ScheduleThreadPool-test-thread-7] ERROR MessageUtil - adventureBossRankInfo is null
2023-11-24 09:02:00.342 [ScheduleThreadPool-test-thread-8] ERROR MessageUtil - adventureBossRankInfo is null
2023-11-24 09:02:00.632 [ScheduleThreadPool-test-thread-2] ERROR MessageUtil - adventureBossRankInfo is null
2023-11-24 09:02:00.725 [ScheduleThreadPool-test-thread-5] ERROR MessageUtil - adventureBossRankInfo is null
2023-11-24 09:02:00.966 [ScheduleThreadPool-test-thread-6] ERROR MessageUtil - adventureBossRankInfo is null
2023-11-24 09:02:01.042 [ScheduleThreadPool-test-thread-8] ERROR MessageUtil - adventureBossRankInfo is null
2023-11-24 09:03:00.394 [ScheduleThreadPool-test-thread-1] ERROR MessageUtil - adventureBossRankInfo is null
2023-11-24 09:03:00.628 [ScheduleThreadPool-test-thread-5] ERROR MessageUtil - adventureBossRankInfo is null
2023-11-24 09:03:00.719 [ScheduleThreadPool-test-thread-7] ERROR MessageUtil - adventureBossRankInfo is null
2023-11-24 09:03:00.968 [ScheduleThreadPool-test-thread-3] ERROR MessageUtil - adventureBossRankInfo is null
2023-11-24 09:03:01.047 [ScheduleThreadPool-test-thread-7] ERROR MessageUtil - adventureBossRankInfo is null
2023-11-24 09:04:00.342 [ScheduleThreadPool-test-thread-8] ERROR MessageUtil - adventureBossRankInfo is null
2023-11-24 09:04:00.627 [ScheduleThreadPool-test-thread-2] ERROR MessageUtil - adventureBossRankInfo is null
2023-11-24 09:04:00.717 [ScheduleThreadPool-test-thread-4] ERROR MessageUtil - adventureBossRankInfo is null
2023-11-24 09:04:00.965 [ScheduleThreadPool-test-thread-5] ERROR MessageUtil - adventureBossRankInfo is null
2023-11-24 09:04:01.049 [ScheduleThreadPool-test-thread-4] ERROR MessageUtil - adventureBossRankInfo is null
2023-11-24 09:05:00.345 [ScheduleThreadPool-test-thread-4] ERROR MessageUtil - adventureBossRankInfo is null
2023-11-24 09:05:00.631 [ScheduleThreadPool-test-thread-5] ERROR MessageUtil - adventureBossRankInfo is null
2023-11-24 09:05:00.717 [ScheduleThreadPool-test-thread-8] ERROR MessageUtil - adventureBossRankInfo is null
2023-11-24 09:05:00.968 [ScheduleThreadPool-test-thread-6] ERROR MessageUtil - adventureBossRankInfo is null
2023-11-24 09:05:01.046 [ScheduleThreadPool-test-thread-5] ERROR MessageUtil - adventureBossRankInfo is null
2023-11-24 09:06:00.341 [ScheduleThreadPool-test-thread-7] ERROR MessageUtil - adventureBossRankInfo is null
2023-11-24 09:06:00.638 [ScheduleThreadPool-test-thread-7] ERROR MessageUtil - adventureBossRankInfo is null
2023-11-24 09:06:00.717 [ScheduleThreadPool-test-thread-1] ERROR MessageUtil - adventureBossRankInfo is null
2023-11-24 09:06:00.969 [ScheduleThreadPool-test-thread-6] ERROR MessageUtil - adventureBossRankInfo is null
2023-11-24 09:06:01.047 [ScheduleThreadPool-test-thread-8] ERROR MessageUtil - adventureBossRankInfo is null
2023-11-24 09:07:00.350 [ScheduleThreadPool-test-thread-6] ERROR MessageUtil - adventureBossRankInfo is null
2023-11-24 09:07:00.632 [ScheduleThreadPool-test-thread-7] ERROR MessageUtil - adventureBossRankInfo is null
2023-11-24 09:07:00.745 [ScheduleThreadPool-test-thread-7] ERROR MessageUtil - adventureBossRankInfo is null
2023-11-24 09:07:00.970 [ScheduleThreadPool-test-thread-2] ERROR MessageUtil - adventureBossRankInfo is null
2023-11-24 09:07:01.042 [ScheduleThreadPool-test-thread-4] ERROR MessageUtil - adventureBossRankInfo is null
2023-11-24 09:08:00.341 [ScheduleThreadPool-test-thread-4] ERROR MessageUtil - adventureBossRankInfo is null
2023-11-24 09:08:00.631 [ScheduleThreadPool-test-thread-1] ERROR MessageUtil - adventureBossRankInfo is null
2023-11-24 09:08:00.719 [ScheduleThreadPool-test-thread-3] ERROR MessageUtil - adventureBossRankInfo is null
2023-11-24 09:08:00.965 [ScheduleThreadPool-test-thread-5] ERROR MessageUtil - adventureBossRankInfo is null
2023-11-24 09:08:01.042 [ScheduleThreadPool-test-thread-7] ERROR MessageUtil - adventureBossRankInfo is null
2023-11-24 09:09:00.353 [ScheduleThreadPool-test-thread-7] ERROR MessageUtil - adventureBossRankInfo is null
2023-11-24 09:09:00.628 [ScheduleThreadPool-test-thread-6] ERROR MessageUtil - adventureBossRankInfo is null
2023-11-24 09:09:00.719 [ScheduleThreadPool-test-thread-1] ERROR MessageUtil - adventureBossRankInfo is null
2023-11-24 09:09:00.967 [ScheduleThreadPool-test-thread-8] ERROR MessageUtil - adventureBossRankInfo is null
2023-11-24 09:09:01.043 [ScheduleThreadPool-test-thread-5] ERROR MessageUtil - adventureBossRankInfo is null
2023-11-24 09:10:00.338 [ScheduleThreadPool-test-thread-5] ERROR MessageUtil - adventureBossRankInfo is null
2023-11-24 09:10:00.626 [ScheduleThreadPool-test-thread-4] ERROR MessageUtil - adventureBossRankInfo is null
2023-11-24 09:10:00.714 [ScheduleThreadPool-test-thread-6] ERROR MessageUtil - adventureBossRankInfo is null
2023-11-24 09:10:00.966 [ScheduleThreadPool-test-thread-6] ERROR MessageUtil - adventureBossRankInfo is null
2023-11-24 09:10:01.058 [ScheduleThreadPool-test-thread-7] ERROR MessageUtil - adventureBossRankInfo is null
2023-11-24 09:11:00.344 [ScheduleThreadPool-test-thread-8] ERROR MessageUtil - adventureBossRankInfo is null
2023-11-24 09:11:00.626 [ScheduleThreadPool-test-thread-5] ERROR MessageUtil - adventureBossRankInfo is null
2023-11-24 09:11:00.714 [ScheduleThreadPool-test-thread-4] ERROR MessageUtil - adventureBossRankInfo is null
2023-11-24 09:11:00.966 [ScheduleThreadPool-test-thread-6] ERROR MessageUtil - adventureBossRankInfo is null
2023-11-24 09:11:01.039 [ScheduleThreadPool-test-thread-4] ERROR MessageUtil - adventureBossRankInfo is null
2023-11-24 09:12:00.337 [ScheduleThreadPool-test-thread-4] ERROR MessageUtil - adventureBossRankInfo is null
2023-11-24 09:12:00.626 [ScheduleThreadPool-test-thread-2] ERROR MessageUtil - adventureBossRankInfo is null
2023-11-24 09:12:00.718 [ScheduleThreadPool-test-thread-2] ERROR MessageUtil - adventureBossRankInfo is null
2023-11-24 09:12:00.965 [ScheduleThreadPool-test-thread-5] ERROR MessageUtil - adventureBossRankInfo is null
2023-11-24 09:12:01.044 [ScheduleThreadPool-test-thread-8] ERROR MessageUtil - adventureBossRankInfo is null
2023-11-24 09:13:00.339 [ScheduleThreadPool-test-thread-6] ERROR MessageUtil - adventureBossRankInfo is null
2023-11-24 09:13:00.632 [ScheduleThreadPool-test-thread-6] ERROR MessageUtil - adventureBossRankInfo is null
2023-11-24 09:13:00.717 [ScheduleThreadPool-test-thread-8] ERROR MessageUtil - adventureBossRankInfo is null
2023-11-24 09:13:00.966 [ScheduleThreadPool-test-thread-5] ERROR MessageUtil - adventureBossRankInfo is null
2023-11-24 09:13:01.049 [ScheduleThreadPool-test-thread-4] ERROR MessageUtil - adventureBossRankInfo is null
2023-11-24 09:14:00.340 [ScheduleThreadPool-test-thread-8] ERROR MessageUtil - adventureBossRankInfo is null
2023-11-24 09:14:00.630 [ScheduleThreadPool-test-thread-3] ERROR MessageUtil - adventureBossRankInfo is null
2023-11-24 09:14:00.719 [ScheduleThreadPool-test-thread-8] ERROR MessageUtil - adventureBossRankInfo is null
2023-11-24 09:14:00.968 [ScheduleThreadPool-test-thread-3] ERROR MessageUtil - adventureBossRankInfo is null
2023-11-24 09:14:01.045 [ScheduleThreadPool-test-thread-4] ERROR MessageUtil - adventureBossRankInfo is null
2023-11-24 09:15:00.342 [ScheduleThreadPool-test-thread-4] ERROR MessageUtil - adventureBossRankInfo is null
2023-11-24 09:15:00.633 [ScheduleThreadPool-test-thread-4] ERROR MessageUtil - adventureBossRankInfo is null
2023-11-24 09:15:00.719 [ScheduleThreadPool-test-thread-8] ERROR MessageUtil - adventureBossRankInfo is null
2023-11-24 09:15:00.967 [ScheduleThreadPool-test-thread-6] ERROR MessageUtil - adventureBossRankInfo is null
2023-11-24 09:15:01.042 [ScheduleThreadPool-test-thread-8] ERROR MessageUtil - adventureBossRankInfo is null
2023-11-24 09:16:00.342 [ScheduleThreadPool-test-thread-8] ERROR MessageUtil - adventureBossRankInfo is null
2023-11-24 09:16:00.635 [ScheduleThreadPool-test-thread-3] ERROR MessageUtil - adventureBossRankInfo is null
2023-11-24 09:16:00.716 [ScheduleThreadPool-test-thread-7] ERROR MessageUtil - adventureBossRankInfo is null
2023-11-24 09:16:00.965 [ScheduleThreadPool-test-thread-4] ERROR MessageUtil - adventureBossRankInfo is null
2023-11-24 09:16:01.040 [ScheduleThreadPool-test-thread-3] ERROR MessageUtil - adventureBossRankInfo is null
2023-11-24 09:17:00.363 [ScheduleThreadPool-test-thread-1] ERROR MessageUtil - adventureBossRankInfo is null
2023-11-24 09:17:00.365 [ScheduleThreadPool-test-thread-8] ERROR MessageUtil - adventureBossRankInfo is null
2023-11-24 09:17:00.721 [ScheduleThreadPool-test-thread-2] ERROR MessageUtil - adventureBossRankInfo is null
2023-11-24 09:17:00.972 [ScheduleThreadPool-test-thread-3] ERROR MessageUtil - adventureBossRankInfo is null
2023-11-24 09:17:01.070 [ScheduleThreadPool-test-thread-5] ERROR MessageUtil - adventureBossRankInfo is null
2023-11-24 09:18:00.359 [ScheduleThreadPool-test-thread-7] ERROR MessageUtil - adventureBossRankInfo is null
2023-11-24 09:18:00.359 [ScheduleThreadPool-test-thread-5] ERROR MessageUtil - adventureBossRankInfo is null
2023-11-24 09:18:00.721 [ScheduleThreadPool-test-thread-6] ERROR MessageUtil - adventureBossRankInfo is null
2023-11-24 09:18:00.969 [ScheduleThreadPool-test-thread-7] ERROR MessageUtil - adventureBossRankInfo is null
2023-11-24 09:18:01.045 [ScheduleThreadPool-test-thread-8] ERROR MessageUtil - adventureBossRankInfo is null
2023-11-24 09:19:00.341 [ScheduleThreadPool-test-thread-7] ERROR MessageUtil - adventureBossRankInfo is null
2023-11-24 09:19:00.352 [ScheduleThreadPool-test-thread-1] ERROR MessageUtil - adventureBossRankInfo is null
2023-11-24 09:19:00.720 [ScheduleThreadPool-test-thread-8] ERROR MessageUtil - adventureBossRankInfo is null
2023-11-24 09:19:00.965 [ScheduleThreadPool-test-thread-6] ERROR MessageUtil - adventureBossRankInfo is null
2023-11-24 09:19:01.047 [ScheduleThreadPool-test-thread-7] ERROR MessageUtil - adventureBossRankInfo is null
2023-11-24 09:20:00.344 [ScheduleThreadPool-test-thread-1] ERROR MessageUtil - adventureBossRankInfo is null
2023-11-24 09:20:00.352 [ScheduleThreadPool-test-thread-1] ERROR MessageUtil - adventureBossRankInfo is null
2023-11-24 09:20:00.722 [ScheduleThreadPool-test-thread-1] ERROR MessageUtil - adventureBossRankInfo is null
2023-11-24 09:20:00.970 [ScheduleThreadPool-test-thread-4] ERROR MessageUtil - adventureBossRankInfo is null
2023-11-24 09:20:01.054 [ScheduleThreadPool-test-thread-6] ERROR MessageUtil - adventureBossRankInfo is null
2023-11-24 09:21:00.342 [ScheduleThreadPool-test-thread-1] ERROR MessageUtil - adventureBossRankInfo is null
2023-11-24 09:21:00.350 [ScheduleThreadPool-test-thread-3] ERROR MessageUtil - adventureBossRankInfo is null
2023-11-24 09:21:00.720 [ScheduleThreadPool-test-thread-1] ERROR MessageUtil - adventureBossRankInfo is null
2023-11-24 09:21:00.964 [ScheduleThreadPool-test-thread-4] ERROR MessageUtil - adventureBossRankInfo is null
2023-11-24 09:21:01.043 [ScheduleThreadPool-test-thread-8] ERROR MessageUtil - adventureBossRankInfo is null
2023-11-24 09:22:00.412 [ScheduleThreadPool-test-thread-3] ERROR MessageUtil - adventureBossRankInfo is null
2023-11-24 09:22:00.737 [ScheduleThreadPool-test-thread-6] ERROR MessageUtil - adventureBossRankInfo is null
2023-11-24 09:22:00.824 [ScheduleThreadPool-test-thread-1] ERROR MessageUtil - adventureBossRankInfo is null
2023-11-24 09:22:01.039 [ScheduleThreadPool-test-thread-7] ERROR MessageUtil - adventureBossRankInfo is null
2023-11-24 09:22:01.056 [ScheduleThreadPool-test-thread-4] ERROR MessageUtil - adventureBossRankInfo is null
2023-11-24 09:23:00.406 [ScheduleThreadPool-test-thread-2] ERROR MessageUtil - adventureBossRankInfo is null
2023-11-24 09:23:00.720 [ScheduleThreadPool-test-thread-6] ERROR MessageUtil - adventureBossRankInfo is null
2023-11-24 09:23:00.839 [ScheduleThreadPool-test-thread-1] ERROR MessageUtil - adventureBossRankInfo is null
2023-11-24 09:23:00.967 [ScheduleThreadPool-test-thread-8] ERROR MessageUtil - adventureBossRankInfo is null
2023-11-24 09:23:01.040 [ScheduleThreadPool-test-thread-8] ERROR MessageUtil - adventureBossRankInfo is null
2023-11-24 09:24:00.353 [ScheduleThreadPool-test-thread-3] ERROR MessageUtil - adventureBossRankInfo is null
2023-11-24 09:24:00.717 [ScheduleThreadPool-test-thread-2] ERROR MessageUtil - adventureBossRankInfo is null
2023-11-24 09:24:00.825 [ScheduleThreadPool-test-thread-1] ERROR MessageUtil - adventureBossRankInfo is null
2023-11-24 09:24:01.004 [ScheduleThreadPool-test-thread-7] ERROR MessageUtil - adventureBossRankInfo is null
2023-11-24 09:24:01.040 [ScheduleThreadPool-test-thread-7] ERROR MessageUtil - adventureBossRankInfo is null
2023-11-24 09:25:00.352 [ScheduleThreadPool-test-thread-2] ERROR MessageUtil - adventureBossRankInfo is null
2023-11-24 09:25:00.720 [ScheduleThreadPool-test-thread-1] ERROR MessageUtil - adventureBossRankInfo is null
2023-11-24 09:25:00.827 [ScheduleThreadPool-test-thread-8] ERROR MessageUtil - adventureBossRankInfo is null
2023-11-24 09:25:00.964 [ScheduleThreadPool-test-thread-3] ERROR MessageUtil - adventureBossRankInfo is null
2023-11-24 09:25:01.044 [ScheduleThreadPool-test-thread-8] ERROR MessageUtil - adventureBossRankInfo is null
2023-11-24 09:26:00.353 [ScheduleThreadPool-test-thread-1] ERROR MessageUtil - adventureBossRankInfo is null
2023-11-24 09:26:00.722 [ScheduleThreadPool-test-thread-2] ERROR MessageUtil - adventureBossRankInfo is null
2023-11-24 09:26:00.824 [ScheduleThreadPool-test-thread-2] ERROR MessageUtil - adventureBossRankInfo is null
2023-11-24 09:26:00.964 [ScheduleThreadPool-test-thread-5] ERROR MessageUtil - adventureBossRankInfo is null
2023-11-24 09:26:01.044 [ScheduleThreadPool-test-thread-7] ERROR MessageUtil - adventureBossRankInfo is null
2023-11-24 09:27:00.348 [ScheduleThreadPool-test-thread-5] ERROR MessageUtil - adventureBossRankInfo is null
2023-11-24 09:27:00.718 [ScheduleThreadPool-test-thread-8] ERROR MessageUtil - adventureBossRankInfo is null
2023-11-24 09:27:00.823 [ScheduleThreadPool-test-thread-6] ERROR MessageUtil - adventureBossRankInfo is null
2023-11-24 09:27:00.967 [ScheduleThreadPool-test-thread-2] ERROR MessageUtil - adventureBossRankInfo is null
2023-11-24 09:27:01.036 [ScheduleThreadPool-test-thread-6] ERROR MessageUtil - adventureBossRankInfo is null
2023-11-24 09:28:00.349 [ScheduleThreadPool-test-thread-4] ERROR MessageUtil - adventureBossRankInfo is null
2023-11-24 09:28:00.716 [ScheduleThreadPool-test-thread-4] ERROR MessageUtil - adventureBossRankInfo is null
2023-11-24 09:28:00.822 [ScheduleThreadPool-test-thread-1] ERROR MessageUtil - adventureBossRankInfo is null
2023-11-24 09:28:00.964 [ScheduleThreadPool-test-thread-2] ERROR MessageUtil - adventureBossRankInfo is null
2023-11-24 09:28:01.041 [ScheduleThreadPool-test-thread-6] ERROR MessageUtil - adventureBossRankInfo is null
2023-11-24 09:29:00.346 [ScheduleThreadPool-test-thread-4] ERROR MessageUtil - adventureBossRankInfo is null
2023-11-24 09:29:00.716 [ScheduleThreadPool-test-thread-3] ERROR MessageUtil - adventureBossRankInfo is null
2023-11-24 09:29:00.828 [ScheduleThreadPool-test-thread-3] ERROR MessageUtil - adventureBossRankInfo is null
2023-11-24 09:29:00.965 [ScheduleThreadPool-test-thread-7] ERROR MessageUtil - adventureBossRankInfo is null
2023-11-24 09:29:01.039 [ScheduleThreadPool-test-thread-8] ERROR MessageUtil - adventureBossRankInfo is null
2023-11-24 09:30:00.348 [ScheduleThreadPool-test-thread-6] ERROR MessageUtil - adventureBossRankInfo is null
2023-11-24 09:30:00.716 [ScheduleThreadPool-test-thread-2] ERROR MessageUtil - adventureBossRankInfo is null
2023-11-24 09:30:00.822 [ScheduleThreadPool-test-thread-1] ERROR MessageUtil - adventureBossRankInfo is null
2023-11-24 09:30:00.973 [ScheduleThreadPool-test-thread-3] ERROR MessageUtil - adventureBossRankInfo is null
2023-11-24 09:30:01.050 [ScheduleThreadPool-test-thread-7] ERROR MessageUtil - adventureBossRankInfo is null
2023-11-24 09:31:00.347 [ScheduleThreadPool-test-thread-6] ERROR MessageUtil - adventureBossRankInfo is null
2023-11-24 09:31:00.720 [ScheduleThreadPool-test-thread-6] ERROR MessageUtil - adventureBossRankInfo is null
2023-11-24 09:31:00.823 [ScheduleThreadPool-test-thread-7] ERROR MessageUtil - adventureBossRankInfo is null
2023-11-24 09:31:00.972 [ScheduleThreadPool-test-thread-7] ERROR MessageUtil - adventureBossRankInfo is null
2023-11-24 09:31:01.041 [ScheduleThreadPool-test-thread-8] ERROR MessageUtil - adventureBossRankInfo is null
2023-11-24 09:32:00.353 [ScheduleThreadPool-test-thread-3] ERROR MessageUtil - adventureBossRankInfo is null
2023-11-24 09:32:00.714 [ScheduleThreadPool-test-thread-8] ERROR MessageUtil - adventureBossRankInfo is null
2023-11-24 09:32:00.828 [ScheduleThreadPool-test-thread-7] ERROR MessageUtil - adventureBossRankInfo is null
2023-11-24 09:32:00.965 [ScheduleThreadPool-test-thread-7] ERROR MessageUtil - adventureBossRankInfo is null
2023-11-24 09:32:01.043 [ScheduleThreadPool-test-thread-5] ERROR MessageUtil - adventureBossRankInfo is null
2023-11-24 09:33:00.367 [ScheduleThreadPool-test-thread-4] ERROR MessageUtil - adventureBossRankInfo is null
2023-11-24 09:33:00.719 [ScheduleThreadPool-test-thread-3] ERROR MessageUtil - adventureBossRankInfo is null
2023-11-24 09:33:00.830 [ScheduleThreadPool-test-thread-2] ERROR MessageUtil - adventureBossRankInfo is null
2023-11-24 09:33:00.969 [ScheduleThreadPool-test-thread-3] ERROR MessageUtil - adventureBossRankInfo is null
2023-11-24 09:33:01.043 [ScheduleThreadPool-test-thread-4] ERROR MessageUtil - adventureBossRankInfo is null
2023-11-24 09:34:00.352 [ScheduleThreadPool-test-thread-2] ERROR MessageUtil - adventureBossRankInfo is null
2023-11-24 09:34:00.722 [ScheduleThreadPool-test-thread-2] ERROR MessageUtil - adventureBossRankInfo is null
2023-11-24 09:34:00.829 [ScheduleThreadPool-test-thread-3] ERROR MessageUtil - adventureBossRankInfo is null
2023-11-24 09:34:00.967 [ScheduleThreadPool-test-thread-5] ERROR MessageUtil - adventureBossRankInfo is null
2023-11-24 09:34:01.043 [ScheduleThreadPool-test-thread-8] ERROR MessageUtil - adventureBossRankInfo is null
2023-11-24 09:35:00.352 [ScheduleThreadPool-test-thread-2] ERROR MessageUtil - adventureBossRankInfo is null
2023-11-24 09:35:00.718 [ScheduleThreadPool-test-thread-4] ERROR MessageUtil - adventureBossRankInfo is null
2023-11-24 09:35:00.829 [ScheduleThreadPool-test-thread-5] ERROR MessageUtil - adventureBossRankInfo is null
2023-11-24 09:35:00.967 [ScheduleThreadPool-test-thread-6] ERROR MessageUtil - adventureBossRankInfo is null
2023-11-24 09:35:01.040 [ScheduleThreadPool-test-thread-3] ERROR MessageUtil - adventureBossRankInfo is null
2023-11-24 09:36:00.352 [ScheduleThreadPool-test-thread-6] ERROR MessageUtil - adventureBossRankInfo is null
2023-11-24 09:36:00.720 [ScheduleThreadPool-test-thread-4] ERROR MessageUtil - adventureBossRankInfo is null
2023-11-24 09:36:00.823 [ScheduleThreadPool-test-thread-2] ERROR MessageUtil - adventureBossRankInfo is null
2023-11-24 09:36:00.967 [ScheduleThreadPool-test-thread-8] ERROR MessageUtil - adventureBossRankInfo is null
2023-11-24 09:36:01.052 [ScheduleThreadPool-test-thread-3] ERROR MessageUtil - adventureBossRankInfo is null
2023-11-24 09:37:00.351 [ScheduleThreadPool-test-thread-6] ERROR MessageUtil - adventureBossRankInfo is null
2023-11-24 09:37:00.718 [ScheduleThreadPool-test-thread-6] ERROR MessageUtil - adventureBossRankInfo is null
2023-11-24 09:37:00.828 [ScheduleThreadPool-test-thread-8] ERROR MessageUtil - adventureBossRankInfo is null
2023-11-24 09:37:00.965 [ScheduleThreadPool-test-thread-5] ERROR MessageUtil - adventureBossRankInfo is null
2023-11-24 09:37:01.055 [ScheduleThreadPool-test-thread-8] ERROR MessageUtil - adventureBossRankInfo is null
2023-11-24 09:38:00.353 [ScheduleThreadPool-test-thread-5] ERROR MessageUtil - adventureBossRankInfo is null
2023-11-24 09:38:00.718 [ScheduleThreadPool-test-thread-6] ERROR MessageUtil - adventureBossRankInfo is null
2023-11-24 09:38:00.829 [ScheduleThreadPool-test-thread-3] ERROR MessageUtil - adventureBossRankInfo is null
2023-11-24 09:38:00.967 [ScheduleThreadPool-test-thread-5] ERROR MessageUtil - adventureBossRankInfo is null
2023-11-24 09:38:01.041 [ScheduleThreadPool-test-thread-4] ERROR MessageUtil - adventureBossRankInfo is null
2023-11-24 09:39:00.391 [ScheduleThreadPool-test-thread-5] ERROR MessageUtil - adventureBossRankInfo is null
2023-11-24 09:39:00.717 [ScheduleThreadPool-test-thread-8] ERROR MessageUtil - adventureBossRankInfo is null
2023-11-24 09:39:00.830 [ScheduleThreadPool-test-thread-1] ERROR MessageUtil - adventureBossRankInfo is null
2023-11-24 09:39:00.973 [ScheduleThreadPool-test-thread-7] ERROR MessageUtil - adventureBossRankInfo is null
2023-11-24 09:39:01.047 [ScheduleThreadPool-test-thread-7] ERROR MessageUtil - adventureBossRankInfo is null
2023-11-24 09:40:00.434 [ScheduleThreadPool-test-thread-3] ERROR MessageUtil - adventureBossRankInfo is null
2023-11-24 09:40:00.723 [ScheduleThreadPool-test-thread-1] ERROR MessageUtil - adventureBossRankInfo is null
2023-11-24 09:40:00.830 [ScheduleThreadPool-test-thread-6] ERROR MessageUtil - adventureBossRankInfo is null
2023-11-24 09:40:01.045 [ScheduleThreadPool-test-thread-6] ERROR MessageUtil - adventureBossRankInfo is null
2023-11-24 09:40:34.021 [ScheduleThreadPool-test-thread-2] ERROR MessageUtil - adventureBossRankInfo is null
2023-11-24 09:41:00.425 [ScheduleThreadPool-test-thread-1] ERROR MessageUtil - adventureBossRankInfo is null
2023-11-24 09:41:00.723 [ScheduleThreadPool-test-thread-3] ERROR MessageUtil - adventureBossRankInfo is null
2023-11-24 09:41:00.833 [ScheduleThreadPool-test-thread-5] ERROR MessageUtil - adventureBossRankInfo is null
2023-11-24 09:41:00.972 [ScheduleThreadPool-test-thread-7] ERROR MessageUtil - adventureBossRankInfo is null
2023-11-24 09:41:01.054 [ScheduleThreadPool-test-thread-3] ERROR MessageUtil - adventureBossRankInfo is null
2023-11-24 09:42:00.396 [ScheduleThreadPool-test-thread-4] ERROR MessageUtil - adventureBossRankInfo is null
2023-11-24 09:42:00.720 [ScheduleThreadPool-test-thread-3] ERROR MessageUtil - adventureBossRankInfo is null
2023-11-24 09:42:00.829 [ScheduleThreadPool-test-thread-5] ERROR MessageUtil - adventureBossRankInfo is null
2023-11-24 09:42:00.973 [ScheduleThreadPool-test-thread-5] ERROR MessageUtil - adventureBossRankInfo is null
2023-11-24 09:42:01.046 [ScheduleThreadPool-test-thread-6] ERROR MessageUtil - adventureBossRankInfo is null
2023-11-24 09:43:00.404 [ScheduleThreadPool-test-thread-4] ERROR MessageUtil - adventureBossRankInfo is null
2023-11-24 09:43:00.724 [ScheduleThreadPool-test-thread-6] ERROR MessageUtil - adventureBossRankInfo is null
2023-11-24 09:43:00.831 [ScheduleThreadPool-test-thread-8] ERROR MessageUtil - adventureBossRankInfo is null
2023-11-24 09:43:00.969 [ScheduleThreadPool-test-thread-8] ERROR MessageUtil - adventureBossRankInfo is null
2023-11-24 09:43:01.043 [ScheduleThreadPool-test-thread-3] ERROR MessageUtil - adventureBossRankInfo is null
2023-11-24 09:44:00.380 [ScheduleThreadPool-test-thread-6] ERROR MessageUtil - adventureBossRankInfo is null
2023-11-24 09:44:00.720 [ScheduleThreadPool-test-thread-1] ERROR MessageUtil - adventureBossRankInfo is null
2023-11-24 09:44:00.829 [ScheduleThreadPool-test-thread-5] ERROR MessageUtil - adventureBossRankInfo is null
2023-11-24 09:44:00.974 [ScheduleThreadPool-test-thread-7] ERROR MessageUtil - adventureBossRankInfo is null
2023-11-24 09:44:01.047 [ScheduleThreadPool-test-thread-4] ERROR MessageUtil - adventureBossRankInfo is null
2023-11-24 09:44:18.817 [ScheduleThreadPool-test-thread-2] ERROR SecondsTask - e
org.springframework.data.redis.RedisConnectionFailureException: java.net.SocketTimeoutException: Read timed out; nested exception is redis.clients.jedis.exceptions.JedisConnectionException: java.net.SocketTimeoutException: Read timed out
	at org.springframework.data.redis.connection.jedis.JedisExceptionConverter.convert(JedisExceptionConverter.java:67)
	at org.springframework.data.redis.connection.jedis.JedisExceptionConverter.convert(JedisExceptionConverter.java:41)
	at org.springframework.data.redis.PassThroughExceptionTranslationStrategy.translate(PassThroughExceptionTranslationStrategy.java:37)
	at org.springframework.data.redis.FallbackExceptionTranslationStrategy.translate(FallbackExceptionTranslationStrategy.java:37)
	at org.springframework.data.redis.connection.jedis.JedisConnection.convertJedisAccessException(JedisConnection.java:241)
	at org.springframework.data.redis.connection.jedis.JedisConnection.hGetAll(JedisConnection.java:3001)
	at org.springframework.data.redis.connection.DefaultStringRedisConnection.hGetAll(DefaultStringRedisConnection.java:372)
	at org.springframework.data.redis.core.DefaultHashOperations$13.doInRedis(DefaultHashOperations.java:223)
	at org.springframework.data.redis.core.DefaultHashOperations$13.doInRedis(DefaultHashOperations.java:220)
	at org.springframework.data.redis.core.RedisTemplate.execute(RedisTemplate.java:207)
	at org.springframework.data.redis.core.RedisTemplate.execute(RedisTemplate.java:169)
	at org.springframework.data.redis.core.AbstractOperations.execute(AbstractOperations.java:91)
	at org.springframework.data.redis.core.DefaultHashOperations.entries(DefaultHashOperations.java:220)
	at com.ljsd.jieling.db.redis.RedisUtil.getMapValues(RedisUtil.java:1401)
	at com.ljsd.jieling.logic.championship.ChampionshipLogic.minuteCheck(ChampionshipLogic.java:1414)
	at com.ljsd.jieling.thread.task.SecondsTask.run(SecondsTask.java:21)
	at java.util.concurrent.Executors$RunnableAdapter.call(Executors.java:511)
	at java.util.concurrent.FutureTask.runAndReset(FutureTask.java:308)
	at java.util.concurrent.ScheduledThreadPoolExecutor$ScheduledFutureTask.access$301(ScheduledThreadPoolExecutor.java:180)
	at java.util.concurrent.ScheduledThreadPoolExecutor$ScheduledFutureTask.run(ScheduledThreadPoolExecutor.java:294)
	at java.util.concurrent.ThreadPoolExecutor.runWorker(ThreadPoolExecutor.java:1149)
	at java.util.concurrent.ThreadPoolExecutor$Worker.run(ThreadPoolExecutor.java:624)
	at java.lang.Thread.run(Thread.java:750)
Caused by: redis.clients.jedis.exceptions.JedisConnectionException: java.net.SocketTimeoutException: Read timed out
	at redis.clients.util.RedisInputStream.ensureFill(RedisInputStream.java:202)
	at redis.clients.util.RedisInputStream.readByte(RedisInputStream.java:40)
	at redis.clients.jedis.Protocol.process(Protocol.java:151)
	at redis.clients.jedis.Protocol.read(Protocol.java:215)
	at redis.clients.jedis.Connection.readProtocolWithCheckingBroken(Connection.java:340)
	at redis.clients.jedis.Connection.getBinaryMultiBulkReply(Connection.java:276)
	at redis.clients.jedis.BinaryJedis.hgetAll(BinaryJedis.java:1028)
	at org.springframework.data.redis.connection.jedis.JedisConnection.hGetAll(JedisConnection.java:2999)
	... 17 common frames omitted
Caused by: java.net.SocketTimeoutException: Read timed out
	at java.net.SocketInputStream.socketRead0(Native Method)
	at java.net.SocketInputStream.socketRead(SocketInputStream.java:116)
	at java.net.SocketInputStream.read(SocketInputStream.java:171)
	at java.net.SocketInputStream.read(SocketInputStream.java:141)
	at java.net.SocketInputStream.read(SocketInputStream.java:127)
	at redis.clients.util.RedisInputStream.ensureFill(RedisInputStream.java:196)
	... 24 common frames omitted
2023-11-24 09:44:19.285 [ScheduleThreadPool-test-thread-1] ERROR SecondsTask - e
org.springframework.data.redis.RedisConnectionFailureException: java.net.SocketTimeoutException: Read timed out; nested exception is redis.clients.jedis.exceptions.JedisConnectionException: java.net.SocketTimeoutException: Read timed out
	at org.springframework.data.redis.connection.jedis.JedisExceptionConverter.convert(JedisExceptionConverter.java:67)
	at org.springframework.data.redis.connection.jedis.JedisExceptionConverter.convert(JedisExceptionConverter.java:41)
	at org.springframework.data.redis.PassThroughExceptionTranslationStrategy.translate(PassThroughExceptionTranslationStrategy.java:37)
	at org.springframework.data.redis.FallbackExceptionTranslationStrategy.translate(FallbackExceptionTranslationStrategy.java:37)
	at org.springframework.data.redis.connection.jedis.JedisConnection.convertJedisAccessException(JedisConnection.java:241)
	at org.springframework.data.redis.connection.jedis.JedisConnection.hGetAll(JedisConnection.java:3001)
	at org.springframework.data.redis.connection.DefaultStringRedisConnection.hGetAll(DefaultStringRedisConnection.java:372)
	at org.springframework.data.redis.core.DefaultHashOperations$13.doInRedis(DefaultHashOperations.java:223)
	at org.springframework.data.redis.core.DefaultHashOperations$13.doInRedis(DefaultHashOperations.java:220)
	at org.springframework.data.redis.core.RedisTemplate.execute(RedisTemplate.java:207)
	at org.springframework.data.redis.core.RedisTemplate.execute(RedisTemplate.java:169)
	at org.springframework.data.redis.core.AbstractOperations.execute(AbstractOperations.java:91)
	at org.springframework.data.redis.core.DefaultHashOperations.entries(DefaultHashOperations.java:220)
	at com.ljsd.jieling.db.redis.RedisUtil.getMapValues(RedisUtil.java:1401)
	at com.ljsd.jieling.logic.championship.ChampionshipLogic.minuteCheck(ChampionshipLogic.java:1414)
	at com.ljsd.jieling.thread.task.SecondsTask.run(SecondsTask.java:21)
	at java.util.concurrent.Executors$RunnableAdapter.call(Executors.java:511)
	at java.util.concurrent.FutureTask.runAndReset(FutureTask.java:308)
	at java.util.concurrent.ScheduledThreadPoolExecutor$ScheduledFutureTask.access$301(ScheduledThreadPoolExecutor.java:180)
	at java.util.concurrent.ScheduledThreadPoolExecutor$ScheduledFutureTask.run(ScheduledThreadPoolExecutor.java:294)
	at java.util.concurrent.ThreadPoolExecutor.runWorker(ThreadPoolExecutor.java:1149)
	at java.util.concurrent.ThreadPoolExecutor$Worker.run(ThreadPoolExecutor.java:624)
	at java.lang.Thread.run(Thread.java:750)
Caused by: redis.clients.jedis.exceptions.JedisConnectionException: java.net.SocketTimeoutException: Read timed out
	at redis.clients.util.RedisInputStream.ensureFill(RedisInputStream.java:202)
	at redis.clients.util.RedisInputStream.readByte(RedisInputStream.java:40)
	at redis.clients.jedis.Protocol.process(Protocol.java:151)
	at redis.clients.jedis.Protocol.read(Protocol.java:215)
	at redis.clients.jedis.Connection.readProtocolWithCheckingBroken(Connection.java:340)
	at redis.clients.jedis.Connection.getBinaryMultiBulkReply(Connection.java:276)
	at redis.clients.jedis.BinaryJedis.hgetAll(BinaryJedis.java:1028)
	at org.springframework.data.redis.connection.jedis.JedisConnection.hGetAll(JedisConnection.java:2999)
	... 17 common frames omitted
Caused by: java.net.SocketTimeoutException: Read timed out
	at java.net.SocketInputStream.socketRead0(Native Method)
	at java.net.SocketInputStream.socketRead(SocketInputStream.java:116)
	at java.net.SocketInputStream.read(SocketInputStream.java:171)
	at java.net.SocketInputStream.read(SocketInputStream.java:141)
	at java.net.SocketInputStream.read(SocketInputStream.java:127)
	at redis.clients.util.RedisInputStream.ensureFill(RedisInputStream.java:196)
	... 24 common frames omitted
2023-11-24 09:45:00.369 [ScheduleThreadPool-test-thread-1] ERROR MessageUtil - adventureBossRankInfo is null
2023-11-24 09:45:00.411 [ScheduleThreadPool-test-thread-6] ERROR MessageUtil - adventureBossRankInfo is null
2023-11-24 09:45:00.776 [ScheduleThreadPool-test-thread-7] ERROR MessageUtil - adventureBossRankInfo is null
2023-11-24 09:45:00.851 [ScheduleThreadPool-test-thread-2] ERROR MessageUtil - adventureBossRankInfo is null
2023-11-24 09:45:00.987 [ScheduleThreadPool-test-thread-4] ERROR MessageUtil - adventureBossRankInfo is null
2023-11-24 09:46:00.386 [ScheduleThreadPool-test-thread-2] ERROR MessageUtil - adventureBossRankInfo is null
2023-11-24 09:46:00.413 [ScheduleThreadPool-test-thread-6] ERROR MessageUtil - adventureBossRankInfo is null
2023-11-24 09:46:00.723 [ScheduleThreadPool-test-thread-3] ERROR MessageUtil - adventureBossRankInfo is null
2023-11-24 09:46:00.832 [ScheduleThreadPool-test-thread-1] ERROR MessageUtil - adventureBossRankInfo is null
2023-11-24 09:46:00.971 [ScheduleThreadPool-test-thread-3] ERROR MessageUtil - adventureBossRankInfo is null
2023-11-24 09:47:00.351 [ScheduleThreadPool-test-thread-1] ERROR MessageUtil - adventureBossRankInfo is null
2023-11-24 09:47:00.409 [ScheduleThreadPool-test-thread-5] ERROR MessageUtil - adventureBossRankInfo is null
2023-11-24 09:47:00.721 [ScheduleThreadPool-test-thread-2] ERROR MessageUtil - adventureBossRankInfo is null
2023-11-24 09:47:00.826 [ScheduleThreadPool-test-thread-2] ERROR MessageUtil - adventureBossRankInfo is null
2023-11-24 09:47:00.970 [ScheduleThreadPool-test-thread-3] ERROR MessageUtil - adventureBossRankInfo is null
2023-11-24 09:48:00.355 [ScheduleThreadPool-test-thread-5] ERROR MessageUtil - adventureBossRankInfo is null
2023-11-24 09:48:00.411 [ScheduleThreadPool-test-thread-5] ERROR MessageUtil - adventureBossRankInfo is null
2023-11-24 09:48:00.716 [ScheduleThreadPool-test-thread-2] ERROR MessageUtil - adventureBossRankInfo is null
2023-11-24 09:48:00.825 [ScheduleThreadPool-test-thread-3] ERROR MessageUtil - adventureBossRankInfo is null
2023-11-24 09:48:00.969 [ScheduleThreadPool-test-thread-8] ERROR MessageUtil - adventureBossRankInfo is null
2023-11-24 09:49:00.350 [ScheduleThreadPool-test-thread-6] ERROR MessageUtil - adventureBossRankInfo is null
2023-11-24 09:49:00.405 [ScheduleThreadPool-test-thread-4] ERROR MessageUtil - adventureBossRankInfo is null
2023-11-24 09:49:00.719 [ScheduleThreadPool-test-thread-8] ERROR MessageUtil - adventureBossRankInfo is null
2023-11-24 09:49:00.834 [ScheduleThreadPool-test-thread-7] ERROR MessageUtil - adventureBossRankInfo is null
2023-11-24 09:49:00.968 [ScheduleThreadPool-test-thread-4] ERROR MessageUtil - adventureBossRankInfo is null
2023-11-24 09:50:00.350 [ScheduleThreadPool-test-thread-5] ERROR MessageUtil - adventureBossRankInfo is null
2023-11-24 09:50:00.407 [ScheduleThreadPool-test-thread-2] ERROR MessageUtil - adventureBossRankInfo is null
2023-11-24 09:50:00.718 [ScheduleThreadPool-test-thread-6] ERROR MessageUtil - adventureBossRankInfo is null
2023-11-24 09:50:00.827 [ScheduleThreadPool-test-thread-2] ERROR MessageUtil - adventureBossRankInfo is null
2023-11-24 09:50:00.970 [ScheduleThreadPool-test-thread-3] ERROR MessageUtil - adventureBossRankInfo is null
2023-11-24 09:51:00.368 [ScheduleThreadPool-test-thread-6] ERROR MessageUtil - adventureBossRankInfo is null
2023-11-24 09:51:00.411 [ScheduleThreadPool-test-thread-3] ERROR MessageUtil - adventureBossRankInfo is null
2023-11-24 09:51:00.719 [ScheduleThreadPool-test-thread-4] ERROR MessageUtil - adventureBossRankInfo is null
2023-11-24 09:51:00.831 [ScheduleThreadPool-test-thread-8] ERROR MessageUtil - adventureBossRankInfo is null
2023-11-24 09:51:00.967 [ScheduleThreadPool-test-thread-2] ERROR MessageUtil - adventureBossRankInfo is null
2023-11-24 09:52:00.353 [ScheduleThreadPool-test-thread-8] ERROR MessageUtil - adventureBossRankInfo is null
2023-11-24 09:52:00.411 [ScheduleThreadPool-test-thread-1] ERROR MessageUtil - adventureBossRankInfo is null
2023-11-24 09:52:00.716 [ScheduleThreadPool-test-thread-6] ERROR MessageUtil - adventureBossRankInfo is null
2023-11-24 09:52:00.830 [ScheduleThreadPool-test-thread-8] ERROR MessageUtil - adventureBossRankInfo is null
2023-11-24 09:52:00.966 [ScheduleThreadPool-test-thread-6] ERROR MessageUtil - adventureBossRankInfo is null
2023-11-24 09:53:00.376 [ScheduleThreadPool-test-thread-3] ERROR MessageUtil - adventureBossRankInfo is null
2023-11-24 09:53:00.407 [ScheduleThreadPool-test-thread-5] ERROR MessageUtil - adventureBossRankInfo is null
2023-11-24 09:53:00.720 [ScheduleThreadPool-test-thread-1] ERROR MessageUtil - adventureBossRankInfo is null
2023-11-24 09:53:00.828 [ScheduleThreadPool-test-thread-5] ERROR MessageUtil - adventureBossRankInfo is null
2023-11-24 09:53:00.966 [ScheduleThreadPool-test-thread-2] ERROR MessageUtil - adventureBossRankInfo is null
2023-11-24 09:53:46.317 [ScheduleThreadPool-test-thread-6] ERROR SecondsTask - e
org.springframework.data.redis.RedisConnectionFailureException: java.net.SocketTimeoutException: Read timed out; nested exception is redis.clients.jedis.exceptions.JedisConnectionException: java.net.SocketTimeoutException: Read timed out
	at org.springframework.data.redis.connection.jedis.JedisExceptionConverter.convert(JedisExceptionConverter.java:67)
	at org.springframework.data.redis.connection.jedis.JedisExceptionConverter.convert(JedisExceptionConverter.java:41)
	at org.springframework.data.redis.PassThroughExceptionTranslationStrategy.translate(PassThroughExceptionTranslationStrategy.java:37)
	at org.springframework.data.redis.FallbackExceptionTranslationStrategy.translate(FallbackExceptionTranslationStrategy.java:37)
	at org.springframework.data.redis.connection.jedis.JedisConnection.convertJedisAccessException(JedisConnection.java:241)
	at org.springframework.data.redis.connection.jedis.JedisConnection.hGetAll(JedisConnection.java:3001)
	at org.springframework.data.redis.connection.DefaultStringRedisConnection.hGetAll(DefaultStringRedisConnection.java:372)
	at org.springframework.data.redis.core.DefaultHashOperations$13.doInRedis(DefaultHashOperations.java:223)
	at org.springframework.data.redis.core.DefaultHashOperations$13.doInRedis(DefaultHashOperations.java:220)
	at org.springframework.data.redis.core.RedisTemplate.execute(RedisTemplate.java:207)
	at org.springframework.data.redis.core.RedisTemplate.execute(RedisTemplate.java:169)
	at org.springframework.data.redis.core.AbstractOperations.execute(AbstractOperations.java:91)
	at org.springframework.data.redis.core.DefaultHashOperations.entries(DefaultHashOperations.java:220)
	at com.ljsd.jieling.db.redis.RedisUtil.getMapValues(RedisUtil.java:1401)
	at com.ljsd.jieling.logic.championship.ChampionshipLogic.minuteCheck(ChampionshipLogic.java:1414)
	at com.ljsd.jieling.thread.task.SecondsTask.run(SecondsTask.java:21)
	at java.util.concurrent.Executors$RunnableAdapter.call(Executors.java:511)
	at java.util.concurrent.FutureTask.runAndReset(FutureTask.java:308)
	at java.util.concurrent.ScheduledThreadPoolExecutor$ScheduledFutureTask.access$301(ScheduledThreadPoolExecutor.java:180)
	at java.util.concurrent.ScheduledThreadPoolExecutor$ScheduledFutureTask.run(ScheduledThreadPoolExecutor.java:294)
	at java.util.concurrent.ThreadPoolExecutor.runWorker(ThreadPoolExecutor.java:1149)
	at java.util.concurrent.ThreadPoolExecutor$Worker.run(ThreadPoolExecutor.java:624)
	at java.lang.Thread.run(Thread.java:750)
Caused by: redis.clients.jedis.exceptions.JedisConnectionException: java.net.SocketTimeoutException: Read timed out
	at redis.clients.util.RedisInputStream.ensureFill(RedisInputStream.java:202)
	at redis.clients.util.RedisInputStream.readByte(RedisInputStream.java:40)
	at redis.clients.jedis.Protocol.process(Protocol.java:151)
	at redis.clients.jedis.Protocol.read(Protocol.java:215)
	at redis.clients.jedis.Connection.readProtocolWithCheckingBroken(Connection.java:340)
	at redis.clients.jedis.Connection.getBinaryMultiBulkReply(Connection.java:276)
	at redis.clients.jedis.BinaryJedis.hgetAll(BinaryJedis.java:1028)
	at org.springframework.data.redis.connection.jedis.JedisConnection.hGetAll(JedisConnection.java:2999)
	... 17 common frames omitted
Caused by: java.net.SocketTimeoutException: Read timed out
	at java.net.SocketInputStream.socketRead0(Native Method)
	at java.net.SocketInputStream.socketRead(SocketInputStream.java:116)
	at java.net.SocketInputStream.read(SocketInputStream.java:171)
	at java.net.SocketInputStream.read(SocketInputStream.java:141)
	at java.net.SocketInputStream.read(SocketInputStream.java:127)
	at redis.clients.util.RedisInputStream.ensureFill(RedisInputStream.java:196)
	... 24 common frames omitted
2023-11-24 09:53:46.344 [ScheduleThreadPool-test-thread-3] ERROR SecondsTask - e
org.springframework.data.redis.RedisConnectionFailureException: java.net.SocketTimeoutException: Read timed out; nested exception is redis.clients.jedis.exceptions.JedisConnectionException: java.net.SocketTimeoutException: Read timed out
	at org.springframework.data.redis.connection.jedis.JedisExceptionConverter.convert(JedisExceptionConverter.java:67)
	at org.springframework.data.redis.connection.jedis.JedisExceptionConverter.convert(JedisExceptionConverter.java:41)
	at org.springframework.data.redis.PassThroughExceptionTranslationStrategy.translate(PassThroughExceptionTranslationStrategy.java:37)
	at org.springframework.data.redis.FallbackExceptionTranslationStrategy.translate(FallbackExceptionTranslationStrategy.java:37)
	at org.springframework.data.redis.connection.jedis.JedisConnection.convertJedisAccessException(JedisConnection.java:241)
	at org.springframework.data.redis.connection.jedis.JedisConnection.hGetAll(JedisConnection.java:3001)
	at org.springframework.data.redis.connection.DefaultStringRedisConnection.hGetAll(DefaultStringRedisConnection.java:372)
	at org.springframework.data.redis.core.DefaultHashOperations$13.doInRedis(DefaultHashOperations.java:223)
	at org.springframework.data.redis.core.DefaultHashOperations$13.doInRedis(DefaultHashOperations.java:220)
	at org.springframework.data.redis.core.RedisTemplate.execute(RedisTemplate.java:207)
	at org.springframework.data.redis.core.RedisTemplate.execute(RedisTemplate.java:169)
	at org.springframework.data.redis.core.AbstractOperations.execute(AbstractOperations.java:91)
	at org.springframework.data.redis.core.DefaultHashOperations.entries(DefaultHashOperations.java:220)
	at com.ljsd.jieling.db.redis.RedisUtil.getMapValues(RedisUtil.java:1401)
	at com.ljsd.jieling.logic.championship.ChampionshipLogic.minuteCheck(ChampionshipLogic.java:1414)
	at com.ljsd.jieling.thread.task.SecondsTask.run(SecondsTask.java:21)
	at java.util.concurrent.Executors$RunnableAdapter.call(Executors.java:511)
	at java.util.concurrent.FutureTask.runAndReset(FutureTask.java:308)
	at java.util.concurrent.ScheduledThreadPoolExecutor$ScheduledFutureTask.access$301(ScheduledThreadPoolExecutor.java:180)
	at java.util.concurrent.ScheduledThreadPoolExecutor$ScheduledFutureTask.run(ScheduledThreadPoolExecutor.java:294)
	at java.util.concurrent.ThreadPoolExecutor.runWorker(ThreadPoolExecutor.java:1149)
	at java.util.concurrent.ThreadPoolExecutor$Worker.run(ThreadPoolExecutor.java:624)
	at java.lang.Thread.run(Thread.java:750)
Caused by: redis.clients.jedis.exceptions.JedisConnectionException: java.net.SocketTimeoutException: Read timed out
	at redis.clients.util.RedisInputStream.ensureFill(RedisInputStream.java:202)
	at redis.clients.util.RedisInputStream.readByte(RedisInputStream.java:40)
	at redis.clients.jedis.Protocol.process(Protocol.java:151)
	at redis.clients.jedis.Protocol.read(Protocol.java:215)
	at redis.clients.jedis.Connection.readProtocolWithCheckingBroken(Connection.java:340)
	at redis.clients.jedis.Connection.getBinaryMultiBulkReply(Connection.java:276)
	at redis.clients.jedis.BinaryJedis.hgetAll(BinaryJedis.java:1028)
	at org.springframework.data.redis.connection.jedis.JedisConnection.hGetAll(JedisConnection.java:2999)
	... 17 common frames omitted
Caused by: java.net.SocketTimeoutException: Read timed out
	at java.net.SocketInputStream.socketRead0(Native Method)
	at java.net.SocketInputStream.socketRead(SocketInputStream.java:116)
	at java.net.SocketInputStream.read(SocketInputStream.java:171)
	at java.net.SocketInputStream.read(SocketInputStream.java:141)
	at java.net.SocketInputStream.read(SocketInputStream.java:127)
	at redis.clients.util.RedisInputStream.ensureFill(RedisInputStream.java:196)
	... 24 common frames omitted
2023-11-24 09:53:46.391 [ScheduleThreadPool-test-thread-4] ERROR SecondsTask - e
org.springframework.data.redis.RedisConnectionFailureException: java.net.SocketTimeoutException: Read timed out; nested exception is redis.clients.jedis.exceptions.JedisConnectionException: java.net.SocketTimeoutException: Read timed out
	at org.springframework.data.redis.connection.jedis.JedisExceptionConverter.convert(JedisExceptionConverter.java:67)
	at org.springframework.data.redis.connection.jedis.JedisExceptionConverter.convert(JedisExceptionConverter.java:41)
	at org.springframework.data.redis.PassThroughExceptionTranslationStrategy.translate(PassThroughExceptionTranslationStrategy.java:37)
	at org.springframework.data.redis.FallbackExceptionTranslationStrategy.translate(FallbackExceptionTranslationStrategy.java:37)
	at org.springframework.data.redis.connection.jedis.JedisConnection.convertJedisAccessException(JedisConnection.java:241)
	at org.springframework.data.redis.connection.jedis.JedisConnection.hGetAll(JedisConnection.java:3001)
	at org.springframework.data.redis.connection.DefaultStringRedisConnection.hGetAll(DefaultStringRedisConnection.java:372)
	at org.springframework.data.redis.core.DefaultHashOperations$13.doInRedis(DefaultHashOperations.java:223)
	at org.springframework.data.redis.core.DefaultHashOperations$13.doInRedis(DefaultHashOperations.java:220)
	at org.springframework.data.redis.core.RedisTemplate.execute(RedisTemplate.java:207)
	at org.springframework.data.redis.core.RedisTemplate.execute(RedisTemplate.java:169)
	at org.springframework.data.redis.core.AbstractOperations.execute(AbstractOperations.java:91)
	at org.springframework.data.redis.core.DefaultHashOperations.entries(DefaultHashOperations.java:220)
	at com.ljsd.jieling.db.redis.RedisUtil.getMapValues(RedisUtil.java:1401)
	at com.ljsd.jieling.logic.championship.ChampionshipLogic.minuteCheck(ChampionshipLogic.java:1414)
	at com.ljsd.jieling.thread.task.SecondsTask.run(SecondsTask.java:21)
	at java.util.concurrent.Executors$RunnableAdapter.call(Executors.java:511)
	at java.util.concurrent.FutureTask.runAndReset(FutureTask.java:308)
	at java.util.concurrent.ScheduledThreadPoolExecutor$ScheduledFutureTask.access$301(ScheduledThreadPoolExecutor.java:180)
	at java.util.concurrent.ScheduledThreadPoolExecutor$ScheduledFutureTask.run(ScheduledThreadPoolExecutor.java:294)
	at java.util.concurrent.ThreadPoolExecutor.runWorker(ThreadPoolExecutor.java:1149)
	at java.util.concurrent.ThreadPoolExecutor$Worker.run(ThreadPoolExecutor.java:624)
	at java.lang.Thread.run(Thread.java:750)
Caused by: redis.clients.jedis.exceptions.JedisConnectionException: java.net.SocketTimeoutException: Read timed out
	at redis.clients.util.RedisInputStream.ensureFill(RedisInputStream.java:202)
	at redis.clients.util.RedisInputStream.readByte(RedisInputStream.java:40)
	at redis.clients.jedis.Protocol.process(Protocol.java:151)
	at redis.clients.jedis.Protocol.read(Protocol.java:215)
	at redis.clients.jedis.Connection.readProtocolWithCheckingBroken(Connection.java:340)
	at redis.clients.jedis.Connection.getBinaryMultiBulkReply(Connection.java:276)
	at redis.clients.jedis.BinaryJedis.hgetAll(BinaryJedis.java:1028)
	at org.springframework.data.redis.connection.jedis.JedisConnection.hGetAll(JedisConnection.java:2999)
	... 17 common frames omitted
Caused by: java.net.SocketTimeoutException: Read timed out
	at java.net.SocketInputStream.socketRead0(Native Method)
	at java.net.SocketInputStream.socketRead(SocketInputStream.java:116)
	at java.net.SocketInputStream.read(SocketInputStream.java:171)
	at java.net.SocketInputStream.read(SocketInputStream.java:141)
	at java.net.SocketInputStream.read(SocketInputStream.java:127)
	at redis.clients.util.RedisInputStream.ensureFill(RedisInputStream.java:196)
	... 24 common frames omitted
2023-11-24 09:53:46.444 [ScheduleThreadPool-test-thread-2] ERROR SecondsTask - e
org.springframework.data.redis.RedisConnectionFailureException: java.net.SocketTimeoutException: Read timed out; nested exception is redis.clients.jedis.exceptions.JedisConnectionException: java.net.SocketTimeoutException: Read timed out
	at org.springframework.data.redis.connection.jedis.JedisExceptionConverter.convert(JedisExceptionConverter.java:67)
	at org.springframework.data.redis.connection.jedis.JedisExceptionConverter.convert(JedisExceptionConverter.java:41)
	at org.springframework.data.redis.PassThroughExceptionTranslationStrategy.translate(PassThroughExceptionTranslationStrategy.java:37)
	at org.springframework.data.redis.FallbackExceptionTranslationStrategy.translate(FallbackExceptionTranslationStrategy.java:37)
	at org.springframework.data.redis.connection.jedis.JedisConnection.convertJedisAccessException(JedisConnection.java:241)
	at org.springframework.data.redis.connection.jedis.JedisConnection.hGetAll(JedisConnection.java:3001)
	at org.springframework.data.redis.connection.DefaultStringRedisConnection.hGetAll(DefaultStringRedisConnection.java:372)
	at org.springframework.data.redis.core.DefaultHashOperations$13.doInRedis(DefaultHashOperations.java:223)
	at org.springframework.data.redis.core.DefaultHashOperations$13.doInRedis(DefaultHashOperations.java:220)
	at org.springframework.data.redis.core.RedisTemplate.execute(RedisTemplate.java:207)
	at org.springframework.data.redis.core.RedisTemplate.execute(RedisTemplate.java:169)
	at org.springframework.data.redis.core.AbstractOperations.execute(AbstractOperations.java:91)
	at org.springframework.data.redis.core.DefaultHashOperations.entries(DefaultHashOperations.java:220)
	at com.ljsd.jieling.db.redis.RedisUtil.getMapValues(RedisUtil.java:1401)
	at com.ljsd.jieling.logic.championship.ChampionshipLogic.minuteCheck(ChampionshipLogic.java:1414)
	at com.ljsd.jieling.thread.task.SecondsTask.run(SecondsTask.java:21)
	at java.util.concurrent.Executors$RunnableAdapter.call(Executors.java:511)
	at java.util.concurrent.FutureTask.runAndReset(FutureTask.java:308)
	at java.util.concurrent.ScheduledThreadPoolExecutor$ScheduledFutureTask.access$301(ScheduledThreadPoolExecutor.java:180)
	at java.util.concurrent.ScheduledThreadPoolExecutor$ScheduledFutureTask.run(ScheduledThreadPoolExecutor.java:294)
	at java.util.concurrent.ThreadPoolExecutor.runWorker(ThreadPoolExecutor.java:1149)
	at java.util.concurrent.ThreadPoolExecutor$Worker.run(ThreadPoolExecutor.java:624)
	at java.lang.Thread.run(Thread.java:750)
Caused by: redis.clients.jedis.exceptions.JedisConnectionException: java.net.SocketTimeoutException: Read timed out
	at redis.clients.util.RedisInputStream.ensureFill(RedisInputStream.java:202)
	at redis.clients.util.RedisInputStream.readByte(RedisInputStream.java:40)
	at redis.clients.jedis.Protocol.process(Protocol.java:151)
	at redis.clients.jedis.Protocol.read(Protocol.java:215)
	at redis.clients.jedis.Connection.readProtocolWithCheckingBroken(Connection.java:340)
	at redis.clients.jedis.Connection.getBinaryMultiBulkReply(Connection.java:276)
	at redis.clients.jedis.BinaryJedis.hgetAll(BinaryJedis.java:1028)
	at org.springframework.data.redis.connection.jedis.JedisConnection.hGetAll(JedisConnection.java:2999)
	... 17 common frames omitted
Caused by: java.net.SocketTimeoutException: Read timed out
	at java.net.SocketInputStream.socketRead0(Native Method)
	at java.net.SocketInputStream.socketRead(SocketInputStream.java:116)
	at java.net.SocketInputStream.read(SocketInputStream.java:171)
	at java.net.SocketInputStream.read(SocketInputStream.java:141)
	at java.net.SocketInputStream.read(SocketInputStream.java:127)
	at redis.clients.util.RedisInputStream.ensureFill(RedisInputStream.java:196)
	... 24 common frames omitted
2023-11-24 09:54:06.442 [ScheduleThreadPool-test-thread-6] ERROR SecondsTask - e
org.springframework.data.redis.RedisConnectionFailureException: java.net.SocketTimeoutException: Read timed out; nested exception is redis.clients.jedis.exceptions.JedisConnectionException: java.net.SocketTimeoutException: Read timed out
	at org.springframework.data.redis.connection.jedis.JedisExceptionConverter.convert(JedisExceptionConverter.java:67)
	at org.springframework.data.redis.connection.jedis.JedisExceptionConverter.convert(JedisExceptionConverter.java:41)
	at org.springframework.data.redis.PassThroughExceptionTranslationStrategy.translate(PassThroughExceptionTranslationStrategy.java:37)
	at org.springframework.data.redis.FallbackExceptionTranslationStrategy.translate(FallbackExceptionTranslationStrategy.java:37)
	at org.springframework.data.redis.connection.jedis.JedisConnection.convertJedisAccessException(JedisConnection.java:241)
	at org.springframework.data.redis.connection.jedis.JedisConnection.hGetAll(JedisConnection.java:3001)
	at org.springframework.data.redis.connection.DefaultStringRedisConnection.hGetAll(DefaultStringRedisConnection.java:372)
	at org.springframework.data.redis.core.DefaultHashOperations$13.doInRedis(DefaultHashOperations.java:223)
	at org.springframework.data.redis.core.DefaultHashOperations$13.doInRedis(DefaultHashOperations.java:220)
	at org.springframework.data.redis.core.RedisTemplate.execute(RedisTemplate.java:207)
	at org.springframework.data.redis.core.RedisTemplate.execute(RedisTemplate.java:169)
	at org.springframework.data.redis.core.AbstractOperations.execute(AbstractOperations.java:91)
	at org.springframework.data.redis.core.DefaultHashOperations.entries(DefaultHashOperations.java:220)
	at com.ljsd.jieling.db.redis.RedisUtil.getMapValues(RedisUtil.java:1401)
	at com.ljsd.jieling.logic.championship.ChampionshipLogic.minuteCheck(ChampionshipLogic.java:1414)
	at com.ljsd.jieling.thread.task.SecondsTask.run(SecondsTask.java:21)
	at java.util.concurrent.Executors$RunnableAdapter.call(Executors.java:511)
	at java.util.concurrent.FutureTask.runAndReset(FutureTask.java:308)
	at java.util.concurrent.ScheduledThreadPoolExecutor$ScheduledFutureTask.access$301(ScheduledThreadPoolExecutor.java:180)
	at java.util.concurrent.ScheduledThreadPoolExecutor$ScheduledFutureTask.run(ScheduledThreadPoolExecutor.java:294)
	at java.util.concurrent.ThreadPoolExecutor.runWorker(ThreadPoolExecutor.java:1149)
	at java.util.concurrent.ThreadPoolExecutor$Worker.run(ThreadPoolExecutor.java:624)
	at java.lang.Thread.run(Thread.java:750)
Caused by: redis.clients.jedis.exceptions.JedisConnectionException: java.net.SocketTimeoutException: Read timed out
	at redis.clients.util.RedisInputStream.ensureFill(RedisInputStream.java:202)
	at redis.clients.util.RedisInputStream.readByte(RedisInputStream.java:40)
	at redis.clients.jedis.Protocol.process(Protocol.java:151)
	at redis.clients.jedis.Protocol.read(Protocol.java:215)
	at redis.clients.jedis.Connection.readProtocolWithCheckingBroken(Connection.java:340)
	at redis.clients.jedis.Connection.getBinaryMultiBulkReply(Connection.java:276)
	at redis.clients.jedis.BinaryJedis.hgetAll(BinaryJedis.java:1028)
	at org.springframework.data.redis.connection.jedis.JedisConnection.hGetAll(JedisConnection.java:2999)
	... 17 common frames omitted
Caused by: java.net.SocketTimeoutException: Read timed out
	at java.net.SocketInputStream.socketRead0(Native Method)
	at java.net.SocketInputStream.socketRead(SocketInputStream.java:116)
	at java.net.SocketInputStream.read(SocketInputStream.java:171)
	at java.net.SocketInputStream.read(SocketInputStream.java:141)
	at java.net.SocketInputStream.read(SocketInputStream.java:127)
	at redis.clients.util.RedisInputStream.ensureFill(RedisInputStream.java:196)
	... 24 common frames omitted
2023-11-24 09:54:06.452 [ScheduleThreadPool-test-thread-5] ERROR SecondsTask - e
org.springframework.data.redis.RedisConnectionFailureException: java.net.SocketTimeoutException: Read timed out; nested exception is redis.clients.jedis.exceptions.JedisConnectionException: java.net.SocketTimeoutException: Read timed out
	at org.springframework.data.redis.connection.jedis.JedisExceptionConverter.convert(JedisExceptionConverter.java:67)
	at org.springframework.data.redis.connection.jedis.JedisExceptionConverter.convert(JedisExceptionConverter.java:41)
	at org.springframework.data.redis.PassThroughExceptionTranslationStrategy.translate(PassThroughExceptionTranslationStrategy.java:37)
	at org.springframework.data.redis.FallbackExceptionTranslationStrategy.translate(FallbackExceptionTranslationStrategy.java:37)
	at org.springframework.data.redis.connection.jedis.JedisConnection.convertJedisAccessException(JedisConnection.java:241)
	at org.springframework.data.redis.connection.jedis.JedisConnection.hGetAll(JedisConnection.java:3001)
	at org.springframework.data.redis.connection.DefaultStringRedisConnection.hGetAll(DefaultStringRedisConnection.java:372)
	at org.springframework.data.redis.core.DefaultHashOperations$13.doInRedis(DefaultHashOperations.java:223)
	at org.springframework.data.redis.core.DefaultHashOperations$13.doInRedis(DefaultHashOperations.java:220)
	at org.springframework.data.redis.core.RedisTemplate.execute(RedisTemplate.java:207)
	at org.springframework.data.redis.core.RedisTemplate.execute(RedisTemplate.java:169)
	at org.springframework.data.redis.core.AbstractOperations.execute(AbstractOperations.java:91)
	at org.springframework.data.redis.core.DefaultHashOperations.entries(DefaultHashOperations.java:220)
	at com.ljsd.jieling.db.redis.RedisUtil.getMapValues(RedisUtil.java:1401)
	at com.ljsd.jieling.logic.championship.ChampionshipLogic.minuteCheck(ChampionshipLogic.java:1414)
	at com.ljsd.jieling.thread.task.SecondsTask.run(SecondsTask.java:21)
	at java.util.concurrent.Executors$RunnableAdapter.call(Executors.java:511)
	at java.util.concurrent.FutureTask.runAndReset(FutureTask.java:308)
	at java.util.concurrent.ScheduledThreadPoolExecutor$ScheduledFutureTask.access$301(ScheduledThreadPoolExecutor.java:180)
	at java.util.concurrent.ScheduledThreadPoolExecutor$ScheduledFutureTask.run(ScheduledThreadPoolExecutor.java:294)
	at java.util.concurrent.ThreadPoolExecutor.runWorker(ThreadPoolExecutor.java:1149)
	at java.util.concurrent.ThreadPoolExecutor$Worker.run(ThreadPoolExecutor.java:624)
	at java.lang.Thread.run(Thread.java:750)
Caused by: redis.clients.jedis.exceptions.JedisConnectionException: java.net.SocketTimeoutException: Read timed out
	at redis.clients.util.RedisInputStream.ensureFill(RedisInputStream.java:202)
	at redis.clients.util.RedisInputStream.readByte(RedisInputStream.java:40)
	at redis.clients.jedis.Protocol.process(Protocol.java:151)
	at redis.clients.jedis.Protocol.read(Protocol.java:215)
	at redis.clients.jedis.Connection.readProtocolWithCheckingBroken(Connection.java:340)
	at redis.clients.jedis.Connection.getBinaryMultiBulkReply(Connection.java:276)
	at redis.clients.jedis.BinaryJedis.hgetAll(BinaryJedis.java:1028)
	at org.springframework.data.redis.connection.jedis.JedisConnection.hGetAll(JedisConnection.java:2999)
	... 17 common frames omitted
Caused by: java.net.SocketTimeoutException: Read timed out
	at java.net.SocketInputStream.socketRead0(Native Method)
	at java.net.SocketInputStream.socketRead(SocketInputStream.java:116)
	at java.net.SocketInputStream.read(SocketInputStream.java:171)
	at java.net.SocketInputStream.read(SocketInputStream.java:141)
	at java.net.SocketInputStream.read(SocketInputStream.java:127)
	at redis.clients.util.RedisInputStream.ensureFill(RedisInputStream.java:196)
	... 24 common frames omitted
2023-11-24 09:54:06.595 [ScheduleThreadPool-test-thread-4] ERROR MessageUtil - adventureBossRankInfo is null
2023-11-24 09:54:06.458 [ScheduleThreadPool-test-thread-1] ERROR SecondsTask - e
org.springframework.data.redis.RedisConnectionFailureException: java.net.SocketTimeoutException: Read timed out; nested exception is redis.clients.jedis.exceptions.JedisConnectionException: java.net.SocketTimeoutException: Read timed out
	at org.springframework.data.redis.connection.jedis.JedisExceptionConverter.convert(JedisExceptionConverter.java:67)
	at org.springframework.data.redis.connection.jedis.JedisExceptionConverter.convert(JedisExceptionConverter.java:41)
	at org.springframework.data.redis.PassThroughExceptionTranslationStrategy.translate(PassThroughExceptionTranslationStrategy.java:37)
	at org.springframework.data.redis.FallbackExceptionTranslationStrategy.translate(FallbackExceptionTranslationStrategy.java:37)
	at org.springframework.data.redis.connection.jedis.JedisConnection.convertJedisAccessException(JedisConnection.java:241)
	at org.springframework.data.redis.connection.jedis.JedisConnection.hGetAll(JedisConnection.java:3001)
	at org.springframework.data.redis.connection.DefaultStringRedisConnection.hGetAll(DefaultStringRedisConnection.java:372)
	at org.springframework.data.redis.core.DefaultHashOperations$13.doInRedis(DefaultHashOperations.java:223)
	at org.springframework.data.redis.core.DefaultHashOperations$13.doInRedis(DefaultHashOperations.java:220)
	at org.springframework.data.redis.core.RedisTemplate.execute(RedisTemplate.java:207)
	at org.springframework.data.redis.core.RedisTemplate.execute(RedisTemplate.java:169)
	at org.springframework.data.redis.core.AbstractOperations.execute(AbstractOperations.java:91)
	at org.springframework.data.redis.core.DefaultHashOperations.entries(DefaultHashOperations.java:220)
	at com.ljsd.jieling.db.redis.RedisUtil.getMapValues(RedisUtil.java:1401)
	at com.ljsd.jieling.logic.championship.ChampionshipLogic.minuteCheck(ChampionshipLogic.java:1414)
	at com.ljsd.jieling.thread.task.SecondsTask.run(SecondsTask.java:21)
	at java.util.concurrent.Executors$RunnableAdapter.call(Executors.java:511)
	at java.util.concurrent.FutureTask.runAndReset(FutureTask.java:308)
	at java.util.concurrent.ScheduledThreadPoolExecutor$ScheduledFutureTask.access$301(ScheduledThreadPoolExecutor.java:180)
	at java.util.concurrent.ScheduledThreadPoolExecutor$ScheduledFutureTask.run(ScheduledThreadPoolExecutor.java:294)
	at java.util.concurrent.ThreadPoolExecutor.runWorker(ThreadPoolExecutor.java:1149)
	at java.util.concurrent.ThreadPoolExecutor$Worker.run(ThreadPoolExecutor.java:624)
	at java.lang.Thread.run(Thread.java:750)
Caused by: redis.clients.jedis.exceptions.JedisConnectionException: java.net.SocketTimeoutException: Read timed out
	at redis.clients.util.RedisInputStream.ensureFill(RedisInputStream.java:202)
	at redis.clients.util.RedisInputStream.readByte(RedisInputStream.java:40)
	at redis.clients.jedis.Protocol.process(Protocol.java:151)
	at redis.clients.jedis.Protocol.read(Protocol.java:215)
	at redis.clients.jedis.Connection.readProtocolWithCheckingBroken(Connection.java:340)
	at redis.clients.jedis.Connection.getBinaryMultiBulkReply(Connection.java:276)
	at redis.clients.jedis.BinaryJedis.hgetAll(BinaryJedis.java:1028)
	at org.springframework.data.redis.connection.jedis.JedisConnection.hGetAll(JedisConnection.java:2999)
	... 17 common frames omitted
Caused by: java.net.SocketTimeoutException: Read timed out
	at java.net.SocketInputStream.socketRead0(Native Method)
	at java.net.SocketInputStream.socketRead(SocketInputStream.java:116)
	at java.net.SocketInputStream.read(SocketInputStream.java:171)
	at java.net.SocketInputStream.read(SocketInputStream.java:141)
	at java.net.SocketInputStream.read(SocketInputStream.java:127)
	at redis.clients.util.RedisInputStream.ensureFill(RedisInputStream.java:196)
	... 24 common frames omitted
2023-11-24 09:54:06.589 [ScheduleThreadPool-test-thread-7] ERROR MessageUtil - adventureBossRankInfo is null
2023-11-24 09:54:06.590 [ScheduleThreadPool-test-thread-6] ERROR MessageUtil - adventureBossRankInfo is null
2023-11-24 09:54:06.507 [ScheduleThreadPool-test-thread-2] ERROR SecondsTask - e
org.springframework.data.redis.RedisConnectionFailureException: java.net.SocketTimeoutException: Read timed out; nested exception is redis.clients.jedis.exceptions.JedisConnectionException: java.net.SocketTimeoutException: Read timed out
	at org.springframework.data.redis.connection.jedis.JedisExceptionConverter.convert(JedisExceptionConverter.java:67)
	at org.springframework.data.redis.connection.jedis.JedisExceptionConverter.convert(JedisExceptionConverter.java:41)
	at org.springframework.data.redis.PassThroughExceptionTranslationStrategy.translate(PassThroughExceptionTranslationStrategy.java:37)
	at org.springframework.data.redis.FallbackExceptionTranslationStrategy.translate(FallbackExceptionTranslationStrategy.java:37)
	at org.springframework.data.redis.connection.jedis.JedisConnection.convertJedisAccessException(JedisConnection.java:241)
	at org.springframework.data.redis.connection.jedis.JedisConnection.hGetAll(JedisConnection.java:3001)
	at org.springframework.data.redis.connection.DefaultStringRedisConnection.hGetAll(DefaultStringRedisConnection.java:372)
	at org.springframework.data.redis.core.DefaultHashOperations$13.doInRedis(DefaultHashOperations.java:223)
	at org.springframework.data.redis.core.DefaultHashOperations$13.doInRedis(DefaultHashOperations.java:220)
	at org.springframework.data.redis.core.RedisTemplate.execute(RedisTemplate.java:207)
	at org.springframework.data.redis.core.RedisTemplate.execute(RedisTemplate.java:169)
	at org.springframework.data.redis.core.AbstractOperations.execute(AbstractOperations.java:91)
	at org.springframework.data.redis.core.DefaultHashOperations.entries(DefaultHashOperations.java:220)
	at com.ljsd.jieling.db.redis.RedisUtil.getMapValues(RedisUtil.java:1401)
	at com.ljsd.jieling.logic.championship.ChampionshipLogic.minuteCheck(ChampionshipLogic.java:1414)
	at com.ljsd.jieling.thread.task.SecondsTask.run(SecondsTask.java:21)
	at java.util.concurrent.Executors$RunnableAdapter.call(Executors.java:511)
	at java.util.concurrent.FutureTask.runAndReset(FutureTask.java:308)
	at java.util.concurrent.ScheduledThreadPoolExecutor$ScheduledFutureTask.access$301(ScheduledThreadPoolExecutor.java:180)
	at java.util.concurrent.ScheduledThreadPoolExecutor$ScheduledFutureTask.run(ScheduledThreadPoolExecutor.java:294)
	at java.util.concurrent.ThreadPoolExecutor.runWorker(ThreadPoolExecutor.java:1149)
	at java.util.concurrent.ThreadPoolExecutor$Worker.run(ThreadPoolExecutor.java:624)
	at java.lang.Thread.run(Thread.java:750)
Caused by: redis.clients.jedis.exceptions.JedisConnectionException: java.net.SocketTimeoutException: Read timed out
	at redis.clients.util.RedisInputStream.ensureFill(RedisInputStream.java:202)
	at redis.clients.util.RedisInputStream.readByte(RedisInputStream.java:40)
	at redis.clients.jedis.Protocol.process(Protocol.java:151)
	at redis.clients.jedis.Protocol.read(Protocol.java:215)
	at redis.clients.jedis.Connection.readProtocolWithCheckingBroken(Connection.java:340)
	at redis.clients.jedis.Connection.getBinaryMultiBulkReply(Connection.java:276)
	at redis.clients.jedis.BinaryJedis.hgetAll(BinaryJedis.java:1028)
	at org.springframework.data.redis.connection.jedis.JedisConnection.hGetAll(JedisConnection.java:2999)
	... 17 common frames omitted
Caused by: java.net.SocketTimeoutException: Read timed out
	at java.net.SocketInputStream.socketRead0(Native Method)
	at java.net.SocketInputStream.socketRead(SocketInputStream.java:116)
	at java.net.SocketInputStream.read(SocketInputStream.java:171)
	at java.net.SocketInputStream.read(SocketInputStream.java:141)
	at java.net.SocketInputStream.read(SocketInputStream.java:127)
	at redis.clients.util.RedisInputStream.ensureFill(RedisInputStream.java:196)
	... 24 common frames omitted
2023-11-24 09:54:06.619 [ScheduleThreadPool-test-thread-8] ERROR MessageUtil - adventureBossRankInfo is null
2023-11-24 09:54:18.373 [ScheduleThreadPool-test-thread-7] ERROR MessageUtil - adventureBossRankInfo is null
2023-11-24 09:55:00.415 [ScheduleThreadPool-test-thread-5] ERROR MessageUtil - adventureBossRankInfo is null
2023-11-24 09:55:00.416 [ScheduleThreadPool-test-thread-5] ERROR MessageUtil - adventureBossRankInfo is null
2023-11-24 09:55:00.424 [ScheduleThreadPool-test-thread-2] ERROR MessageUtil - adventureBossRankInfo is null
2023-11-24 09:55:00.825 [ScheduleThreadPool-test-thread-1] ERROR MessageUtil - adventureBossRankInfo is null
2023-11-24 09:55:00.975 [ScheduleThreadPool-test-thread-3] ERROR MessageUtil - adventureBossRankInfo is null
2023-11-24 09:56:00.364 [ScheduleThreadPool-test-thread-3] ERROR MessageUtil - adventureBossRankInfo is null
2023-11-24 09:56:00.364 [ScheduleThreadPool-test-thread-6] ERROR MessageUtil - adventureBossRankInfo is null
2023-11-24 09:56:00.409 [ScheduleThreadPool-test-thread-4] ERROR MessageUtil - adventureBossRankInfo is null
2023-11-24 09:56:00.831 [ScheduleThreadPool-test-thread-2] ERROR MessageUtil - adventureBossRankInfo is null
2023-11-24 09:56:00.976 [ScheduleThreadPool-test-thread-7] ERROR MessageUtil - adventureBossRankInfo is null
2023-11-24 09:57:00.350 [ScheduleThreadPool-test-thread-2] ERROR MessageUtil - adventureBossRankInfo is null
2023-11-24 09:57:00.363 [ScheduleThreadPool-test-thread-8] ERROR MessageUtil - adventureBossRankInfo is null
2023-11-24 09:57:00.411 [ScheduleThreadPool-test-thread-6] ERROR MessageUtil - adventureBossRankInfo is null
2023-11-24 09:57:00.829 [ScheduleThreadPool-test-thread-2] ERROR MessageUtil - adventureBossRankInfo is null
2023-11-24 09:57:00.977 [ScheduleThreadPool-test-thread-7] ERROR MessageUtil - adventureBossRankInfo is null
2023-11-24 09:58:00.348 [ScheduleThreadPool-test-thread-1] ERROR MessageUtil - adventureBossRankInfo is null
2023-11-24 09:58:00.360 [ScheduleThreadPool-test-thread-5] ERROR MessageUtil - adventureBossRankInfo is null
2023-11-24 09:58:00.410 [ScheduleThreadPool-test-thread-6] ERROR MessageUtil - adventureBossRankInfo is null
2023-11-24 09:58:00.828 [ScheduleThreadPool-test-thread-7] ERROR MessageUtil - adventureBossRankInfo is null
2023-11-24 09:58:00.973 [ScheduleThreadPool-test-thread-8] ERROR MessageUtil - adventureBossRankInfo is null
2023-11-24 09:59:00.357 [ScheduleThreadPool-test-thread-5] ERROR MessageUtil - adventureBossRankInfo is null
2023-11-24 09:59:00.361 [ScheduleThreadPool-test-thread-4] ERROR MessageUtil - adventureBossRankInfo is null
2023-11-24 09:59:00.411 [ScheduleThreadPool-test-thread-8] ERROR MessageUtil - adventureBossRankInfo is null
2023-11-24 09:59:00.826 [ScheduleThreadPool-test-thread-5] ERROR MessageUtil - adventureBossRankInfo is null
2023-11-24 09:59:00.972 [ScheduleThreadPool-test-thread-3] ERROR MessageUtil - adventureBossRankInfo is null
2023-11-24 10:00:00.352 [ScheduleThreadPool-test-thread-6] ERROR MessageUtil - adventureBossRankInfo is null
2023-11-24 10:00:00.362 [ScheduleThreadPool-test-thread-5] ERROR MessageUtil - adventureBossRankInfo is null
2023-11-24 10:00:00.412 [ScheduleThreadPool-test-thread-6] ERROR MessageUtil - adventureBossRankInfo is null
2023-11-24 10:00:00.831 [ScheduleThreadPool-test-thread-2] ERROR MessageUtil - adventureBossRankInfo is null
2023-11-24 10:00:00.970 [ScheduleThreadPool-test-thread-8] ERROR MessageUtil - adventureBossRankInfo is null
2023-11-24 10:01:00.349 [ScheduleThreadPool-test-thread-8] ERROR MessageUtil - adventureBossRankInfo is null
2023-11-24 10:01:00.362 [ScheduleThreadPool-test-thread-3] ERROR MessageUtil - adventureBossRankInfo is null
2023-11-24 10:01:00.416 [ScheduleThreadPool-test-thread-1] ERROR MessageUtil - adventureBossRankInfo is null
2023-11-24 10:01:00.827 [ScheduleThreadPool-test-thread-5] ERROR MessageUtil - adventureBossRankInfo is null
2023-11-24 10:01:00.974 [ScheduleThreadPool-test-thread-8] ERROR MessageUtil - adventureBossRankInfo is null
2023-11-24 10:02:00.353 [ScheduleThreadPool-test-thread-3] ERROR MessageUtil - adventureBossRankInfo is null
2023-11-24 10:02:00.362 [ScheduleThreadPool-test-thread-8] ERROR MessageUtil - adventureBossRankInfo is null
2023-11-24 10:02:00.411 [ScheduleThreadPool-test-thread-5] ERROR MessageUtil - adventureBossRankInfo is null
2023-11-24 10:02:00.827 [ScheduleThreadPool-test-thread-7] ERROR MessageUtil - adventureBossRankInfo is null
2023-11-24 10:02:00.970 [ScheduleThreadPool-test-thread-2] ERROR MessageUtil - adventureBossRankInfo is null
2023-11-24 10:03:00.353 [ScheduleThreadPool-test-thread-5] ERROR MessageUtil - adventureBossRankInfo is null
2023-11-24 10:03:00.367 [ScheduleThreadPool-test-thread-1] ERROR MessageUtil - adventureBossRankInfo is null
2023-11-24 10:03:00.412 [ScheduleThreadPool-test-thread-2] ERROR MessageUtil - adventureBossRankInfo is null
2023-11-24 10:03:00.827 [ScheduleThreadPool-test-thread-7] ERROR MessageUtil - adventureBossRankInfo is null
2023-11-24 10:03:00.971 [ScheduleThreadPool-test-thread-7] ERROR MessageUtil - adventureBossRankInfo is null
2023-11-24 10:04:00.354 [ScheduleThreadPool-test-thread-8] ERROR MessageUtil - adventureBossRankInfo is null
2023-11-24 10:04:00.363 [ScheduleThreadPool-test-thread-7] ERROR MessageUtil - adventureBossRankInfo is null
2023-11-24 10:04:00.411 [ScheduleThreadPool-test-thread-1] ERROR MessageUtil - adventureBossRankInfo is null
2023-11-24 10:04:00.831 [ScheduleThreadPool-test-thread-7] ERROR MessageUtil - adventureBossRankInfo is null
2023-11-24 10:04:00.971 [ScheduleThreadPool-test-thread-8] ERROR MessageUtil - adventureBossRankInfo is null
2023-11-24 10:05:00.355 [ScheduleThreadPool-test-thread-4] ERROR MessageUtil - adventureBossRankInfo is null
2023-11-24 10:05:00.362 [ScheduleThreadPool-test-thread-7] ERROR MessageUtil - adventureBossRankInfo is null
2023-11-24 10:05:00.408 [ScheduleThreadPool-test-thread-4] ERROR MessageUtil - adventureBossRankInfo is null
2023-11-24 10:05:00.827 [ScheduleThreadPool-test-thread-8] ERROR MessageUtil - adventureBossRankInfo is null
2023-11-24 10:05:00.971 [ScheduleThreadPool-test-thread-8] ERROR MessageUtil - adventureBossRankInfo is null
2023-11-24 10:06:00.350 [ScheduleThreadPool-test-thread-6] ERROR MessageUtil - adventureBossRankInfo is null
2023-11-24 10:06:00.361 [ScheduleThreadPool-test-thread-1] ERROR MessageUtil - adventureBossRankInfo is null
2023-11-24 10:06:00.412 [ScheduleThreadPool-test-thread-5] ERROR MessageUtil - adventureBossRankInfo is null
2023-11-24 10:06:00.830 [ScheduleThreadPool-test-thread-6] ERROR MessageUtil - adventureBossRankInfo is null
2023-11-24 10:06:00.976 [ScheduleThreadPool-test-thread-8] ERROR MessageUtil - adventureBossRankInfo is null
2023-11-24 10:07:00.352 [ScheduleThreadPool-test-thread-5] ERROR MessageUtil - adventureBossRankInfo is null
2023-11-24 10:07:00.363 [ScheduleThreadPool-test-thread-6] ERROR MessageUtil - adventureBossRankInfo is null
2023-11-24 10:07:00.412 [ScheduleThreadPool-test-thread-6] ERROR MessageUtil - adventureBossRankInfo is null
2023-11-24 10:07:00.826 [ScheduleThreadPool-test-thread-2] ERROR MessageUtil - adventureBossRankInfo is null
2023-11-24 10:07:00.972 [ScheduleThreadPool-test-thread-6] ERROR MessageUtil - adventureBossRankInfo is null
2023-11-24 10:08:00.350 [ScheduleThreadPool-test-thread-1] ERROR MessageUtil - adventureBossRankInfo is null
2023-11-24 10:08:00.361 [ScheduleThreadPool-test-thread-3] ERROR MessageUtil - adventureBossRankInfo is null
2023-11-24 10:08:00.423 [ScheduleThreadPool-test-thread-3] ERROR MessageUtil - adventureBossRankInfo is null
2023-11-24 10:08:00.830 [ScheduleThreadPool-test-thread-1] ERROR MessageUtil - adventureBossRankInfo is null
2023-11-24 10:08:00.975 [ScheduleThreadPool-test-thread-8] ERROR MessageUtil - adventureBossRankInfo is null
2023-11-24 10:09:00.352 [ScheduleThreadPool-test-thread-3] ERROR MessageUtil - adventureBossRankInfo is null
2023-11-24 10:09:00.364 [ScheduleThreadPool-test-thread-7] ERROR MessageUtil - adventureBossRankInfo is null
2023-11-24 10:09:00.409 [ScheduleThreadPool-test-thread-1] ERROR MessageUtil - adventureBossRankInfo is null
2023-11-24 10:09:00.829 [ScheduleThreadPool-test-thread-6] ERROR MessageUtil - adventureBossRankInfo is null
2023-11-24 10:09:00.977 [ScheduleThreadPool-test-thread-7] ERROR MessageUtil - adventureBossRankInfo is null
2023-11-24 10:10:00.350 [ScheduleThreadPool-test-thread-1] ERROR MessageUtil - adventureBossRankInfo is null
2023-11-24 10:10:00.363 [ScheduleThreadPool-test-thread-5] ERROR MessageUtil - adventureBossRankInfo is null
2023-11-24 10:10:00.410 [ScheduleThreadPool-test-thread-4] ERROR MessageUtil - adventureBossRankInfo is null
2023-11-24 10:10:00.828 [ScheduleThreadPool-test-thread-8] ERROR MessageUtil - adventureBossRankInfo is null
2023-11-24 10:10:00.968 [ScheduleThreadPool-test-thread-3] ERROR MessageUtil - adventureBossRankInfo is null
2023-11-24 10:11:00.355 [ScheduleThreadPool-test-thread-1] ERROR MessageUtil - adventureBossRankInfo is null
2023-11-24 10:11:00.363 [ScheduleThreadPool-test-thread-4] ERROR MessageUtil - adventureBossRankInfo is null
2023-11-24 10:11:00.409 [ScheduleThreadPool-test-thread-8] ERROR MessageUtil - adventureBossRankInfo is null
2023-11-24 10:11:00.829 [ScheduleThreadPool-test-thread-8] ERROR MessageUtil - adventureBossRankInfo is null
2023-11-24 10:11:00.972 [ScheduleThreadPool-test-thread-4] ERROR MessageUtil - adventureBossRankInfo is null
2023-11-24 10:12:00.378 [ScheduleThreadPool-test-thread-5] ERROR MessageUtil - adventureBossRankInfo is null
2023-11-24 10:12:00.379 [ScheduleThreadPool-test-thread-3] ERROR MessageUtil - adventureBossRankInfo is null
2023-11-24 10:12:00.408 [ScheduleThreadPool-test-thread-4] ERROR MessageUtil - adventureBossRankInfo is null
2023-11-24 10:12:00.830 [ScheduleThreadPool-test-thread-1] ERROR MessageUtil - adventureBossRankInfo is null
2023-11-24 10:12:00.971 [ScheduleThreadPool-test-thread-8] ERROR MessageUtil - adventureBossRankInfo is null
2023-11-24 10:13:00.352 [ScheduleThreadPool-test-thread-5] ERROR MessageUtil - adventureBossRankInfo is null
2023-11-24 10:13:00.359 [ScheduleThreadPool-test-thread-3] ERROR MessageUtil - adventureBossRankInfo is null
2023-11-24 10:13:00.411 [ScheduleThreadPool-test-thread-2] ERROR MessageUtil - adventureBossRankInfo is null
2023-11-24 10:13:00.828 [ScheduleThreadPool-test-thread-2] ERROR MessageUtil - adventureBossRankInfo is null
2023-11-24 10:13:00.974 [ScheduleThreadPool-test-thread-7] ERROR MessageUtil - adventureBossRankInfo is null
2023-11-24 10:14:00.358 [ScheduleThreadPool-test-thread-4] ERROR MessageUtil - adventureBossRankInfo is null
2023-11-24 10:14:00.359 [ScheduleThreadPool-test-thread-5] ERROR MessageUtil - adventureBossRankInfo is null
2023-11-24 10:14:00.410 [ScheduleThreadPool-test-thread-4] ERROR MessageUtil - adventureBossRankInfo is null
2023-11-24 10:14:00.827 [ScheduleThreadPool-test-thread-7] ERROR MessageUtil - adventureBossRankInfo is null
2023-11-24 10:14:00.972 [ScheduleThreadPool-test-thread-8] ERROR MessageUtil - adventureBossRankInfo is null
2023-11-24 10:15:00.352 [ScheduleThreadPool-test-thread-5] ERROR MessageUtil - adventureBossRankInfo is null
2023-11-24 10:15:00.361 [ScheduleThreadPool-test-thread-4] ERROR MessageUtil - adventureBossRankInfo is null
2023-11-24 10:15:00.412 [ScheduleThreadPool-test-thread-6] ERROR MessageUtil - adventureBossRankInfo is null
2023-11-24 10:15:00.824 [ScheduleThreadPool-test-thread-8] ERROR MessageUtil - adventureBossRankInfo is null
2023-11-24 10:15:00.984 [ScheduleThreadPool-test-thread-4] ERROR MessageUtil - adventureBossRankInfo is null
2023-11-24 10:16:00.354 [ScheduleThreadPool-test-thread-1] ERROR MessageUtil - adventureBossRankInfo is null
2023-11-24 10:16:00.365 [ScheduleThreadPool-test-thread-4] ERROR MessageUtil - adventureBossRankInfo is null
2023-11-24 10:16:00.409 [ScheduleThreadPool-test-thread-4] ERROR MessageUtil - adventureBossRankInfo is null
2023-11-24 10:16:00.825 [ScheduleThreadPool-test-thread-8] ERROR MessageUtil - adventureBossRankInfo is null
2023-11-24 10:16:00.971 [ScheduleThreadPool-test-thread-4] ERROR MessageUtil - adventureBossRankInfo is null
2023-11-24 10:17:00.348 [ScheduleThreadPool-test-thread-1] ERROR MessageUtil - adventureBossRankInfo is null
2023-11-24 10:17:00.359 [ScheduleThreadPool-test-thread-7] ERROR MessageUtil - adventureBossRankInfo is null
2023-11-24 10:17:00.411 [ScheduleThreadPool-test-thread-6] ERROR MessageUtil - adventureBossRankInfo is null
2023-11-24 10:17:00.828 [ScheduleThreadPool-test-thread-8] ERROR MessageUtil - adventureBossRankInfo is null
2023-11-24 10:17:00.966 [ScheduleThreadPool-test-thread-5] ERROR MessageUtil - adventureBossRankInfo is null
2023-11-24 10:18:00.350 [ScheduleThreadPool-test-thread-6] ERROR MessageUtil - adventureBossRankInfo is null
2023-11-24 10:18:00.361 [ScheduleThreadPool-test-thread-4] ERROR MessageUtil - adventureBossRankInfo is null
2023-11-24 10:18:00.407 [ScheduleThreadPool-test-thread-1] ERROR MessageUtil - adventureBossRankInfo is null
2023-11-24 10:18:00.825 [ScheduleThreadPool-test-thread-3] ERROR MessageUtil - adventureBossRankInfo is null
2023-11-24 10:18:00.968 [ScheduleThreadPool-test-thread-7] ERROR MessageUtil - adventureBossRankInfo is null
2023-11-24 10:19:00.579 [ScheduleThreadPool-test-thread-6] ERROR MessageUtil - adventureBossRankInfo is null
2023-11-24 10:19:00.572 [ScheduleThreadPool-test-thread-2] ERROR MessageUtil - adventureBossRankInfo is null
2023-11-24 10:19:00.829 [ScheduleThreadPool-test-thread-2] ERROR MessageUtil - adventureBossRankInfo is null
2023-11-24 10:19:00.963 [ScheduleThreadPool-test-thread-7] ERROR MessageUtil - adventureBossRankInfo is null
2023-11-24 10:19:20.907 [ScheduleThreadPool-test-thread-8] ERROR MessageUtil - adventureBossRankInfo is null
2023-11-24 10:20:00.396 [ScheduleThreadPool-test-thread-8] ERROR MessageUtil - adventureBossRankInfo is null
2023-11-24 10:20:00.411 [ScheduleThreadPool-test-thread-5] ERROR MessageUtil - adventureBossRankInfo is null
2023-11-24 10:20:00.832 [ScheduleThreadPool-test-thread-6] ERROR MessageUtil - adventureBossRankInfo is null
2023-11-24 10:20:00.887 [ScheduleThreadPool-test-thread-7] ERROR MessageUtil - adventureBossRankInfo is null
2023-11-24 10:20:00.976 [ScheduleThreadPool-test-thread-8] ERROR MessageUtil - adventureBossRankInfo is null
2023-11-24 10:21:00.360 [ScheduleThreadPool-test-thread-6] ERROR MessageUtil - adventureBossRankInfo is null
2023-11-24 10:21:00.412 [ScheduleThreadPool-test-thread-3] ERROR MessageUtil - adventureBossRankInfo is null
2023-11-24 10:21:00.829 [ScheduleThreadPool-test-thread-3] ERROR MessageUtil - adventureBossRankInfo is null
2023-11-24 10:21:00.887 [ScheduleThreadPool-test-thread-4] ERROR MessageUtil - adventureBossRankInfo is null
2023-11-24 10:21:00.974 [ScheduleThreadPool-test-thread-2] ERROR MessageUtil - adventureBossRankInfo is null
2023-11-24 10:22:00.362 [ScheduleThreadPool-test-thread-8] ERROR MessageUtil - adventureBossRankInfo is null
2023-11-24 10:22:00.412 [ScheduleThreadPool-test-thread-8] ERROR MessageUtil - adventureBossRankInfo is null
2023-11-24 10:22:00.826 [ScheduleThreadPool-test-thread-6] ERROR MessageUtil - adventureBossRankInfo is null
2023-11-24 10:22:00.886 [ScheduleThreadPool-test-thread-7] ERROR MessageUtil - adventureBossRankInfo is null
2023-11-24 10:22:00.975 [ScheduleThreadPool-test-thread-7] ERROR MessageUtil - adventureBossRankInfo is null
2023-11-24 10:23:00.367 [ScheduleThreadPool-test-thread-5] ERROR MessageUtil - adventureBossRankInfo is null
2023-11-24 10:23:00.408 [ScheduleThreadPool-test-thread-5] ERROR MessageUtil - adventureBossRankInfo is null
2023-11-24 10:23:00.827 [ScheduleThreadPool-test-thread-1] ERROR MessageUtil - adventureBossRankInfo is null
2023-11-24 10:23:00.885 [ScheduleThreadPool-test-thread-5] ERROR MessageUtil - adventureBossRankInfo is null
2023-11-24 10:23:00.973 [ScheduleThreadPool-test-thread-3] ERROR MessageUtil - adventureBossRankInfo is null
2023-11-24 10:24:00.365 [ScheduleThreadPool-test-thread-4] ERROR MessageUtil - adventureBossRankInfo is null
2023-11-24 10:24:00.405 [ScheduleThreadPool-test-thread-2] ERROR MessageUtil - adventureBossRankInfo is null
2023-11-24 10:24:00.827 [ScheduleThreadPool-test-thread-2] ERROR MessageUtil - adventureBossRankInfo is null
2023-11-24 10:24:00.888 [ScheduleThreadPool-test-thread-7] ERROR MessageUtil - adventureBossRankInfo is null
2023-11-24 10:24:00.969 [ScheduleThreadPool-test-thread-3] ERROR MessageUtil - adventureBossRankInfo is null
2023-11-24 10:25:00.363 [ScheduleThreadPool-test-thread-2] ERROR MessageUtil - adventureBossRankInfo is null
2023-11-24 10:25:00.415 [ScheduleThreadPool-test-thread-6] ERROR MessageUtil - adventureBossRankInfo is null
2023-11-24 10:25:00.827 [ScheduleThreadPool-test-thread-5] ERROR MessageUtil - adventureBossRankInfo is null
2023-11-24 10:25:00.884 [ScheduleThreadPool-test-thread-6] ERROR MessageUtil - adventureBossRankInfo is null
2023-11-24 10:25:00.973 [ScheduleThreadPool-test-thread-8] ERROR MessageUtil - adventureBossRankInfo is null
2023-11-24 10:26:00.368 [ScheduleThreadPool-test-thread-8] ERROR MessageUtil - adventureBossRankInfo is null
2023-11-24 10:26:00.408 [ScheduleThreadPool-test-thread-6] ERROR MessageUtil - adventureBossRankInfo is null
2023-11-24 10:26:00.887 [ScheduleThreadPool-test-thread-3] ERROR MessageUtil - adventureBossRankInfo is null
2023-11-24 10:26:00.965 [ScheduleThreadPool-test-thread-5] ERROR MessageUtil - adventureBossRankInfo is null
2023-11-24 10:26:15.425 [ScheduleThreadPool-test-thread-3] ERROR SecondsTask - e
org.springframework.data.redis.RedisConnectionFailureException: java.net.SocketTimeoutException: Read timed out; nested exception is redis.clients.jedis.exceptions.JedisConnectionException: java.net.SocketTimeoutException: Read timed out
	at org.springframework.data.redis.connection.jedis.JedisExceptionConverter.convert(JedisExceptionConverter.java:67)
	at org.springframework.data.redis.connection.jedis.JedisExceptionConverter.convert(JedisExceptionConverter.java:41)
	at org.springframework.data.redis.PassThroughExceptionTranslationStrategy.translate(PassThroughExceptionTranslationStrategy.java:37)
	at org.springframework.data.redis.FallbackExceptionTranslationStrategy.translate(FallbackExceptionTranslationStrategy.java:37)
	at org.springframework.data.redis.connection.jedis.JedisConnection.convertJedisAccessException(JedisConnection.java:241)
	at org.springframework.data.redis.connection.jedis.JedisConnection.hGetAll(JedisConnection.java:3001)
	at org.springframework.data.redis.connection.DefaultStringRedisConnection.hGetAll(DefaultStringRedisConnection.java:372)
	at org.springframework.data.redis.core.DefaultHashOperations$13.doInRedis(DefaultHashOperations.java:223)
	at org.springframework.data.redis.core.DefaultHashOperations$13.doInRedis(DefaultHashOperations.java:220)
	at org.springframework.data.redis.core.RedisTemplate.execute(RedisTemplate.java:207)
	at org.springframework.data.redis.core.RedisTemplate.execute(RedisTemplate.java:169)
	at org.springframework.data.redis.core.AbstractOperations.execute(AbstractOperations.java:91)
	at org.springframework.data.redis.core.DefaultHashOperations.entries(DefaultHashOperations.java:220)
	at com.ljsd.jieling.db.redis.RedisUtil.getMapValues(RedisUtil.java:1401)
	at com.ljsd.jieling.logic.championship.ChampionshipLogic.minuteCheck(ChampionshipLogic.java:1414)
	at com.ljsd.jieling.thread.task.SecondsTask.run(SecondsTask.java:21)
	at java.util.concurrent.Executors$RunnableAdapter.call(Executors.java:511)
	at java.util.concurrent.FutureTask.runAndReset(FutureTask.java:308)
	at java.util.concurrent.ScheduledThreadPoolExecutor$ScheduledFutureTask.access$301(ScheduledThreadPoolExecutor.java:180)
	at java.util.concurrent.ScheduledThreadPoolExecutor$ScheduledFutureTask.run(ScheduledThreadPoolExecutor.java:294)
	at java.util.concurrent.ThreadPoolExecutor.runWorker(ThreadPoolExecutor.java:1149)
	at java.util.concurrent.ThreadPoolExecutor$Worker.run(ThreadPoolExecutor.java:624)
	at java.lang.Thread.run(Thread.java:750)
Caused by: redis.clients.jedis.exceptions.JedisConnectionException: java.net.SocketTimeoutException: Read timed out
	at redis.clients.util.RedisInputStream.ensureFill(RedisInputStream.java:202)
	at redis.clients.util.RedisInputStream.readByte(RedisInputStream.java:40)
	at redis.clients.jedis.Protocol.process(Protocol.java:151)
	at redis.clients.jedis.Protocol.read(Protocol.java:215)
	at redis.clients.jedis.Connection.readProtocolWithCheckingBroken(Connection.java:340)
	at redis.clients.jedis.Connection.getBinaryMultiBulkReply(Connection.java:276)
	at redis.clients.jedis.BinaryJedis.hgetAll(BinaryJedis.java:1028)
	at org.springframework.data.redis.connection.jedis.JedisConnection.hGetAll(JedisConnection.java:2999)
	... 17 common frames omitted
Caused by: java.net.SocketTimeoutException: Read timed out
	at java.net.SocketInputStream.socketRead0(Native Method)
	at java.net.SocketInputStream.socketRead(SocketInputStream.java:116)
	at java.net.SocketInputStream.read(SocketInputStream.java:171)
	at java.net.SocketInputStream.read(SocketInputStream.java:141)
	at java.net.SocketInputStream.read(SocketInputStream.java:127)
	at redis.clients.util.RedisInputStream.ensureFill(RedisInputStream.java:196)
	... 24 common frames omitted
2023-11-24 10:26:16.117 [ScheduleThreadPool-test-thread-4] ERROR SecondsTask - e
org.springframework.data.redis.RedisConnectionFailureException: java.net.SocketTimeoutException: Read timed out; nested exception is redis.clients.jedis.exceptions.JedisConnectionException: java.net.SocketTimeoutException: Read timed out
	at org.springframework.data.redis.connection.jedis.JedisExceptionConverter.convert(JedisExceptionConverter.java:67)
	at org.springframework.data.redis.connection.jedis.JedisExceptionConverter.convert(JedisExceptionConverter.java:41)
	at org.springframework.data.redis.PassThroughExceptionTranslationStrategy.translate(PassThroughExceptionTranslationStrategy.java:37)
	at org.springframework.data.redis.FallbackExceptionTranslationStrategy.translate(FallbackExceptionTranslationStrategy.java:37)
	at org.springframework.data.redis.connection.jedis.JedisConnection.convertJedisAccessException(JedisConnection.java:241)
	at org.springframework.data.redis.connection.jedis.JedisConnection.hGetAll(JedisConnection.java:3001)
	at org.springframework.data.redis.connection.DefaultStringRedisConnection.hGetAll(DefaultStringRedisConnection.java:372)
	at org.springframework.data.redis.core.DefaultHashOperations$13.doInRedis(DefaultHashOperations.java:223)
	at org.springframework.data.redis.core.DefaultHashOperations$13.doInRedis(DefaultHashOperations.java:220)
	at org.springframework.data.redis.core.RedisTemplate.execute(RedisTemplate.java:207)
	at org.springframework.data.redis.core.RedisTemplate.execute(RedisTemplate.java:169)
	at org.springframework.data.redis.core.AbstractOperations.execute(AbstractOperations.java:91)
	at org.springframework.data.redis.core.DefaultHashOperations.entries(DefaultHashOperations.java:220)
	at com.ljsd.jieling.db.redis.RedisUtil.getMapValues(RedisUtil.java:1401)
	at com.ljsd.jieling.logic.championship.ChampionshipLogic.minuteCheck(ChampionshipLogic.java:1414)
	at com.ljsd.jieling.thread.task.SecondsTask.run(SecondsTask.java:21)
	at java.util.concurrent.Executors$RunnableAdapter.call(Executors.java:511)
	at java.util.concurrent.FutureTask.runAndReset(FutureTask.java:308)
	at java.util.concurrent.ScheduledThreadPoolExecutor$ScheduledFutureTask.access$301(ScheduledThreadPoolExecutor.java:180)
	at java.util.concurrent.ScheduledThreadPoolExecutor$ScheduledFutureTask.run(ScheduledThreadPoolExecutor.java:294)
	at java.util.concurrent.ThreadPoolExecutor.runWorker(ThreadPoolExecutor.java:1149)
	at java.util.concurrent.ThreadPoolExecutor$Worker.run(ThreadPoolExecutor.java:624)
	at java.lang.Thread.run(Thread.java:750)
Caused by: redis.clients.jedis.exceptions.JedisConnectionException: java.net.SocketTimeoutException: Read timed out
	at redis.clients.util.RedisInputStream.ensureFill(RedisInputStream.java:202)
	at redis.clients.util.RedisInputStream.readByte(RedisInputStream.java:40)
	at redis.clients.jedis.Protocol.process(Protocol.java:151)
	at redis.clients.jedis.Protocol.read(Protocol.java:215)
	at redis.clients.jedis.Connection.readProtocolWithCheckingBroken(Connection.java:340)
	at redis.clients.jedis.Connection.getBinaryMultiBulkReply(Connection.java:276)
	at redis.clients.jedis.BinaryJedis.hgetAll(BinaryJedis.java:1028)
	at org.springframework.data.redis.connection.jedis.JedisConnection.hGetAll(JedisConnection.java:2999)
	... 17 common frames omitted
Caused by: java.net.SocketTimeoutException: Read timed out
	at java.net.SocketInputStream.socketRead0(Native Method)
	at java.net.SocketInputStream.socketRead(SocketInputStream.java:116)
	at java.net.SocketInputStream.read(SocketInputStream.java:171)
	at java.net.SocketInputStream.read(SocketInputStream.java:141)
	at java.net.SocketInputStream.read(SocketInputStream.java:127)
	at redis.clients.util.RedisInputStream.ensureFill(RedisInputStream.java:196)
	... 24 common frames omitted
2023-11-24 10:26:16.168 [ScheduleThreadPool-test-thread-6] ERROR SecondsTask - e
org.springframework.data.redis.RedisConnectionFailureException: java.net.SocketTimeoutException: Read timed out; nested exception is redis.clients.jedis.exceptions.JedisConnectionException: java.net.SocketTimeoutException: Read timed out
	at org.springframework.data.redis.connection.jedis.JedisExceptionConverter.convert(JedisExceptionConverter.java:67)
	at org.springframework.data.redis.connection.jedis.JedisExceptionConverter.convert(JedisExceptionConverter.java:41)
	at org.springframework.data.redis.PassThroughExceptionTranslationStrategy.translate(PassThroughExceptionTranslationStrategy.java:37)
	at org.springframework.data.redis.FallbackExceptionTranslationStrategy.translate(FallbackExceptionTranslationStrategy.java:37)
	at org.springframework.data.redis.connection.jedis.JedisConnection.convertJedisAccessException(JedisConnection.java:241)
	at org.springframework.data.redis.connection.jedis.JedisConnection.hGetAll(JedisConnection.java:3001)
	at org.springframework.data.redis.connection.DefaultStringRedisConnection.hGetAll(DefaultStringRedisConnection.java:372)
	at org.springframework.data.redis.core.DefaultHashOperations$13.doInRedis(DefaultHashOperations.java:223)
	at org.springframework.data.redis.core.DefaultHashOperations$13.doInRedis(DefaultHashOperations.java:220)
	at org.springframework.data.redis.core.RedisTemplate.execute(RedisTemplate.java:207)
	at org.springframework.data.redis.core.RedisTemplate.execute(RedisTemplate.java:169)
	at org.springframework.data.redis.core.AbstractOperations.execute(AbstractOperations.java:91)
	at org.springframework.data.redis.core.DefaultHashOperations.entries(DefaultHashOperations.java:220)
	at com.ljsd.jieling.db.redis.RedisUtil.getMapValues(RedisUtil.java:1401)
	at com.ljsd.jieling.logic.championship.ChampionshipLogic.minuteCheck(ChampionshipLogic.java:1414)
	at com.ljsd.jieling.thread.task.SecondsTask.run(SecondsTask.java:21)
	at java.util.concurrent.Executors$RunnableAdapter.call(Executors.java:511)
	at java.util.concurrent.FutureTask.runAndReset(FutureTask.java:308)
	at java.util.concurrent.ScheduledThreadPoolExecutor$ScheduledFutureTask.access$301(ScheduledThreadPoolExecutor.java:180)
	at java.util.concurrent.ScheduledThreadPoolExecutor$ScheduledFutureTask.run(ScheduledThreadPoolExecutor.java:294)
	at java.util.concurrent.ThreadPoolExecutor.runWorker(ThreadPoolExecutor.java:1149)
	at java.util.concurrent.ThreadPoolExecutor$Worker.run(ThreadPoolExecutor.java:624)
	at java.lang.Thread.run(Thread.java:750)
Caused by: redis.clients.jedis.exceptions.JedisConnectionException: java.net.SocketTimeoutException: Read timed out
	at redis.clients.util.RedisInputStream.ensureFill(RedisInputStream.java:202)
	at redis.clients.util.RedisInputStream.readByte(RedisInputStream.java:40)
	at redis.clients.jedis.Protocol.process(Protocol.java:151)
	at redis.clients.jedis.Protocol.read(Protocol.java:215)
	at redis.clients.jedis.Connection.readProtocolWithCheckingBroken(Connection.java:340)
	at redis.clients.jedis.Connection.getBinaryMultiBulkReply(Connection.java:276)
	at redis.clients.jedis.BinaryJedis.hgetAll(BinaryJedis.java:1028)
	at org.springframework.data.redis.connection.jedis.JedisConnection.hGetAll(JedisConnection.java:2999)
	... 17 common frames omitted
Caused by: java.net.SocketTimeoutException: Read timed out
	at java.net.SocketInputStream.socketRead0(Native Method)
	at java.net.SocketInputStream.socketRead(SocketInputStream.java:116)
	at java.net.SocketInputStream.read(SocketInputStream.java:171)
	at java.net.SocketInputStream.read(SocketInputStream.java:141)
	at java.net.SocketInputStream.read(SocketInputStream.java:127)
	at redis.clients.util.RedisInputStream.ensureFill(RedisInputStream.java:196)
	... 24 common frames omitted
2023-11-24 10:26:16.198 [ScheduleThreadPool-test-thread-2] ERROR SecondsTask - e
org.springframework.data.redis.RedisConnectionFailureException: java.net.SocketTimeoutException: Read timed out; nested exception is redis.clients.jedis.exceptions.JedisConnectionException: java.net.SocketTimeoutException: Read timed out
	at org.springframework.data.redis.connection.jedis.JedisExceptionConverter.convert(JedisExceptionConverter.java:67)
	at org.springframework.data.redis.connection.jedis.JedisExceptionConverter.convert(JedisExceptionConverter.java:41)
	at org.springframework.data.redis.PassThroughExceptionTranslationStrategy.translate(PassThroughExceptionTranslationStrategy.java:37)
	at org.springframework.data.redis.FallbackExceptionTranslationStrategy.translate(FallbackExceptionTranslationStrategy.java:37)
	at org.springframework.data.redis.connection.jedis.JedisConnection.convertJedisAccessException(JedisConnection.java:241)
	at org.springframework.data.redis.connection.jedis.JedisConnection.hGetAll(JedisConnection.java:3001)
	at org.springframework.data.redis.connection.DefaultStringRedisConnection.hGetAll(DefaultStringRedisConnection.java:372)
	at org.springframework.data.redis.core.DefaultHashOperations$13.doInRedis(DefaultHashOperations.java:223)
	at org.springframework.data.redis.core.DefaultHashOperations$13.doInRedis(DefaultHashOperations.java:220)
	at org.springframework.data.redis.core.RedisTemplate.execute(RedisTemplate.java:207)
	at org.springframework.data.redis.core.RedisTemplate.execute(RedisTemplate.java:169)
	at org.springframework.data.redis.core.AbstractOperations.execute(AbstractOperations.java:91)
	at org.springframework.data.redis.core.DefaultHashOperations.entries(DefaultHashOperations.java:220)
	at com.ljsd.jieling.db.redis.RedisUtil.getMapValues(RedisUtil.java:1401)
	at com.ljsd.jieling.logic.championship.ChampionshipLogic.minuteCheck(ChampionshipLogic.java:1414)
	at com.ljsd.jieling.thread.task.SecondsTask.run(SecondsTask.java:21)
	at java.util.concurrent.Executors$RunnableAdapter.call(Executors.java:511)
	at java.util.concurrent.FutureTask.runAndReset(FutureTask.java:308)
	at java.util.concurrent.ScheduledThreadPoolExecutor$ScheduledFutureTask.access$301(ScheduledThreadPoolExecutor.java:180)
	at java.util.concurrent.ScheduledThreadPoolExecutor$ScheduledFutureTask.run(ScheduledThreadPoolExecutor.java:294)
	at java.util.concurrent.ThreadPoolExecutor.runWorker(ThreadPoolExecutor.java:1149)
	at java.util.concurrent.ThreadPoolExecutor$Worker.run(ThreadPoolExecutor.java:624)
	at java.lang.Thread.run(Thread.java:750)
Caused by: redis.clients.jedis.exceptions.JedisConnectionException: java.net.SocketTimeoutException: Read timed out
	at redis.clients.util.RedisInputStream.ensureFill(RedisInputStream.java:202)
	at redis.clients.util.RedisInputStream.readByte(RedisInputStream.java:40)
	at redis.clients.jedis.Protocol.process(Protocol.java:151)
	at redis.clients.jedis.Protocol.read(Protocol.java:215)
	at redis.clients.jedis.Connection.readProtocolWithCheckingBroken(Connection.java:340)
	at redis.clients.jedis.Connection.getBinaryMultiBulkReply(Connection.java:276)
	at redis.clients.jedis.BinaryJedis.hgetAll(BinaryJedis.java:1028)
	at org.springframework.data.redis.connection.jedis.JedisConnection.hGetAll(JedisConnection.java:2999)
	... 17 common frames omitted
Caused by: java.net.SocketTimeoutException: Read timed out
	at java.net.SocketInputStream.socketRead0(Native Method)
	at java.net.SocketInputStream.socketRead(SocketInputStream.java:116)
	at java.net.SocketInputStream.read(SocketInputStream.java:171)
	at java.net.SocketInputStream.read(SocketInputStream.java:141)
	at java.net.SocketInputStream.read(SocketInputStream.java:127)
	at redis.clients.util.RedisInputStream.ensureFill(RedisInputStream.java:196)
	... 24 common frames omitted
2023-11-24 10:26:51.589 [ScheduleThreadPool-test-thread-1] ERROR MessageUtil - adventureBossRankInfo is null
2023-11-24 10:27:00.481 [ScheduleThreadPool-test-thread-3] ERROR MessageUtil - adventureBossRankInfo is null
2023-11-24 10:27:00.490 [ScheduleThreadPool-test-thread-2] ERROR MessageUtil - adventureBossRankInfo is null
2023-11-24 10:27:00.594 [ScheduleThreadPool-test-thread-8] ERROR MessageUtil - adventureBossRankInfo is null
2023-11-24 10:27:00.939 [ScheduleThreadPool-test-thread-4] ERROR MessageUtil - adventureBossRankInfo is null
2023-11-24 10:27:01.110 [ScheduleThreadPool-test-thread-7] ERROR MessageUtil - adventureBossRankInfo is null
2023-11-24 10:28:00.363 [ScheduleThreadPool-test-thread-6] ERROR MessageUtil - adventureBossRankInfo is null
2023-11-24 10:28:00.415 [ScheduleThreadPool-test-thread-2] ERROR MessageUtil - adventureBossRankInfo is null
2023-11-24 10:28:00.591 [ScheduleThreadPool-test-thread-2] ERROR MessageUtil - adventureBossRankInfo is null
2023-11-24 10:28:00.888 [ScheduleThreadPool-test-thread-2] ERROR MessageUtil - adventureBossRankInfo is null
2023-11-24 10:28:00.971 [ScheduleThreadPool-test-thread-6] ERROR MessageUtil - adventureBossRankInfo is null
2023-11-24 10:29:00.392 [ScheduleThreadPool-test-thread-5] ERROR MessageUtil - adventureBossRankInfo is null
2023-11-24 10:29:00.416 [ScheduleThreadPool-test-thread-5] ERROR MessageUtil - adventureBossRankInfo is null
2023-11-24 10:29:00.597 [ScheduleThreadPool-test-thread-8] ERROR MessageUtil - adventureBossRankInfo is null
2023-11-24 10:29:00.887 [ScheduleThreadPool-test-thread-7] ERROR MessageUtil - adventureBossRankInfo is null
2023-11-24 10:29:00.976 [ScheduleThreadPool-test-thread-3] ERROR MessageUtil - adventureBossRankInfo is null
2023-11-24 10:30:00.570 [ScheduleThreadPool-test-thread-4] ERROR MessageUtil - adventureBossRankInfo is null
2023-11-24 10:30:00.661 [ScheduleThreadPool-test-thread-5] ERROR MessageUtil - adventureBossRankInfo is null
2023-11-24 10:30:00.722 [ScheduleThreadPool-test-thread-7] ERROR MessageUtil - adventureBossRankInfo is null
2023-11-24 10:30:01.016 [ScheduleThreadPool-test-thread-3] ERROR MessageUtil - adventureBossRankInfo is null
2023-11-24 10:30:01.281 [ScheduleThreadPool-test-thread-6] ERROR MessageUtil - adventureBossRankInfo is null
2023-11-24 10:31:00.417 [ScheduleThreadPool-test-thread-6] ERROR MessageUtil - adventureBossRankInfo is null
2023-11-24 10:31:00.426 [ScheduleThreadPool-test-thread-3] ERROR MessageUtil - adventureBossRankInfo is null
2023-11-24 10:31:00.591 [ScheduleThreadPool-test-thread-3] ERROR MessageUtil - adventureBossRankInfo is null
2023-11-24 10:31:00.885 [ScheduleThreadPool-test-thread-2] ERROR MessageUtil - adventureBossRankInfo is null
2023-11-24 10:31:00.970 [ScheduleThreadPool-test-thread-5] ERROR MessageUtil - adventureBossRankInfo is null
2023-11-24 10:32:00.363 [ScheduleThreadPool-test-thread-2] ERROR MessageUtil - adventureBossRankInfo is null
2023-11-24 10:32:00.411 [ScheduleThreadPool-test-thread-1] ERROR MessageUtil - adventureBossRankInfo is null
2023-11-24 10:32:00.591 [ScheduleThreadPool-test-thread-1] ERROR MessageUtil - adventureBossRankInfo is null
2023-11-24 10:32:00.889 [ScheduleThreadPool-test-thread-5] ERROR MessageUtil - adventureBossRankInfo is null
2023-11-24 10:32:00.971 [ScheduleThreadPool-test-thread-2] ERROR MessageUtil - adventureBossRankInfo is null
2023-11-24 10:33:00.370 [ScheduleThreadPool-test-thread-7] ERROR MessageUtil - adventureBossRankInfo is null
2023-11-24 10:33:00.409 [ScheduleThreadPool-test-thread-5] ERROR MessageUtil - adventureBossRankInfo is null
2023-11-24 10:33:00.594 [ScheduleThreadPool-test-thread-5] ERROR MessageUtil - adventureBossRankInfo is null
2023-11-24 10:33:00.887 [ScheduleThreadPool-test-thread-4] ERROR MessageUtil - adventureBossRankInfo is null
2023-11-24 10:33:00.968 [ScheduleThreadPool-test-thread-4] ERROR MessageUtil - adventureBossRankInfo is null
2023-11-24 10:34:00.364 [ScheduleThreadPool-test-thread-4] ERROR MessageUtil - adventureBossRankInfo is null
2023-11-24 10:34:00.409 [ScheduleThreadPool-test-thread-3] ERROR MessageUtil - adventureBossRankInfo is null
2023-11-24 10:34:00.589 [ScheduleThreadPool-test-thread-3] ERROR MessageUtil - adventureBossRankInfo is null
2023-11-24 10:34:00.886 [ScheduleThreadPool-test-thread-1] ERROR MessageUtil - adventureBossRankInfo is null
2023-11-24 10:34:00.968 [ScheduleThreadPool-test-thread-7] ERROR MessageUtil - adventureBossRankInfo is null
2023-11-24 10:35:00.360 [ScheduleThreadPool-test-thread-5] ERROR MessageUtil - adventureBossRankInfo is null
2023-11-24 10:35:00.409 [ScheduleThreadPool-test-thread-3] ERROR MessageUtil - adventureBossRankInfo is null
2023-11-24 10:35:00.591 [ScheduleThreadPool-test-thread-4] ERROR MessageUtil - adventureBossRankInfo is null
2023-11-24 10:35:00.888 [ScheduleThreadPool-test-thread-6] ERROR MessageUtil - adventureBossRankInfo is null
2023-11-24 10:35:00.969 [ScheduleThreadPool-test-thread-3] ERROR MessageUtil - adventureBossRankInfo is null
2023-11-24 10:36:00.361 [ScheduleThreadPool-test-thread-4] ERROR MessageUtil - adventureBossRankInfo is null
2023-11-24 10:36:00.409 [ScheduleThreadPool-test-thread-5] ERROR MessageUtil - adventureBossRankInfo is null
2023-11-24 10:36:00.596 [ScheduleThreadPool-test-thread-1] ERROR MessageUtil - adventureBossRankInfo is null
2023-11-24 10:36:00.888 [ScheduleThreadPool-test-thread-1] ERROR MessageUtil - adventureBossRankInfo is null
2023-11-24 10:36:00.973 [ScheduleThreadPool-test-thread-2] ERROR MessageUtil - adventureBossRankInfo is null
2023-11-24 10:37:00.362 [ScheduleThreadPool-test-thread-8] ERROR MessageUtil - adventureBossRankInfo is null
2023-11-24 10:37:00.410 [ScheduleThreadPool-test-thread-1] ERROR MessageUtil - adventureBossRankInfo is null
2023-11-24 10:37:00.591 [ScheduleThreadPool-test-thread-2] ERROR MessageUtil - adventureBossRankInfo is null
2023-11-24 10:37:00.888 [ScheduleThreadPool-test-thread-4] ERROR MessageUtil - adventureBossRankInfo is null
2023-11-24 10:37:00.972 [ScheduleThreadPool-test-thread-5] ERROR MessageUtil - adventureBossRankInfo is null
2023-11-24 10:38:00.362 [ScheduleThreadPool-test-thread-7] ERROR MessageUtil - adventureBossRankInfo is null
2023-11-24 10:38:00.413 [ScheduleThreadPool-test-thread-6] ERROR MessageUtil - adventureBossRankInfo is null
2023-11-24 10:38:00.594 [ScheduleThreadPool-test-thread-7] ERROR MessageUtil - adventureBossRankInfo is null
2023-11-24 10:38:00.882 [ScheduleThreadPool-test-thread-2] ERROR MessageUtil - adventureBossRankInfo is null
2023-11-24 10:38:00.972 [ScheduleThreadPool-test-thread-5] ERROR MessageUtil - adventureBossRankInfo is null
2023-11-24 10:39:00.365 [ScheduleThreadPool-test-thread-7] ERROR MessageUtil - adventureBossRankInfo is null
2023-11-24 10:39:00.419 [ScheduleThreadPool-test-thread-1] ERROR MessageUtil - adventureBossRankInfo is null
2023-11-24 10:39:00.595 [ScheduleThreadPool-test-thread-5] ERROR MessageUtil - adventureBossRankInfo is null
2023-11-24 10:39:00.889 [ScheduleThreadPool-test-thread-5] ERROR MessageUtil - adventureBossRankInfo is null
2023-11-24 10:39:00.973 [ScheduleThreadPool-test-thread-4] ERROR MessageUtil - adventureBossRankInfo is null
2023-11-24 10:40:00.367 [ScheduleThreadPool-test-thread-3] ERROR MessageUtil - adventureBossRankInfo is null
2023-11-24 10:40:00.409 [ScheduleThreadPool-test-thread-6] ERROR MessageUtil - adventureBossRankInfo is null
2023-11-24 10:40:00.595 [ScheduleThreadPool-test-thread-2] ERROR MessageUtil - adventureBossRankInfo is null
2023-11-24 10:40:00.891 [ScheduleThreadPool-test-thread-6] ERROR MessageUtil - adventureBossRankInfo is null
2023-11-24 10:40:00.974 [ScheduleThreadPool-test-thread-7] ERROR MessageUtil - adventureBossRankInfo is null
2023-11-24 10:41:00.365 [ScheduleThreadPool-test-thread-2] ERROR MessageUtil - adventureBossRankInfo is null
2023-11-24 10:41:00.410 [ScheduleThreadPool-test-thread-3] ERROR MessageUtil - adventureBossRankInfo is null
2023-11-24 10:41:00.596 [ScheduleThreadPool-test-thread-2] ERROR MessageUtil - adventureBossRankInfo is null
2023-11-24 10:41:00.888 [ScheduleThreadPool-test-thread-7] ERROR MessageUtil - adventureBossRankInfo is null
2023-11-24 10:41:00.963 [ScheduleThreadPool-test-thread-7] ERROR MessageUtil - adventureBossRankInfo is null
2023-11-24 10:42:00.369 [ScheduleThreadPool-test-thread-2] ERROR MessageUtil - adventureBossRankInfo is null
2023-11-24 10:42:00.412 [ScheduleThreadPool-test-thread-1] ERROR MessageUtil - adventureBossRankInfo is null
2023-11-24 10:42:00.593 [ScheduleThreadPool-test-thread-7] ERROR MessageUtil - adventureBossRankInfo is null
2023-11-24 10:42:00.886 [ScheduleThreadPool-test-thread-1] ERROR MessageUtil - adventureBossRankInfo is null
2023-11-24 10:42:00.972 [ScheduleThreadPool-test-thread-8] ERROR MessageUtil - adventureBossRankInfo is null
2023-11-24 10:43:00.591 [ScheduleThreadPool-test-thread-3] ERROR MessageUtil - adventureBossRankInfo is null
2023-11-24 10:43:00.591 [ScheduleThreadPool-test-thread-2] ERROR MessageUtil - adventureBossRankInfo is null
2023-11-24 10:43:00.621 [ScheduleThreadPool-test-thread-8] ERROR MessageUtil - adventureBossRankInfo is null
2023-11-24 10:43:00.887 [ScheduleThreadPool-test-thread-4] ERROR MessageUtil - adventureBossRankInfo is null
2023-11-24 10:43:22.377 [ScheduleThreadPool-test-thread-8] ERROR MessageUtil - adventureBossRankInfo is null
2023-11-24 10:44:00.434 [ScheduleThreadPool-test-thread-6] ERROR MessageUtil - adventureBossRankInfo is null
2023-11-24 10:44:00.435 [ScheduleThreadPool-test-thread-6] ERROR MessageUtil - adventureBossRankInfo is null
2023-11-24 10:44:00.443 [ScheduleThreadPool-test-thread-3] ERROR MessageUtil - adventureBossRankInfo is null
2023-11-24 10:44:00.596 [ScheduleThreadPool-test-thread-3] ERROR MessageUtil - adventureBossRankInfo is null
2023-11-24 10:44:00.887 [ScheduleThreadPool-test-thread-1] ERROR MessageUtil - adventureBossRankInfo is null
2023-11-24 10:45:00.412 [ScheduleThreadPool-test-thread-8] ERROR MessageUtil - adventureBossRankInfo is null
2023-11-24 10:45:00.412 [ScheduleThreadPool-test-thread-2] ERROR MessageUtil - adventureBossRankInfo is null
2023-11-24 10:45:00.420 [ScheduleThreadPool-test-thread-1] ERROR MessageUtil - adventureBossRankInfo is null
2023-11-24 10:45:00.594 [ScheduleThreadPool-test-thread-2] ERROR MessageUtil - adventureBossRankInfo is null
2023-11-24 10:45:00.890 [ScheduleThreadPool-test-thread-4] ERROR MessageUtil - adventureBossRankInfo is null
2023-11-24 10:46:00.362 [ScheduleThreadPool-test-thread-5] ERROR MessageUtil - adventureBossRankInfo is null
2023-11-24 10:46:00.369 [ScheduleThreadPool-test-thread-1] ERROR MessageUtil - adventureBossRankInfo is null
2023-11-24 10:46:00.410 [ScheduleThreadPool-test-thread-2] ERROR MessageUtil - adventureBossRankInfo is null
2023-11-24 10:46:00.597 [ScheduleThreadPool-test-thread-4] ERROR MessageUtil - adventureBossRankInfo is null
2023-11-24 10:46:00.888 [ScheduleThreadPool-test-thread-4] ERROR MessageUtil - adventureBossRankInfo is null
2023-11-24 10:47:01.720 [ScheduleThreadPool-test-thread-3] ERROR MessageUtil - adventureBossRankInfo is null
2023-11-24 10:47:01.720 [ScheduleThreadPool-test-thread-7] ERROR MessageUtil - adventureBossRankInfo is null
2023-11-24 10:47:01.720 [ScheduleThreadPool-test-thread-4] ERROR MessageUtil - adventureBossRankInfo is null
2023-11-24 10:47:02.162 [ScheduleThreadPool-test-thread-3] ERROR MessageUtil - adventureBossRankInfo is null
2023-11-24 10:47:29.083 [ScheduleThreadPool-test-thread-1] ERROR MessageUtil - adventureBossRankInfo is null
2023-11-24 10:48:00.092 [ScheduleThreadPool-test-thread-4] ERROR MessageUtil - adventureBossRankInfo is null
2023-11-24 10:48:00.367 [ScheduleThreadPool-test-thread-4] ERROR MessageUtil - adventureBossRankInfo is null
2023-11-24 10:48:00.370 [ScheduleThreadPool-test-thread-3] ERROR MessageUtil - adventureBossRankInfo is null
2023-11-24 10:48:00.595 [ScheduleThreadPool-test-thread-7] ERROR MessageUtil - adventureBossRankInfo is null
2023-11-24 10:48:00.887 [ScheduleThreadPool-test-thread-3] ERROR MessageUtil - adventureBossRankInfo is null
2023-11-24 10:49:00.097 [ScheduleThreadPool-test-thread-5] ERROR MessageUtil - adventureBossRankInfo is null
2023-11-24 10:49:00.365 [ScheduleThreadPool-test-thread-7] ERROR MessageUtil - adventureBossRankInfo is null
2023-11-24 10:49:00.370 [ScheduleThreadPool-test-thread-4] ERROR MessageUtil - adventureBossRankInfo is null
2023-11-24 10:49:00.597 [ScheduleThreadPool-test-thread-1] ERROR MessageUtil - adventureBossRankInfo is null
2023-11-24 10:49:00.884 [ScheduleThreadPool-test-thread-4] ERROR MessageUtil - adventureBossRankInfo is null
2023-11-24 10:50:00.080 [ScheduleThreadPool-test-thread-6] ERROR MessageUtil - adventureBossRankInfo is null
2023-11-24 10:50:00.377 [ScheduleThreadPool-test-thread-4] ERROR MessageUtil - adventureBossRankInfo is null
2023-11-24 10:50:00.380 [ScheduleThreadPool-test-thread-1] ERROR MessageUtil - adventureBossRankInfo is null
2023-11-24 10:50:00.591 [ScheduleThreadPool-test-thread-3] ERROR MessageUtil - adventureBossRankInfo is null
2023-11-24 10:50:00.889 [ScheduleThreadPool-test-thread-7] ERROR MessageUtil - adventureBossRankInfo is null
2023-11-24 10:51:00.070 [ScheduleThreadPool-test-thread-1] ERROR MessageUtil - adventureBossRankInfo is null
2023-11-24 10:51:00.367 [ScheduleThreadPool-test-thread-2] ERROR MessageUtil - adventureBossRankInfo is null
2023-11-24 10:51:00.372 [ScheduleThreadPool-test-thread-3] ERROR MessageUtil - adventureBossRankInfo is null
2023-11-24 10:51:00.590 [ScheduleThreadPool-test-thread-3] ERROR MessageUtil - adventureBossRankInfo is null
2023-11-24 10:51:00.886 [ScheduleThreadPool-test-thread-5] ERROR MessageUtil - adventureBossRankInfo is null
2023-11-24 10:52:00.066 [ScheduleThreadPool-test-thread-4] ERROR MessageUtil - adventureBossRankInfo is null
2023-11-24 10:52:00.361 [ScheduleThreadPool-test-thread-5] ERROR MessageUtil - adventureBossRankInfo is null
2023-11-24 10:52:00.363 [ScheduleThreadPool-test-thread-6] ERROR MessageUtil - adventureBossRankInfo is null
2023-11-24 10:52:00.586 [ScheduleThreadPool-test-thread-4] ERROR MessageUtil - adventureBossRankInfo is null
2023-11-24 10:52:00.888 [ScheduleThreadPool-test-thread-1] ERROR MessageUtil - adventureBossRankInfo is null
2023-11-24 10:53:00.064 [ScheduleThreadPool-test-thread-4] ERROR MessageUtil - adventureBossRankInfo is null
2023-11-24 10:53:00.360 [ScheduleThreadPool-test-thread-2] ERROR MessageUtil - adventureBossRankInfo is null
2023-11-24 10:53:00.373 [ScheduleThreadPool-test-thread-8] ERROR MessageUtil - adventureBossRankInfo is null
2023-11-24 10:53:00.593 [ScheduleThreadPool-test-thread-5] ERROR MessageUtil - adventureBossRankInfo is null
2023-11-24 10:53:00.881 [ScheduleThreadPool-test-thread-2] ERROR MessageUtil - adventureBossRankInfo is null
2023-11-24 10:54:00.069 [ScheduleThreadPool-test-thread-6] ERROR MessageUtil - adventureBossRankInfo is null
2023-11-24 10:54:00.359 [ScheduleThreadPool-test-thread-3] ERROR MessageUtil - adventureBossRankInfo is null
2023-11-24 10:54:00.371 [ScheduleThreadPool-test-thread-7] ERROR MessageUtil - adventureBossRankInfo is null
2023-11-24 10:54:00.591 [ScheduleThreadPool-test-thread-3] ERROR MessageUtil - adventureBossRankInfo is null
2023-11-24 10:54:00.888 [ScheduleThreadPool-test-thread-3] ERROR MessageUtil - adventureBossRankInfo is null
2023-11-24 10:55:00.072 [ScheduleThreadPool-test-thread-8] ERROR MessageUtil - adventureBossRankInfo is null
2023-11-24 10:55:00.363 [ScheduleThreadPool-test-thread-3] ERROR MessageUtil - adventureBossRankInfo is null
2023-11-24 10:55:00.372 [ScheduleThreadPool-test-thread-3] ERROR MessageUtil - adventureBossRankInfo is null
2023-11-24 10:55:00.592 [ScheduleThreadPool-test-thread-7] ERROR MessageUtil - adventureBossRankInfo is null
2023-11-24 10:55:00.887 [ScheduleThreadPool-test-thread-5] ERROR MessageUtil - adventureBossRankInfo is null
2023-11-24 10:56:00.071 [ScheduleThreadPool-test-thread-1] ERROR MessageUtil - adventureBossRankInfo is null
2023-11-24 10:56:00.359 [ScheduleThreadPool-test-thread-5] ERROR MessageUtil - adventureBossRankInfo is null
2023-11-24 10:56:00.371 [ScheduleThreadPool-test-thread-4] ERROR MessageUtil - adventureBossRankInfo is null
2023-11-24 10:56:00.591 [ScheduleThreadPool-test-thread-2] ERROR MessageUtil - adventureBossRankInfo is null
2023-11-24 10:56:00.890 [ScheduleThreadPool-test-thread-5] ERROR MessageUtil - adventureBossRankInfo is null
2023-11-24 10:57:00.073 [ScheduleThreadPool-test-thread-3] ERROR MessageUtil - adventureBossRankInfo is null
2023-11-24 10:57:00.364 [ScheduleThreadPool-test-thread-4] ERROR MessageUtil - adventureBossRankInfo is null
2023-11-24 10:57:00.410 [ScheduleThreadPool-test-thread-3] ERROR MessageUtil - adventureBossRankInfo is null
2023-11-24 10:57:00.588 [ScheduleThreadPool-test-thread-1] ERROR MessageUtil - adventureBossRankInfo is null
2023-11-24 10:57:00.888 [ScheduleThreadPool-test-thread-7] ERROR MessageUtil - adventureBossRankInfo is null
2023-11-24 10:58:00.070 [ScheduleThreadPool-test-thread-4] ERROR MessageUtil - adventureBossRankInfo is null
2023-11-24 10:58:00.363 [ScheduleThreadPool-test-thread-5] ERROR MessageUtil - adventureBossRankInfo is null
2023-11-24 10:58:00.375 [ScheduleThreadPool-test-thread-7] ERROR MessageUtil - adventureBossRankInfo is null
2023-11-24 10:58:00.671 [ScheduleThreadPool-test-thread-5] ERROR MessageUtil - adventureBossRankInfo is null
2023-11-24 10:58:00.890 [ScheduleThreadPool-test-thread-4] ERROR MessageUtil - adventureBossRankInfo is null
2023-11-24 10:59:00.071 [ScheduleThreadPool-test-thread-2] ERROR MessageUtil - adventureBossRankInfo is null
2023-11-24 10:59:00.372 [ScheduleThreadPool-test-thread-2] ERROR MessageUtil - adventureBossRankInfo is null
2023-11-24 10:59:00.594 [ScheduleThreadPool-test-thread-8] ERROR MessageUtil - adventureBossRankInfo is null
2023-11-24 10:59:00.887 [ScheduleThreadPool-test-thread-3] ERROR MessageUtil - adventureBossRankInfo is null
2023-11-24 10:59:57.838 [ScheduleThreadPool-test-thread-2] ERROR MessageUtil - adventureBossRankInfo is null
2023-11-24 11:00:00.076 [ScheduleThreadPool-test-thread-4] ERROR MessageUtil - adventureBossRankInfo is null
2023-11-24 11:00:00.374 [ScheduleThreadPool-test-thread-2] ERROR MessageUtil - adventureBossRankInfo is null
2023-11-24 11:00:00.589 [ScheduleThreadPool-test-thread-8] ERROR MessageUtil - adventureBossRankInfo is null
2023-11-24 11:00:00.807 [ScheduleThreadPool-test-thread-4] ERROR MessageUtil - adventureBossRankInfo is null
2023-11-24 11:00:00.892 [ScheduleThreadPool-test-thread-3] ERROR MessageUtil - adventureBossRankInfo is null
2023-11-24 11:01:00.127 [ScheduleThreadPool-test-thread-6] ERROR MessageUtil - adventureBossRankInfo is null
2023-11-24 11:01:00.378 [ScheduleThreadPool-test-thread-3] ERROR MessageUtil - adventureBossRankInfo is null
2023-11-24 11:01:00.596 [ScheduleThreadPool-test-thread-6] ERROR MessageUtil - adventureBossRankInfo is null
2023-11-24 11:01:00.801 [ScheduleThreadPool-test-thread-4] ERROR MessageUtil - adventureBossRankInfo is null
2023-11-24 11:01:00.889 [ScheduleThreadPool-test-thread-6] ERROR MessageUtil - adventureBossRankInfo is null
2023-11-24 11:02:00.071 [ScheduleThreadPool-test-thread-6] ERROR MessageUtil - adventureBossRankInfo is null
2023-11-24 11:02:00.373 [ScheduleThreadPool-test-thread-3] ERROR MessageUtil - adventureBossRankInfo is null
2023-11-24 11:02:00.589 [ScheduleThreadPool-test-thread-7] ERROR MessageUtil - adventureBossRankInfo is null
2023-11-24 11:02:00.809 [ScheduleThreadPool-test-thread-4] ERROR MessageUtil - adventureBossRankInfo is null
2023-11-24 11:02:00.889 [ScheduleThreadPool-test-thread-7] ERROR MessageUtil - adventureBossRankInfo is null
2023-11-24 11:03:00.071 [ScheduleThreadPool-test-thread-5] ERROR MessageUtil - adventureBossRankInfo is null
2023-11-24 11:03:00.372 [ScheduleThreadPool-test-thread-4] ERROR MessageUtil - adventureBossRankInfo is null
2023-11-24 11:03:00.597 [ScheduleThreadPool-test-thread-3] ERROR MessageUtil - adventureBossRankInfo is null
2023-11-24 11:03:00.808 [ScheduleThreadPool-test-thread-1] ERROR MessageUtil - adventureBossRankInfo is null
2023-11-24 11:03:00.888 [ScheduleThreadPool-test-thread-1] ERROR MessageUtil - adventureBossRankInfo is null
2023-11-24 11:04:00.091 [ScheduleThreadPool-test-thread-5] ERROR MessageUtil - adventureBossRankInfo is null
2023-11-24 11:04:00.371 [ScheduleThreadPool-test-thread-4] ERROR MessageUtil - adventureBossRankInfo is null
2023-11-24 11:04:00.595 [ScheduleThreadPool-test-thread-6] ERROR MessageUtil - adventureBossRankInfo is null
2023-11-24 11:04:00.808 [ScheduleThreadPool-test-thread-3] ERROR MessageUtil - adventureBossRankInfo is null
2023-11-24 11:04:00.887 [ScheduleThreadPool-test-thread-3] ERROR MessageUtil - adventureBossRankInfo is null
2023-11-24 11:05:00.125 [ScheduleThreadPool-test-thread-5] ERROR MessageUtil - adventureBossRankInfo is null
2023-11-24 11:05:00.371 [ScheduleThreadPool-test-thread-8] ERROR MessageUtil - adventureBossRankInfo is null
2023-11-24 11:05:00.592 [ScheduleThreadPool-test-thread-3] ERROR MessageUtil - adventureBossRankInfo is null
2023-11-24 11:05:00.805 [ScheduleThreadPool-test-thread-4] ERROR MessageUtil - adventureBossRankInfo is null
2023-11-24 11:05:00.885 [ScheduleThreadPool-test-thread-2] ERROR MessageUtil - adventureBossRankInfo is null
2023-11-24 11:06:00.070 [ScheduleThreadPool-test-thread-2] ERROR MessageUtil - adventureBossRankInfo is null
2023-11-24 11:06:00.371 [ScheduleThreadPool-test-thread-3] ERROR MessageUtil - adventureBossRankInfo is null
2023-11-24 11:06:00.596 [ScheduleThreadPool-test-thread-3] ERROR MessageUtil - adventureBossRankInfo is null
2023-11-24 11:06:00.808 [ScheduleThreadPool-test-thread-1] ERROR MessageUtil - adventureBossRankInfo is null
2023-11-24 11:06:00.890 [ScheduleThreadPool-test-thread-3] ERROR MessageUtil - adventureBossRankInfo is null
2023-11-24 11:07:00.073 [ScheduleThreadPool-test-thread-8] ERROR MessageUtil - adventureBossRankInfo is null
2023-11-24 11:07:00.371 [ScheduleThreadPool-test-thread-2] ERROR MessageUtil - adventureBossRankInfo is null
2023-11-24 11:07:00.612 [ScheduleThreadPool-test-thread-2] ERROR MessageUtil - adventureBossRankInfo is null
2023-11-24 11:07:00.809 [ScheduleThreadPool-test-thread-7] ERROR MessageUtil - adventureBossRankInfo is null
2023-11-24 11:07:00.891 [ScheduleThreadPool-test-thread-4] ERROR MessageUtil - adventureBossRankInfo is null
2023-11-24 11:08:00.072 [ScheduleThreadPool-test-thread-6] ERROR MessageUtil - adventureBossRankInfo is null
2023-11-24 11:08:00.373 [ScheduleThreadPool-test-thread-2] ERROR MessageUtil - adventureBossRankInfo is null
2023-11-24 11:08:00.595 [ScheduleThreadPool-test-thread-5] ERROR MessageUtil - adventureBossRankInfo is null
2023-11-24 11:08:00.806 [ScheduleThreadPool-test-thread-2] ERROR MessageUtil - adventureBossRankInfo is null
2023-11-24 11:08:00.891 [ScheduleThreadPool-test-thread-4] ERROR MessageUtil - adventureBossRankInfo is null
2023-11-24 11:09:00.073 [ScheduleThreadPool-test-thread-6] ERROR MessageUtil - adventureBossRankInfo is null
2023-11-24 11:09:00.373 [ScheduleThreadPool-test-thread-8] ERROR MessageUtil - adventureBossRankInfo is null
2023-11-24 11:09:00.591 [ScheduleThreadPool-test-thread-1] ERROR MessageUtil - adventureBossRankInfo is null
2023-11-24 11:09:00.810 [ScheduleThreadPool-test-thread-3] ERROR MessageUtil - adventureBossRankInfo is null
2023-11-24 11:09:00.896 [ScheduleThreadPool-test-thread-6] ERROR MessageUtil - adventureBossRankInfo is null
2023-11-24 11:10:00.078 [ScheduleThreadPool-test-thread-5] ERROR MessageUtil - adventureBossRankInfo is null
2023-11-24 11:10:00.376 [ScheduleThreadPool-test-thread-1] ERROR MessageUtil - adventureBossRankInfo is null
2023-11-24 11:10:00.593 [ScheduleThreadPool-test-thread-5] ERROR MessageUtil - adventureBossRankInfo is null
2023-11-24 11:10:00.811 [ScheduleThreadPool-test-thread-7] ERROR MessageUtil - adventureBossRankInfo is null
2023-11-24 11:10:00.890 [ScheduleThreadPool-test-thread-3] ERROR MessageUtil - adventureBossRankInfo is null
2023-11-24 11:11:00.071 [ScheduleThreadPool-test-thread-1] ERROR MessageUtil - adventureBossRankInfo is null
2023-11-24 11:11:00.373 [ScheduleThreadPool-test-thread-7] ERROR MessageUtil - adventureBossRankInfo is null
2023-11-24 11:11:00.597 [ScheduleThreadPool-test-thread-5] ERROR MessageUtil - adventureBossRankInfo is null
2023-11-24 11:11:00.809 [ScheduleThreadPool-test-thread-7] ERROR MessageUtil - adventureBossRankInfo is null
2023-11-24 11:11:00.889 [ScheduleThreadPool-test-thread-6] ERROR MessageUtil - adventureBossRankInfo is null
2023-11-24 11:12:00.073 [ScheduleThreadPool-test-thread-2] ERROR MessageUtil - adventureBossRankInfo is null
2023-11-24 11:12:00.373 [ScheduleThreadPool-test-thread-4] ERROR MessageUtil - adventureBossRankInfo is null
2023-11-24 11:12:00.600 [ScheduleThreadPool-test-thread-1] ERROR MessageUtil - adventureBossRankInfo is null
2023-11-24 11:12:00.809 [ScheduleThreadPool-test-thread-2] ERROR MessageUtil - adventureBossRankInfo is null
2023-11-24 11:12:00.890 [ScheduleThreadPool-test-thread-3] ERROR MessageUtil - adventureBossRankInfo is null
2023-11-24 11:13:00.081 [ScheduleThreadPool-test-thread-8] ERROR MessageUtil - adventureBossRankInfo is null
2023-11-24 11:13:00.372 [ScheduleThreadPool-test-thread-3] ERROR MessageUtil - adventureBossRankInfo is null
2023-11-24 11:13:00.594 [ScheduleThreadPool-test-thread-8] ERROR MessageUtil - adventureBossRankInfo is null
2023-11-24 11:13:00.806 [ScheduleThreadPool-test-thread-4] ERROR MessageUtil - adventureBossRankInfo is null
2023-11-24 11:13:00.886 [ScheduleThreadPool-test-thread-6] ERROR MessageUtil - adventureBossRankInfo is null
2023-11-24 11:14:00.071 [ScheduleThreadPool-test-thread-4] ERROR MessageUtil - adventureBossRankInfo is null
2023-11-24 11:14:00.374 [ScheduleThreadPool-test-thread-2] ERROR MessageUtil - adventureBossRankInfo is null
2023-11-24 11:14:00.600 [ScheduleThreadPool-test-thread-3] ERROR MessageUtil - adventureBossRankInfo is null
2023-11-24 11:14:00.807 [ScheduleThreadPool-test-thread-2] ERROR MessageUtil - adventureBossRankInfo is null
2023-11-24 11:14:00.893 [ScheduleThreadPool-test-thread-4] ERROR MessageUtil - adventureBossRankInfo is null
2023-11-24 11:15:00.079 [ScheduleThreadPool-test-thread-3] ERROR MessageUtil - adventureBossRankInfo is null
2023-11-24 11:15:00.372 [ScheduleThreadPool-test-thread-2] ERROR MessageUtil - adventureBossRankInfo is null
2023-11-24 11:15:00.595 [ScheduleThreadPool-test-thread-1] ERROR MessageUtil - adventureBossRankInfo is null
2023-11-24 11:15:00.808 [ScheduleThreadPool-test-thread-5] ERROR MessageUtil - adventureBossRankInfo is null
2023-11-24 11:15:00.891 [ScheduleThreadPool-test-thread-2] ERROR MessageUtil - adventureBossRankInfo is null
2023-11-24 11:16:00.082 [ScheduleThreadPool-test-thread-6] ERROR MessageUtil - adventureBossRankInfo is null
2023-11-24 11:16:00.375 [ScheduleThreadPool-test-thread-4] ERROR MessageUtil - adventureBossRankInfo is null
2023-11-24 11:16:00.593 [ScheduleThreadPool-test-thread-8] ERROR MessageUtil - adventureBossRankInfo is null
2023-11-24 11:16:00.810 [ScheduleThreadPool-test-thread-7] ERROR MessageUtil - adventureBossRankInfo is null
2023-11-24 11:16:00.891 [ScheduleThreadPool-test-thread-4] ERROR MessageUtil - adventureBossRankInfo is null
2023-11-24 11:17:00.080 [ScheduleThreadPool-test-thread-3] ERROR MessageUtil - adventureBossRankInfo is null
2023-11-24 11:17:00.392 [ScheduleThreadPool-test-thread-1] ERROR MessageUtil - adventureBossRankInfo is null
2023-11-24 11:17:00.594 [ScheduleThreadPool-test-thread-8] ERROR MessageUtil - adventureBossRankInfo is null
2023-11-24 11:17:00.840 [ScheduleThreadPool-test-thread-2] ERROR MessageUtil - adventureBossRankInfo is null
2023-11-24 11:17:00.895 [ScheduleThreadPool-test-thread-5] ERROR MessageUtil - adventureBossRankInfo is null
2023-11-24 11:18:00.073 [ScheduleThreadPool-test-thread-1] ERROR MessageUtil - adventureBossRankInfo is null
2023-11-24 11:18:00.377 [ScheduleThreadPool-test-thread-7] ERROR MessageUtil - adventureBossRankInfo is null
2023-11-24 11:18:00.596 [ScheduleThreadPool-test-thread-3] ERROR MessageUtil - adventureBossRankInfo is null
2023-11-24 11:18:00.811 [ScheduleThreadPool-test-thread-8] ERROR MessageUtil - adventureBossRankInfo is null
2023-11-24 11:18:00.892 [ScheduleThreadPool-test-thread-2] ERROR MessageUtil - adventureBossRankInfo is null
2023-11-24 11:19:00.073 [ScheduleThreadPool-test-thread-4] ERROR MessageUtil - adventureBossRankInfo is null
2023-11-24 11:19:00.375 [ScheduleThreadPool-test-thread-3] ERROR MessageUtil - adventureBossRankInfo is null
2023-11-24 11:19:00.595 [ScheduleThreadPool-test-thread-1] ERROR MessageUtil - adventureBossRankInfo is null
2023-11-24 11:19:00.810 [ScheduleThreadPool-test-thread-5] ERROR MessageUtil - adventureBossRankInfo is null
2023-11-24 11:19:00.890 [ScheduleThreadPool-test-thread-4] ERROR MessageUtil - adventureBossRankInfo is null
2023-11-24 11:20:00.073 [ScheduleThreadPool-test-thread-5] ERROR MessageUtil - adventureBossRankInfo is null
2023-11-24 11:20:00.371 [ScheduleThreadPool-test-thread-1] ERROR MessageUtil - adventureBossRankInfo is null
2023-11-24 11:20:00.589 [ScheduleThreadPool-test-thread-5] ERROR MessageUtil - adventureBossRankInfo is null
2023-11-24 11:20:00.808 [ScheduleThreadPool-test-thread-8] ERROR MessageUtil - adventureBossRankInfo is null
2023-11-24 11:20:00.891 [ScheduleThreadPool-test-thread-6] ERROR MessageUtil - adventureBossRankInfo is null
2023-11-24 11:21:00.076 [ScheduleThreadPool-test-thread-1] ERROR MessageUtil - adventureBossRankInfo is null
2023-11-24 11:21:00.370 [ScheduleThreadPool-test-thread-7] ERROR MessageUtil - adventureBossRankInfo is null
2023-11-24 11:21:00.595 [ScheduleThreadPool-test-thread-6] ERROR MessageUtil - adventureBossRankInfo is null
2023-11-24 11:21:00.807 [ScheduleThreadPool-test-thread-1] ERROR MessageUtil - adventureBossRankInfo is null
2023-11-24 11:21:00.889 [ScheduleThreadPool-test-thread-4] ERROR MessageUtil - adventureBossRankInfo is null
2023-11-24 11:22:00.070 [ScheduleThreadPool-test-thread-5] ERROR MessageUtil - adventureBossRankInfo is null
2023-11-24 11:22:00.371 [ScheduleThreadPool-test-thread-6] ERROR MessageUtil - adventureBossRankInfo is null
2023-11-24 11:22:00.593 [ScheduleThreadPool-test-thread-8] ERROR MessageUtil - adventureBossRankInfo is null
2023-11-24 11:22:00.803 [ScheduleThreadPool-test-thread-6] ERROR MessageUtil - adventureBossRankInfo is null
2023-11-24 11:22:00.883 [ScheduleThreadPool-test-thread-3] ERROR MessageUtil - adventureBossRankInfo is null
2023-11-24 11:23:00.217 [ScheduleThreadPool-test-thread-4] ERROR MessageUtil - adventureBossRankInfo is null
2023-11-24 11:23:00.382 [ScheduleThreadPool-test-thread-8] ERROR MessageUtil - adventureBossRankInfo is null
2023-11-24 11:23:00.732 [ScheduleThreadPool-test-thread-3] ERROR MessageUtil - adventureBossRankInfo is null
2023-11-24 11:23:00.907 [ScheduleThreadPool-test-thread-8] ERROR MessageUtil - adventureBossRankInfo is null
2023-11-24 11:24:00.157 [ScheduleThreadPool-test-thread-6] ERROR MessageUtil - adventureBossRankInfo is null
2023-11-24 11:24:00.398 [ScheduleThreadPool-test-thread-6] ERROR MessageUtil - adventureBossRankInfo is null
2023-11-24 11:24:00.508 [ScheduleThreadPool-test-thread-6] ERROR MessageUtil - adventureBossRankInfo is null
2023-11-24 11:24:00.598 [ScheduleThreadPool-test-thread-1] ERROR MessageUtil - adventureBossRankInfo is null
2023-11-24 11:24:00.809 [ScheduleThreadPool-test-thread-1] ERROR MessageUtil - adventureBossRankInfo is null
2023-11-24 11:25:00.138 [ScheduleThreadPool-test-thread-4] ERROR MessageUtil - adventureBossRankInfo is null
2023-11-24 11:25:00.383 [ScheduleThreadPool-test-thread-8] ERROR MessageUtil - adventureBossRankInfo is null
2023-11-24 11:25:00.509 [ScheduleThreadPool-test-thread-2] ERROR MessageUtil - adventureBossRankInfo is null
2023-11-24 11:25:00.595 [ScheduleThreadPool-test-thread-3] ERROR MessageUtil - adventureBossRankInfo is null
2023-11-24 11:25:00.810 [ScheduleThreadPool-test-thread-6] ERROR MessageUtil - adventureBossRankInfo is null
2023-11-24 11:26:00.096 [ScheduleThreadPool-test-thread-1] ERROR MessageUtil - adventureBossRankInfo is null
2023-11-24 11:26:00.381 [ScheduleThreadPool-test-thread-8] ERROR MessageUtil - adventureBossRankInfo is null
2023-11-24 11:26:00.510 [ScheduleThreadPool-test-thread-5] ERROR MessageUtil - adventureBossRankInfo is null
2023-11-24 11:26:00.593 [ScheduleThreadPool-test-thread-8] ERROR MessageUtil - adventureBossRankInfo is null
2023-11-24 11:26:00.811 [ScheduleThreadPool-test-thread-5] ERROR MessageUtil - adventureBossRankInfo is null
2023-11-24 11:27:00.094 [ScheduleThreadPool-test-thread-8] ERROR MessageUtil - adventureBossRankInfo is null
2023-11-24 11:27:00.375 [ScheduleThreadPool-test-thread-2] ERROR MessageUtil - adventureBossRankInfo is null
2023-11-24 11:27:00.508 [ScheduleThreadPool-test-thread-3] ERROR MessageUtil - adventureBossRankInfo is null
2023-11-24 11:27:00.594 [ScheduleThreadPool-test-thread-5] ERROR MessageUtil - adventureBossRankInfo is null
2023-11-24 11:27:00.810 [ScheduleThreadPool-test-thread-8] ERROR MessageUtil - adventureBossRankInfo is null
2023-11-24 11:28:00.074 [ScheduleThreadPool-test-thread-1] ERROR MessageUtil - adventureBossRankInfo is null
2023-11-24 11:28:00.374 [ScheduleThreadPool-test-thread-1] ERROR MessageUtil - adventureBossRankInfo is null
2023-11-24 11:28:00.506 [ScheduleThreadPool-test-thread-6] ERROR MessageUtil - adventureBossRankInfo is null
2023-11-24 11:28:00.593 [ScheduleThreadPool-test-thread-8] ERROR MessageUtil - adventureBossRankInfo is null
2023-11-24 11:28:00.810 [ScheduleThreadPool-test-thread-2] ERROR MessageUtil - adventureBossRankInfo is null
2023-11-24 11:29:00.086 [ScheduleThreadPool-test-thread-8] ERROR MessageUtil - adventureBossRankInfo is null
2023-11-24 11:29:00.374 [ScheduleThreadPool-test-thread-3] ERROR MessageUtil - adventureBossRankInfo is null
2023-11-24 11:29:00.508 [ScheduleThreadPool-test-thread-1] ERROR MessageUtil - adventureBossRankInfo is null
2023-11-24 11:29:00.598 [ScheduleThreadPool-test-thread-7] ERROR MessageUtil - adventureBossRankInfo is null
2023-11-24 11:29:00.809 [ScheduleThreadPool-test-thread-7] ERROR MessageUtil - adventureBossRankInfo is null
2023-11-24 11:30:00.085 [ScheduleThreadPool-test-thread-8] ERROR MessageUtil - adventureBossRankInfo is null
2023-11-24 11:30:00.375 [ScheduleThreadPool-test-thread-8] ERROR MessageUtil - adventureBossRankInfo is null
2023-11-24 11:30:00.508 [ScheduleThreadPool-test-thread-1] ERROR MessageUtil - adventureBossRankInfo is null
2023-11-24 11:30:00.596 [ScheduleThreadPool-test-thread-2] ERROR MessageUtil - adventureBossRankInfo is null
2023-11-24 11:30:00.811 [ScheduleThreadPool-test-thread-7] ERROR MessageUtil - adventureBossRankInfo is null
2023-11-24 11:31:00.091 [ScheduleThreadPool-test-thread-4] ERROR MessageUtil - adventureBossRankInfo is null
2023-11-24 11:31:00.374 [ScheduleThreadPool-test-thread-8] ERROR MessageUtil - adventureBossRankInfo is null
2023-11-24 11:31:00.520 [ScheduleThreadPool-test-thread-5] ERROR MessageUtil - adventureBossRankInfo is null
2023-11-24 11:31:00.595 [ScheduleThreadPool-test-thread-7] ERROR MessageUtil - adventureBossRankInfo is null
2023-11-24 11:31:00.809 [ScheduleThreadPool-test-thread-6] ERROR MessageUtil - adventureBossRankInfo is null
2023-11-24 11:32:00.133 [ScheduleThreadPool-test-thread-8] ERROR MessageUtil - adventureBossRankInfo is null
2023-11-24 11:32:00.379 [ScheduleThreadPool-test-thread-6] ERROR MessageUtil - adventureBossRankInfo is null
2023-11-24 11:32:00.529 [ScheduleThreadPool-test-thread-5] ERROR MessageUtil - adventureBossRankInfo is null
2023-11-24 11:32:00.882 [ScheduleThreadPool-test-thread-2] ERROR MessageUtil - adventureBossRankInfo is null
2023-11-24 11:33:00.125 [ScheduleThreadPool-test-thread-1] ERROR MessageUtil - adventureBossRankInfo is null
2023-11-24 11:33:00.374 [ScheduleThreadPool-test-thread-1] ERROR MessageUtil - adventureBossRankInfo is null
2023-11-24 11:33:00.430 [ScheduleThreadPool-test-thread-7] ERROR MessageUtil - adventureBossRankInfo is null
2023-11-24 11:33:00.504 [ScheduleThreadPool-test-thread-8] ERROR MessageUtil - adventureBossRankInfo is null
2023-11-24 11:33:00.824 [ScheduleThreadPool-test-thread-5] ERROR MessageUtil - adventureBossRankInfo is null
2023-11-24 11:34:00.122 [ScheduleThreadPool-test-thread-3] ERROR MessageUtil - adventureBossRankInfo is null
2023-11-24 11:34:00.376 [ScheduleThreadPool-test-thread-2] ERROR MessageUtil - adventureBossRankInfo is null
2023-11-24 11:34:00.430 [ScheduleThreadPool-test-thread-6] ERROR MessageUtil - adventureBossRankInfo is null
2023-11-24 11:34:00.508 [ScheduleThreadPool-test-thread-1] ERROR MessageUtil - adventureBossRankInfo is null
2023-11-24 11:34:00.807 [ScheduleThreadPool-test-thread-8] ERROR MessageUtil - adventureBossRankInfo is null
2023-11-24 11:35:00.128 [ScheduleThreadPool-test-thread-8] ERROR MessageUtil - adventureBossRankInfo is null
2023-11-24 11:35:00.371 [ScheduleThreadPool-test-thread-8] ERROR MessageUtil - adventureBossRankInfo is null
2023-11-24 11:35:00.429 [ScheduleThreadPool-test-thread-4] ERROR MessageUtil - adventureBossRankInfo is null
2023-11-24 11:35:00.508 [ScheduleThreadPool-test-thread-6] ERROR MessageUtil - adventureBossRankInfo is null
2023-11-24 11:35:00.812 [ScheduleThreadPool-test-thread-8] ERROR MessageUtil - adventureBossRankInfo is null
2023-11-24 11:36:00.118 [ScheduleThreadPool-test-thread-4] ERROR MessageUtil - adventureBossRankInfo is null
2023-11-24 11:36:00.371 [ScheduleThreadPool-test-thread-4] ERROR MessageUtil - adventureBossRankInfo is null
2023-11-24 11:36:00.428 [ScheduleThreadPool-test-thread-1] ERROR MessageUtil - adventureBossRankInfo is null
2023-11-24 11:36:00.508 [ScheduleThreadPool-test-thread-6] ERROR MessageUtil - adventureBossRankInfo is null
2023-11-24 11:36:00.807 [ScheduleThreadPool-test-thread-3] ERROR MessageUtil - adventureBossRankInfo is null
2023-11-24 11:37:00.121 [ScheduleThreadPool-test-thread-6] ERROR MessageUtil - adventureBossRankInfo is null
2023-11-24 11:37:00.374 [ScheduleThreadPool-test-thread-3] ERROR MessageUtil - adventureBossRankInfo is null
2023-11-24 11:37:00.426 [ScheduleThreadPool-test-thread-5] ERROR MessageUtil - adventureBossRankInfo is null
2023-11-24 11:37:00.506 [ScheduleThreadPool-test-thread-3] ERROR MessageUtil - adventureBossRankInfo is null
2023-11-24 11:37:00.805 [ScheduleThreadPool-test-thread-1] ERROR MessageUtil - adventureBossRankInfo is null
2023-11-24 11:38:00.106 [ScheduleThreadPool-test-thread-4] ERROR MessageUtil - adventureBossRankInfo is null
2023-11-24 11:38:00.389 [ScheduleThreadPool-test-thread-2] ERROR MessageUtil - adventureBossRankInfo is null
2023-11-24 11:38:00.430 [ScheduleThreadPool-test-thread-7] ERROR MessageUtil - adventureBossRankInfo is null
2023-11-24 11:38:00.500 [ScheduleThreadPool-test-thread-5] ERROR MessageUtil - adventureBossRankInfo is null
2023-11-24 11:38:00.811 [ScheduleThreadPool-test-thread-3] ERROR MessageUtil - adventureBossRankInfo is null
2023-11-24 11:39:00.101 [ScheduleThreadPool-test-thread-5] ERROR MessageUtil - adventureBossRankInfo is null
2023-11-24 11:39:00.372 [ScheduleThreadPool-test-thread-3] ERROR MessageUtil - adventureBossRankInfo is null
2023-11-24 11:39:00.432 [ScheduleThreadPool-test-thread-4] ERROR MessageUtil - adventureBossRankInfo is null
2023-11-24 11:39:00.508 [ScheduleThreadPool-test-thread-1] ERROR MessageUtil - adventureBossRankInfo is null
2023-11-24 11:39:00.809 [ScheduleThreadPool-test-thread-7] ERROR MessageUtil - adventureBossRankInfo is null
2023-11-24 11:40:00.102 [ScheduleThreadPool-test-thread-6] ERROR MessageUtil - adventureBossRankInfo is null
2023-11-24 11:40:00.366 [ScheduleThreadPool-test-thread-3] ERROR MessageUtil - adventureBossRankInfo is null
2023-11-24 11:40:00.432 [ScheduleThreadPool-test-thread-8] ERROR MessageUtil - adventureBossRankInfo is null
2023-11-24 11:40:00.506 [ScheduleThreadPool-test-thread-6] ERROR MessageUtil - adventureBossRankInfo is null
2023-11-24 11:40:00.811 [ScheduleThreadPool-test-thread-1] ERROR MessageUtil - adventureBossRankInfo is null
2023-11-24 11:41:00.085 [ScheduleThreadPool-test-thread-8] ERROR MessageUtil - adventureBossRankInfo is null
2023-11-24 11:41:00.376 [ScheduleThreadPool-test-thread-8] ERROR MessageUtil - adventureBossRankInfo is null
2023-11-24 11:41:00.429 [ScheduleThreadPool-test-thread-8] ERROR MessageUtil - adventureBossRankInfo is null
2023-11-24 11:41:00.512 [ScheduleThreadPool-test-thread-3] ERROR MessageUtil - adventureBossRankInfo is null
2023-11-24 11:41:00.809 [ScheduleThreadPool-test-thread-5] ERROR MessageUtil - adventureBossRankInfo is null
2023-11-24 11:42:00.084 [ScheduleThreadPool-test-thread-1] ERROR MessageUtil - adventureBossRankInfo is null
2023-11-24 11:42:00.377 [ScheduleThreadPool-test-thread-2] ERROR MessageUtil - adventureBossRankInfo is null
2023-11-24 11:42:00.428 [ScheduleThreadPool-test-thread-6] ERROR MessageUtil - adventureBossRankInfo is null
2023-11-24 11:42:00.508 [ScheduleThreadPool-test-thread-5] ERROR MessageUtil - adventureBossRankInfo is null
2023-11-24 11:42:00.812 [ScheduleThreadPool-test-thread-3] ERROR MessageUtil - adventureBossRankInfo is null
2023-11-24 11:43:00.097 [ScheduleThreadPool-test-thread-1] ERROR MessageUtil - adventureBossRankInfo is null
2023-11-24 11:43:00.371 [ScheduleThreadPool-test-thread-7] ERROR MessageUtil - adventureBossRankInfo is null
2023-11-24 11:43:00.427 [ScheduleThreadPool-test-thread-5] ERROR MessageUtil - adventureBossRankInfo is null
2023-11-24 11:43:00.508 [ScheduleThreadPool-test-thread-3] ERROR MessageUtil - adventureBossRankInfo is null
2023-11-24 11:43:00.805 [ScheduleThreadPool-test-thread-7] ERROR MessageUtil - adventureBossRankInfo is null
2023-11-24 11:44:00.074 [ScheduleThreadPool-test-thread-2] ERROR MessageUtil - adventureBossRankInfo is null
2023-11-24 11:44:00.374 [ScheduleThreadPool-test-thread-1] ERROR MessageUtil - adventureBossRankInfo is null
2023-11-24 11:44:00.427 [ScheduleThreadPool-test-thread-8] ERROR MessageUtil - adventureBossRankInfo is null
2023-11-24 11:44:00.508 [ScheduleThreadPool-test-thread-3] ERROR MessageUtil - adventureBossRankInfo is null
2023-11-24 11:44:00.810 [ScheduleThreadPool-test-thread-7] ERROR MessageUtil - adventureBossRankInfo is null
2023-11-24 11:45:00.079 [ScheduleThreadPool-test-thread-2] ERROR MessageUtil - adventureBossRankInfo is null
2023-11-24 11:45:00.373 [ScheduleThreadPool-test-thread-7] ERROR MessageUtil - adventureBossRankInfo is null
2023-11-24 11:45:00.427 [ScheduleThreadPool-test-thread-7] ERROR MessageUtil - adventureBossRankInfo is null
2023-11-24 11:45:00.508 [ScheduleThreadPool-test-thread-1] ERROR MessageUtil - adventureBossRankInfo is null
2023-11-24 11:45:00.804 [ScheduleThreadPool-test-thread-2] ERROR MessageUtil - adventureBossRankInfo is null
2023-11-24 11:46:00.080 [ScheduleThreadPool-test-thread-6] ERROR MessageUtil - adventureBossRankInfo is null
2023-11-24 11:46:00.372 [ScheduleThreadPool-test-thread-3] ERROR MessageUtil - adventureBossRankInfo is null
2023-11-24 11:46:00.427 [ScheduleThreadPool-test-thread-3] ERROR MessageUtil - adventureBossRankInfo is null
2023-11-24 11:46:00.507 [ScheduleThreadPool-test-thread-5] ERROR MessageUtil - adventureBossRankInfo is null
2023-11-24 11:46:00.806 [ScheduleThreadPool-test-thread-5] ERROR MessageUtil - adventureBossRankInfo is null
2023-11-24 11:47:00.101 [ScheduleThreadPool-test-thread-1] ERROR MessageUtil - adventureBossRankInfo is null
2023-11-24 11:47:00.449 [ScheduleThreadPool-test-thread-1] ERROR MessageUtil - adventureBossRankInfo is null
2023-11-24 11:47:00.541 [ScheduleThreadPool-test-thread-6] ERROR MessageUtil - adventureBossRankInfo is null
2023-11-24 11:47:00.820 [ScheduleThreadPool-test-thread-3] ERROR MessageUtil - adventureBossRankInfo is null
2023-11-24 11:47:37.374 [ScheduleThreadPool-test-thread-1] ERROR MessageUtil - adventureBossRankInfo is null
2023-11-24 11:48:00.092 [ScheduleThreadPool-test-thread-5] ERROR MessageUtil - adventureBossRankInfo is null
2023-11-24 11:48:00.363 [ScheduleThreadPool-test-thread-5] ERROR MessageUtil - adventureBossRankInfo is null
2023-11-24 11:48:00.430 [ScheduleThreadPool-test-thread-7] ERROR MessageUtil - adventureBossRankInfo is null
2023-11-24 11:48:00.510 [ScheduleThreadPool-test-thread-5] ERROR MessageUtil - adventureBossRankInfo is null
2023-11-24 11:48:00.816 [ScheduleThreadPool-test-thread-6] ERROR MessageUtil - adventureBossRankInfo is null
2023-11-24 11:49:00.095 [ScheduleThreadPool-test-thread-1] ERROR MessageUtil - adventureBossRankInfo is null
2023-11-24 11:49:00.362 [ScheduleThreadPool-test-thread-1] ERROR MessageUtil - adventureBossRankInfo is null
2023-11-24 11:49:00.431 [ScheduleThreadPool-test-thread-1] ERROR MessageUtil - adventureBossRankInfo is null
2023-11-24 11:49:00.506 [ScheduleThreadPool-test-thread-6] ERROR MessageUtil - adventureBossRankInfo is null
2023-11-24 11:49:00.809 [ScheduleThreadPool-test-thread-2] ERROR MessageUtil - adventureBossRankInfo is null
2023-11-24 11:50:00.108 [ScheduleThreadPool-test-thread-2] ERROR MessageUtil - adventureBossRankInfo is null
2023-11-24 11:50:00.357 [ScheduleThreadPool-test-thread-7] ERROR MessageUtil - adventureBossRankInfo is null
2023-11-24 11:50:00.430 [ScheduleThreadPool-test-thread-3] ERROR MessageUtil - adventureBossRankInfo is null
2023-11-24 11:50:00.506 [ScheduleThreadPool-test-thread-2] ERROR MessageUtil - adventureBossRankInfo is null
2023-11-24 11:50:00.805 [ScheduleThreadPool-test-thread-2] ERROR MessageUtil - adventureBossRankInfo is null
2023-11-24 11:51:00.447 [ScheduleThreadPool-test-thread-6] ERROR MessageUtil - adventureBossRankInfo is null
2023-11-24 11:51:00.462 [ScheduleThreadPool-test-thread-4] ERROR MessageUtil - adventureBossRankInfo is null
2023-11-24 11:51:00.624 [ScheduleThreadPool-test-thread-4] ERROR MessageUtil - adventureBossRankInfo is null
2023-11-24 11:51:00.843 [ScheduleThreadPool-test-thread-8] ERROR MessageUtil - adventureBossRankInfo is null
2023-11-24 11:51:01.044 [ScheduleThreadPool-test-thread-2] ERROR MessageUtil - adventureBossRankInfo is null
2023-11-24 11:52:00.394 [ScheduleThreadPool-test-thread-8] ERROR MessageUtil - adventureBossRankInfo is null
2023-11-24 11:52:00.429 [ScheduleThreadPool-test-thread-7] ERROR MessageUtil - adventureBossRankInfo is null
2023-11-24 11:52:00.507 [ScheduleThreadPool-test-thread-6] ERROR MessageUtil - adventureBossRankInfo is null
2023-11-24 11:52:00.813 [ScheduleThreadPool-test-thread-7] ERROR MessageUtil - adventureBossRankInfo is null
2023-11-24 11:52:01.023 [ScheduleThreadPool-test-thread-2] ERROR MessageUtil - adventureBossRankInfo is null
2023-11-24 11:53:00.366 [ScheduleThreadPool-test-thread-3] ERROR MessageUtil - adventureBossRankInfo is null
2023-11-24 11:53:00.427 [ScheduleThreadPool-test-thread-1] ERROR MessageUtil - adventureBossRankInfo is null
2023-11-24 11:53:00.506 [ScheduleThreadPool-test-thread-5] ERROR MessageUtil - adventureBossRankInfo is null
2023-11-24 11:53:00.808 [ScheduleThreadPool-test-thread-6] ERROR MessageUtil - adventureBossRankInfo is null
2023-11-24 11:53:01.009 [ScheduleThreadPool-test-thread-5] ERROR MessageUtil - adventureBossRankInfo is null
2023-11-24 11:54:00.358 [ScheduleThreadPool-test-thread-8] ERROR MessageUtil - adventureBossRankInfo is null
2023-11-24 11:54:00.429 [ScheduleThreadPool-test-thread-5] ERROR MessageUtil - adventureBossRankInfo is null
2023-11-24 11:54:00.505 [ScheduleThreadPool-test-thread-2] ERROR MessageUtil - adventureBossRankInfo is null
2023-11-24 11:54:00.806 [ScheduleThreadPool-test-thread-5] ERROR MessageUtil - adventureBossRankInfo is null
2023-11-24 11:54:01.012 [ScheduleThreadPool-test-thread-8] ERROR MessageUtil - adventureBossRankInfo is null
2023-11-24 11:55:00.358 [ScheduleThreadPool-test-thread-1] ERROR MessageUtil - adventureBossRankInfo is null
2023-11-24 11:55:00.427 [ScheduleThreadPool-test-thread-7] ERROR MessageUtil - adventureBossRankInfo is null
2023-11-24 11:55:00.505 [ScheduleThreadPool-test-thread-2] ERROR MessageUtil - adventureBossRankInfo is null
2023-11-24 11:55:00.807 [ScheduleThreadPool-test-thread-3] ERROR MessageUtil - adventureBossRankInfo is null
2023-11-24 11:55:01.009 [ScheduleThreadPool-test-thread-8] ERROR MessageUtil - adventureBossRankInfo is null
2023-11-24 11:56:00.357 [ScheduleThreadPool-test-thread-3] ERROR MessageUtil - adventureBossRankInfo is null
2023-11-24 11:56:00.426 [ScheduleThreadPool-test-thread-5] ERROR MessageUtil - adventureBossRankInfo is null
2023-11-24 11:56:00.504 [ScheduleThreadPool-test-thread-8] ERROR MessageUtil - adventureBossRankInfo is null
2023-11-24 11:56:00.806 [ScheduleThreadPool-test-thread-5] ERROR MessageUtil - adventureBossRankInfo is null
2023-11-24 11:56:01.007 [ScheduleThreadPool-test-thread-8] ERROR MessageUtil - adventureBossRankInfo is null
2023-11-24 11:57:00.361 [ScheduleThreadPool-test-thread-1] ERROR MessageUtil - adventureBossRankInfo is null
2023-11-24 11:57:00.429 [ScheduleThreadPool-test-thread-2] ERROR MessageUtil - adventureBossRankInfo is null
2023-11-24 11:57:00.508 [ScheduleThreadPool-test-thread-3] ERROR MessageUtil - adventureBossRankInfo is null
2023-11-24 11:57:00.810 [ScheduleThreadPool-test-thread-5] ERROR MessageUtil - adventureBossRankInfo is null
2023-11-24 11:57:01.009 [ScheduleThreadPool-test-thread-7] ERROR MessageUtil - adventureBossRankInfo is null
2023-11-24 11:58:00.365 [ScheduleThreadPool-test-thread-5] ERROR MessageUtil - adventureBossRankInfo is null
2023-11-24 11:58:00.431 [ScheduleThreadPool-test-thread-4] ERROR MessageUtil - adventureBossRankInfo is null
2023-11-24 11:58:00.504 [ScheduleThreadPool-test-thread-3] ERROR MessageUtil - adventureBossRankInfo is null
2023-11-24 11:58:00.809 [ScheduleThreadPool-test-thread-5] ERROR MessageUtil - adventureBossRankInfo is null
2023-11-24 11:58:01.013 [ScheduleThreadPool-test-thread-4] ERROR MessageUtil - adventureBossRankInfo is null
2023-11-24 11:59:00.363 [ScheduleThreadPool-test-thread-5] ERROR MessageUtil - adventureBossRankInfo is null
2023-11-24 11:59:00.430 [ScheduleThreadPool-test-thread-4] ERROR MessageUtil - adventureBossRankInfo is null
2023-11-24 11:59:00.509 [ScheduleThreadPool-test-thread-3] ERROR MessageUtil - adventureBossRankInfo is null
2023-11-24 11:59:00.808 [ScheduleThreadPool-test-thread-3] ERROR MessageUtil - adventureBossRankInfo is null
2023-11-24 11:59:01.012 [ScheduleThreadPool-test-thread-2] ERROR MessageUtil - adventureBossRankInfo is null
2023-11-24 12:00:00.390 [ScheduleThreadPool-test-thread-7] ERROR MessageUtil - adventureBossRankInfo is null
2023-11-24 12:00:00.449 [ScheduleThreadPool-test-thread-3] ERROR MessageUtil - adventureBossRankInfo is null
2023-11-24 12:00:00.513 [ScheduleThreadPool-test-thread-8] ERROR MessageUtil - adventureBossRankInfo is null
2023-11-24 12:00:00.829 [ScheduleThreadPool-test-thread-2] ERROR MessageUtil - adventureBossRankInfo is null
2023-11-24 12:00:01.014 [ScheduleThreadPool-test-thread-2] ERROR MessageUtil - adventureBossRankInfo is null
2023-11-24 12:01:00.414 [ScheduleThreadPool-test-thread-7] ERROR MessageUtil - adventureBossRankInfo is null
2023-11-24 12:01:00.429 [ScheduleThreadPool-test-thread-5] ERROR MessageUtil - adventureBossRankInfo is null
2023-11-24 12:01:00.506 [ScheduleThreadPool-test-thread-1] ERROR MessageUtil - adventureBossRankInfo is null
2023-11-24 12:01:00.808 [ScheduleThreadPool-test-thread-1] ERROR MessageUtil - adventureBossRankInfo is null
2023-11-24 12:01:01.014 [ScheduleThreadPool-test-thread-5] ERROR MessageUtil - adventureBossRankInfo is null
2023-11-24 12:02:00.373 [ScheduleThreadPool-test-thread-8] ERROR MessageUtil - adventureBossRankInfo is null
2023-11-24 12:02:00.442 [ScheduleThreadPool-test-thread-4] ERROR MessageUtil - adventureBossRankInfo is null
2023-11-24 12:02:00.507 [ScheduleThreadPool-test-thread-1] ERROR MessageUtil - adventureBossRankInfo is null
2023-11-24 12:02:00.809 [ScheduleThreadPool-test-thread-2] ERROR MessageUtil - adventureBossRankInfo is null
2023-11-24 12:02:01.011 [ScheduleThreadPool-test-thread-5] ERROR MessageUtil - adventureBossRankInfo is null
2023-11-24 12:03:00.366 [ScheduleThreadPool-test-thread-8] ERROR MessageUtil - adventureBossRankInfo is null
2023-11-24 12:03:00.425 [ScheduleThreadPool-test-thread-6] ERROR MessageUtil - adventureBossRankInfo is null
2023-11-24 12:03:00.520 [ScheduleThreadPool-test-thread-6] ERROR MessageUtil - adventureBossRankInfo is null
2023-11-24 12:03:00.811 [ScheduleThreadPool-test-thread-5] ERROR MessageUtil - adventureBossRankInfo is null
2023-11-24 12:03:01.005 [ScheduleThreadPool-test-thread-5] ERROR MessageUtil - adventureBossRankInfo is null
2023-11-24 12:04:00.403 [ScheduleThreadPool-test-thread-2] ERROR MessageUtil - adventureBossRankInfo is null
2023-11-24 12:04:00.427 [ScheduleThreadPool-test-thread-2] ERROR MessageUtil - adventureBossRankInfo is null
2023-11-24 12:04:00.500 [ScheduleThreadPool-test-thread-8] ERROR MessageUtil - adventureBossRankInfo is null
2023-11-24 12:04:00.805 [ScheduleThreadPool-test-thread-5] ERROR MessageUtil - adventureBossRankInfo is null
2023-11-24 12:04:01.013 [ScheduleThreadPool-test-thread-2] ERROR MessageUtil - adventureBossRankInfo is null
2023-11-24 12:05:00.373 [ScheduleThreadPool-test-thread-8] ERROR MessageUtil - adventureBossRankInfo is null
2023-11-24 12:05:00.430 [ScheduleThreadPool-test-thread-5] ERROR MessageUtil - adventureBossRankInfo is null
2023-11-24 12:05:00.509 [ScheduleThreadPool-test-thread-4] ERROR MessageUtil - adventureBossRankInfo is null
2023-11-24 12:05:00.805 [ScheduleThreadPool-test-thread-1] ERROR MessageUtil - adventureBossRankInfo is null
2023-11-24 12:05:01.004 [ScheduleThreadPool-test-thread-8] ERROR MessageUtil - adventureBossRankInfo is null
2023-11-24 12:06:00.484 [ScheduleThreadPool-test-thread-5] ERROR MessageUtil - adventureBossRankInfo is null
2023-11-24 12:06:00.484 [ScheduleThreadPool-test-thread-1] ERROR MessageUtil - adventureBossRankInfo is null
2023-11-24 12:06:00.515 [ScheduleThreadPool-test-thread-5] ERROR MessageUtil - adventureBossRankInfo is null
2023-11-24 12:06:01.061 [ScheduleThreadPool-test-thread-6] ERROR MessageUtil - adventureBossRankInfo is null
2023-11-24 12:06:07.449 [ScheduleThreadPool-test-thread-1] ERROR MessageUtil - adventureBossRankInfo is null
2023-11-24 12:07:00.520 [ScheduleThreadPool-test-thread-1] ERROR MessageUtil - adventureBossRankInfo is null
2023-11-24 12:07:00.520 [ScheduleThreadPool-test-thread-8] ERROR MessageUtil - adventureBossRankInfo is null
2023-11-24 12:07:00.520 [ScheduleThreadPool-test-thread-7] ERROR MessageUtil - adventureBossRankInfo is null
2023-11-24 12:07:00.533 [ScheduleThreadPool-test-thread-8] ERROR MessageUtil - adventureBossRankInfo is null
2023-11-24 12:07:01.012 [ScheduleThreadPool-test-thread-6] ERROR MessageUtil - adventureBossRankInfo is null
2023-11-24 12:08:00.368 [ScheduleThreadPool-test-thread-3] ERROR MessageUtil - adventureBossRankInfo is null
2023-11-24 12:08:00.389 [ScheduleThreadPool-test-thread-6] ERROR MessageUtil - adventureBossRankInfo is null
2023-11-24 12:08:00.428 [ScheduleThreadPool-test-thread-7] ERROR MessageUtil - adventureBossRankInfo is null
2023-11-24 12:08:00.507 [ScheduleThreadPool-test-thread-2] ERROR MessageUtil - adventureBossRankInfo is null
2023-11-24 12:08:01.014 [ScheduleThreadPool-test-thread-6] ERROR MessageUtil - adventureBossRankInfo is null
2023-11-24 12:09:00.401 [ScheduleThreadPool-test-thread-2] ERROR MessageUtil - adventureBossRankInfo is null
2023-11-24 12:09:00.401 [ScheduleThreadPool-test-thread-7] ERROR MessageUtil - adventureBossRankInfo is null
2023-11-24 12:09:00.432 [ScheduleThreadPool-test-thread-3] ERROR MessageUtil - adventureBossRankInfo is null
2023-11-24 12:09:00.505 [ScheduleThreadPool-test-thread-5] ERROR MessageUtil - adventureBossRankInfo is null
2023-11-24 12:09:01.020 [ScheduleThreadPool-test-thread-2] ERROR MessageUtil - adventureBossRankInfo is null
2023-11-24 12:10:00.369 [ScheduleThreadPool-test-thread-3] ERROR MessageUtil - adventureBossRankInfo is null
2023-11-24 12:10:00.388 [ScheduleThreadPool-test-thread-8] ERROR MessageUtil - adventureBossRankInfo is null
2023-11-24 12:10:00.428 [ScheduleThreadPool-test-thread-2] ERROR MessageUtil - adventureBossRankInfo is null
2023-11-24 12:10:00.507 [ScheduleThreadPool-test-thread-2] ERROR MessageUtil - adventureBossRankInfo is null
2023-11-24 12:10:01.011 [ScheduleThreadPool-test-thread-4] ERROR MessageUtil - adventureBossRankInfo is null
2023-11-24 12:11:00.359 [ScheduleThreadPool-test-thread-4] ERROR MessageUtil - adventureBossRankInfo is null
2023-11-24 12:11:00.389 [ScheduleThreadPool-test-thread-5] ERROR MessageUtil - adventureBossRankInfo is null
2023-11-24 12:11:00.428 [ScheduleThreadPool-test-thread-1] ERROR MessageUtil - adventureBossRankInfo is null
2023-11-24 12:11:00.506 [ScheduleThreadPool-test-thread-4] ERROR MessageUtil - adventureBossRankInfo is null
2023-11-24 12:11:01.010 [ScheduleThreadPool-test-thread-2] ERROR MessageUtil - adventureBossRankInfo is null
2023-11-24 12:12:00.358 [ScheduleThreadPool-test-thread-8] ERROR MessageUtil - adventureBossRankInfo is null
2023-11-24 12:12:00.386 [ScheduleThreadPool-test-thread-5] ERROR MessageUtil - adventureBossRankInfo is null
2023-11-24 12:12:00.437 [ScheduleThreadPool-test-thread-4] ERROR MessageUtil - adventureBossRankInfo is null
2023-11-24 12:12:00.504 [ScheduleThreadPool-test-thread-2] ERROR MessageUtil - adventureBossRankInfo is null
2023-11-24 12:12:01.011 [ScheduleThreadPool-test-thread-8] ERROR MessageUtil - adventureBossRankInfo is null
2023-11-24 12:13:00.357 [ScheduleThreadPool-test-thread-4] ERROR MessageUtil - adventureBossRankInfo is null
2023-11-24 12:13:00.388 [ScheduleThreadPool-test-thread-5] ERROR MessageUtil - adventureBossRankInfo is null
2023-11-24 12:13:00.427 [ScheduleThreadPool-test-thread-4] ERROR MessageUtil - adventureBossRankInfo is null
2023-11-24 12:13:00.505 [ScheduleThreadPool-test-thread-2] ERROR MessageUtil - adventureBossRankInfo is null
2023-11-24 12:13:01.015 [ScheduleThreadPool-test-thread-6] ERROR MessageUtil - adventureBossRankInfo is null
2023-11-24 12:14:00.362 [ScheduleThreadPool-test-thread-2] ERROR MessageUtil - adventureBossRankInfo is null
2023-11-24 12:14:00.389 [ScheduleThreadPool-test-thread-7] ERROR MessageUtil - adventureBossRankInfo is null
2023-11-24 12:14:00.427 [ScheduleThreadPool-test-thread-7] ERROR MessageUtil - adventureBossRankInfo is null
2023-11-24 12:14:00.510 [ScheduleThreadPool-test-thread-7] ERROR MessageUtil - adventureBossRankInfo is null
2023-11-24 12:14:01.015 [ScheduleThreadPool-test-thread-8] ERROR MessageUtil - adventureBossRankInfo is null
2023-11-24 12:15:00.356 [ScheduleThreadPool-test-thread-5] ERROR MessageUtil - adventureBossRankInfo is null
2023-11-24 12:15:00.390 [ScheduleThreadPool-test-thread-4] ERROR MessageUtil - adventureBossRankInfo is null
2023-11-24 12:15:00.427 [ScheduleThreadPool-test-thread-1] ERROR MessageUtil - adventureBossRankInfo is null
2023-11-24 12:15:00.508 [ScheduleThreadPool-test-thread-4] ERROR MessageUtil - adventureBossRankInfo is null
2023-11-24 12:15:01.013 [ScheduleThreadPool-test-thread-6] ERROR MessageUtil - adventureBossRankInfo is null
2023-11-24 12:16:00.360 [ScheduleThreadPool-test-thread-1] ERROR MessageUtil - adventureBossRankInfo is null
2023-11-24 12:16:00.394 [ScheduleThreadPool-test-thread-3] ERROR MessageUtil - adventureBossRankInfo is null
2023-11-24 12:16:00.427 [ScheduleThreadPool-test-thread-3] ERROR MessageUtil - adventureBossRankInfo is null
2023-11-24 12:16:00.509 [ScheduleThreadPool-test-thread-8] ERROR MessageUtil - adventureBossRankInfo is null
2023-11-24 12:16:01.012 [ScheduleThreadPool-test-thread-6] ERROR MessageUtil - adventureBossRankInfo is null
2023-11-24 12:17:00.357 [ScheduleThreadPool-test-thread-3] ERROR MessageUtil - adventureBossRankInfo is null
2023-11-24 12:17:00.388 [ScheduleThreadPool-test-thread-3] ERROR MessageUtil - adventureBossRankInfo is null
2023-11-24 12:17:00.426 [ScheduleThreadPool-test-thread-7] ERROR MessageUtil - adventureBossRankInfo is null
2023-11-24 12:17:00.509 [ScheduleThreadPool-test-thread-2] ERROR MessageUtil - adventureBossRankInfo is null
2023-11-24 12:17:01.022 [ScheduleThreadPool-test-thread-8] ERROR MessageUtil - adventureBossRankInfo is null
2023-11-24 12:18:00.359 [ScheduleThreadPool-test-thread-4] ERROR MessageUtil - adventureBossRankInfo is null
2023-11-24 12:18:00.390 [ScheduleThreadPool-test-thread-6] ERROR MessageUtil - adventureBossRankInfo is null
2023-11-24 12:18:00.429 [ScheduleThreadPool-test-thread-4] ERROR MessageUtil - adventureBossRankInfo is null
2023-11-24 12:18:00.507 [ScheduleThreadPool-test-thread-8] ERROR MessageUtil - adventureBossRankInfo is null
2023-11-24 12:18:01.011 [ScheduleThreadPool-test-thread-4] ERROR MessageUtil - adventureBossRankInfo is null
2023-11-24 12:19:00.360 [ScheduleThreadPool-test-thread-5] ERROR MessageUtil - adventureBossRankInfo is null
2023-11-24 12:19:00.392 [ScheduleThreadPool-test-thread-8] ERROR MessageUtil - adventureBossRankInfo is null
2023-11-24 12:19:00.431 [ScheduleThreadPool-test-thread-3] ERROR MessageUtil - adventureBossRankInfo is null
2023-11-24 12:19:00.507 [ScheduleThreadPool-test-thread-7] ERROR MessageUtil - adventureBossRankInfo is null
2023-11-24 12:19:01.014 [ScheduleThreadPool-test-thread-8] ERROR MessageUtil - adventureBossRankInfo is null
2023-11-24 12:20:00.362 [ScheduleThreadPool-test-thread-7] ERROR MessageUtil - adventureBossRankInfo is null
2023-11-24 12:20:00.392 [ScheduleThreadPool-test-thread-1] ERROR MessageUtil - adventureBossRankInfo is null
2023-11-24 12:20:00.432 [ScheduleThreadPool-test-thread-3] ERROR MessageUtil - adventureBossRankInfo is null
2023-11-24 12:20:00.512 [ScheduleThreadPool-test-thread-8] ERROR MessageUtil - adventureBossRankInfo is null
2023-11-24 12:20:01.015 [ScheduleThreadPool-test-thread-8] ERROR MessageUtil - adventureBossRankInfo is null
2023-11-24 12:21:00.362 [ScheduleThreadPool-test-thread-5] ERROR MessageUtil - adventureBossRankInfo is null
2023-11-24 12:21:00.387 [ScheduleThreadPool-test-thread-1] ERROR MessageUtil - adventureBossRankInfo is null
2023-11-24 12:21:00.432 [ScheduleThreadPool-test-thread-4] ERROR MessageUtil - adventureBossRankInfo is null
2023-11-24 12:21:00.510 [ScheduleThreadPool-test-thread-2] ERROR MessageUtil - adventureBossRankInfo is null
2023-11-24 12:21:01.016 [ScheduleThreadPool-test-thread-5] ERROR MessageUtil - adventureBossRankInfo is null
2023-11-24 12:22:00.361 [ScheduleThreadPool-test-thread-6] ERROR MessageUtil - adventureBossRankInfo is null
2023-11-24 12:22:00.391 [ScheduleThreadPool-test-thread-5] ERROR MessageUtil - adventureBossRankInfo is null
2023-11-24 12:22:00.429 [ScheduleThreadPool-test-thread-3] ERROR MessageUtil - adventureBossRankInfo is null
2023-11-24 12:22:00.508 [ScheduleThreadPool-test-thread-6] ERROR MessageUtil - adventureBossRankInfo is null
2023-11-24 12:22:01.009 [ScheduleThreadPool-test-thread-8] ERROR MessageUtil - adventureBossRankInfo is null
2023-11-24 12:23:00.358 [ScheduleThreadPool-test-thread-1] ERROR MessageUtil - adventureBossRankInfo is null
2023-11-24 12:23:00.393 [ScheduleThreadPool-test-thread-5] ERROR MessageUtil - adventureBossRankInfo is null
2023-11-24 12:23:00.435 [ScheduleThreadPool-test-thread-1] ERROR MessageUtil - adventureBossRankInfo is null
2023-11-24 12:23:00.512 [ScheduleThreadPool-test-thread-2] ERROR MessageUtil - adventureBossRankInfo is null
2023-11-24 12:23:01.015 [ScheduleThreadPool-test-thread-5] ERROR MessageUtil - adventureBossRankInfo is null
2023-11-24 12:24:00.363 [ScheduleThreadPool-test-thread-7] ERROR MessageUtil - adventureBossRankInfo is null
2023-11-24 12:24:00.392 [ScheduleThreadPool-test-thread-1] ERROR MessageUtil - adventureBossRankInfo is null
2023-11-24 12:24:00.427 [ScheduleThreadPool-test-thread-6] ERROR MessageUtil - adventureBossRankInfo is null
2023-11-24 12:24:00.508 [ScheduleThreadPool-test-thread-7] ERROR MessageUtil - adventureBossRankInfo is null
2023-11-24 12:24:01.010 [ScheduleThreadPool-test-thread-8] ERROR MessageUtil - adventureBossRankInfo is null
2023-11-24 12:25:00.364 [ScheduleThreadPool-test-thread-3] ERROR MessageUtil - adventureBossRankInfo is null
2023-11-24 12:25:00.393 [ScheduleThreadPool-test-thread-4] ERROR MessageUtil - adventureBossRankInfo is null
2023-11-24 12:25:00.426 [ScheduleThreadPool-test-thread-6] ERROR MessageUtil - adventureBossRankInfo is null
2023-11-24 12:25:00.510 [ScheduleThreadPool-test-thread-5] ERROR MessageUtil - adventureBossRankInfo is null
2023-11-24 12:25:01.024 [ScheduleThreadPool-test-thread-4] ERROR MessageUtil - adventureBossRankInfo is null
2023-11-24 12:26:00.359 [ScheduleThreadPool-test-thread-7] ERROR MessageUtil - adventureBossRankInfo is null
2023-11-24 12:26:00.390 [ScheduleThreadPool-test-thread-4] ERROR MessageUtil - adventureBossRankInfo is null
2023-11-24 12:26:00.429 [ScheduleThreadPool-test-thread-6] ERROR MessageUtil - adventureBossRankInfo is null
2023-11-24 12:26:00.506 [ScheduleThreadPool-test-thread-7] ERROR MessageUtil - adventureBossRankInfo is null
2023-11-24 12:26:01.008 [ScheduleThreadPool-test-thread-2] ERROR MessageUtil - adventureBossRankInfo is null
2023-11-24 12:27:00.114 [ScheduleThreadPool-test-thread-7] ERROR MessageUtil - adventureBossRankInfo is null
2023-11-24 12:27:00.392 [ScheduleThreadPool-test-thread-6] ERROR MessageUtil - adventureBossRankInfo is null
2023-11-24 12:27:00.400 [ScheduleThreadPool-test-thread-8] ERROR MessageUtil - adventureBossRankInfo is null
2023-11-24 12:27:00.432 [ScheduleThreadPool-test-thread-3] ERROR MessageUtil - adventureBossRankInfo is null
2023-11-24 12:27:01.010 [ScheduleThreadPool-test-thread-1] ERROR MessageUtil - adventureBossRankInfo is null
2023-11-24 12:28:00.069 [ScheduleThreadPool-test-thread-8] ERROR MessageUtil - adventureBossRankInfo is null
2023-11-24 12:28:00.361 [ScheduleThreadPool-test-thread-7] ERROR MessageUtil - adventureBossRankInfo is null
2023-11-24 12:28:00.388 [ScheduleThreadPool-test-thread-4] ERROR MessageUtil - adventureBossRankInfo is null
2023-11-24 12:28:00.430 [ScheduleThreadPool-test-thread-5] ERROR MessageUtil - adventureBossRankInfo is null
2023-11-24 12:28:01.011 [ScheduleThreadPool-test-thread-1] ERROR MessageUtil - adventureBossRankInfo is null
2023-11-24 12:29:00.093 [ScheduleThreadPool-test-thread-8] ERROR MessageUtil - adventureBossRankInfo is null
2023-11-24 12:29:00.359 [ScheduleThreadPool-test-thread-8] ERROR MessageUtil - adventureBossRankInfo is null
2023-11-24 12:29:00.390 [ScheduleThreadPool-test-thread-3] ERROR MessageUtil - adventureBossRankInfo is null
2023-11-24 12:29:00.428 [ScheduleThreadPool-test-thread-6] ERROR MessageUtil - adventureBossRankInfo is null
2023-11-24 12:29:01.012 [ScheduleThreadPool-test-thread-3] ERROR MessageUtil - adventureBossRankInfo is null
2023-11-24 12:30:00.062 [ScheduleThreadPool-test-thread-1] ERROR MessageUtil - adventureBossRankInfo is null
2023-11-24 12:30:00.357 [ScheduleThreadPool-test-thread-5] ERROR MessageUtil - adventureBossRankInfo is null
2023-11-24 12:30:00.392 [ScheduleThreadPool-test-thread-8] ERROR MessageUtil - adventureBossRankInfo is null
2023-11-24 12:30:00.425 [ScheduleThreadPool-test-thread-7] ERROR MessageUtil - adventureBossRankInfo is null
2023-11-24 12:30:01.009 [ScheduleThreadPool-test-thread-1] ERROR MessageUtil - adventureBossRankInfo is null
2023-11-24 12:31:00.078 [ScheduleThreadPool-test-thread-8] ERROR MessageUtil - adventureBossRankInfo is null
2023-11-24 12:31:00.357 [ScheduleThreadPool-test-thread-7] ERROR MessageUtil - adventureBossRankInfo is null
2023-11-24 12:31:00.388 [ScheduleThreadPool-test-thread-4] ERROR MessageUtil - adventureBossRankInfo is null
2023-11-24 12:31:00.427 [ScheduleThreadPool-test-thread-6] ERROR MessageUtil - adventureBossRankInfo is null
2023-11-24 12:31:01.011 [ScheduleThreadPool-test-thread-5] ERROR MessageUtil - adventureBossRankInfo is null
2023-11-24 12:32:00.047 [ScheduleThreadPool-test-thread-2] ERROR MessageUtil - adventureBossRankInfo is null
2023-11-24 12:32:00.361 [ScheduleThreadPool-test-thread-4] ERROR MessageUtil - adventureBossRankInfo is null
2023-11-24 12:32:00.389 [ScheduleThreadPool-test-thread-4] ERROR MessageUtil - adventureBossRankInfo is null
2023-11-24 12:32:00.423 [ScheduleThreadPool-test-thread-7] ERROR MessageUtil - adventureBossRankInfo is null
2023-11-24 12:32:01.021 [ScheduleThreadPool-test-thread-1] ERROR MessageUtil - adventureBossRankInfo is null
2023-11-24 12:33:00.045 [ScheduleThreadPool-test-thread-5] ERROR MessageUtil - adventureBossRankInfo is null
2023-11-24 12:33:00.359 [ScheduleThreadPool-test-thread-3] ERROR MessageUtil - adventureBossRankInfo is null
2023-11-24 12:33:00.387 [ScheduleThreadPool-test-thread-3] ERROR MessageUtil - adventureBossRankInfo is null
2023-11-24 12:33:00.425 [ScheduleThreadPool-test-thread-1] ERROR MessageUtil - adventureBossRankInfo is null
2023-11-24 12:33:01.012 [ScheduleThreadPool-test-thread-8] ERROR MessageUtil - adventureBossRankInfo is null
2023-11-24 12:34:00.047 [ScheduleThreadPool-test-thread-6] ERROR MessageUtil - adventureBossRankInfo is null
2023-11-24 12:34:00.358 [ScheduleThreadPool-test-thread-5] ERROR MessageUtil - adventureBossRankInfo is null
2023-11-24 12:34:00.392 [ScheduleThreadPool-test-thread-4] ERROR MessageUtil - adventureBossRankInfo is null
2023-11-24 12:34:00.423 [ScheduleThreadPool-test-thread-7] ERROR MessageUtil - adventureBossRankInfo is null
2023-11-24 12:34:01.009 [ScheduleThreadPool-test-thread-2] ERROR MessageUtil - adventureBossRankInfo is null
2023-11-24 12:35:00.048 [ScheduleThreadPool-test-thread-2] ERROR MessageUtil - adventureBossRankInfo is null
2023-11-24 12:35:00.360 [ScheduleThreadPool-test-thread-5] ERROR MessageUtil - adventureBossRankInfo is null
2023-11-24 12:35:00.388 [ScheduleThreadPool-test-thread-5] ERROR MessageUtil - adventureBossRankInfo is null
2023-11-24 12:35:00.428 [ScheduleThreadPool-test-thread-4] ERROR MessageUtil - adventureBossRankInfo is null
2023-11-24 12:35:01.004 [ScheduleThreadPool-test-thread-1] ERROR MessageUtil - adventureBossRankInfo is null
2023-11-24 12:36:00.054 [ScheduleThreadPool-test-thread-7] ERROR MessageUtil - adventureBossRankInfo is null
2023-11-24 12:36:00.358 [ScheduleThreadPool-test-thread-1] ERROR MessageUtil - adventureBossRankInfo is null
2023-11-24 12:36:00.389 [ScheduleThreadPool-test-thread-8] ERROR MessageUtil - adventureBossRankInfo is null
2023-11-24 12:36:00.430 [ScheduleThreadPool-test-thread-6] ERROR MessageUtil - adventureBossRankInfo is null
2023-11-24 12:36:01.016 [ScheduleThreadPool-test-thread-3] ERROR MessageUtil - adventureBossRankInfo is null
2023-11-24 12:37:00.051 [ScheduleThreadPool-test-thread-2] ERROR MessageUtil - adventureBossRankInfo is null
2023-11-24 12:37:00.358 [ScheduleThreadPool-test-thread-5] ERROR MessageUtil - adventureBossRankInfo is null
2023-11-24 12:37:00.389 [ScheduleThreadPool-test-thread-3] ERROR MessageUtil - adventureBossRankInfo is null
2023-11-24 12:37:00.426 [ScheduleThreadPool-test-thread-6] ERROR MessageUtil - adventureBossRankInfo is null
2023-11-24 12:37:01.012 [ScheduleThreadPool-test-thread-3] ERROR MessageUtil - adventureBossRankInfo is null
2023-11-24 12:38:00.143 [ScheduleThreadPool-test-thread-8] ERROR MessageUtil - adventureBossRankInfo is null
2023-11-24 12:38:00.359 [ScheduleThreadPool-test-thread-4] ERROR MessageUtil - adventureBossRankInfo is null
2023-11-24 12:38:00.390 [ScheduleThreadPool-test-thread-5] ERROR MessageUtil - adventureBossRankInfo is null
2023-11-24 12:38:00.851 [ScheduleThreadPool-test-thread-2] ERROR MessageUtil - adventureBossRankInfo is null
2023-11-24 12:38:01.032 [ScheduleThreadPool-test-thread-3] ERROR MessageUtil - adventureBossRankInfo is null
2023-11-24 12:39:00.099 [ScheduleThreadPool-test-thread-8] ERROR MessageUtil - adventureBossRankInfo is null
2023-11-24 12:39:00.358 [ScheduleThreadPool-test-thread-3] ERROR MessageUtil - adventureBossRankInfo is null
2023-11-24 12:39:00.391 [ScheduleThreadPool-test-thread-8] ERROR MessageUtil - adventureBossRankInfo is null
2023-11-24 12:39:00.850 [ScheduleThreadPool-test-thread-4] ERROR MessageUtil - adventureBossRankInfo is null
2023-11-24 12:39:01.012 [ScheduleThreadPool-test-thread-8] ERROR MessageUtil - adventureBossRankInfo is null
2023-11-24 12:40:00.077 [ScheduleThreadPool-test-thread-1] ERROR MessageUtil - adventureBossRankInfo is null
2023-11-24 12:40:00.357 [ScheduleThreadPool-test-thread-3] ERROR MessageUtil - adventureBossRankInfo is null
2023-11-24 12:40:00.394 [ScheduleThreadPool-test-thread-8] ERROR MessageUtil - adventureBossRankInfo is null
2023-11-24 12:40:00.855 [ScheduleThreadPool-test-thread-2] ERROR MessageUtil - adventureBossRankInfo is null
2023-11-24 12:40:01.012 [ScheduleThreadPool-test-thread-2] ERROR MessageUtil - adventureBossRankInfo is null
2023-11-24 12:41:00.060 [ScheduleThreadPool-test-thread-2] ERROR MessageUtil - adventureBossRankInfo is null
2023-11-24 12:41:00.362 [ScheduleThreadPool-test-thread-8] ERROR MessageUtil - adventureBossRankInfo is null
2023-11-24 12:41:00.390 [ScheduleThreadPool-test-thread-5] ERROR MessageUtil - adventureBossRankInfo is null
2023-11-24 12:41:00.849 [ScheduleThreadPool-test-thread-8] ERROR MessageUtil - adventureBossRankInfo is null
2023-11-24 12:41:01.010 [ScheduleThreadPool-test-thread-7] ERROR MessageUtil - adventureBossRankInfo is null
2023-11-24 12:42:00.045 [ScheduleThreadPool-test-thread-6] ERROR MessageUtil - adventureBossRankInfo is null
2023-11-24 12:42:00.357 [ScheduleThreadPool-test-thread-7] ERROR MessageUtil - adventureBossRankInfo is null
2023-11-24 12:42:00.389 [ScheduleThreadPool-test-thread-3] ERROR MessageUtil - adventureBossRankInfo is null
2023-11-24 12:42:00.848 [ScheduleThreadPool-test-thread-4] ERROR MessageUtil - adventureBossRankInfo is null
2023-11-24 12:42:01.012 [ScheduleThreadPool-test-thread-2] ERROR MessageUtil - adventureBossRankInfo is null
2023-11-24 12:43:00.048 [ScheduleThreadPool-test-thread-8] ERROR MessageUtil - adventureBossRankInfo is null
2023-11-24 12:43:00.358 [ScheduleThreadPool-test-thread-2] ERROR MessageUtil - adventureBossRankInfo is null
2023-11-24 12:43:00.389 [ScheduleThreadPool-test-thread-7] ERROR MessageUtil - adventureBossRankInfo is null
2023-11-24 12:43:00.848 [ScheduleThreadPool-test-thread-6] ERROR MessageUtil - adventureBossRankInfo is null
2023-11-24 12:43:01.011 [ScheduleThreadPool-test-thread-2] ERROR MessageUtil - adventureBossRankInfo is null
2023-11-24 12:44:00.051 [ScheduleThreadPool-test-thread-8] ERROR MessageUtil - adventureBossRankInfo is null
2023-11-24 12:44:00.358 [ScheduleThreadPool-test-thread-3] ERROR MessageUtil - adventureBossRankInfo is null
2023-11-24 12:44:00.387 [ScheduleThreadPool-test-thread-8] ERROR MessageUtil - adventureBossRankInfo is null
2023-11-24 12:44:00.849 [ScheduleThreadPool-test-thread-6] ERROR MessageUtil - adventureBossRankInfo is null
2023-11-24 12:44:01.011 [ScheduleThreadPool-test-thread-1] ERROR MessageUtil - adventureBossRankInfo is null
2023-11-24 12:45:00.052 [ScheduleThreadPool-test-thread-6] ERROR MessageUtil - adventureBossRankInfo is null
2023-11-24 12:45:00.358 [ScheduleThreadPool-test-thread-3] ERROR MessageUtil - adventureBossRankInfo is null
2023-11-24 12:45:00.390 [ScheduleThreadPool-test-thread-4] ERROR MessageUtil - adventureBossRankInfo is null
2023-11-24 12:45:00.856 [ScheduleThreadPool-test-thread-2] ERROR MessageUtil - adventureBossRankInfo is null
2023-11-24 12:45:01.011 [ScheduleThreadPool-test-thread-5] ERROR MessageUtil - adventureBossRankInfo is null
2023-11-24 12:46:00.052 [ScheduleThreadPool-test-thread-1] ERROR MessageUtil - adventureBossRankInfo is null
2023-11-24 12:46:00.362 [ScheduleThreadPool-test-thread-5] ERROR MessageUtil - adventureBossRankInfo is null
2023-11-24 12:46:00.393 [ScheduleThreadPool-test-thread-1] ERROR MessageUtil - adventureBossRankInfo is null
2023-11-24 12:46:00.851 [ScheduleThreadPool-test-thread-3] ERROR MessageUtil - adventureBossRankInfo is null
2023-11-24 12:46:01.014 [ScheduleThreadPool-test-thread-4] ERROR MessageUtil - adventureBossRankInfo is null
2023-11-24 12:47:00.053 [ScheduleThreadPool-test-thread-5] ERROR MessageUtil - adventureBossRankInfo is null
2023-11-24 12:47:00.361 [ScheduleThreadPool-test-thread-1] ERROR MessageUtil - adventureBossRankInfo is null
2023-11-24 12:47:00.390 [ScheduleThreadPool-test-thread-3] ERROR MessageUtil - adventureBossRankInfo is null
2023-11-24 12:47:00.854 [ScheduleThreadPool-test-thread-3] ERROR MessageUtil - adventureBossRankInfo is null
2023-11-24 12:47:01.014 [ScheduleThreadPool-test-thread-2] ERROR MessageUtil - adventureBossRankInfo is null
2023-11-24 12:48:00.050 [ScheduleThreadPool-test-thread-1] ERROR MessageUtil - adventureBossRankInfo is null
2023-11-24 12:48:00.362 [ScheduleThreadPool-test-thread-7] ERROR MessageUtil - adventureBossRankInfo is null
2023-11-24 12:48:00.390 [ScheduleThreadPool-test-thread-4] ERROR MessageUtil - adventureBossRankInfo is null
2023-11-24 12:48:00.856 [ScheduleThreadPool-test-thread-7] ERROR MessageUtil - adventureBossRankInfo is null
2023-11-24 12:48:01.014 [ScheduleThreadPool-test-thread-1] ERROR MessageUtil - adventureBossRankInfo is null
2023-11-24 12:49:00.046 [ScheduleThreadPool-test-thread-4] ERROR MessageUtil - adventureBossRankInfo is null
2023-11-24 12:49:00.362 [ScheduleThreadPool-test-thread-1] ERROR MessageUtil - adventureBossRankInfo is null
2023-11-24 12:49:00.390 [ScheduleThreadPool-test-thread-3] ERROR MessageUtil - adventureBossRankInfo is null
2023-11-24 12:49:00.853 [ScheduleThreadPool-test-thread-8] ERROR MessageUtil - adventureBossRankInfo is null
2023-11-24 12:49:01.013 [ScheduleThreadPool-test-thread-1] ERROR MessageUtil - adventureBossRankInfo is null
2023-11-24 12:50:00.050 [ScheduleThreadPool-test-thread-2] ERROR MessageUtil - adventureBossRankInfo is null
2023-11-24 12:50:00.361 [ScheduleThreadPool-test-thread-4] ERROR MessageUtil - adventureBossRankInfo is null
2023-11-24 12:50:00.394 [ScheduleThreadPool-test-thread-7] ERROR MessageUtil - adventureBossRankInfo is null
2023-11-24 12:50:00.853 [ScheduleThreadPool-test-thread-3] ERROR MessageUtil - adventureBossRankInfo is null
2023-11-24 12:50:01.015 [ScheduleThreadPool-test-thread-7] ERROR MessageUtil - adventureBossRankInfo is null
2023-11-24 12:51:00.141 [ScheduleThreadPool-test-thread-4] ERROR MessageUtil - adventureBossRankInfo is null
2023-11-24 12:51:00.396 [ScheduleThreadPool-test-thread-2] ERROR MessageUtil - adventureBossRankInfo is null
2023-11-24 12:51:00.856 [ScheduleThreadPool-test-thread-6] ERROR MessageUtil - adventureBossRankInfo is null
2023-11-24 12:51:01.041 [ScheduleThreadPool-test-thread-5] ERROR MessageUtil - adventureBossRankInfo is null
2023-11-24 12:51:50.115 [ScheduleThreadPool-test-thread-7] ERROR MessageUtil - adventureBossRankInfo is null
2023-11-24 12:52:00.141 [ScheduleThreadPool-test-thread-7] ERROR MessageUtil - adventureBossRankInfo is null
2023-11-24 12:52:00.394 [ScheduleThreadPool-test-thread-5] ERROR MessageUtil - adventureBossRankInfo is null
2023-11-24 12:52:00.849 [ScheduleThreadPool-test-thread-3] ERROR MessageUtil - adventureBossRankInfo is null
2023-11-24 12:52:00.916 [ScheduleThreadPool-test-thread-2] ERROR MessageUtil - adventureBossRankInfo is null
2023-11-24 12:52:01.017 [ScheduleThreadPool-test-thread-6] ERROR MessageUtil - adventureBossRankInfo is null
2023-11-24 12:53:00.095 [ScheduleThreadPool-test-thread-1] ERROR MessageUtil - adventureBossRankInfo is null
2023-11-24 12:53:00.395 [ScheduleThreadPool-test-thread-3] ERROR MessageUtil - adventureBossRankInfo is null
2023-11-24 12:53:00.852 [ScheduleThreadPool-test-thread-3] ERROR MessageUtil - adventureBossRankInfo is null
2023-11-24 12:53:00.922 [ScheduleThreadPool-test-thread-5] ERROR MessageUtil - adventureBossRankInfo is null
2023-11-24 12:53:01.031 [ScheduleThreadPool-test-thread-3] ERROR MessageUtil - adventureBossRankInfo is null
2023-11-24 12:53:17.058 [ScheduleThreadPool-test-thread-3] ERROR SecondsTask - e
org.springframework.data.redis.RedisConnectionFailureException: java.net.SocketTimeoutException: Read timed out; nested exception is redis.clients.jedis.exceptions.JedisConnectionException: java.net.SocketTimeoutException: Read timed out
	at org.springframework.data.redis.connection.jedis.JedisExceptionConverter.convert(JedisExceptionConverter.java:67)
	at org.springframework.data.redis.connection.jedis.JedisExceptionConverter.convert(JedisExceptionConverter.java:41)
	at org.springframework.data.redis.PassThroughExceptionTranslationStrategy.translate(PassThroughExceptionTranslationStrategy.java:37)
	at org.springframework.data.redis.FallbackExceptionTranslationStrategy.translate(FallbackExceptionTranslationStrategy.java:37)
	at org.springframework.data.redis.connection.jedis.JedisConnection.convertJedisAccessException(JedisConnection.java:241)
	at org.springframework.data.redis.connection.jedis.JedisConnection.hGetAll(JedisConnection.java:3001)
	at org.springframework.data.redis.connection.DefaultStringRedisConnection.hGetAll(DefaultStringRedisConnection.java:372)
	at org.springframework.data.redis.core.DefaultHashOperations$13.doInRedis(DefaultHashOperations.java:223)
	at org.springframework.data.redis.core.DefaultHashOperations$13.doInRedis(DefaultHashOperations.java:220)
	at org.springframework.data.redis.core.RedisTemplate.execute(RedisTemplate.java:207)
	at org.springframework.data.redis.core.RedisTemplate.execute(RedisTemplate.java:169)
	at org.springframework.data.redis.core.AbstractOperations.execute(AbstractOperations.java:91)
	at org.springframework.data.redis.core.DefaultHashOperations.entries(DefaultHashOperations.java:220)
	at com.ljsd.jieling.db.redis.RedisUtil.getMapValues(RedisUtil.java:1401)
	at com.ljsd.jieling.logic.championship.ChampionshipLogic.minuteCheck(ChampionshipLogic.java:1414)
	at com.ljsd.jieling.thread.task.SecondsTask.run(SecondsTask.java:21)
	at java.util.concurrent.Executors$RunnableAdapter.call(Executors.java:511)
	at java.util.concurrent.FutureTask.runAndReset(FutureTask.java:308)
	at java.util.concurrent.ScheduledThreadPoolExecutor$ScheduledFutureTask.access$301(ScheduledThreadPoolExecutor.java:180)
	at java.util.concurrent.ScheduledThreadPoolExecutor$ScheduledFutureTask.run(ScheduledThreadPoolExecutor.java:294)
	at java.util.concurrent.ThreadPoolExecutor.runWorker(ThreadPoolExecutor.java:1149)
	at java.util.concurrent.ThreadPoolExecutor$Worker.run(ThreadPoolExecutor.java:624)
	at java.lang.Thread.run(Thread.java:750)
Caused by: redis.clients.jedis.exceptions.JedisConnectionException: java.net.SocketTimeoutException: Read timed out
	at redis.clients.util.RedisInputStream.ensureFill(RedisInputStream.java:202)
	at redis.clients.util.RedisInputStream.readByte(RedisInputStream.java:40)
	at redis.clients.jedis.Protocol.process(Protocol.java:151)
	at redis.clients.jedis.Protocol.read(Protocol.java:215)
	at redis.clients.jedis.Connection.readProtocolWithCheckingBroken(Connection.java:340)
	at redis.clients.jedis.Connection.getBinaryMultiBulkReply(Connection.java:276)
	at redis.clients.jedis.BinaryJedis.hgetAll(BinaryJedis.java:1028)
	at org.springframework.data.redis.connection.jedis.JedisConnection.hGetAll(JedisConnection.java:2999)
	... 17 common frames omitted
Caused by: java.net.SocketTimeoutException: Read timed out
	at java.net.SocketInputStream.socketRead0(Native Method)
	at java.net.SocketInputStream.socketRead(SocketInputStream.java:116)
	at java.net.SocketInputStream.read(SocketInputStream.java:171)
	at java.net.SocketInputStream.read(SocketInputStream.java:141)
	at java.net.SocketInputStream.read(SocketInputStream.java:127)
	at redis.clients.util.RedisInputStream.ensureFill(RedisInputStream.java:196)
	... 24 common frames omitted
2023-11-24 12:53:17.141 [ScheduleThreadPool-test-thread-6] ERROR SecondsTask - e
org.springframework.data.redis.RedisConnectionFailureException: java.net.SocketTimeoutException: Read timed out; nested exception is redis.clients.jedis.exceptions.JedisConnectionException: java.net.SocketTimeoutException: Read timed out
	at org.springframework.data.redis.connection.jedis.JedisExceptionConverter.convert(JedisExceptionConverter.java:67)
	at org.springframework.data.redis.connection.jedis.JedisExceptionConverter.convert(JedisExceptionConverter.java:41)
	at org.springframework.data.redis.PassThroughExceptionTranslationStrategy.translate(PassThroughExceptionTranslationStrategy.java:37)
	at org.springframework.data.redis.FallbackExceptionTranslationStrategy.translate(FallbackExceptionTranslationStrategy.java:37)
	at org.springframework.data.redis.connection.jedis.JedisConnection.convertJedisAccessException(JedisConnection.java:241)
	at org.springframework.data.redis.connection.jedis.JedisConnection.hGetAll(JedisConnection.java:3001)
	at org.springframework.data.redis.connection.DefaultStringRedisConnection.hGetAll(DefaultStringRedisConnection.java:372)
	at org.springframework.data.redis.core.DefaultHashOperations$13.doInRedis(DefaultHashOperations.java:223)
	at org.springframework.data.redis.core.DefaultHashOperations$13.doInRedis(DefaultHashOperations.java:220)
	at org.springframework.data.redis.core.RedisTemplate.execute(RedisTemplate.java:207)
	at org.springframework.data.redis.core.RedisTemplate.execute(RedisTemplate.java:169)
	at org.springframework.data.redis.core.AbstractOperations.execute(AbstractOperations.java:91)
	at org.springframework.data.redis.core.DefaultHashOperations.entries(DefaultHashOperations.java:220)
	at com.ljsd.jieling.db.redis.RedisUtil.getMapValues(RedisUtil.java:1401)
	at com.ljsd.jieling.logic.championship.ChampionshipLogic.minuteCheck(ChampionshipLogic.java:1414)
	at com.ljsd.jieling.thread.task.SecondsTask.run(SecondsTask.java:21)
	at java.util.concurrent.Executors$RunnableAdapter.call(Executors.java:511)
	at java.util.concurrent.FutureTask.runAndReset(FutureTask.java:308)
	at java.util.concurrent.ScheduledThreadPoolExecutor$ScheduledFutureTask.access$301(ScheduledThreadPoolExecutor.java:180)
	at java.util.concurrent.ScheduledThreadPoolExecutor$ScheduledFutureTask.run(ScheduledThreadPoolExecutor.java:294)
	at java.util.concurrent.ThreadPoolExecutor.runWorker(ThreadPoolExecutor.java:1149)
	at java.util.concurrent.ThreadPoolExecutor$Worker.run(ThreadPoolExecutor.java:624)
	at java.lang.Thread.run(Thread.java:750)
Caused by: redis.clients.jedis.exceptions.JedisConnectionException: java.net.SocketTimeoutException: Read timed out
	at redis.clients.util.RedisInputStream.ensureFill(RedisInputStream.java:202)
	at redis.clients.util.RedisInputStream.readByte(RedisInputStream.java:40)
	at redis.clients.jedis.Protocol.process(Protocol.java:151)
	at redis.clients.jedis.Protocol.read(Protocol.java:215)
	at redis.clients.jedis.Connection.readProtocolWithCheckingBroken(Connection.java:340)
	at redis.clients.jedis.Connection.getBinaryMultiBulkReply(Connection.java:276)
	at redis.clients.jedis.BinaryJedis.hgetAll(BinaryJedis.java:1028)
	at org.springframework.data.redis.connection.jedis.JedisConnection.hGetAll(JedisConnection.java:2999)
	... 17 common frames omitted
Caused by: java.net.SocketTimeoutException: Read timed out
	at java.net.SocketInputStream.socketRead0(Native Method)
	at java.net.SocketInputStream.socketRead(SocketInputStream.java:116)
	at java.net.SocketInputStream.read(SocketInputStream.java:171)
	at java.net.SocketInputStream.read(SocketInputStream.java:141)
	at java.net.SocketInputStream.read(SocketInputStream.java:127)
	at redis.clients.util.RedisInputStream.ensureFill(RedisInputStream.java:196)
	... 24 common frames omitted
2023-11-24 12:53:17.149 [ScheduleThreadPool-test-thread-4] ERROR SecondsTask - e
org.springframework.data.redis.RedisConnectionFailureException: java.net.SocketTimeoutException: Read timed out; nested exception is redis.clients.jedis.exceptions.JedisConnectionException: java.net.SocketTimeoutException: Read timed out
	at org.springframework.data.redis.connection.jedis.JedisExceptionConverter.convert(JedisExceptionConverter.java:67)
	at org.springframework.data.redis.connection.jedis.JedisExceptionConverter.convert(JedisExceptionConverter.java:41)
	at org.springframework.data.redis.PassThroughExceptionTranslationStrategy.translate(PassThroughExceptionTranslationStrategy.java:37)
	at org.springframework.data.redis.FallbackExceptionTranslationStrategy.translate(FallbackExceptionTranslationStrategy.java:37)
	at org.springframework.data.redis.connection.jedis.JedisConnection.convertJedisAccessException(JedisConnection.java:241)
	at org.springframework.data.redis.connection.jedis.JedisConnection.hGetAll(JedisConnection.java:3001)
	at org.springframework.data.redis.connection.DefaultStringRedisConnection.hGetAll(DefaultStringRedisConnection.java:372)
	at org.springframework.data.redis.core.DefaultHashOperations$13.doInRedis(DefaultHashOperations.java:223)
	at org.springframework.data.redis.core.DefaultHashOperations$13.doInRedis(DefaultHashOperations.java:220)
	at org.springframework.data.redis.core.RedisTemplate.execute(RedisTemplate.java:207)
	at org.springframework.data.redis.core.RedisTemplate.execute(RedisTemplate.java:169)
	at org.springframework.data.redis.core.AbstractOperations.execute(AbstractOperations.java:91)
	at org.springframework.data.redis.core.DefaultHashOperations.entries(DefaultHashOperations.java:220)
	at com.ljsd.jieling.db.redis.RedisUtil.getMapValues(RedisUtil.java:1401)
	at com.ljsd.jieling.logic.championship.ChampionshipLogic.minuteCheck(ChampionshipLogic.java:1414)
	at com.ljsd.jieling.thread.task.SecondsTask.run(SecondsTask.java:21)
	at java.util.concurrent.Executors$RunnableAdapter.call(Executors.java:511)
	at java.util.concurrent.FutureTask.runAndReset(FutureTask.java:308)
	at java.util.concurrent.ScheduledThreadPoolExecutor$ScheduledFutureTask.access$301(ScheduledThreadPoolExecutor.java:180)
	at java.util.concurrent.ScheduledThreadPoolExecutor$ScheduledFutureTask.run(ScheduledThreadPoolExecutor.java:294)
	at java.util.concurrent.ThreadPoolExecutor.runWorker(ThreadPoolExecutor.java:1149)
	at java.util.concurrent.ThreadPoolExecutor$Worker.run(ThreadPoolExecutor.java:624)
	at java.lang.Thread.run(Thread.java:750)
Caused by: redis.clients.jedis.exceptions.JedisConnectionException: java.net.SocketTimeoutException: Read timed out
	at redis.clients.util.RedisInputStream.ensureFill(RedisInputStream.java:202)
	at redis.clients.util.RedisInputStream.readByte(RedisInputStream.java:40)
	at redis.clients.jedis.Protocol.process(Protocol.java:151)
	at redis.clients.jedis.Protocol.read(Protocol.java:215)
	at redis.clients.jedis.Connection.readProtocolWithCheckingBroken(Connection.java:340)
	at redis.clients.jedis.Connection.getBinaryMultiBulkReply(Connection.java:276)
	at redis.clients.jedis.BinaryJedis.hgetAll(BinaryJedis.java:1028)
	at org.springframework.data.redis.connection.jedis.JedisConnection.hGetAll(JedisConnection.java:2999)
	... 17 common frames omitted
Caused by: java.net.SocketTimeoutException: Read timed out
	at java.net.SocketInputStream.socketRead0(Native Method)
	at java.net.SocketInputStream.socketRead(SocketInputStream.java:116)
	at java.net.SocketInputStream.read(SocketInputStream.java:171)
	at java.net.SocketInputStream.read(SocketInputStream.java:141)
	at java.net.SocketInputStream.read(SocketInputStream.java:127)
	at redis.clients.util.RedisInputStream.ensureFill(RedisInputStream.java:196)
	... 24 common frames omitted
2023-11-24 12:53:17.201 [ScheduleThreadPool-test-thread-1] ERROR SecondsTask - e
org.springframework.data.redis.RedisConnectionFailureException: java.net.SocketTimeoutException: Read timed out; nested exception is redis.clients.jedis.exceptions.JedisConnectionException: java.net.SocketTimeoutException: Read timed out
	at org.springframework.data.redis.connection.jedis.JedisExceptionConverter.convert(JedisExceptionConverter.java:67)
	at org.springframework.data.redis.connection.jedis.JedisExceptionConverter.convert(JedisExceptionConverter.java:41)
	at org.springframework.data.redis.PassThroughExceptionTranslationStrategy.translate(PassThroughExceptionTranslationStrategy.java:37)
	at org.springframework.data.redis.FallbackExceptionTranslationStrategy.translate(FallbackExceptionTranslationStrategy.java:37)
	at org.springframework.data.redis.connection.jedis.JedisConnection.convertJedisAccessException(JedisConnection.java:241)
	at org.springframework.data.redis.connection.jedis.JedisConnection.hGetAll(JedisConnection.java:3001)
	at org.springframework.data.redis.connection.DefaultStringRedisConnection.hGetAll(DefaultStringRedisConnection.java:372)
	at org.springframework.data.redis.core.DefaultHashOperations$13.doInRedis(DefaultHashOperations.java:223)
	at org.springframework.data.redis.core.DefaultHashOperations$13.doInRedis(DefaultHashOperations.java:220)
	at org.springframework.data.redis.core.RedisTemplate.execute(RedisTemplate.java:207)
	at org.springframework.data.redis.core.RedisTemplate.execute(RedisTemplate.java:169)
	at org.springframework.data.redis.core.AbstractOperations.execute(AbstractOperations.java:91)
	at org.springframework.data.redis.core.DefaultHashOperations.entries(DefaultHashOperations.java:220)
	at com.ljsd.jieling.db.redis.RedisUtil.getMapValues(RedisUtil.java:1401)
	at com.ljsd.jieling.logic.championship.ChampionshipLogic.minuteCheck(ChampionshipLogic.java:1414)
	at com.ljsd.jieling.thread.task.SecondsTask.run(SecondsTask.java:21)
	at java.util.concurrent.Executors$RunnableAdapter.call(Executors.java:511)
	at java.util.concurrent.FutureTask.runAndReset(FutureTask.java:308)
	at java.util.concurrent.ScheduledThreadPoolExecutor$ScheduledFutureTask.access$301(ScheduledThreadPoolExecutor.java:180)
	at java.util.concurrent.ScheduledThreadPoolExecutor$ScheduledFutureTask.run(ScheduledThreadPoolExecutor.java:294)
	at java.util.concurrent.ThreadPoolExecutor.runWorker(ThreadPoolExecutor.java:1149)
	at java.util.concurrent.ThreadPoolExecutor$Worker.run(ThreadPoolExecutor.java:624)
	at java.lang.Thread.run(Thread.java:750)
Caused by: redis.clients.jedis.exceptions.JedisConnectionException: java.net.SocketTimeoutException: Read timed out
	at redis.clients.util.RedisInputStream.ensureFill(RedisInputStream.java:202)
	at redis.clients.util.RedisInputStream.readByte(RedisInputStream.java:40)
	at redis.clients.jedis.Protocol.process(Protocol.java:151)
	at redis.clients.jedis.Protocol.read(Protocol.java:215)
	at redis.clients.jedis.Connection.readProtocolWithCheckingBroken(Connection.java:340)
	at redis.clients.jedis.Connection.getBinaryMultiBulkReply(Connection.java:276)
	at redis.clients.jedis.BinaryJedis.hgetAll(BinaryJedis.java:1028)
	at org.springframework.data.redis.connection.jedis.JedisConnection.hGetAll(JedisConnection.java:2999)
	... 17 common frames omitted
Caused by: java.net.SocketTimeoutException: Read timed out
	at java.net.SocketInputStream.socketRead0(Native Method)
	at java.net.SocketInputStream.socketRead(SocketInputStream.java:116)
	at java.net.SocketInputStream.read(SocketInputStream.java:171)
	at java.net.SocketInputStream.read(SocketInputStream.java:141)
	at java.net.SocketInputStream.read(SocketInputStream.java:127)
	at redis.clients.util.RedisInputStream.ensureFill(RedisInputStream.java:196)
	... 24 common frames omitted
2023-11-24 12:54:00.234 [ScheduleThreadPool-test-thread-8] ERROR MessageUtil - adventureBossRankInfo is null
2023-11-24 12:54:00.562 [ScheduleThreadPool-test-thread-7] ERROR MessageUtil - adventureBossRankInfo is null
2023-11-24 12:54:00.854 [ScheduleThreadPool-test-thread-4] ERROR MessageUtil - adventureBossRankInfo is null
2023-11-24 12:54:00.860 [ScheduleThreadPool-test-thread-1] ERROR MessageUtil - adventureBossRankInfo is null
2023-11-24 12:54:00.960 [ScheduleThreadPool-test-thread-5] ERROR MessageUtil - adventureBossRankInfo is null
2023-11-24 12:55:00.136 [ScheduleThreadPool-test-thread-1] ERROR MessageUtil - adventureBossRankInfo is null
2023-11-24 12:55:00.406 [ScheduleThreadPool-test-thread-3] ERROR MessageUtil - adventureBossRankInfo is null
2023-11-24 12:55:00.849 [ScheduleThreadPool-test-thread-8] ERROR MessageUtil - adventureBossRankInfo is null
2023-11-24 12:55:00.868 [ScheduleThreadPool-test-thread-7] ERROR MessageUtil - adventureBossRankInfo is null
2023-11-24 12:55:00.924 [ScheduleThreadPool-test-thread-6] ERROR MessageUtil - adventureBossRankInfo is null
2023-11-24 12:56:00.055 [ScheduleThreadPool-test-thread-2] ERROR MessageUtil - adventureBossRankInfo is null
2023-11-24 12:56:00.389 [ScheduleThreadPool-test-thread-3] ERROR MessageUtil - adventureBossRankInfo is null
2023-11-24 12:56:00.852 [ScheduleThreadPool-test-thread-2] ERROR MessageUtil - adventureBossRankInfo is null
2023-11-24 12:56:00.864 [ScheduleThreadPool-test-thread-4] ERROR MessageUtil - adventureBossRankInfo is null
2023-11-24 12:56:00.922 [ScheduleThreadPool-test-thread-6] ERROR MessageUtil - adventureBossRankInfo is null
2023-11-24 12:57:00.053 [ScheduleThreadPool-test-thread-4] ERROR MessageUtil - adventureBossRankInfo is null
2023-11-24 12:57:00.389 [ScheduleThreadPool-test-thread-3] ERROR MessageUtil - adventureBossRankInfo is null
2023-11-24 12:57:00.852 [ScheduleThreadPool-test-thread-6] ERROR MessageUtil - adventureBossRankInfo is null
2023-11-24 12:57:00.860 [ScheduleThreadPool-test-thread-7] ERROR MessageUtil - adventureBossRankInfo is null
2023-11-24 12:57:00.927 [ScheduleThreadPool-test-thread-1] ERROR MessageUtil - adventureBossRankInfo is null
2023-11-24 12:58:00.055 [ScheduleThreadPool-test-thread-5] ERROR MessageUtil - adventureBossRankInfo is null
2023-11-24 12:58:00.390 [ScheduleThreadPool-test-thread-7] ERROR MessageUtil - adventureBossRankInfo is null
2023-11-24 12:58:00.852 [ScheduleThreadPool-test-thread-8] ERROR MessageUtil - adventureBossRankInfo is null
2023-11-24 12:58:00.863 [ScheduleThreadPool-test-thread-1] ERROR MessageUtil - adventureBossRankInfo is null
2023-11-24 12:58:00.921 [ScheduleThreadPool-test-thread-4] ERROR MessageUtil - adventureBossRankInfo is null
2023-11-24 12:59:00.063 [ScheduleThreadPool-test-thread-4] ERROR MessageUtil - adventureBossRankInfo is null
2023-11-24 12:59:00.389 [ScheduleThreadPool-test-thread-2] ERROR MessageUtil - adventureBossRankInfo is null
2023-11-24 12:59:00.849 [ScheduleThreadPool-test-thread-7] ERROR MessageUtil - adventureBossRankInfo is null
2023-11-24 12:59:00.862 [ScheduleThreadPool-test-thread-2] ERROR MessageUtil - adventureBossRankInfo is null
2023-11-24 12:59:00.925 [ScheduleThreadPool-test-thread-4] ERROR MessageUtil - adventureBossRankInfo is null
2023-11-24 13:00:00.051 [ScheduleThreadPool-test-thread-8] ERROR MessageUtil - adventureBossRankInfo is null
2023-11-24 13:00:00.420 [ScheduleThreadPool-test-thread-1] ERROR MessageUtil - adventureBossRankInfo is null
2023-11-24 13:00:00.849 [ScheduleThreadPool-test-thread-8] ERROR MessageUtil - adventureBossRankInfo is null
2023-11-24 13:00:00.862 [ScheduleThreadPool-test-thread-8] ERROR MessageUtil - adventureBossRankInfo is null
2023-11-24 13:00:00.920 [ScheduleThreadPool-test-thread-1] ERROR MessageUtil - adventureBossRankInfo is null
2023-11-24 13:01:00.050 [ScheduleThreadPool-test-thread-2] ERROR MessageUtil - adventureBossRankInfo is null
2023-11-24 13:01:00.407 [ScheduleThreadPool-test-thread-8] ERROR MessageUtil - adventureBossRankInfo is null
2023-11-24 13:01:00.849 [ScheduleThreadPool-test-thread-3] ERROR MessageUtil - adventureBossRankInfo is null
2023-11-24 13:01:00.855 [ScheduleThreadPool-test-thread-8] ERROR MessageUtil - adventureBossRankInfo is null
2023-11-24 13:01:00.920 [ScheduleThreadPool-test-thread-7] ERROR MessageUtil - adventureBossRankInfo is null
2023-11-24 13:02:00.051 [ScheduleThreadPool-test-thread-1] ERROR MessageUtil - adventureBossRankInfo is null
2023-11-24 13:02:00.390 [ScheduleThreadPool-test-thread-7] ERROR MessageUtil - adventureBossRankInfo is null
2023-11-24 13:02:00.853 [ScheduleThreadPool-test-thread-5] ERROR MessageUtil - adventureBossRankInfo is null
2023-11-24 13:02:00.863 [ScheduleThreadPool-test-thread-4] ERROR MessageUtil - adventureBossRankInfo is null
2023-11-24 13:02:00.918 [ScheduleThreadPool-test-thread-2] ERROR MessageUtil - adventureBossRankInfo is null
2023-11-24 13:03:00.057 [ScheduleThreadPool-test-thread-2] ERROR MessageUtil - adventureBossRankInfo is null
2023-11-24 13:03:00.390 [ScheduleThreadPool-test-thread-3] ERROR MessageUtil - adventureBossRankInfo is null
2023-11-24 13:03:00.851 [ScheduleThreadPool-test-thread-2] ERROR MessageUtil - adventureBossRankInfo is null
2023-11-24 13:03:00.862 [ScheduleThreadPool-test-thread-8] ERROR MessageUtil - adventureBossRankInfo is null
2023-11-24 13:03:00.922 [ScheduleThreadPool-test-thread-1] ERROR MessageUtil - adventureBossRankInfo is null
2023-11-24 13:04:00.053 [ScheduleThreadPool-test-thread-7] ERROR MessageUtil - adventureBossRankInfo is null
2023-11-24 13:04:00.446 [ScheduleThreadPool-test-thread-3] ERROR MessageUtil - adventureBossRankInfo is null
2023-11-24 13:04:00.850 [ScheduleThreadPool-test-thread-3] ERROR MessageUtil - adventureBossRankInfo is null
2023-11-24 13:04:00.863 [ScheduleThreadPool-test-thread-6] ERROR MessageUtil - adventureBossRankInfo is null
2023-11-24 13:04:00.922 [ScheduleThreadPool-test-thread-6] ERROR MessageUtil - adventureBossRankInfo is null
2023-11-24 13:05:00.051 [ScheduleThreadPool-test-thread-7] ERROR MessageUtil - adventureBossRankInfo is null
2023-11-24 13:05:00.419 [ScheduleThreadPool-test-thread-1] ERROR MessageUtil - adventureBossRankInfo is null
2023-11-24 13:05:00.853 [ScheduleThreadPool-test-thread-7] ERROR MessageUtil - adventureBossRankInfo is null
2023-11-24 13:05:00.864 [ScheduleThreadPool-test-thread-1] ERROR MessageUtil - adventureBossRankInfo is null
2023-11-24 13:05:00.923 [ScheduleThreadPool-test-thread-5] ERROR MessageUtil - adventureBossRankInfo is null
2023-11-24 13:06:00.056 [ScheduleThreadPool-test-thread-5] ERROR MessageUtil - adventureBossRankInfo is null
2023-11-24 13:06:00.392 [ScheduleThreadPool-test-thread-1] ERROR MessageUtil - adventureBossRankInfo is null
2023-11-24 13:06:00.852 [ScheduleThreadPool-test-thread-7] ERROR MessageUtil - adventureBossRankInfo is null
2023-11-24 13:06:00.905 [ScheduleThreadPool-test-thread-6] ERROR MessageUtil - adventureBossRankInfo is null
2023-11-24 13:06:00.933 [ScheduleThreadPool-test-thread-1] ERROR MessageUtil - adventureBossRankInfo is null
2023-11-24 13:07:00.051 [ScheduleThreadPool-test-thread-7] ERROR MessageUtil - adventureBossRankInfo is null
2023-11-24 13:07:00.387 [ScheduleThreadPool-test-thread-3] ERROR MessageUtil - adventureBossRankInfo is null
2023-11-24 13:07:00.853 [ScheduleThreadPool-test-thread-5] ERROR MessageUtil - adventureBossRankInfo is null
2023-11-24 13:07:00.873 [ScheduleThreadPool-test-thread-6] ERROR MessageUtil - adventureBossRankInfo is null
2023-11-24 13:07:00.921 [ScheduleThreadPool-test-thread-2] ERROR MessageUtil - adventureBossRankInfo is null
2023-11-24 13:08:00.058 [ScheduleThreadPool-test-thread-5] ERROR MessageUtil - adventureBossRankInfo is null
2023-11-24 13:08:00.385 [ScheduleThreadPool-test-thread-5] ERROR MessageUtil - adventureBossRankInfo is null
2023-11-24 13:08:00.855 [ScheduleThreadPool-test-thread-2] ERROR MessageUtil - adventureBossRankInfo is null
2023-11-24 13:08:00.869 [ScheduleThreadPool-test-thread-3] ERROR MessageUtil - adventureBossRankInfo is null
2023-11-24 13:08:00.927 [ScheduleThreadPool-test-thread-6] ERROR MessageUtil - adventureBossRankInfo is null
2023-11-24 13:09:00.046 [ScheduleThreadPool-test-thread-7] ERROR MessageUtil - adventureBossRankInfo is null
2023-11-24 13:09:00.393 [ScheduleThreadPool-test-thread-7] ERROR MessageUtil - adventureBossRankInfo is null
2023-11-24 13:09:00.853 [ScheduleThreadPool-test-thread-4] ERROR MessageUtil - adventureBossRankInfo is null
2023-11-24 13:09:00.867 [ScheduleThreadPool-test-thread-4] ERROR MessageUtil - adventureBossRankInfo is null
2023-11-24 13:09:00.926 [ScheduleThreadPool-test-thread-2] ERROR MessageUtil - adventureBossRankInfo is null
2023-11-24 13:10:00.049 [ScheduleThreadPool-test-thread-6] ERROR MessageUtil - adventureBossRankInfo is null
2023-11-24 13:10:00.391 [ScheduleThreadPool-test-thread-2] ERROR MessageUtil - adventureBossRankInfo is null
2023-11-24 13:10:00.856 [ScheduleThreadPool-test-thread-7] ERROR MessageUtil - adventureBossRankInfo is null
2023-11-24 13:10:00.855 [ScheduleThreadPool-test-thread-8] ERROR MessageUtil - adventureBossRankInfo is null
2023-11-24 13:10:00.925 [ScheduleThreadPool-test-thread-5] ERROR MessageUtil - adventureBossRankInfo is null
2023-11-24 13:11:00.050 [ScheduleThreadPool-test-thread-1] ERROR MessageUtil - adventureBossRankInfo is null
2023-11-24 13:11:00.393 [ScheduleThreadPool-test-thread-4] ERROR MessageUtil - adventureBossRankInfo is null
2023-11-24 13:11:00.866 [ScheduleThreadPool-test-thread-1] ERROR MessageUtil - adventureBossRankInfo is null
2023-11-24 13:11:00.870 [ScheduleThreadPool-test-thread-5] ERROR MessageUtil - adventureBossRankInfo is null
2023-11-24 13:11:00.925 [ScheduleThreadPool-test-thread-2] ERROR MessageUtil - adventureBossRankInfo is null
2023-11-24 13:12:00.092 [ScheduleThreadPool-test-thread-5] ERROR MessageUtil - adventureBossRankInfo is null
2023-11-24 13:12:00.900 [ScheduleThreadPool-test-thread-8] ERROR MessageUtil - adventureBossRankInfo is null
2023-11-24 13:12:00.913 [ScheduleThreadPool-test-thread-8] ERROR MessageUtil - adventureBossRankInfo is null
2023-11-24 13:12:00.925 [ScheduleThreadPool-test-thread-5] ERROR MessageUtil - adventureBossRankInfo is null
2023-11-24 13:12:00.928 [ScheduleThreadPool-test-thread-6] ERROR MessageUtil - adventureBossRankInfo is null
2023-11-24 13:13:00.073 [ScheduleThreadPool-test-thread-7] ERROR MessageUtil - adventureBossRankInfo is null
2023-11-24 13:13:00.871 [ScheduleThreadPool-test-thread-8] ERROR MessageUtil - adventureBossRankInfo is null
2023-11-24 13:13:00.893 [ScheduleThreadPool-test-thread-5] ERROR MessageUtil - adventureBossRankInfo is null
2023-11-24 13:13:00.923 [ScheduleThreadPool-test-thread-2] ERROR MessageUtil - adventureBossRankInfo is null
2023-11-24 13:13:00.927 [ScheduleThreadPool-test-thread-7] ERROR MessageUtil - adventureBossRankInfo is null
2023-11-24 13:14:00.051 [ScheduleThreadPool-test-thread-2] ERROR MessageUtil - adventureBossRankInfo is null
2023-11-24 13:14:00.852 [ScheduleThreadPool-test-thread-2] ERROR MessageUtil - adventureBossRankInfo is null
2023-11-24 13:14:00.862 [ScheduleThreadPool-test-thread-4] ERROR MessageUtil - adventureBossRankInfo is null
2023-11-24 13:14:00.933 [ScheduleThreadPool-test-thread-4] ERROR MessageUtil - adventureBossRankInfo is null
2023-11-24 13:14:00.935 [ScheduleThreadPool-test-thread-3] ERROR MessageUtil - adventureBossRankInfo is null
2023-11-24 13:15:00.050 [ScheduleThreadPool-test-thread-7] ERROR MessageUtil - adventureBossRankInfo is null
2023-11-24 13:15:00.853 [ScheduleThreadPool-test-thread-2] ERROR MessageUtil - adventureBossRankInfo is null
2023-11-24 13:15:00.862 [ScheduleThreadPool-test-thread-3] ERROR MessageUtil - adventureBossRankInfo is null
2023-11-24 13:15:00.921 [ScheduleThreadPool-test-thread-2] ERROR MessageUtil - adventureBossRankInfo is null
2023-11-24 13:15:00.921 [ScheduleThreadPool-test-thread-4] ERROR MessageUtil - adventureBossRankInfo is null
2023-11-24 13:16:00.051 [ScheduleThreadPool-test-thread-6] ERROR MessageUtil - adventureBossRankInfo is null
2023-11-24 13:16:00.853 [ScheduleThreadPool-test-thread-3] ERROR MessageUtil - adventureBossRankInfo is null
2023-11-24 13:16:00.862 [ScheduleThreadPool-test-thread-6] ERROR MessageUtil - adventureBossRankInfo is null
2023-11-24 13:16:00.922 [ScheduleThreadPool-test-thread-5] ERROR MessageUtil - adventureBossRankInfo is null
2023-11-24 13:16:00.924 [ScheduleThreadPool-test-thread-5] ERROR MessageUtil - adventureBossRankInfo is null
2023-11-24 13:17:00.051 [ScheduleThreadPool-test-thread-2] ERROR MessageUtil - adventureBossRankInfo is null
2023-11-24 13:17:00.851 [ScheduleThreadPool-test-thread-8] ERROR MessageUtil - adventureBossRankInfo is null
2023-11-24 13:17:00.863 [ScheduleThreadPool-test-thread-7] ERROR MessageUtil - adventureBossRankInfo is null
2023-11-24 13:17:00.922 [ScheduleThreadPool-test-thread-3] ERROR MessageUtil - adventureBossRankInfo is null
2023-11-24 13:17:00.925 [ScheduleThreadPool-test-thread-5] ERROR MessageUtil - adventureBossRankInfo is null
2023-11-24 13:18:00.048 [ScheduleThreadPool-test-thread-4] ERROR MessageUtil - adventureBossRankInfo is null
2023-11-24 13:18:00.853 [ScheduleThreadPool-test-thread-6] ERROR MessageUtil - adventureBossRankInfo is null
2023-11-24 13:18:00.862 [ScheduleThreadPool-test-thread-6] ERROR MessageUtil - adventureBossRankInfo is null
2023-11-24 13:18:00.920 [ScheduleThreadPool-test-thread-1] ERROR MessageUtil - adventureBossRankInfo is null
2023-11-24 13:18:00.927 [ScheduleThreadPool-test-thread-3] ERROR MessageUtil - adventureBossRankInfo is null
2023-11-24 13:19:00.055 [ScheduleThreadPool-test-thread-7] ERROR MessageUtil - adventureBossRankInfo is null
2023-11-24 13:19:00.850 [ScheduleThreadPool-test-thread-5] ERROR MessageUtil - adventureBossRankInfo is null
2023-11-24 13:19:00.862 [ScheduleThreadPool-test-thread-2] ERROR MessageUtil - adventureBossRankInfo is null
2023-11-24 13:19:00.924 [ScheduleThreadPool-test-thread-1] ERROR MessageUtil - adventureBossRankInfo is null
2023-11-24 13:19:00.924 [ScheduleThreadPool-test-thread-4] ERROR MessageUtil - adventureBossRankInfo is null
2023-11-24 13:20:00.055 [ScheduleThreadPool-test-thread-5] ERROR MessageUtil - adventureBossRankInfo is null
2023-11-24 13:20:00.854 [ScheduleThreadPool-test-thread-7] ERROR MessageUtil - adventureBossRankInfo is null
2023-11-24 13:20:00.864 [ScheduleThreadPool-test-thread-6] ERROR MessageUtil - adventureBossRankInfo is null
2023-11-24 13:20:00.923 [ScheduleThreadPool-test-thread-6] ERROR MessageUtil - adventureBossRankInfo is null
2023-11-24 13:20:00.924 [ScheduleThreadPool-test-thread-7] ERROR MessageUtil - adventureBossRankInfo is null
2023-11-24 13:21:00.053 [ScheduleThreadPool-test-thread-8] ERROR MessageUtil - adventureBossRankInfo is null
2023-11-24 13:21:00.851 [ScheduleThreadPool-test-thread-6] ERROR MessageUtil - adventureBossRankInfo is null
2023-11-24 13:21:00.862 [ScheduleThreadPool-test-thread-3] ERROR MessageUtil - adventureBossRankInfo is null
2023-11-24 13:21:00.922 [ScheduleThreadPool-test-thread-8] ERROR MessageUtil - adventureBossRankInfo is null
2023-11-24 13:21:00.926 [ScheduleThreadPool-test-thread-1] ERROR MessageUtil - adventureBossRankInfo is null
2023-11-24 13:22:00.052 [ScheduleThreadPool-test-thread-2] ERROR MessageUtil - adventureBossRankInfo is null
2023-11-24 13:22:00.854 [ScheduleThreadPool-test-thread-4] ERROR MessageUtil - adventureBossRankInfo is null
2023-11-24 13:22:00.864 [ScheduleThreadPool-test-thread-1] ERROR MessageUtil - adventureBossRankInfo is null
2023-11-24 13:22:00.923 [ScheduleThreadPool-test-thread-8] ERROR MessageUtil - adventureBossRankInfo is null
2023-11-24 13:22:00.924 [ScheduleThreadPool-test-thread-5] ERROR MessageUtil - adventureBossRankInfo is null
2023-11-24 13:23:00.053 [ScheduleThreadPool-test-thread-1] ERROR MessageUtil - adventureBossRankInfo is null
2023-11-24 13:23:00.853 [ScheduleThreadPool-test-thread-8] ERROR MessageUtil - adventureBossRankInfo is null
2023-11-24 13:23:00.867 [ScheduleThreadPool-test-thread-2] ERROR MessageUtil - adventureBossRankInfo is null
2023-11-24 13:23:00.922 [ScheduleThreadPool-test-thread-3] ERROR MessageUtil - adventureBossRankInfo is null
2023-11-24 13:23:00.926 [ScheduleThreadPool-test-thread-7] ERROR MessageUtil - adventureBossRankInfo is null
2023-11-24 13:24:00.053 [ScheduleThreadPool-test-thread-5] ERROR MessageUtil - adventureBossRankInfo is null
2023-11-24 13:24:00.853 [ScheduleThreadPool-test-thread-5] ERROR MessageUtil - adventureBossRankInfo is null
2023-11-24 13:24:00.863 [ScheduleThreadPool-test-thread-1] ERROR MessageUtil - adventureBossRankInfo is null
2023-11-24 13:24:00.929 [ScheduleThreadPool-test-thread-5] ERROR MessageUtil - adventureBossRankInfo is null
2023-11-24 13:24:00.930 [ScheduleThreadPool-test-thread-6] ERROR MessageUtil - adventureBossRankInfo is null
2023-11-24 13:25:00.055 [ScheduleThreadPool-test-thread-6] ERROR MessageUtil - adventureBossRankInfo is null
2023-11-24 13:25:00.853 [ScheduleThreadPool-test-thread-7] ERROR MessageUtil - adventureBossRankInfo is null
2023-11-24 13:25:00.869 [ScheduleThreadPool-test-thread-2] ERROR MessageUtil - adventureBossRankInfo is null
2023-11-24 13:25:00.921 [ScheduleThreadPool-test-thread-5] ERROR MessageUtil - adventureBossRankInfo is null
2023-11-24 13:25:00.925 [ScheduleThreadPool-test-thread-7] ERROR MessageUtil - adventureBossRankInfo is null
2023-11-24 13:26:00.051 [ScheduleThreadPool-test-thread-5] ERROR MessageUtil - adventureBossRankInfo is null
2023-11-24 13:26:00.850 [ScheduleThreadPool-test-thread-4] ERROR MessageUtil - adventureBossRankInfo is null
2023-11-24 13:26:00.865 [ScheduleThreadPool-test-thread-7] ERROR MessageUtil - adventureBossRankInfo is null
2023-11-24 13:26:00.924 [ScheduleThreadPool-test-thread-8] ERROR MessageUtil - adventureBossRankInfo is null
2023-11-24 13:26:00.926 [ScheduleThreadPool-test-thread-6] ERROR MessageUtil - adventureBossRankInfo is null
2023-11-24 13:26:12.653 [netty-11] ERROR SessionManager - 閲嶆柊鐧诲綍 new = a93b08ef-71ab-4f93-9f51-97630436edc2
2023-11-24 13:26:15.287 [h-4] ERROR MongoUtil - the user=0 not exists
2023-11-24 13:26:16.283 [h-4] ERROR MongoUtil - the user=10001 not exists
2023-11-24 13:26:25.394 [h-4] ERROR MongoUtil - the user=0 not exists
2023-11-24 13:27:00.095 [ScheduleThreadPool-test-thread-2] ERROR MessageUtil - adventureBossRankInfo is null
2023-11-24 13:27:00.852 [ScheduleThreadPool-test-thread-3] ERROR MessageUtil - adventureBossRankInfo is null
2023-11-24 13:27:00.868 [ScheduleThreadPool-test-thread-2] ERROR MessageUtil - adventureBossRankInfo is null
2023-11-24 13:27:00.924 [ScheduleThreadPool-test-thread-2] ERROR MessageUtil - adventureBossRankInfo is null
2023-11-24 13:27:00.924 [ScheduleThreadPool-test-thread-3] ERROR MessageUtil - adventureBossRankInfo is null
2023-11-24 13:27:01.928 [h-4] ERROR MongoUtil - the user=0 not exists
2023-11-24 13:28:00.094 [ScheduleThreadPool-test-thread-1] ERROR MessageUtil - adventureBossRankInfo is null
2023-11-24 13:28:00.850 [ScheduleThreadPool-test-thread-5] ERROR MessageUtil - adventureBossRankInfo is null
2023-11-24 13:28:00.853 [ScheduleThreadPool-test-thread-6] ERROR MessageUtil - adventureBossRankInfo is null
2023-11-24 13:28:00.921 [ScheduleThreadPool-test-thread-8] ERROR MessageUtil - adventureBossRankInfo is null
2023-11-24 13:28:00.927 [ScheduleThreadPool-test-thread-5] ERROR MessageUtil - adventureBossRankInfo is null
2023-11-24 13:29:00.095 [ScheduleThreadPool-test-thread-4] ERROR MessageUtil - adventureBossRankInfo is null
2023-11-24 13:29:00.853 [ScheduleThreadPool-test-thread-7] ERROR MessageUtil - adventureBossRankInfo is null
2023-11-24 13:29:00.854 [ScheduleThreadPool-test-thread-4] ERROR MessageUtil - adventureBossRankInfo is null
2023-11-24 13:29:00.923 [ScheduleThreadPool-test-thread-4] ERROR MessageUtil - adventureBossRankInfo is null
2023-11-24 13:29:00.925 [ScheduleThreadPool-test-thread-5] ERROR MessageUtil - adventureBossRankInfo is null
2023-11-24 13:30:04.490 [ScheduleThreadPool-test-thread-1] ERROR MessageUtil - adventureBossRankInfo is null
2023-11-24 13:30:04.798 [ScheduleThreadPool-test-thread-7] ERROR MessageUtil - adventureBossRankInfo is null
2023-11-24 13:30:04.860 [ScheduleThreadPool-test-thread-2] ERROR SecondsTask - e
org.springframework.data.redis.RedisConnectionFailureException: java.net.SocketTimeoutException: Read timed out; nested exception is redis.clients.jedis.exceptions.JedisConnectionException: java.net.SocketTimeoutException: Read timed out
	at org.springframework.data.redis.connection.jedis.JedisExceptionConverter.convert(JedisExceptionConverter.java:67)
	at org.springframework.data.redis.connection.jedis.JedisExceptionConverter.convert(JedisExceptionConverter.java:41)
	at org.springframework.data.redis.PassThroughExceptionTranslationStrategy.translate(PassThroughExceptionTranslationStrategy.java:37)
	at org.springframework.data.redis.FallbackExceptionTranslationStrategy.translate(FallbackExceptionTranslationStrategy.java:37)
	at org.springframework.data.redis.connection.jedis.JedisConnection.convertJedisAccessException(JedisConnection.java:241)
	at org.springframework.data.redis.connection.jedis.JedisConnection.hGetAll(JedisConnection.java:3001)
	at org.springframework.data.redis.connection.DefaultStringRedisConnection.hGetAll(DefaultStringRedisConnection.java:372)
	at org.springframework.data.redis.core.DefaultHashOperations$13.doInRedis(DefaultHashOperations.java:223)
	at org.springframework.data.redis.core.DefaultHashOperations$13.doInRedis(DefaultHashOperations.java:220)
	at org.springframework.data.redis.core.RedisTemplate.execute(RedisTemplate.java:207)
	at org.springframework.data.redis.core.RedisTemplate.execute(RedisTemplate.java:169)
	at org.springframework.data.redis.core.AbstractOperations.execute(AbstractOperations.java:91)
	at org.springframework.data.redis.core.DefaultHashOperations.entries(DefaultHashOperations.java:220)
	at com.ljsd.jieling.db.redis.RedisUtil.getMapValues(RedisUtil.java:1401)
	at com.ljsd.jieling.logic.championship.ChampionshipLogic.minuteCheck(ChampionshipLogic.java:1414)
	at com.ljsd.jieling.thread.task.SecondsTask.run(SecondsTask.java:21)
	at java.util.concurrent.Executors$RunnableAdapter.call(Executors.java:511)
	at java.util.concurrent.FutureTask.runAndReset(FutureTask.java:308)
	at java.util.concurrent.ScheduledThreadPoolExecutor$ScheduledFutureTask.access$301(ScheduledThreadPoolExecutor.java:180)
	at java.util.concurrent.ScheduledThreadPoolExecutor$ScheduledFutureTask.run(ScheduledThreadPoolExecutor.java:294)
	at java.util.concurrent.ThreadPoolExecutor.runWorker(ThreadPoolExecutor.java:1149)
	at java.util.concurrent.ThreadPoolExecutor$Worker.run(ThreadPoolExecutor.java:624)
	at java.lang.Thread.run(Thread.java:750)
Caused by: redis.clients.jedis.exceptions.JedisConnectionException: java.net.SocketTimeoutException: Read timed out
	at redis.clients.util.RedisInputStream.ensureFill(RedisInputStream.java:202)
	at redis.clients.util.RedisInputStream.readByte(RedisInputStream.java:40)
	at redis.clients.jedis.Protocol.process(Protocol.java:151)
	at redis.clients.jedis.Protocol.read(Protocol.java:215)
	at redis.clients.jedis.Connection.readProtocolWithCheckingBroken(Connection.java:340)
	at redis.clients.jedis.Connection.getBinaryMultiBulkReply(Connection.java:276)
	at redis.clients.jedis.BinaryJedis.hgetAll(BinaryJedis.java:1028)
	at org.springframework.data.redis.connection.jedis.JedisConnection.hGetAll(JedisConnection.java:2999)
	... 17 common frames omitted
Caused by: java.net.SocketTimeoutException: Read timed out
	at java.net.SocketInputStream.socketRead0(Native Method)
	at java.net.SocketInputStream.socketRead(SocketInputStream.java:116)
	at java.net.SocketInputStream.read(SocketInputStream.java:171)
	at java.net.SocketInputStream.read(SocketInputStream.java:141)
	at java.net.SocketInputStream.read(SocketInputStream.java:127)
	at redis.clients.util.RedisInputStream.ensureFill(RedisInputStream.java:196)
	... 24 common frames omitted
2023-11-24 13:30:04.878 [ScheduleThreadPool-test-thread-7] ERROR SecondsTask - e
org.springframework.data.redis.RedisConnectionFailureException: java.net.SocketTimeoutException: Read timed out; nested exception is redis.clients.jedis.exceptions.JedisConnectionException: java.net.SocketTimeoutException: Read timed out
	at org.springframework.data.redis.connection.jedis.JedisExceptionConverter.convert(JedisExceptionConverter.java:67)
	at org.springframework.data.redis.connection.jedis.JedisExceptionConverter.convert(JedisExceptionConverter.java:41)
	at org.springframework.data.redis.PassThroughExceptionTranslationStrategy.translate(PassThroughExceptionTranslationStrategy.java:37)
	at org.springframework.data.redis.FallbackExceptionTranslationStrategy.translate(FallbackExceptionTranslationStrategy.java:37)
	at org.springframework.data.redis.connection.jedis.JedisConnection.convertJedisAccessException(JedisConnection.java:241)
	at org.springframework.data.redis.connection.jedis.JedisConnection.hGetAll(JedisConnection.java:3001)
	at org.springframework.data.redis.connection.DefaultStringRedisConnection.hGetAll(DefaultStringRedisConnection.java:372)
	at org.springframework.data.redis.core.DefaultHashOperations$13.doInRedis(DefaultHashOperations.java:223)
	at org.springframework.data.redis.core.DefaultHashOperations$13.doInRedis(DefaultHashOperations.java:220)
	at org.springframework.data.redis.core.RedisTemplate.execute(RedisTemplate.java:207)
	at org.springframework.data.redis.core.RedisTemplate.execute(RedisTemplate.java:169)
	at org.springframework.data.redis.core.AbstractOperations.execute(AbstractOperations.java:91)
	at org.springframework.data.redis.core.DefaultHashOperations.entries(DefaultHashOperations.java:220)
	at com.ljsd.jieling.db.redis.RedisUtil.getMapValues(RedisUtil.java:1401)
	at com.ljsd.jieling.logic.championship.ChampionshipLogic.minuteCheck(ChampionshipLogic.java:1414)
	at com.ljsd.jieling.thread.task.SecondsTask.run(SecondsTask.java:21)
	at java.util.concurrent.Executors$RunnableAdapter.call(Executors.java:511)
	at java.util.concurrent.FutureTask.runAndReset(FutureTask.java:308)
	at java.util.concurrent.ScheduledThreadPoolExecutor$ScheduledFutureTask.access$301(ScheduledThreadPoolExecutor.java:180)
	at java.util.concurrent.ScheduledThreadPoolExecutor$ScheduledFutureTask.run(ScheduledThreadPoolExecutor.java:294)
	at java.util.concurrent.ThreadPoolExecutor.runWorker(ThreadPoolExecutor.java:1149)
	at java.util.concurrent.ThreadPoolExecutor$Worker.run(ThreadPoolExecutor.java:624)
	at java.lang.Thread.run(Thread.java:750)
Caused by: redis.clients.jedis.exceptions.JedisConnectionException: java.net.SocketTimeoutException: Read timed out
	at redis.clients.util.RedisInputStream.ensureFill(RedisInputStream.java:202)
	at redis.clients.util.RedisInputStream.readByte(RedisInputStream.java:40)
	at redis.clients.jedis.Protocol.process(Protocol.java:151)
	at redis.clients.jedis.Protocol.read(Protocol.java:215)
	at redis.clients.jedis.Connection.readProtocolWithCheckingBroken(Connection.java:340)
	at redis.clients.jedis.Connection.getBinaryMultiBulkReply(Connection.java:276)
	at redis.clients.jedis.BinaryJedis.hgetAll(BinaryJedis.java:1028)
	at org.springframework.data.redis.connection.jedis.JedisConnection.hGetAll(JedisConnection.java:2999)
	... 17 common frames omitted
Caused by: java.net.SocketTimeoutException: Read timed out
	at java.net.SocketInputStream.socketRead0(Native Method)
	at java.net.SocketInputStream.socketRead(SocketInputStream.java:116)
	at java.net.SocketInputStream.read(SocketInputStream.java:171)
	at java.net.SocketInputStream.read(SocketInputStream.java:141)
	at java.net.SocketInputStream.read(SocketInputStream.java:127)
	at redis.clients.util.RedisInputStream.ensureFill(RedisInputStream.java:196)
	... 24 common frames omitted
2023-11-24 13:30:04.989 [ScheduleThreadPool-test-thread-7] ERROR MessageUtil - adventureBossRankInfo is null
2023-11-24 13:30:05.081 [ScheduleThreadPool-test-thread-3] ERROR MessageUtil - adventureBossRankInfo is null
2023-11-24 13:30:05.053 [ScheduleThreadPool-test-thread-2] ERROR SecondsTask - e
org.springframework.data.redis.RedisConnectionFailureException: java.net.SocketTimeoutException: Read timed out; nested exception is redis.clients.jedis.exceptions.JedisConnectionException: java.net.SocketTimeoutException: Read timed out
	at org.springframework.data.redis.connection.jedis.JedisExceptionConverter.convert(JedisExceptionConverter.java:67)
	at org.springframework.data.redis.connection.jedis.JedisExceptionConverter.convert(JedisExceptionConverter.java:41)
	at org.springframework.data.redis.PassThroughExceptionTranslationStrategy.translate(PassThroughExceptionTranslationStrategy.java:37)
	at org.springframework.data.redis.FallbackExceptionTranslationStrategy.translate(FallbackExceptionTranslationStrategy.java:37)
	at org.springframework.data.redis.connection.jedis.JedisConnection.convertJedisAccessException(JedisConnection.java:241)
	at org.springframework.data.redis.connection.jedis.JedisConnection.hGetAll(JedisConnection.java:3001)
	at org.springframework.data.redis.connection.DefaultStringRedisConnection.hGetAll(DefaultStringRedisConnection.java:372)
	at org.springframework.data.redis.core.DefaultHashOperations$13.doInRedis(DefaultHashOperations.java:223)
	at org.springframework.data.redis.core.DefaultHashOperations$13.doInRedis(DefaultHashOperations.java:220)
	at org.springframework.data.redis.core.RedisTemplate.execute(RedisTemplate.java:207)
	at org.springframework.data.redis.core.RedisTemplate.execute(RedisTemplate.java:169)
	at org.springframework.data.redis.core.AbstractOperations.execute(AbstractOperations.java:91)
	at org.springframework.data.redis.core.DefaultHashOperations.entries(DefaultHashOperations.java:220)
	at com.ljsd.jieling.db.redis.RedisUtil.getMapValues(RedisUtil.java:1401)
	at com.ljsd.jieling.logic.championship.ChampionshipLogic.minuteCheck(ChampionshipLogic.java:1414)
	at com.ljsd.jieling.thread.task.SecondsTask.run(SecondsTask.java:21)
	at java.util.concurrent.Executors$RunnableAdapter.call(Executors.java:511)
	at java.util.concurrent.FutureTask.runAndReset(FutureTask.java:308)
	at java.util.concurrent.ScheduledThreadPoolExecutor$ScheduledFutureTask.access$301(ScheduledThreadPoolExecutor.java:180)
	at java.util.concurrent.ScheduledThreadPoolExecutor$ScheduledFutureTask.run(ScheduledThreadPoolExecutor.java:294)
	at java.util.concurrent.ThreadPoolExecutor.runWorker(ThreadPoolExecutor.java:1149)
	at java.util.concurrent.ThreadPoolExecutor$Worker.run(ThreadPoolExecutor.java:624)
	at java.lang.Thread.run(Thread.java:750)
Caused by: redis.clients.jedis.exceptions.JedisConnectionException: java.net.SocketTimeoutException: Read timed out
	at redis.clients.util.RedisInputStream.ensureFill(RedisInputStream.java:202)
	at redis.clients.util.RedisInputStream.readByte(RedisInputStream.java:40)
	at redis.clients.jedis.Protocol.process(Protocol.java:151)
	at redis.clients.jedis.Protocol.read(Protocol.java:215)
	at redis.clients.jedis.Connection.readProtocolWithCheckingBroken(Connection.java:340)
	at redis.clients.jedis.Connection.getBinaryMultiBulkReply(Connection.java:276)
	at redis.clients.jedis.BinaryJedis.hgetAll(BinaryJedis.java:1028)
	at org.springframework.data.redis.connection.jedis.JedisConnection.hGetAll(JedisConnection.java:2999)
	... 17 common frames omitted
Caused by: java.net.SocketTimeoutException: Read timed out
	at java.net.SocketInputStream.socketRead0(Native Method)
	at java.net.SocketInputStream.socketRead(SocketInputStream.java:116)
	at java.net.SocketInputStream.read(SocketInputStream.java:171)
	at java.net.SocketInputStream.read(SocketInputStream.java:141)
	at java.net.SocketInputStream.read(SocketInputStream.java:127)
	at redis.clients.util.RedisInputStream.ensureFill(RedisInputStream.java:196)
	... 24 common frames omitted
2023-11-24 13:30:05.114 [ScheduleThreadPool-test-thread-1] ERROR SecondsTask - e
org.springframework.data.redis.RedisConnectionFailureException: java.net.SocketTimeoutException: Read timed out; nested exception is redis.clients.jedis.exceptions.JedisConnectionException: java.net.SocketTimeoutException: Read timed out
	at org.springframework.data.redis.connection.jedis.JedisExceptionConverter.convert(JedisExceptionConverter.java:67)
	at org.springframework.data.redis.connection.jedis.JedisExceptionConverter.convert(JedisExceptionConverter.java:41)
	at org.springframework.data.redis.PassThroughExceptionTranslationStrategy.translate(PassThroughExceptionTranslationStrategy.java:37)
	at org.springframework.data.redis.FallbackExceptionTranslationStrategy.translate(FallbackExceptionTranslationStrategy.java:37)
	at org.springframework.data.redis.connection.jedis.JedisConnection.convertJedisAccessException(JedisConnection.java:241)
	at org.springframework.data.redis.connection.jedis.JedisConnection.hGetAll(JedisConnection.java:3001)
	at org.springframework.data.redis.connection.DefaultStringRedisConnection.hGetAll(DefaultStringRedisConnection.java:372)
	at org.springframework.data.redis.core.DefaultHashOperations$13.doInRedis(DefaultHashOperations.java:223)
	at org.springframework.data.redis.core.DefaultHashOperations$13.doInRedis(DefaultHashOperations.java:220)
	at org.springframework.data.redis.core.RedisTemplate.execute(RedisTemplate.java:207)
	at org.springframework.data.redis.core.RedisTemplate.execute(RedisTemplate.java:169)
	at org.springframework.data.redis.core.AbstractOperations.execute(AbstractOperations.java:91)
	at org.springframework.data.redis.core.DefaultHashOperations.entries(DefaultHashOperations.java:220)
	at com.ljsd.jieling.db.redis.RedisUtil.getMapValues(RedisUtil.java:1401)
	at com.ljsd.jieling.logic.championship.ChampionshipLogic.minuteCheck(ChampionshipLogic.java:1414)
	at com.ljsd.jieling.thread.task.SecondsTask.run(SecondsTask.java:21)
	at java.util.concurrent.Executors$RunnableAdapter.call(Executors.java:511)
	at java.util.concurrent.FutureTask.runAndReset(FutureTask.java:308)
	at java.util.concurrent.ScheduledThreadPoolExecutor$ScheduledFutureTask.access$301(ScheduledThreadPoolExecutor.java:180)
	at java.util.concurrent.ScheduledThreadPoolExecutor$ScheduledFutureTask.run(ScheduledThreadPoolExecutor.java:294)
	at java.util.concurrent.ThreadPoolExecutor.runWorker(ThreadPoolExecutor.java:1149)
	at java.util.concurrent.ThreadPoolExecutor$Worker.run(ThreadPoolExecutor.java:624)
	at java.lang.Thread.run(Thread.java:750)
Caused by: redis.clients.jedis.exceptions.JedisConnectionException: java.net.SocketTimeoutException: Read timed out
	at redis.clients.util.RedisInputStream.ensureFill(RedisInputStream.java:202)
	at redis.clients.util.RedisInputStream.readByte(RedisInputStream.java:40)
	at redis.clients.jedis.Protocol.process(Protocol.java:151)
	at redis.clients.jedis.Protocol.read(Protocol.java:215)
	at redis.clients.jedis.Connection.readProtocolWithCheckingBroken(Connection.java:340)
	at redis.clients.jedis.Connection.getBinaryMultiBulkReply(Connection.java:276)
	at redis.clients.jedis.BinaryJedis.hgetAll(BinaryJedis.java:1028)
	at org.springframework.data.redis.connection.jedis.JedisConnection.hGetAll(JedisConnection.java:2999)
	... 17 common frames omitted
Caused by: java.net.SocketTimeoutException: Read timed out
	at java.net.SocketInputStream.socketRead0(Native Method)
	at java.net.SocketInputStream.socketRead(SocketInputStream.java:116)
	at java.net.SocketInputStream.read(SocketInputStream.java:171)
	at java.net.SocketInputStream.read(SocketInputStream.java:141)
	at java.net.SocketInputStream.read(SocketInputStream.java:127)
	at redis.clients.util.RedisInputStream.ensureFill(RedisInputStream.java:196)
	... 24 common frames omitted
2023-11-24 13:30:45.581 [ScheduleThreadPool-test-thread-5] ERROR MessageUtil - adventureBossRankInfo is null
2023-11-24 13:31:00.563 [ScheduleThreadPool-test-thread-2] ERROR MessageUtil - adventureBossRankInfo is null
2023-11-24 13:31:00.878 [ScheduleThreadPool-test-thread-6] ERROR MessageUtil - adventureBossRankInfo is null
2023-11-24 13:31:00.897 [ScheduleThreadPool-test-thread-1] ERROR MessageUtil - adventureBossRankInfo is null
2023-11-24 13:31:00.924 [ScheduleThreadPool-test-thread-4] ERROR MessageUtil - adventureBossRankInfo is null
2023-11-24 13:31:00.934 [ScheduleThreadPool-test-thread-7] ERROR MessageUtil - adventureBossRankInfo is null
2023-11-24 13:32:00.563 [ScheduleThreadPool-test-thread-7] ERROR MessageUtil - adventureBossRankInfo is null
2023-11-24 13:32:00.853 [ScheduleThreadPool-test-thread-1] ERROR MessageUtil - adventureBossRankInfo is null
2023-11-24 13:32:00.852 [ScheduleThreadPool-test-thread-5] ERROR MessageUtil - adventureBossRankInfo is null
2023-11-24 13:32:00.922 [ScheduleThreadPool-test-thread-4] ERROR MessageUtil - adventureBossRankInfo is null
2023-11-24 13:32:00.924 [ScheduleThreadPool-test-thread-2] ERROR MessageUtil - adventureBossRankInfo is null
2023-11-24 13:33:00.562 [ScheduleThreadPool-test-thread-5] ERROR MessageUtil - adventureBossRankInfo is null
2023-11-24 13:33:00.852 [ScheduleThreadPool-test-thread-8] ERROR MessageUtil - adventureBossRankInfo is null
2023-11-24 13:33:00.855 [ScheduleThreadPool-test-thread-7] ERROR MessageUtil - adventureBossRankInfo is null
2023-11-24 13:33:00.923 [ScheduleThreadPool-test-thread-2] ERROR MessageUtil - adventureBossRankInfo is null
2023-11-24 13:33:00.926 [ScheduleThreadPool-test-thread-4] ERROR MessageUtil - adventureBossRankInfo is null
2023-11-24 13:34:00.562 [ScheduleThreadPool-test-thread-3] ERROR MessageUtil - adventureBossRankInfo is null
2023-11-24 13:34:00.850 [ScheduleThreadPool-test-thread-7] ERROR MessageUtil - adventureBossRankInfo is null
2023-11-24 13:34:00.853 [ScheduleThreadPool-test-thread-7] ERROR MessageUtil - adventureBossRankInfo is null
2023-11-24 13:34:00.924 [ScheduleThreadPool-test-thread-1] ERROR MessageUtil - adventureBossRankInfo is null
2023-11-24 13:34:00.924 [ScheduleThreadPool-test-thread-8] ERROR MessageUtil - adventureBossRankInfo is null
2023-11-24 13:35:00.562 [ScheduleThreadPool-test-thread-7] ERROR MessageUtil - adventureBossRankInfo is null
2023-11-24 13:35:00.850 [ScheduleThreadPool-test-thread-1] ERROR MessageUtil - adventureBossRankInfo is null
2023-11-24 13:35:00.856 [ScheduleThreadPool-test-thread-5] ERROR MessageUtil - adventureBossRankInfo is null
2023-11-24 13:35:00.922 [ScheduleThreadPool-test-thread-2] ERROR MessageUtil - adventureBossRankInfo is null
2023-11-24 13:35:00.923 [ScheduleThreadPool-test-thread-4] ERROR MessageUtil - adventureBossRankInfo is null
2023-11-24 13:36:00.559 [ScheduleThreadPool-test-thread-4] ERROR MessageUtil - adventureBossRankInfo is null
2023-11-24 13:36:00.854 [ScheduleThreadPool-test-thread-8] ERROR MessageUtil - adventureBossRankInfo is null
2023-11-24 13:36:00.854 [ScheduleThreadPool-test-thread-6] ERROR MessageUtil - adventureBossRankInfo is null
2023-11-24 13:36:00.924 [ScheduleThreadPool-test-thread-7] ERROR MessageUtil - adventureBossRankInfo is null
2023-11-24 13:36:00.924 [ScheduleThreadPool-test-thread-3] ERROR MessageUtil - adventureBossRankInfo is null
2023-11-24 13:37:00.564 [ScheduleThreadPool-test-thread-2] ERROR MessageUtil - adventureBossRankInfo is null
2023-11-24 13:37:00.853 [ScheduleThreadPool-test-thread-4] ERROR MessageUtil - adventureBossRankInfo is null
2023-11-24 13:37:00.852 [ScheduleThreadPool-test-thread-4] ERROR MessageUtil - adventureBossRankInfo is null
2023-11-24 13:37:00.923 [ScheduleThreadPool-test-thread-7] ERROR MessageUtil - adventureBossRankInfo is null
2023-11-24 13:37:00.925 [ScheduleThreadPool-test-thread-1] ERROR MessageUtil - adventureBossRankInfo is null
2023-11-24 13:38:00.562 [ScheduleThreadPool-test-thread-4] ERROR MessageUtil - adventureBossRankInfo is null
2023-11-24 13:38:00.852 [ScheduleThreadPool-test-thread-3] ERROR MessageUtil - adventureBossRankInfo is null
2023-11-24 13:38:00.857 [ScheduleThreadPool-test-thread-4] ERROR MessageUtil - adventureBossRankInfo is null
2023-11-24 13:38:00.924 [ScheduleThreadPool-test-thread-4] ERROR MessageUtil - adventureBossRankInfo is null
2023-11-24 13:38:00.924 [ScheduleThreadPool-test-thread-1] ERROR MessageUtil - adventureBossRankInfo is null
2023-11-24 13:39:00.564 [ScheduleThreadPool-test-thread-3] ERROR MessageUtil - adventureBossRankInfo is null
2023-11-24 13:39:00.851 [ScheduleThreadPool-test-thread-6] ERROR MessageUtil - adventureBossRankInfo is null
2023-11-24 13:39:00.924 [ScheduleThreadPool-test-thread-6] ERROR MessageUtil - adventureBossRankInfo is null
2023-11-24 13:39:00.926 [ScheduleThreadPool-test-thread-5] ERROR MessageUtil - adventureBossRankInfo is null
2023-11-24 13:39:02.417 [ScheduleThreadPool-test-thread-8] ERROR MessageUtil - adventureBossRankInfo is null
2023-11-24 13:40:00.594 [ScheduleThreadPool-test-thread-1] ERROR MessageUtil - adventureBossRankInfo is null
2023-11-24 13:40:00.854 [ScheduleThreadPool-test-thread-5] ERROR MessageUtil - adventureBossRankInfo is null
2023-11-24 13:40:00.856 [ScheduleThreadPool-test-thread-5] ERROR MessageUtil - adventureBossRankInfo is null
2023-11-24 13:40:00.928 [ScheduleThreadPool-test-thread-7] ERROR MessageUtil - adventureBossRankInfo is null
2023-11-24 13:40:00.931 [ScheduleThreadPool-test-thread-7] ERROR MessageUtil - adventureBossRankInfo is null
2023-11-24 13:41:00.573 [ScheduleThreadPool-test-thread-6] ERROR MessageUtil - adventureBossRankInfo is null
2023-11-24 13:41:00.853 [ScheduleThreadPool-test-thread-2] ERROR MessageUtil - adventureBossRankInfo is null
2023-11-24 13:41:00.863 [ScheduleThreadPool-test-thread-7] ERROR MessageUtil - adventureBossRankInfo is null
2023-11-24 13:41:00.924 [ScheduleThreadPool-test-thread-2] ERROR MessageUtil - adventureBossRankInfo is null
2023-11-24 13:41:00.923 [ScheduleThreadPool-test-thread-4] ERROR MessageUtil - adventureBossRankInfo is null
2023-11-24 13:42:00.679 [ScheduleThreadPool-test-thread-2] ERROR MessageUtil - adventureBossRankInfo is null
2023-11-24 13:42:00.866 [ScheduleThreadPool-test-thread-8] ERROR MessageUtil - adventureBossRankInfo is null
2023-11-24 13:42:00.976 [ScheduleThreadPool-test-thread-6] ERROR MessageUtil - adventureBossRankInfo is null
2023-11-24 13:42:00.983 [ScheduleThreadPool-test-thread-5] ERROR MessageUtil - adventureBossRankInfo is null
2023-11-24 13:42:55.760 [ScheduleThreadPool-test-thread-8] ERROR MessageUtil - adventureBossRankInfo is null
2023-11-24 13:43:00.676 [ScheduleThreadPool-test-thread-2] ERROR MessageUtil - adventureBossRankInfo is null
2023-11-24 13:43:00.719 [ScheduleThreadPool-test-thread-4] ERROR MessageUtil - adventureBossRankInfo is null
2023-11-24 13:43:00.900 [ScheduleThreadPool-test-thread-7] ERROR MessageUtil - adventureBossRankInfo is null
2023-11-24 13:43:00.979 [ScheduleThreadPool-test-thread-1] ERROR MessageUtil - adventureBossRankInfo is null
2023-11-24 13:43:01.059 [ScheduleThreadPool-test-thread-7] ERROR MessageUtil - adventureBossRankInfo is null
2023-11-24 13:44:00.572 [ScheduleThreadPool-test-thread-7] ERROR MessageUtil - adventureBossRankInfo is null
2023-11-24 13:44:00.720 [ScheduleThreadPool-test-thread-3] ERROR MessageUtil - adventureBossRankInfo is null
2023-11-24 13:44:00.855 [ScheduleThreadPool-test-thread-3] ERROR MessageUtil - adventureBossRankInfo is null
2023-11-24 13:44:00.921 [ScheduleThreadPool-test-thread-7] ERROR MessageUtil - adventureBossRankInfo is null
2023-11-24 13:44:00.924 [ScheduleThreadPool-test-thread-4] ERROR MessageUtil - adventureBossRankInfo is null
2023-11-24 13:45:00.562 [ScheduleThreadPool-test-thread-3] ERROR MessageUtil - adventureBossRankInfo is null
2023-11-24 13:45:00.718 [ScheduleThreadPool-test-thread-6] ERROR MessageUtil - adventureBossRankInfo is null
2023-11-24 13:45:00.858 [ScheduleThreadPool-test-thread-4] ERROR MessageUtil - adventureBossRankInfo is null
2023-11-24 13:45:00.920 [ScheduleThreadPool-test-thread-3] ERROR MessageUtil - adventureBossRankInfo is null
2023-11-24 13:45:00.924 [ScheduleThreadPool-test-thread-5] ERROR MessageUtil - adventureBossRankInfo is null
2023-11-24 13:46:00.566 [ScheduleThreadPool-test-thread-7] ERROR MessageUtil - adventureBossRankInfo is null
2023-11-24 13:46:00.714 [ScheduleThreadPool-test-thread-1] ERROR MessageUtil - adventureBossRankInfo is null
2023-11-24 13:46:00.862 [ScheduleThreadPool-test-thread-6] ERROR MessageUtil - adventureBossRankInfo is null
2023-11-24 13:46:00.922 [ScheduleThreadPool-test-thread-4] ERROR MessageUtil - adventureBossRankInfo is null
2023-11-24 13:46:00.923 [ScheduleThreadPool-test-thread-5] ERROR MessageUtil - adventureBossRankInfo is null
2023-11-24 13:47:00.558 [ScheduleThreadPool-test-thread-6] ERROR MessageUtil - adventureBossRankInfo is null
2023-11-24 13:47:00.714 [ScheduleThreadPool-test-thread-4] ERROR MessageUtil - adventureBossRankInfo is null
2023-11-24 13:47:00.853 [ScheduleThreadPool-test-thread-2] ERROR MessageUtil - adventureBossRankInfo is null
2023-11-24 13:47:00.922 [ScheduleThreadPool-test-thread-3] ERROR MessageUtil - adventureBossRankInfo is null
2023-11-24 13:47:00.922 [ScheduleThreadPool-test-thread-3] ERROR MessageUtil - adventureBossRankInfo is null
2023-11-24 13:48:00.558 [ScheduleThreadPool-test-thread-1] ERROR MessageUtil - adventureBossRankInfo is null
2023-11-24 13:48:00.720 [ScheduleThreadPool-test-thread-1] ERROR MessageUtil - adventureBossRankInfo is null
2023-11-24 13:48:00.862 [ScheduleThreadPool-test-thread-5] ERROR MessageUtil - adventureBossRankInfo is null
2023-11-24 13:48:00.922 [ScheduleThreadPool-test-thread-7] ERROR MessageUtil - adventureBossRankInfo is null
2023-11-24 13:48:00.924 [ScheduleThreadPool-test-thread-6] ERROR MessageUtil - adventureBossRankInfo is null
2023-11-24 13:49:00.562 [ScheduleThreadPool-test-thread-2] ERROR MessageUtil - adventureBossRankInfo is null
2023-11-24 13:49:00.713 [ScheduleThreadPool-test-thread-1] ERROR MessageUtil - adventureBossRankInfo is null
2023-11-24 13:49:00.856 [ScheduleThreadPool-test-thread-2] ERROR MessageUtil - adventureBossRankInfo is null
2023-11-24 13:49:00.917 [ScheduleThreadPool-test-thread-3] ERROR MessageUtil - adventureBossRankInfo is null
2023-11-24 13:49:00.923 [ScheduleThreadPool-test-thread-5] ERROR MessageUtil - adventureBossRankInfo is null
2023-11-24 13:50:00.564 [ScheduleThreadPool-test-thread-3] ERROR MessageUtil - adventureBossRankInfo is null
2023-11-24 13:50:00.718 [ScheduleThreadPool-test-thread-4] ERROR MessageUtil - adventureBossRankInfo is null
2023-11-24 13:50:00.858 [ScheduleThreadPool-test-thread-6] ERROR MessageUtil - adventureBossRankInfo is null
2023-11-24 13:50:00.922 [ScheduleThreadPool-test-thread-5] ERROR MessageUtil - adventureBossRankInfo is null
2023-11-24 13:50:00.923 [ScheduleThreadPool-test-thread-7] ERROR MessageUtil - adventureBossRankInfo is null
2023-11-24 13:51:00.562 [ScheduleThreadPool-test-thread-6] ERROR MessageUtil - adventureBossRankInfo is null
2023-11-24 13:51:00.724 [ScheduleThreadPool-test-thread-4] ERROR MessageUtil - adventureBossRankInfo is null
2023-11-24 13:51:00.860 [ScheduleThreadPool-test-thread-5] ERROR MessageUtil - adventureBossRankInfo is null
2023-11-24 13:51:00.922 [ScheduleThreadPool-test-thread-4] ERROR MessageUtil - adventureBossRankInfo is null
2023-11-24 13:51:00.923 [ScheduleThreadPool-test-thread-5] ERROR MessageUtil - adventureBossRankInfo is null
2023-11-24 13:52:00.576 [ScheduleThreadPool-test-thread-5] ERROR MessageUtil - adventureBossRankInfo is null
2023-11-24 13:52:00.718 [ScheduleThreadPool-test-thread-6] ERROR MessageUtil - adventureBossRankInfo is null
2023-11-24 13:52:00.861 [ScheduleThreadPool-test-thread-4] ERROR MessageUtil - adventureBossRankInfo is null
2023-11-24 13:52:00.922 [ScheduleThreadPool-test-thread-7] ERROR MessageUtil - adventureBossRankInfo is null
2023-11-24 13:52:00.922 [ScheduleThreadPool-test-thread-4] ERROR MessageUtil - adventureBossRankInfo is null
2023-11-24 13:53:00.564 [ScheduleThreadPool-test-thread-6] ERROR MessageUtil - adventureBossRankInfo is null
2023-11-24 13:53:00.720 [ScheduleThreadPool-test-thread-8] ERROR MessageUtil - adventureBossRankInfo is null
2023-11-24 13:53:00.856 [ScheduleThreadPool-test-thread-3] ERROR MessageUtil - adventureBossRankInfo is null
2023-11-24 13:53:00.924 [ScheduleThreadPool-test-thread-7] ERROR MessageUtil - adventureBossRankInfo is null
2023-11-24 13:53:00.924 [ScheduleThreadPool-test-thread-3] ERROR MessageUtil - adventureBossRankInfo is null
2023-11-24 13:54:00.564 [ScheduleThreadPool-test-thread-1] ERROR MessageUtil - adventureBossRankInfo is null
2023-11-24 13:54:00.719 [ScheduleThreadPool-test-thread-3] ERROR MessageUtil - adventureBossRankInfo is null
2023-11-24 13:54:00.861 [ScheduleThreadPool-test-thread-5] ERROR MessageUtil - adventureBossRankInfo is null
2023-11-24 13:54:00.926 [ScheduleThreadPool-test-thread-7] ERROR MessageUtil - adventureBossRankInfo is null
2023-11-24 13:54:00.931 [ScheduleThreadPool-test-thread-4] ERROR MessageUtil - adventureBossRankInfo is null
2023-11-24 13:55:01.588 [ScheduleThreadPool-test-thread-8] ERROR MessageUtil - adventureBossRankInfo is null
2023-11-24 13:55:01.594 [ScheduleThreadPool-test-thread-4] ERROR MessageUtil - adventureBossRankInfo is null
2023-11-24 13:55:01.600 [ScheduleThreadPool-test-thread-4] ERROR MessageUtil - adventureBossRankInfo is null
2023-11-24 13:55:01.600 [ScheduleThreadPool-test-thread-3] ERROR MessageUtil - adventureBossRankInfo is null
2023-11-24 13:55:38.795 [ScheduleThreadPool-test-thread-6] ERROR MessageUtil - adventureBossRankInfo is null
2023-11-24 13:56:00.594 [ScheduleThreadPool-test-thread-6] ERROR MessageUtil - adventureBossRankInfo is null
2023-11-24 13:56:00.720 [ScheduleThreadPool-test-thread-4] ERROR MessageUtil - adventureBossRankInfo is null
2023-11-24 13:56:00.753 [ScheduleThreadPool-test-thread-3] ERROR MessageUtil - adventureBossRankInfo is null
2023-11-24 13:56:00.873 [ScheduleThreadPool-test-thread-5] ERROR MessageUtil - adventureBossRankInfo is null
2023-11-24 13:56:00.928 [ScheduleThreadPool-test-thread-3] ERROR MessageUtil - adventureBossRankInfo is null
2023-11-24 13:57:00.565 [ScheduleThreadPool-test-thread-2] ERROR MessageUtil - adventureBossRankInfo is null
2023-11-24 13:57:00.715 [ScheduleThreadPool-test-thread-4] ERROR MessageUtil - adventureBossRankInfo is null
2023-11-24 13:57:00.751 [ScheduleThreadPool-test-thread-1] ERROR MessageUtil - adventureBossRankInfo is null
2023-11-24 13:57:00.859 [ScheduleThreadPool-test-thread-7] ERROR MessageUtil - adventureBossRankInfo is null
2023-11-24 13:57:00.921 [ScheduleThreadPool-test-thread-3] ERROR MessageUtil - adventureBossRankInfo is null
2023-11-24 13:58:00.563 [ScheduleThreadPool-test-thread-7] ERROR MessageUtil - adventureBossRankInfo is null
2023-11-24 13:58:00.720 [ScheduleThreadPool-test-thread-8] ERROR MessageUtil - adventureBossRankInfo is null
2023-11-24 13:58:00.757 [ScheduleThreadPool-test-thread-7] ERROR MessageUtil - adventureBossRankInfo is null
2023-11-24 13:58:00.859 [ScheduleThreadPool-test-thread-7] ERROR MessageUtil - adventureBossRankInfo is null
2023-11-24 13:58:00.925 [ScheduleThreadPool-test-thread-8] ERROR MessageUtil - adventureBossRankInfo is null
2023-11-24 13:59:00.562 [ScheduleThreadPool-test-thread-2] ERROR MessageUtil - adventureBossRankInfo is null
2023-11-24 13:59:00.727 [ScheduleThreadPool-test-thread-8] ERROR MessageUtil - adventureBossRankInfo is null
2023-11-24 13:59:00.753 [ScheduleThreadPool-test-thread-5] ERROR MessageUtil - adventureBossRankInfo is null
2023-11-24 13:59:00.856 [ScheduleThreadPool-test-thread-6] ERROR MessageUtil - adventureBossRankInfo is null
2023-11-24 13:59:00.924 [ScheduleThreadPool-test-thread-4] ERROR MessageUtil - adventureBossRankInfo is null
2023-11-24 14:00:00.591 [ScheduleThreadPool-test-thread-7] ERROR MessageUtil - adventureBossRankInfo is null
2023-11-24 14:00:00.721 [ScheduleThreadPool-test-thread-7] ERROR MessageUtil - adventureBossRankInfo is null
2023-11-24 14:00:00.755 [ScheduleThreadPool-test-thread-2] ERROR MessageUtil - adventureBossRankInfo is null
2023-11-24 14:00:00.853 [ScheduleThreadPool-test-thread-5] ERROR MessageUtil - adventureBossRankInfo is null
2023-11-24 14:00:00.924 [ScheduleThreadPool-test-thread-4] ERROR MessageUtil - adventureBossRankInfo is null
2023-11-24 14:01:00.560 [ScheduleThreadPool-test-thread-3] ERROR MessageUtil - adventureBossRankInfo is null
2023-11-24 14:01:00.719 [ScheduleThreadPool-test-thread-3] ERROR MessageUtil - adventureBossRankInfo is null
2023-11-24 14:01:00.751 [ScheduleThreadPool-test-thread-2] ERROR MessageUtil - adventureBossRankInfo is null
2023-11-24 14:01:00.856 [ScheduleThreadPool-test-thread-2] ERROR MessageUtil - adventureBossRankInfo is null
2023-11-24 14:01:00.925 [ScheduleThreadPool-test-thread-3] ERROR MessageUtil - adventureBossRankInfo is null
2023-11-24 14:02:00.562 [ScheduleThreadPool-test-thread-2] ERROR MessageUtil - adventureBossRankInfo is null
2023-11-24 14:02:00.719 [ScheduleThreadPool-test-thread-7] ERROR MessageUtil - adventureBossRankInfo is null
2023-11-24 14:02:00.756 [ScheduleThreadPool-test-thread-2] ERROR MessageUtil - adventureBossRankInfo is null
2023-11-24 14:02:00.854 [ScheduleThreadPool-test-thread-5] ERROR MessageUtil - adventureBossRankInfo is null
2023-11-24 14:02:00.922 [ScheduleThreadPool-test-thread-4] ERROR MessageUtil - adventureBossRankInfo is null
2023-11-24 14:03:00.562 [ScheduleThreadPool-test-thread-5] ERROR MessageUtil - adventureBossRankInfo is null
2023-11-24 14:03:00.717 [ScheduleThreadPool-test-thread-6] ERROR MessageUtil - adventureBossRankInfo is null
2023-11-24 14:03:00.753 [ScheduleThreadPool-test-thread-1] ERROR MessageUtil - adventureBossRankInfo is null
2023-11-24 14:03:00.855 [ScheduleThreadPool-test-thread-5] ERROR MessageUtil - adventureBossRankInfo is null
2023-11-24 14:03:00.921 [ScheduleThreadPool-test-thread-4] ERROR MessageUtil - adventureBossRankInfo is null
2023-11-24 14:04:00.554 [ScheduleThreadPool-test-thread-4] ERROR MessageUtil - adventureBossRankInfo is null
2023-11-24 14:04:00.718 [ScheduleThreadPool-test-thread-1] ERROR MessageUtil - adventureBossRankInfo is null
2023-11-24 14:04:00.754 [ScheduleThreadPool-test-thread-7] ERROR MessageUtil - adventureBossRankInfo is null
2023-11-24 14:04:00.860 [ScheduleThreadPool-test-thread-3] ERROR MessageUtil - adventureBossRankInfo is null
2023-11-24 14:04:00.922 [ScheduleThreadPool-test-thread-5] ERROR MessageUtil - adventureBossRankInfo is null
2023-11-24 14:05:00.552 [ScheduleThreadPool-test-thread-6] ERROR MessageUtil - adventureBossRankInfo is null
2023-11-24 14:05:00.729 [ScheduleThreadPool-test-thread-5] ERROR MessageUtil - adventureBossRankInfo is null
2023-11-24 14:05:00.756 [ScheduleThreadPool-test-thread-1] ERROR MessageUtil - adventureBossRankInfo is null
2023-11-24 14:05:00.858 [ScheduleThreadPool-test-thread-4] ERROR MessageUtil - adventureBossRankInfo is null
2023-11-24 14:05:00.917 [ScheduleThreadPool-test-thread-3] ERROR MessageUtil - adventureBossRankInfo is null
2023-11-24 14:06:00.561 [ScheduleThreadPool-test-thread-2] ERROR MessageUtil - adventureBossRankInfo is null
2023-11-24 14:06:00.718 [ScheduleThreadPool-test-thread-3] ERROR MessageUtil - adventureBossRankInfo is null
2023-11-24 14:06:00.748 [ScheduleThreadPool-test-thread-3] ERROR MessageUtil - adventureBossRankInfo is null
2023-11-24 14:06:00.859 [ScheduleThreadPool-test-thread-5] ERROR MessageUtil - adventureBossRankInfo is null
2023-11-24 14:06:00.923 [ScheduleThreadPool-test-thread-8] ERROR MessageUtil - adventureBossRankInfo is null
2023-11-24 14:07:00.561 [ScheduleThreadPool-test-thread-3] ERROR MessageUtil - adventureBossRankInfo is null
2023-11-24 14:07:00.710 [ScheduleThreadPool-test-thread-8] ERROR MessageUtil - adventureBossRankInfo is null
2023-11-24 14:07:00.751 [ScheduleThreadPool-test-thread-7] ERROR MessageUtil - adventureBossRankInfo is null
2023-11-24 14:07:00.856 [ScheduleThreadPool-test-thread-6] ERROR MessageUtil - adventureBossRankInfo is null
2023-11-24 14:07:00.920 [ScheduleThreadPool-test-thread-8] ERROR MessageUtil - adventureBossRankInfo is null
2023-11-24 14:08:00.552 [ScheduleThreadPool-test-thread-5] ERROR MessageUtil - adventureBossRankInfo is null
2023-11-24 14:08:00.713 [ScheduleThreadPool-test-thread-3] ERROR MessageUtil - adventureBossRankInfo is null
2023-11-24 14:08:00.748 [ScheduleThreadPool-test-thread-1] ERROR MessageUtil - adventureBossRankInfo is null
2023-11-24 14:08:00.870 [ScheduleThreadPool-test-thread-4] ERROR MessageUtil - adventureBossRankInfo is null
2023-11-24 14:08:01.019 [ScheduleThreadPool-test-thread-3] ERROR MessageUtil - adventureBossRankInfo is null
2023-11-24 14:09:00.556 [ScheduleThreadPool-test-thread-3] ERROR MessageUtil - adventureBossRankInfo is null
2023-11-24 14:09:00.716 [ScheduleThreadPool-test-thread-1] ERROR MessageUtil - adventureBossRankInfo is null
2023-11-24 14:09:00.748 [ScheduleThreadPool-test-thread-5] ERROR MessageUtil - adventureBossRankInfo is null
2023-11-24 14:09:00.856 [ScheduleThreadPool-test-thread-6] ERROR MessageUtil - adventureBossRankInfo is null
2023-11-24 14:09:00.921 [ScheduleThreadPool-test-thread-3] ERROR MessageUtil - adventureBossRankInfo is null
2023-11-24 14:10:00.557 [ScheduleThreadPool-test-thread-7] ERROR MessageUtil - adventureBossRankInfo is null
2023-11-24 14:10:00.717 [ScheduleThreadPool-test-thread-5] ERROR MessageUtil - adventureBossRankInfo is null
2023-11-24 14:10:00.750 [ScheduleThreadPool-test-thread-1] ERROR MessageUtil - adventureBossRankInfo is null
2023-11-24 14:10:00.855 [ScheduleThreadPool-test-thread-6] ERROR MessageUtil - adventureBossRankInfo is null
2023-11-24 14:10:00.921 [ScheduleThreadPool-test-thread-5] ERROR MessageUtil - adventureBossRankInfo is null
2023-11-24 14:11:00.560 [ScheduleThreadPool-test-thread-1] ERROR MessageUtil - adventureBossRankInfo is null
2023-11-24 14:11:00.719 [ScheduleThreadPool-test-thread-7] ERROR MessageUtil - adventureBossRankInfo is null
2023-11-24 14:11:00.749 [ScheduleThreadPool-test-thread-6] ERROR MessageUtil - adventureBossRankInfo is null
2023-11-24 14:11:00.854 [ScheduleThreadPool-test-thread-4] ERROR MessageUtil - adventureBossRankInfo is null
2023-11-24 14:11:00.923 [ScheduleThreadPool-test-thread-1] ERROR MessageUtil - adventureBossRankInfo is null
2023-11-24 14:12:00.564 [ScheduleThreadPool-test-thread-3] ERROR MessageUtil - adventureBossRankInfo is null
2023-11-24 14:12:00.720 [ScheduleThreadPool-test-thread-4] ERROR MessageUtil - adventureBossRankInfo is null
2023-11-24 14:12:00.749 [ScheduleThreadPool-test-thread-1] ERROR MessageUtil - adventureBossRankInfo is null
2023-11-24 14:12:00.855 [ScheduleThreadPool-test-thread-4] ERROR MessageUtil - adventureBossRankInfo is null
2023-11-24 14:12:00.921 [ScheduleThreadPool-test-thread-4] ERROR MessageUtil - adventureBossRankInfo is null
2023-11-24 14:13:00.562 [ScheduleThreadPool-test-thread-2] ERROR MessageUtil - adventureBossRankInfo is null
2023-11-24 14:13:00.715 [ScheduleThreadPool-test-thread-1] ERROR MessageUtil - adventureBossRankInfo is null
2023-11-24 14:13:00.751 [ScheduleThreadPool-test-thread-1] ERROR MessageUtil - adventureBossRankInfo is null
2023-11-24 14:13:00.853 [ScheduleThreadPool-test-thread-4] ERROR MessageUtil - adventureBossRankInfo is null
2023-11-24 14:13:00.921 [ScheduleThreadPool-test-thread-1] ERROR MessageUtil - adventureBossRankInfo is null
2023-11-24 14:14:00.561 [ScheduleThreadPool-test-thread-4] ERROR MessageUtil - adventureBossRankInfo is null
2023-11-24 14:14:00.718 [ScheduleThreadPool-test-thread-7] ERROR MessageUtil - adventureBossRankInfo is null
2023-11-24 14:14:00.750 [ScheduleThreadPool-test-thread-1] ERROR MessageUtil - adventureBossRankInfo is null
2023-11-24 14:14:00.856 [ScheduleThreadPool-test-thread-5] ERROR MessageUtil - adventureBossRankInfo is null
2023-11-24 14:14:00.924 [ScheduleThreadPool-test-thread-3] ERROR MessageUtil - adventureBossRankInfo is null
2023-11-24 14:15:00.562 [ScheduleThreadPool-test-thread-3] ERROR MessageUtil - adventureBossRankInfo is null
2023-11-24 14:15:00.718 [ScheduleThreadPool-test-thread-7] ERROR MessageUtil - adventureBossRankInfo is null
2023-11-24 14:15:00.748 [ScheduleThreadPool-test-thread-5] ERROR MessageUtil - adventureBossRankInfo is null
2023-11-24 14:15:00.853 [ScheduleThreadPool-test-thread-3] ERROR MessageUtil - adventureBossRankInfo is null
2023-11-24 14:15:00.921 [ScheduleThreadPool-test-thread-8] ERROR MessageUtil - adventureBossRankInfo is null
2023-11-24 14:16:00.558 [ScheduleThreadPool-test-thread-3] ERROR MessageUtil - adventureBossRankInfo is null
2023-11-24 14:16:00.717 [ScheduleThreadPool-test-thread-7] ERROR MessageUtil - adventureBossRankInfo is null
2023-11-24 14:16:00.747 [ScheduleThreadPool-test-thread-2] ERROR MessageUtil - adventureBossRankInfo is null
2023-11-24 14:16:00.852 [ScheduleThreadPool-test-thread-8] ERROR MessageUtil - adventureBossRankInfo is null
2023-11-24 14:16:00.920 [ScheduleThreadPool-test-thread-3] ERROR MessageUtil - adventureBossRankInfo is null
2023-11-24 14:16:50.529 [ScheduleThreadPool-test-thread-8] ERROR SecondsTask - e
org.springframework.data.redis.RedisConnectionFailureException: java.net.SocketTimeoutException: Read timed out; nested exception is redis.clients.jedis.exceptions.JedisConnectionException: java.net.SocketTimeoutException: Read timed out
	at org.springframework.data.redis.connection.jedis.JedisExceptionConverter.convert(JedisExceptionConverter.java:67)
	at org.springframework.data.redis.connection.jedis.JedisExceptionConverter.convert(JedisExceptionConverter.java:41)
	at org.springframework.data.redis.PassThroughExceptionTranslationStrategy.translate(PassThroughExceptionTranslationStrategy.java:37)
	at org.springframework.data.redis.FallbackExceptionTranslationStrategy.translate(FallbackExceptionTranslationStrategy.java:37)
	at org.springframework.data.redis.connection.jedis.JedisConnection.convertJedisAccessException(JedisConnection.java:241)
	at org.springframework.data.redis.connection.jedis.JedisConnection.hGetAll(JedisConnection.java:3001)
	at org.springframework.data.redis.connection.DefaultStringRedisConnection.hGetAll(DefaultStringRedisConnection.java:372)
	at org.springframework.data.redis.core.DefaultHashOperations$13.doInRedis(DefaultHashOperations.java:223)
	at org.springframework.data.redis.core.DefaultHashOperations$13.doInRedis(DefaultHashOperations.java:220)
	at org.springframework.data.redis.core.RedisTemplate.execute(RedisTemplate.java:207)
	at org.springframework.data.redis.core.RedisTemplate.execute(RedisTemplate.java:169)
	at org.springframework.data.redis.core.AbstractOperations.execute(AbstractOperations.java:91)
	at org.springframework.data.redis.core.DefaultHashOperations.entries(DefaultHashOperations.java:220)
	at com.ljsd.jieling.db.redis.RedisUtil.getMapValues(RedisUtil.java:1401)
	at com.ljsd.jieling.logic.championship.ChampionshipLogic.minuteCheck(ChampionshipLogic.java:1414)
	at com.ljsd.jieling.thread.task.SecondsTask.run(SecondsTask.java:21)
	at java.util.concurrent.Executors$RunnableAdapter.call(Executors.java:511)
	at java.util.concurrent.FutureTask.runAndReset(FutureTask.java:308)
	at java.util.concurrent.ScheduledThreadPoolExecutor$ScheduledFutureTask.access$301(ScheduledThreadPoolExecutor.java:180)
	at java.util.concurrent.ScheduledThreadPoolExecutor$ScheduledFutureTask.run(ScheduledThreadPoolExecutor.java:294)
	at java.util.concurrent.ThreadPoolExecutor.runWorker(ThreadPoolExecutor.java:1149)
	at java.util.concurrent.ThreadPoolExecutor$Worker.run(ThreadPoolExecutor.java:624)
	at java.lang.Thread.run(Thread.java:750)
Caused by: redis.clients.jedis.exceptions.JedisConnectionException: java.net.SocketTimeoutException: Read timed out
	at redis.clients.util.RedisInputStream.ensureFill(RedisInputStream.java:202)
	at redis.clients.util.RedisInputStream.readByte(RedisInputStream.java:40)
	at redis.clients.jedis.Protocol.process(Protocol.java:151)
	at redis.clients.jedis.Protocol.read(Protocol.java:215)
	at redis.clients.jedis.Connection.readProtocolWithCheckingBroken(Connection.java:340)
	at redis.clients.jedis.Connection.getBinaryMultiBulkReply(Connection.java:276)
	at redis.clients.jedis.BinaryJedis.hgetAll(BinaryJedis.java:1028)
	at org.springframework.data.redis.connection.jedis.JedisConnection.hGetAll(JedisConnection.java:2999)
	... 17 common frames omitted
Caused by: java.net.SocketTimeoutException: Read timed out
	at java.net.SocketInputStream.socketRead0(Native Method)
	at java.net.SocketInputStream.socketRead(SocketInputStream.java:116)
	at java.net.SocketInputStream.read(SocketInputStream.java:171)
	at java.net.SocketInputStream.read(SocketInputStream.java:141)
	at java.net.SocketInputStream.read(SocketInputStream.java:127)
	at redis.clients.util.RedisInputStream.ensureFill(RedisInputStream.java:196)
	... 24 common frames omitted
2023-11-24 14:16:50.598 [ScheduleThreadPool-test-thread-3] ERROR SecondsTask - e
org.springframework.data.redis.RedisConnectionFailureException: java.net.SocketTimeoutException: Read timed out; nested exception is redis.clients.jedis.exceptions.JedisConnectionException: java.net.SocketTimeoutException: Read timed out
	at org.springframework.data.redis.connection.jedis.JedisExceptionConverter.convert(JedisExceptionConverter.java:67)
	at org.springframework.data.redis.connection.jedis.JedisExceptionConverter.convert(JedisExceptionConverter.java:41)
	at org.springframework.data.redis.PassThroughExceptionTranslationStrategy.translate(PassThroughExceptionTranslationStrategy.java:37)
	at org.springframework.data.redis.FallbackExceptionTranslationStrategy.translate(FallbackExceptionTranslationStrategy.java:37)
	at org.springframework.data.redis.connection.jedis.JedisConnection.convertJedisAccessException(JedisConnection.java:241)
	at org.springframework.data.redis.connection.jedis.JedisConnection.hGetAll(JedisConnection.java:3001)
	at org.springframework.data.redis.connection.DefaultStringRedisConnection.hGetAll(DefaultStringRedisConnection.java:372)
	at org.springframework.data.redis.core.DefaultHashOperations$13.doInRedis(DefaultHashOperations.java:223)
	at org.springframework.data.redis.core.DefaultHashOperations$13.doInRedis(DefaultHashOperations.java:220)
	at org.springframework.data.redis.core.RedisTemplate.execute(RedisTemplate.java:207)
	at org.springframework.data.redis.core.RedisTemplate.execute(RedisTemplate.java:169)
	at org.springframework.data.redis.core.AbstractOperations.execute(AbstractOperations.java:91)
	at org.springframework.data.redis.core.DefaultHashOperations.entries(DefaultHashOperations.java:220)
	at com.ljsd.jieling.db.redis.RedisUtil.getMapValues(RedisUtil.java:1401)
	at com.ljsd.jieling.logic.championship.ChampionshipLogic.minuteCheck(ChampionshipLogic.java:1414)
	at com.ljsd.jieling.thread.task.SecondsTask.run(SecondsTask.java:21)
	at java.util.concurrent.Executors$RunnableAdapter.call(Executors.java:511)
	at java.util.concurrent.FutureTask.runAndReset(FutureTask.java:308)
	at java.util.concurrent.ScheduledThreadPoolExecutor$ScheduledFutureTask.access$301(ScheduledThreadPoolExecutor.java:180)
	at java.util.concurrent.ScheduledThreadPoolExecutor$ScheduledFutureTask.run(ScheduledThreadPoolExecutor.java:294)
	at java.util.concurrent.ThreadPoolExecutor.runWorker(ThreadPoolExecutor.java:1149)
	at java.util.concurrent.ThreadPoolExecutor$Worker.run(ThreadPoolExecutor.java:624)
	at java.lang.Thread.run(Thread.java:750)
Caused by: redis.clients.jedis.exceptions.JedisConnectionException: java.net.SocketTimeoutException: Read timed out
	at redis.clients.util.RedisInputStream.ensureFill(RedisInputStream.java:202)
	at redis.clients.util.RedisInputStream.readByte(RedisInputStream.java:40)
	at redis.clients.jedis.Protocol.process(Protocol.java:151)
	at redis.clients.jedis.Protocol.read(Protocol.java:215)
	at redis.clients.jedis.Connection.readProtocolWithCheckingBroken(Connection.java:340)
	at redis.clients.jedis.Connection.getBinaryMultiBulkReply(Connection.java:276)
	at redis.clients.jedis.BinaryJedis.hgetAll(BinaryJedis.java:1028)
	at org.springframework.data.redis.connection.jedis.JedisConnection.hGetAll(JedisConnection.java:2999)
	... 17 common frames omitted
Caused by: java.net.SocketTimeoutException: Read timed out
	at java.net.SocketInputStream.socketRead0(Native Method)
	at java.net.SocketInputStream.socketRead(SocketInputStream.java:116)
	at java.net.SocketInputStream.read(SocketInputStream.java:171)
	at java.net.SocketInputStream.read(SocketInputStream.java:141)
	at java.net.SocketInputStream.read(SocketInputStream.java:127)
	at redis.clients.util.RedisInputStream.ensureFill(RedisInputStream.java:196)
	... 24 common frames omitted
2023-11-24 14:16:50.617 [ScheduleThreadPool-test-thread-7] ERROR SecondsTask - e
org.springframework.data.redis.RedisConnectionFailureException: java.net.SocketTimeoutException: Read timed out; nested exception is redis.clients.jedis.exceptions.JedisConnectionException: java.net.SocketTimeoutException: Read timed out
	at org.springframework.data.redis.connection.jedis.JedisExceptionConverter.convert(JedisExceptionConverter.java:67)
	at org.springframework.data.redis.connection.jedis.JedisExceptionConverter.convert(JedisExceptionConverter.java:41)
	at org.springframework.data.redis.PassThroughExceptionTranslationStrategy.translate(PassThroughExceptionTranslationStrategy.java:37)
	at org.springframework.data.redis.FallbackExceptionTranslationStrategy.translate(FallbackExceptionTranslationStrategy.java:37)
	at org.springframework.data.redis.connection.jedis.JedisConnection.convertJedisAccessException(JedisConnection.java:241)
	at org.springframework.data.redis.connection.jedis.JedisConnection.hGetAll(JedisConnection.java:3001)
	at org.springframework.data.redis.connection.DefaultStringRedisConnection.hGetAll(DefaultStringRedisConnection.java:372)
	at org.springframework.data.redis.core.DefaultHashOperations$13.doInRedis(DefaultHashOperations.java:223)
	at org.springframework.data.redis.core.DefaultHashOperations$13.doInRedis(DefaultHashOperations.java:220)
	at org.springframework.data.redis.core.RedisTemplate.execute(RedisTemplate.java:207)
	at org.springframework.data.redis.core.RedisTemplate.execute(RedisTemplate.java:169)
	at org.springframework.data.redis.core.AbstractOperations.execute(AbstractOperations.java:91)
	at org.springframework.data.redis.core.DefaultHashOperations.entries(DefaultHashOperations.java:220)
	at com.ljsd.jieling.db.redis.RedisUtil.getMapValues(RedisUtil.java:1401)
	at com.ljsd.jieling.logic.championship.ChampionshipLogic.minuteCheck(ChampionshipLogic.java:1414)
	at com.ljsd.jieling.thread.task.SecondsTask.run(SecondsTask.java:21)
	at java.util.concurrent.Executors$RunnableAdapter.call(Executors.java:511)
	at java.util.concurrent.FutureTask.runAndReset(FutureTask.java:308)
	at java.util.concurrent.ScheduledThreadPoolExecutor$ScheduledFutureTask.access$301(ScheduledThreadPoolExecutor.java:180)
	at java.util.concurrent.ScheduledThreadPoolExecutor$ScheduledFutureTask.run(ScheduledThreadPoolExecutor.java:294)
	at java.util.concurrent.ThreadPoolExecutor.runWorker(ThreadPoolExecutor.java:1149)
	at java.util.concurrent.ThreadPoolExecutor$Worker.run(ThreadPoolExecutor.java:624)
	at java.lang.Thread.run(Thread.java:750)
Caused by: redis.clients.jedis.exceptions.JedisConnectionException: java.net.SocketTimeoutException: Read timed out
	at redis.clients.util.RedisInputStream.ensureFill(RedisInputStream.java:202)
	at redis.clients.util.RedisInputStream.readByte(RedisInputStream.java:40)
	at redis.clients.jedis.Protocol.process(Protocol.java:151)
	at redis.clients.jedis.Protocol.read(Protocol.java:215)
	at redis.clients.jedis.Connection.readProtocolWithCheckingBroken(Connection.java:340)
	at redis.clients.jedis.Connection.getBinaryMultiBulkReply(Connection.java:276)
	at redis.clients.jedis.BinaryJedis.hgetAll(BinaryJedis.java:1028)
	at org.springframework.data.redis.connection.jedis.JedisConnection.hGetAll(JedisConnection.java:2999)
	... 17 common frames omitted
Caused by: java.net.SocketTimeoutException: Read timed out
	at java.net.SocketInputStream.socketRead0(Native Method)
	at java.net.SocketInputStream.socketRead(SocketInputStream.java:116)
	at java.net.SocketInputStream.read(SocketInputStream.java:171)
	at java.net.SocketInputStream.read(SocketInputStream.java:141)
	at java.net.SocketInputStream.read(SocketInputStream.java:127)
	at redis.clients.util.RedisInputStream.ensureFill(RedisInputStream.java:196)
	... 24 common frames omitted
2023-11-24 14:17:00.673 [ScheduleThreadPool-test-thread-4] ERROR MessageUtil - adventureBossRankInfo is null
2023-11-24 14:17:00.757 [ScheduleThreadPool-test-thread-4] ERROR MessageUtil - adventureBossRankInfo is null
2023-11-24 14:17:00.773 [ScheduleThreadPool-test-thread-5] ERROR MessageUtil - adventureBossRankInfo is null
2023-11-24 14:17:00.883 [ScheduleThreadPool-test-thread-5] ERROR MessageUtil - adventureBossRankInfo is null
2023-11-24 14:17:10.870 [ScheduleThreadPool-test-thread-2] ERROR MessageUtil - adventureBossRankInfo is null
2023-11-24 14:18:00.573 [ScheduleThreadPool-test-thread-6] ERROR MessageUtil - adventureBossRankInfo is null
2023-11-24 14:18:00.721 [ScheduleThreadPool-test-thread-5] ERROR MessageUtil - adventureBossRankInfo is null
2023-11-24 14:18:00.749 [ScheduleThreadPool-test-thread-1] ERROR MessageUtil - adventureBossRankInfo is null
2023-11-24 14:18:00.824 [ScheduleThreadPool-test-thread-4] ERROR MessageUtil - adventureBossRankInfo is null
2023-11-24 14:18:00.864 [ScheduleThreadPool-test-thread-7] ERROR MessageUtil - adventureBossRankInfo is null
2023-11-24 14:19:00.568 [ScheduleThreadPool-test-thread-5] ERROR MessageUtil - adventureBossRankInfo is null
2023-11-24 14:19:00.719 [ScheduleThreadPool-test-thread-4] ERROR MessageUtil - adventureBossRankInfo is null
2023-11-24 14:19:00.756 [ScheduleThreadPool-test-thread-3] ERROR MessageUtil - adventureBossRankInfo is null
2023-11-24 14:19:00.825 [ScheduleThreadPool-test-thread-4] ERROR MessageUtil - adventureBossRankInfo is null
2023-11-24 14:19:00.865 [ScheduleThreadPool-test-thread-3] ERROR MessageUtil - adventureBossRankInfo is null
2023-11-24 14:20:00.609 [ScheduleThreadPool-test-thread-1] ERROR MessageUtil - adventureBossRankInfo is null
2023-11-24 14:20:00.723 [ScheduleThreadPool-test-thread-8] ERROR MessageUtil - adventureBossRankInfo is null
2023-11-24 14:20:00.754 [ScheduleThreadPool-test-thread-2] ERROR MessageUtil - adventureBossRankInfo is null
2023-11-24 14:20:00.828 [ScheduleThreadPool-test-thread-6] ERROR MessageUtil - adventureBossRankInfo is null
2023-11-24 14:20:00.864 [ScheduleThreadPool-test-thread-8] ERROR MessageUtil - adventureBossRankInfo is null
2023-11-24 14:21:00.591 [ScheduleThreadPool-test-thread-3] ERROR MessageUtil - adventureBossRankInfo is null
2023-11-24 14:21:00.721 [ScheduleThreadPool-test-thread-1] ERROR MessageUtil - adventureBossRankInfo is null
2023-11-24 14:21:00.754 [ScheduleThreadPool-test-thread-6] ERROR MessageUtil - adventureBossRankInfo is null
2023-11-24 14:21:00.827 [ScheduleThreadPool-test-thread-7] ERROR MessageUtil - adventureBossRankInfo is null
2023-11-24 14:21:00.861 [ScheduleThreadPool-test-thread-7] ERROR MessageUtil - adventureBossRankInfo is null
2023-11-24 14:22:00.564 [ScheduleThreadPool-test-thread-1] ERROR MessageUtil - adventureBossRankInfo is null
2023-11-24 14:22:00.719 [ScheduleThreadPool-test-thread-4] ERROR MessageUtil - adventureBossRankInfo is null
2023-11-24 14:22:00.753 [ScheduleThreadPool-test-thread-6] ERROR MessageUtil - adventureBossRankInfo is null
2023-11-24 14:22:00.829 [ScheduleThreadPool-test-thread-1] ERROR MessageUtil - adventureBossRankInfo is null
2023-11-24 14:22:00.856 [ScheduleThreadPool-test-thread-8] ERROR MessageUtil - adventureBossRankInfo is null
2023-11-24 14:23:00.565 [ScheduleThreadPool-test-thread-4] ERROR MessageUtil - adventureBossRankInfo is null
2023-11-24 14:23:00.718 [ScheduleThreadPool-test-thread-5] ERROR MessageUtil - adventureBossRankInfo is null
2023-11-24 14:23:00.753 [ScheduleThreadPool-test-thread-7] ERROR MessageUtil - adventureBossRankInfo is null
2023-11-24 14:23:00.825 [ScheduleThreadPool-test-thread-4] ERROR MessageUtil - adventureBossRankInfo is null
2023-11-24 14:23:00.864 [ScheduleThreadPool-test-thread-6] ERROR MessageUtil - adventureBossRankInfo is null
2023-11-24 14:24:00.580 [ScheduleThreadPool-test-thread-3] ERROR MessageUtil - adventureBossRankInfo is null
2023-11-24 14:24:00.721 [ScheduleThreadPool-test-thread-8] ERROR MessageUtil - adventureBossRankInfo is null
2023-11-24 14:24:00.753 [ScheduleThreadPool-test-thread-3] ERROR MessageUtil - adventureBossRankInfo is null
2023-11-24 14:24:00.826 [ScheduleThreadPool-test-thread-7] ERROR MessageUtil - adventureBossRankInfo is null
2023-11-24 14:24:00.861 [ScheduleThreadPool-test-thread-8] ERROR MessageUtil - adventureBossRankInfo is null
2023-11-24 14:25:00.559 [ScheduleThreadPool-test-thread-4] ERROR MessageUtil - adventureBossRankInfo is null
2023-11-24 14:25:00.720 [ScheduleThreadPool-test-thread-1] ERROR MessageUtil - adventureBossRankInfo is null
2023-11-24 14:25:00.753 [ScheduleThreadPool-test-thread-7] ERROR MessageUtil - adventureBossRankInfo is null
2023-11-24 14:25:00.829 [ScheduleThreadPool-test-thread-3] ERROR MessageUtil - adventureBossRankInfo is null
2023-11-24 14:25:00.860 [ScheduleThreadPool-test-thread-4] ERROR MessageUtil - adventureBossRankInfo is null
2023-11-24 14:26:00.565 [ScheduleThreadPool-test-thread-7] ERROR MessageUtil - adventureBossRankInfo is null
2023-11-24 14:26:00.717 [ScheduleThreadPool-test-thread-7] ERROR MessageUtil - adventureBossRankInfo is null
2023-11-24 14:26:00.753 [ScheduleThreadPool-test-thread-3] ERROR MessageUtil - adventureBossRankInfo is null
2023-11-24 14:26:00.824 [ScheduleThreadPool-test-thread-1] ERROR MessageUtil - adventureBossRankInfo is null
2023-11-24 14:26:00.870 [ScheduleThreadPool-test-thread-4] ERROR MessageUtil - adventureBossRankInfo is null
2023-11-24 14:27:00.561 [ScheduleThreadPool-test-thread-1] ERROR MessageUtil - adventureBossRankInfo is null
2023-11-24 14:27:00.718 [ScheduleThreadPool-test-thread-8] ERROR MessageUtil - adventureBossRankInfo is null
2023-11-24 14:27:00.752 [ScheduleThreadPool-test-thread-7] ERROR MessageUtil - adventureBossRankInfo is null
2023-11-24 14:27:00.827 [ScheduleThreadPool-test-thread-4] ERROR MessageUtil - adventureBossRankInfo is null
2023-11-24 14:27:00.861 [ScheduleThreadPool-test-thread-3] ERROR MessageUtil - adventureBossRankInfo is null
2023-11-24 14:28:00.564 [ScheduleThreadPool-test-thread-3] ERROR MessageUtil - adventureBossRankInfo is null
2023-11-24 14:28:00.720 [ScheduleThreadPool-test-thread-4] ERROR MessageUtil - adventureBossRankInfo is null
2023-11-24 14:28:00.749 [ScheduleThreadPool-test-thread-6] ERROR MessageUtil - adventureBossRankInfo is null
2023-11-24 14:28:00.825 [ScheduleThreadPool-test-thread-6] ERROR MessageUtil - adventureBossRankInfo is null
2023-11-24 14:28:00.866 [ScheduleThreadPool-test-thread-4] ERROR MessageUtil - adventureBossRankInfo is null
2023-11-24 14:29:00.561 [ScheduleThreadPool-test-thread-3] ERROR MessageUtil - adventureBossRankInfo is null
2023-11-24 14:29:00.723 [ScheduleThreadPool-test-thread-4] ERROR MessageUtil - adventureBossRankInfo is null
2023-11-24 14:29:00.755 [ScheduleThreadPool-test-thread-2] ERROR MessageUtil - adventureBossRankInfo is null
2023-11-24 14:29:00.827 [ScheduleThreadPool-test-thread-1] ERROR MessageUtil - adventureBossRankInfo is null
2023-11-24 14:29:00.865 [ScheduleThreadPool-test-thread-5] ERROR MessageUtil - adventureBossRankInfo is null
2023-11-24 14:30:00.561 [ScheduleThreadPool-test-thread-3] ERROR MessageUtil - adventureBossRankInfo is null
2023-11-24 14:30:00.721 [ScheduleThreadPool-test-thread-3] ERROR MessageUtil - adventureBossRankInfo is null
2023-11-24 14:30:00.753 [ScheduleThreadPool-test-thread-5] ERROR MessageUtil - adventureBossRankInfo is null
2023-11-24 14:30:00.824 [ScheduleThreadPool-test-thread-1] ERROR MessageUtil - adventureBossRankInfo is null
2023-11-24 14:30:00.866 [ScheduleThreadPool-test-thread-8] ERROR MessageUtil - adventureBossRankInfo is null
2023-11-24 14:31:00.562 [ScheduleThreadPool-test-thread-4] ERROR MessageUtil - adventureBossRankInfo is null
2023-11-24 14:31:00.718 [ScheduleThreadPool-test-thread-6] ERROR MessageUtil - adventureBossRankInfo is null
2023-11-24 14:31:00.750 [ScheduleThreadPool-test-thread-7] ERROR MessageUtil - adventureBossRankInfo is null
2023-11-24 14:31:00.827 [ScheduleThreadPool-test-thread-8] ERROR MessageUtil - adventureBossRankInfo is null
2023-11-24 14:31:00.865 [ScheduleThreadPool-test-thread-3] ERROR MessageUtil - adventureBossRankInfo is null
2023-11-24 14:32:00.565 [ScheduleThreadPool-test-thread-2] ERROR MessageUtil - adventureBossRankInfo is null
2023-11-24 14:32:00.720 [ScheduleThreadPool-test-thread-8] ERROR MessageUtil - adventureBossRankInfo is null
2023-11-24 14:32:00.753 [ScheduleThreadPool-test-thread-6] ERROR MessageUtil - adventureBossRankInfo is null
2023-11-24 14:32:00.825 [ScheduleThreadPool-test-thread-7] ERROR MessageUtil - adventureBossRankInfo is null
2023-11-24 14:32:00.867 [ScheduleThreadPool-test-thread-3] ERROR MessageUtil - adventureBossRankInfo is null
2023-11-24 14:33:00.562 [ScheduleThreadPool-test-thread-3] ERROR MessageUtil - adventureBossRankInfo is null
2023-11-24 14:33:00.711 [ScheduleThreadPool-test-thread-7] ERROR MessageUtil - adventureBossRankInfo is null
2023-11-24 14:33:00.754 [ScheduleThreadPool-test-thread-3] ERROR MessageUtil - adventureBossRankInfo is null
2023-11-24 14:33:00.825 [ScheduleThreadPool-test-thread-5] ERROR MessageUtil - adventureBossRankInfo is null
2023-11-24 14:33:00.862 [ScheduleThreadPool-test-thread-5] ERROR MessageUtil - adventureBossRankInfo is null
2023-11-24 14:34:00.595 [ScheduleThreadPool-test-thread-4] ERROR MessageUtil - adventureBossRankInfo is null
2023-11-24 14:34:00.738 [ScheduleThreadPool-test-thread-1] ERROR MessageUtil - adventureBossRankInfo is null
2023-11-24 14:34:00.783 [ScheduleThreadPool-test-thread-1] ERROR MessageUtil - adventureBossRankInfo is null
2023-11-24 14:34:00.837 [ScheduleThreadPool-test-thread-6] ERROR MessageUtil - adventureBossRankInfo is null
2023-11-24 14:34:00.893 [ScheduleThreadPool-test-thread-2] ERROR MessageUtil - adventureBossRankInfo is null
2023-11-24 14:35:00.595 [ScheduleThreadPool-test-thread-3] ERROR MessageUtil - adventureBossRankInfo is null
2023-11-24 14:35:00.718 [ScheduleThreadPool-test-thread-6] ERROR MessageUtil - adventureBossRankInfo is null
2023-11-24 14:35:00.753 [ScheduleThreadPool-test-thread-1] ERROR MessageUtil - adventureBossRankInfo is null
2023-11-24 14:35:00.826 [ScheduleThreadPool-test-thread-6] ERROR MessageUtil - adventureBossRankInfo is null
2023-11-24 14:35:00.863 [ScheduleThreadPool-test-thread-4] ERROR MessageUtil - adventureBossRankInfo is null
2023-11-24 14:36:00.542 [ScheduleThreadPool-test-thread-1] ERROR MessageUtil - adventureBossRankInfo is null
2023-11-24 14:36:00.721 [ScheduleThreadPool-test-thread-8] ERROR MessageUtil - adventureBossRankInfo is null
2023-11-24 14:36:00.758 [ScheduleThreadPool-test-thread-3] ERROR MessageUtil - adventureBossRankInfo is null
2023-11-24 14:36:00.822 [ScheduleThreadPool-test-thread-8] ERROR MessageUtil - adventureBossRankInfo is null
2023-11-24 14:36:00.864 [ScheduleThreadPool-test-thread-8] ERROR MessageUtil - adventureBossRankInfo is null
2023-11-24 14:37:00.541 [ScheduleThreadPool-test-thread-8] ERROR MessageUtil - adventureBossRankInfo is null
2023-11-24 14:37:00.717 [ScheduleThreadPool-test-thread-6] ERROR MessageUtil - adventureBossRankInfo is null
2023-11-24 14:37:00.753 [ScheduleThreadPool-test-thread-3] ERROR MessageUtil - adventureBossRankInfo is null
2023-11-24 14:37:00.825 [ScheduleThreadPool-test-thread-7] ERROR MessageUtil - adventureBossRankInfo is null
2023-11-24 14:37:00.864 [ScheduleThreadPool-test-thread-4] ERROR MessageUtil - adventureBossRankInfo is null
2023-11-24 14:38:00.542 [ScheduleThreadPool-test-thread-6] ERROR MessageUtil - adventureBossRankInfo is null
2023-11-24 14:38:00.717 [ScheduleThreadPool-test-thread-3] ERROR MessageUtil - adventureBossRankInfo is null
2023-11-24 14:38:00.750 [ScheduleThreadPool-test-thread-5] ERROR MessageUtil - adventureBossRankInfo is null
2023-11-24 14:38:00.826 [ScheduleThreadPool-test-thread-3] ERROR MessageUtil - adventureBossRankInfo is null
2023-11-24 14:38:00.862 [ScheduleThreadPool-test-thread-3] ERROR MessageUtil - adventureBossRankInfo is null
2023-11-24 14:39:00.542 [ScheduleThreadPool-test-thread-8] ERROR MessageUtil - adventureBossRankInfo is null
2023-11-24 14:39:00.717 [ScheduleThreadPool-test-thread-1] ERROR MessageUtil - adventureBossRankInfo is null
2023-11-24 14:39:00.768 [ScheduleThreadPool-test-thread-7] ERROR MessageUtil - adventureBossRankInfo is null
2023-11-24 14:39:00.824 [ScheduleThreadPool-test-thread-7] ERROR MessageUtil - adventureBossRankInfo is null
2023-11-24 14:39:00.862 [ScheduleThreadPool-test-thread-2] ERROR MessageUtil - adventureBossRankInfo is null
2023-11-24 14:40:00.550 [ScheduleThreadPool-test-thread-6] ERROR MessageUtil - adventureBossRankInfo is null
2023-11-24 14:40:00.721 [ScheduleThreadPool-test-thread-1] ERROR MessageUtil - adventureBossRankInfo is null
2023-11-24 14:40:00.757 [ScheduleThreadPool-test-thread-2] ERROR MessageUtil - adventureBossRankInfo is null
2023-11-24 14:40:00.823 [ScheduleThreadPool-test-thread-3] ERROR MessageUtil - adventureBossRankInfo is null
2023-11-24 14:40:00.866 [ScheduleThreadPool-test-thread-6] ERROR MessageUtil - adventureBossRankInfo is null
2023-11-24 14:41:00.544 [ScheduleThreadPool-test-thread-7] ERROR MessageUtil - adventureBossRankInfo is null
2023-11-24 14:41:00.719 [ScheduleThreadPool-test-thread-5] ERROR MessageUtil - adventureBossRankInfo is null
2023-11-24 14:41:00.759 [ScheduleThreadPool-test-thread-4] ERROR MessageUtil - adventureBossRankInfo is null
2023-11-24 14:41:00.824 [ScheduleThreadPool-test-thread-6] ERROR MessageUtil - adventureBossRankInfo is null
2023-11-24 14:41:00.864 [ScheduleThreadPool-test-thread-3] ERROR MessageUtil - adventureBossRankInfo is null
2023-11-24 14:42:00.541 [ScheduleThreadPool-test-thread-2] ERROR MessageUtil - adventureBossRankInfo is null
2023-11-24 14:42:00.718 [ScheduleThreadPool-test-thread-3] ERROR MessageUtil - adventureBossRankInfo is null
2023-11-24 14:42:00.752 [ScheduleThreadPool-test-thread-1] ERROR MessageUtil - adventureBossRankInfo is null
2023-11-24 14:42:00.826 [ScheduleThreadPool-test-thread-6] ERROR MessageUtil - adventureBossRankInfo is null
2023-11-24 14:42:57.490 [ScheduleThreadPool-test-thread-2] ERROR MessageUtil - adventureBossRankInfo is null
2023-11-24 14:43:00.527 [ScheduleThreadPool-test-thread-1] ERROR MessageUtil - adventureBossRankInfo is null
2023-11-24 14:43:00.598 [ScheduleThreadPool-test-thread-3] ERROR MessageUtil - adventureBossRankInfo is null
2023-11-24 14:43:00.791 [ScheduleThreadPool-test-thread-1] ERROR MessageUtil - adventureBossRankInfo is null
2023-11-24 14:43:00.801 [ScheduleThreadPool-test-thread-6] ERROR MessageUtil - adventureBossRankInfo is null
2023-11-24 14:43:00.867 [ScheduleThreadPool-test-thread-8] ERROR MessageUtil - adventureBossRankInfo is null
2023-11-24 14:44:00.575 [ScheduleThreadPool-test-thread-5] ERROR MessageUtil - adventureBossRankInfo is null
2023-11-24 14:44:00.585 [ScheduleThreadPool-test-thread-6] ERROR MessageUtil - adventureBossRankInfo is null
2023-11-24 14:44:00.723 [ScheduleThreadPool-test-thread-8] ERROR MessageUtil - adventureBossRankInfo is null
2023-11-24 14:44:00.755 [ScheduleThreadPool-test-thread-5] ERROR MessageUtil - adventureBossRankInfo is null
2023-11-24 14:44:00.828 [ScheduleThreadPool-test-thread-8] ERROR MessageUtil - adventureBossRankInfo is null
2023-11-24 14:45:00.530 [ScheduleThreadPool-test-thread-3] ERROR MessageUtil - adventureBossRankInfo is null
2023-11-24 14:45:00.541 [ScheduleThreadPool-test-thread-4] ERROR MessageUtil - adventureBossRankInfo is null
2023-11-24 14:45:00.717 [ScheduleThreadPool-test-thread-6] ERROR MessageUtil - adventureBossRankInfo is null
2023-11-24 14:45:00.753 [ScheduleThreadPool-test-thread-6] ERROR MessageUtil - adventureBossRankInfo is null
2023-11-24 14:45:00.827 [ScheduleThreadPool-test-thread-5] ERROR MessageUtil - adventureBossRankInfo is null
2023-11-24 14:46:00.526 [ScheduleThreadPool-test-thread-5] ERROR MessageUtil - adventureBossRankInfo is null
2023-11-24 14:46:00.548 [ScheduleThreadPool-test-thread-1] ERROR MessageUtil - adventureBossRankInfo is null
2023-11-24 14:46:00.721 [ScheduleThreadPool-test-thread-3] ERROR MessageUtil - adventureBossRankInfo is null
2023-11-24 14:46:00.756 [ScheduleThreadPool-test-thread-5] ERROR MessageUtil - adventureBossRankInfo is null
2023-11-24 14:46:00.827 [ScheduleThreadPool-test-thread-6] ERROR MessageUtil - adventureBossRankInfo is null
2023-11-24 14:47:00.526 [ScheduleThreadPool-test-thread-4] ERROR MessageUtil - adventureBossRankInfo is null
2023-11-24 14:47:00.542 [ScheduleThreadPool-test-thread-3] ERROR MessageUtil - adventureBossRankInfo is null
2023-11-24 14:47:00.749 [ScheduleThreadPool-test-thread-6] ERROR MessageUtil - adventureBossRankInfo is null
2023-11-24 14:47:00.755 [ScheduleThreadPool-test-thread-4] ERROR MessageUtil - adventureBossRankInfo is null
2023-11-24 14:47:00.827 [ScheduleThreadPool-test-thread-3] ERROR MessageUtil - adventureBossRankInfo is null
2023-11-24 14:48:00.466 [ScheduleThreadPool-test-thread-4] ERROR MessageUtil - adventureBossRankInfo is null
2023-11-24 14:48:00.527 [ScheduleThreadPool-test-thread-5] ERROR MessageUtil - adventureBossRankInfo is null
2023-11-24 14:48:00.561 [ScheduleThreadPool-test-thread-1] ERROR MessageUtil - adventureBossRankInfo is null
2023-11-24 14:48:00.759 [ScheduleThreadPool-test-thread-7] ERROR MessageUtil - adventureBossRankInfo is null
2023-11-24 14:48:00.828 [ScheduleThreadPool-test-thread-6] ERROR MessageUtil - adventureBossRankInfo is null
2023-11-24 14:49:00.477 [ScheduleThreadPool-test-thread-2] ERROR MessageUtil - adventureBossRankInfo is null
2023-11-24 14:49:00.527 [ScheduleThreadPool-test-thread-3] ERROR MessageUtil - adventureBossRankInfo is null
2023-11-24 14:49:00.545 [ScheduleThreadPool-test-thread-1] ERROR MessageUtil - adventureBossRankInfo is null
2023-11-24 14:49:00.760 [ScheduleThreadPool-test-thread-2] ERROR MessageUtil - adventureBossRankInfo is null
2023-11-24 14:49:00.824 [ScheduleThreadPool-test-thread-2] ERROR MessageUtil - adventureBossRankInfo is null
2023-11-24 14:50:00.445 [ScheduleThreadPool-test-thread-8] ERROR MessageUtil - adventureBossRankInfo is null
2023-11-24 14:50:00.523 [ScheduleThreadPool-test-thread-1] ERROR MessageUtil - adventureBossRankInfo is null
2023-11-24 14:50:00.540 [ScheduleThreadPool-test-thread-8] ERROR MessageUtil - adventureBossRankInfo is null
2023-11-24 14:50:00.760 [ScheduleThreadPool-test-thread-7] ERROR MessageUtil - adventureBossRankInfo is null
2023-11-24 14:50:00.826 [ScheduleThreadPool-test-thread-5] ERROR MessageUtil - adventureBossRankInfo is null
2023-11-24 14:51:00.433 [ScheduleThreadPool-test-thread-1] ERROR MessageUtil - adventureBossRankInfo is null
2023-11-24 14:51:00.524 [ScheduleThreadPool-test-thread-3] ERROR MessageUtil - adventureBossRankInfo is null
2023-11-24 14:51:00.542 [ScheduleThreadPool-test-thread-1] ERROR MessageUtil - adventureBossRankInfo is null
2023-11-24 14:51:00.753 [ScheduleThreadPool-test-thread-3] ERROR MessageUtil - adventureBossRankInfo is null
2023-11-24 14:51:00.824 [ScheduleThreadPool-test-thread-6] ERROR MessageUtil - adventureBossRankInfo is null
2023-11-24 14:52:00.428 [ScheduleThreadPool-test-thread-7] ERROR MessageUtil - adventureBossRankInfo is null
2023-11-24 14:52:00.528 [ScheduleThreadPool-test-thread-5] ERROR MessageUtil - adventureBossRankInfo is null
2023-11-24 14:52:00.542 [ScheduleThreadPool-test-thread-6] ERROR MessageUtil - adventureBossRankInfo is null
2023-11-24 14:52:00.753 [ScheduleThreadPool-test-thread-7] ERROR MessageUtil - adventureBossRankInfo is null
2023-11-24 14:52:00.827 [ScheduleThreadPool-test-thread-5] ERROR MessageUtil - adventureBossRankInfo is null
2023-11-24 14:53:00.430 [ScheduleThreadPool-test-thread-7] ERROR MessageUtil - adventureBossRankInfo is null
2023-11-24 14:53:00.530 [ScheduleThreadPool-test-thread-2] ERROR MessageUtil - adventureBossRankInfo is null
2023-11-24 14:53:00.545 [ScheduleThreadPool-test-thread-6] ERROR MessageUtil - adventureBossRankInfo is null
2023-11-24 14:53:00.758 [ScheduleThreadPool-test-thread-7] ERROR MessageUtil - adventureBossRankInfo is null
2023-11-24 14:53:00.829 [ScheduleThreadPool-test-thread-3] ERROR MessageUtil - adventureBossRankInfo is null
2023-11-24 14:54:00.429 [ScheduleThreadPool-test-thread-8] ERROR MessageUtil - adventureBossRankInfo is null
2023-11-24 14:54:00.527 [ScheduleThreadPool-test-thread-4] ERROR MessageUtil - adventureBossRankInfo is null
2023-11-24 14:54:00.541 [ScheduleThreadPool-test-thread-2] ERROR MessageUtil - adventureBossRankInfo is null
2023-11-24 14:54:00.754 [ScheduleThreadPool-test-thread-6] ERROR MessageUtil - adventureBossRankInfo is null
2023-11-24 14:54:00.826 [ScheduleThreadPool-test-thread-2] ERROR MessageUtil - adventureBossRankInfo is null
2023-11-24 14:55:00.426 [ScheduleThreadPool-test-thread-8] ERROR MessageUtil - adventureBossRankInfo is null
2023-11-24 14:55:00.527 [ScheduleThreadPool-test-thread-4] ERROR MessageUtil - adventureBossRankInfo is null
2023-11-24 14:55:00.542 [ScheduleThreadPool-test-thread-3] ERROR MessageUtil - adventureBossRankInfo is null
2023-11-24 14:55:00.756 [ScheduleThreadPool-test-thread-7] ERROR MessageUtil - adventureBossRankInfo is null
2023-11-24 14:55:00.824 [ScheduleThreadPool-test-thread-1] ERROR MessageUtil - adventureBossRankInfo is null
2023-11-24 14:56:00.430 [ScheduleThreadPool-test-thread-2] ERROR MessageUtil - adventureBossRankInfo is null
2023-11-24 14:56:00.527 [ScheduleThreadPool-test-thread-6] ERROR MessageUtil - adventureBossRankInfo is null
2023-11-24 14:56:00.540 [ScheduleThreadPool-test-thread-3] ERROR MessageUtil - adventureBossRankInfo is null
2023-11-24 14:56:00.754 [ScheduleThreadPool-test-thread-4] ERROR MessageUtil - adventureBossRankInfo is null
2023-11-24 14:56:00.831 [ScheduleThreadPool-test-thread-8] ERROR MessageUtil - adventureBossRankInfo is null
2023-11-24 14:57:00.428 [ScheduleThreadPool-test-thread-8] ERROR MessageUtil - adventureBossRankInfo is null
2023-11-24 14:57:00.527 [ScheduleThreadPool-test-thread-2] ERROR MessageUtil - adventureBossRankInfo is null
2023-11-24 14:57:00.544 [ScheduleThreadPool-test-thread-8] ERROR MessageUtil - adventureBossRankInfo is null
2023-11-24 14:57:00.755 [ScheduleThreadPool-test-thread-3] ERROR MessageUtil - adventureBossRankInfo is null
2023-11-24 14:57:00.824 [ScheduleThreadPool-test-thread-8] ERROR MessageUtil - adventureBossRankInfo is null
2023-11-24 14:58:00.423 [ScheduleThreadPool-test-thread-1] ERROR MessageUtil - adventureBossRankInfo is null
2023-11-24 14:58:00.526 [ScheduleThreadPool-test-thread-1] ERROR MessageUtil - adventureBossRankInfo is null
2023-11-24 14:58:00.543 [ScheduleThreadPool-test-thread-3] ERROR MessageUtil - adventureBossRankInfo is null
2023-11-24 14:58:00.755 [ScheduleThreadPool-test-thread-4] ERROR MessageUtil - adventureBossRankInfo is null
2023-11-24 14:58:00.824 [ScheduleThreadPool-test-thread-7] ERROR MessageUtil - adventureBossRankInfo is null
2023-11-24 14:59:02.766 [ScheduleThreadPool-test-thread-2] ERROR MessageUtil - adventureBossRankInfo is null
2023-11-24 14:59:02.765 [ScheduleThreadPool-test-thread-4] ERROR MessageUtil - adventureBossRankInfo is null
2023-11-24 14:59:02.766 [ScheduleThreadPool-test-thread-2] ERROR MessageUtil - adventureBossRankInfo is null
2023-11-24 14:59:02.766 [ScheduleThreadPool-test-thread-3] ERROR MessageUtil - adventureBossRankInfo is null
2023-11-24 14:59:15.879 [ScheduleThreadPool-test-thread-1] ERROR MessageUtil - adventureBossRankInfo is null
2023-11-24 15:00:00.427 [ScheduleThreadPool-test-thread-3] ERROR MessageUtil - adventureBossRankInfo is null
2023-11-24 15:00:00.525 [ScheduleThreadPool-test-thread-6] ERROR MessageUtil - adventureBossRankInfo is null
2023-11-24 15:00:00.539 [ScheduleThreadPool-test-thread-6] ERROR MessageUtil - adventureBossRankInfo is null
2023-11-24 15:00:00.827 [ScheduleThreadPool-test-thread-6] ERROR MessageUtil - adventureBossRankInfo is null
2023-11-24 15:00:00.835 [ScheduleThreadPool-test-thread-8] ERROR MessageUtil - adventureBossRankInfo is null
2023-11-24 15:01:00.434 [ScheduleThreadPool-test-thread-1] ERROR MessageUtil - adventureBossRankInfo is null
2023-11-24 15:01:00.522 [ScheduleThreadPool-test-thread-4] ERROR MessageUtil - adventureBossRankInfo is null
2023-11-24 15:01:00.544 [ScheduleThreadPool-test-thread-8] ERROR MessageUtil - adventureBossRankInfo is null
2023-11-24 15:01:00.825 [ScheduleThreadPool-test-thread-7] ERROR MessageUtil - adventureBossRankInfo is null
2023-11-24 15:01:00.834 [ScheduleThreadPool-test-thread-2] ERROR MessageUtil - adventureBossRankInfo is null
2023-11-24 15:02:00.427 [ScheduleThreadPool-test-thread-7] ERROR MessageUtil - adventureBossRankInfo is null
2023-11-24 15:02:00.524 [ScheduleThreadPool-test-thread-5] ERROR MessageUtil - adventureBossRankInfo is null
2023-11-24 15:02:00.539 [ScheduleThreadPool-test-thread-6] ERROR MessageUtil - adventureBossRankInfo is null
2023-11-24 15:02:00.824 [ScheduleThreadPool-test-thread-6] ERROR MessageUtil - adventureBossRankInfo is null
2023-11-24 15:02:00.833 [ScheduleThreadPool-test-thread-8] ERROR MessageUtil - adventureBossRankInfo is null
2023-11-24 15:03:00.427 [ScheduleThreadPool-test-thread-8] ERROR MessageUtil - adventureBossRankInfo is null
2023-11-24 15:03:00.524 [ScheduleThreadPool-test-thread-1] ERROR MessageUtil - adventureBossRankInfo is null
2023-11-24 15:03:00.541 [ScheduleThreadPool-test-thread-2] ERROR MessageUtil - adventureBossRankInfo is null
2023-11-24 15:03:00.825 [ScheduleThreadPool-test-thread-7] ERROR MessageUtil - adventureBossRankInfo is null
2023-11-24 15:03:00.834 [ScheduleThreadPool-test-thread-6] ERROR MessageUtil - adventureBossRankInfo is null
2023-11-24 15:04:00.429 [ScheduleThreadPool-test-thread-4] ERROR MessageUtil - adventureBossRankInfo is null
2023-11-24 15:04:00.526 [ScheduleThreadPool-test-thread-2] ERROR MessageUtil - adventureBossRankInfo is null
2023-11-24 15:04:00.541 [ScheduleThreadPool-test-thread-2] ERROR MessageUtil - adventureBossRankInfo is null
2023-11-24 15:04:00.825 [ScheduleThreadPool-test-thread-6] ERROR MessageUtil - adventureBossRankInfo is null
2023-11-24 15:04:00.833 [ScheduleThreadPool-test-thread-3] ERROR MessageUtil - adventureBossRankInfo is null
2023-11-24 15:05:00.430 [ScheduleThreadPool-test-thread-4] ERROR MessageUtil - adventureBossRankInfo is null
2023-11-24 15:05:00.525 [ScheduleThreadPool-test-thread-2] ERROR MessageUtil - adventureBossRankInfo is null
2023-11-24 15:05:00.541 [ScheduleThreadPool-test-thread-8] ERROR MessageUtil - adventureBossRankInfo is null
2023-11-24 15:05:00.825 [ScheduleThreadPool-test-thread-5] ERROR MessageUtil - adventureBossRankInfo is null
2023-11-24 15:05:00.831 [ScheduleThreadPool-test-thread-4] ERROR MessageUtil - adventureBossRankInfo is null
2023-11-24 15:06:00.425 [ScheduleThreadPool-test-thread-8] ERROR MessageUtil - adventureBossRankInfo is null
2023-11-24 15:06:00.525 [ScheduleThreadPool-test-thread-3] ERROR MessageUtil - adventureBossRankInfo is null
2023-11-24 15:06:00.548 [ScheduleThreadPool-test-thread-4] ERROR MessageUtil - adventureBossRankInfo is null
2023-11-24 15:06:00.825 [ScheduleThreadPool-test-thread-7] ERROR MessageUtil - adventureBossRankInfo is null
2023-11-24 15:06:00.834 [ScheduleThreadPool-test-thread-7] ERROR MessageUtil - adventureBossRankInfo is null
2023-11-24 15:07:00.424 [ScheduleThreadPool-test-thread-8] ERROR MessageUtil - adventureBossRankInfo is null
2023-11-24 15:07:00.523 [ScheduleThreadPool-test-thread-6] ERROR MessageUtil - adventureBossRankInfo is null
2023-11-24 15:07:00.541 [ScheduleThreadPool-test-thread-6] ERROR MessageUtil - adventureBossRankInfo is null
2023-11-24 15:07:00.857 [ScheduleThreadPool-test-thread-8] ERROR MessageUtil - adventureBossRankInfo is null
2023-11-24 15:07:00.861 [ScheduleThreadPool-test-thread-1] ERROR MessageUtil - adventureBossRankInfo is null
2023-11-24 15:08:00.430 [ScheduleThreadPool-test-thread-4] ERROR MessageUtil - adventureBossRankInfo is null
2023-11-24 15:08:00.522 [ScheduleThreadPool-test-thread-3] ERROR MessageUtil - adventureBossRankInfo is null
2023-11-24 15:08:00.543 [ScheduleThreadPool-test-thread-8] ERROR MessageUtil - adventureBossRankInfo is null
2023-11-24 15:08:00.830 [ScheduleThreadPool-test-thread-2] ERROR MessageUtil - adventureBossRankInfo is null
2023-11-24 15:08:00.839 [ScheduleThreadPool-test-thread-2] ERROR MessageUtil - adventureBossRankInfo is null
2023-11-24 15:09:00.429 [ScheduleThreadPool-test-thread-5] ERROR MessageUtil - adventureBossRankInfo is null
2023-11-24 15:09:00.525 [ScheduleThreadPool-test-thread-3] ERROR MessageUtil - adventureBossRankInfo is null
2023-11-24 15:09:00.543 [ScheduleThreadPool-test-thread-6] ERROR MessageUtil - adventureBossRankInfo is null
2023-11-24 15:09:00.826 [ScheduleThreadPool-test-thread-2] ERROR MessageUtil - adventureBossRankInfo is null
2023-11-24 15:09:00.834 [ScheduleThreadPool-test-thread-6] ERROR MessageUtil - adventureBossRankInfo is null
2023-11-24 15:10:00.430 [ScheduleThreadPool-test-thread-7] ERROR MessageUtil - adventureBossRankInfo is null
2023-11-24 15:10:00.527 [ScheduleThreadPool-test-thread-1] ERROR MessageUtil - adventureBossRankInfo is null
2023-11-24 15:10:00.541 [ScheduleThreadPool-test-thread-3] ERROR MessageUtil - adventureBossRankInfo is null
2023-11-24 15:10:00.828 [ScheduleThreadPool-test-thread-8] ERROR MessageUtil - adventureBossRankInfo is null
2023-11-24 15:10:00.836 [ScheduleThreadPool-test-thread-8] ERROR MessageUtil - adventureBossRankInfo is null
2023-11-24 15:11:00.429 [ScheduleThreadPool-test-thread-1] ERROR MessageUtil - adventureBossRankInfo is null
2023-11-24 15:11:00.527 [ScheduleThreadPool-test-thread-2] ERROR MessageUtil - adventureBossRankInfo is null
2023-11-24 15:11:00.544 [ScheduleThreadPool-test-thread-2] ERROR MessageUtil - adventureBossRankInfo is null
2023-11-24 15:11:00.826 [ScheduleThreadPool-test-thread-4] ERROR MessageUtil - adventureBossRankInfo is null
2023-11-24 15:11:00.839 [ScheduleThreadPool-test-thread-8] ERROR MessageUtil - adventureBossRankInfo is null
2023-11-24 15:12:00.429 [ScheduleThreadPool-test-thread-1] ERROR MessageUtil - adventureBossRankInfo is null
2023-11-24 15:12:00.529 [ScheduleThreadPool-test-thread-2] ERROR MessageUtil - adventureBossRankInfo is null
2023-11-24 15:12:00.547 [ScheduleThreadPool-test-thread-1] ERROR MessageUtil - adventureBossRankInfo is null
2023-11-24 15:12:00.832 [ScheduleThreadPool-test-thread-8] ERROR MessageUtil - adventureBossRankInfo is null
2023-11-24 15:12:00.840 [ScheduleThreadPool-test-thread-1] ERROR MessageUtil - adventureBossRankInfo is null
2023-11-24 15:13:00.434 [ScheduleThreadPool-test-thread-2] ERROR MessageUtil - adventureBossRankInfo is null
2023-11-24 15:13:00.531 [ScheduleThreadPool-test-thread-2] ERROR MessageUtil - adventureBossRankInfo is null
2023-11-24 15:13:00.545 [ScheduleThreadPool-test-thread-8] ERROR MessageUtil - adventureBossRankInfo is null
2023-11-24 15:13:00.829 [ScheduleThreadPool-test-thread-4] ERROR MessageUtil - adventureBossRankInfo is null
2023-11-24 15:13:00.838 [ScheduleThreadPool-test-thread-7] ERROR MessageUtil - adventureBossRankInfo is null
2023-11-24 15:14:00.430 [ScheduleThreadPool-test-thread-1] ERROR MessageUtil - adventureBossRankInfo is null
2023-11-24 15:14:00.526 [ScheduleThreadPool-test-thread-3] ERROR MessageUtil - adventureBossRankInfo is null
2023-11-24 15:14:00.542 [ScheduleThreadPool-test-thread-3] ERROR MessageUtil - adventureBossRankInfo is null
2023-11-24 15:14:00.826 [ScheduleThreadPool-test-thread-8] ERROR MessageUtil - adventureBossRankInfo is null
2023-11-24 15:14:00.837 [ScheduleThreadPool-test-thread-8] ERROR MessageUtil - adventureBossRankInfo is null
2023-11-24 15:15:00.430 [ScheduleThreadPool-test-thread-3] ERROR MessageUtil - adventureBossRankInfo is null
2023-11-24 15:15:00.525 [ScheduleThreadPool-test-thread-6] ERROR MessageUtil - adventureBossRankInfo is null
2023-11-24 15:15:00.541 [ScheduleThreadPool-test-thread-7] ERROR MessageUtil - adventureBossRankInfo is null
2023-11-24 15:15:00.826 [ScheduleThreadPool-test-thread-4] ERROR MessageUtil - adventureBossRankInfo is null
2023-11-24 15:15:00.840 [ScheduleThreadPool-test-thread-4] ERROR MessageUtil - adventureBossRankInfo is null
2023-11-24 15:16:00.428 [ScheduleThreadPool-test-thread-8] ERROR MessageUtil - adventureBossRankInfo is null
2023-11-24 15:16:00.524 [ScheduleThreadPool-test-thread-1] ERROR MessageUtil - adventureBossRankInfo is null
2023-11-24 15:16:00.542 [ScheduleThreadPool-test-thread-8] ERROR MessageUtil - adventureBossRankInfo is null
2023-11-24 15:16:00.832 [ScheduleThreadPool-test-thread-2] ERROR MessageUtil - adventureBossRankInfo is null
2023-11-24 15:16:00.840 [ScheduleThreadPool-test-thread-6] ERROR MessageUtil - adventureBossRankInfo is null
2023-11-24 15:17:00.430 [ScheduleThreadPool-test-thread-2] ERROR MessageUtil - adventureBossRankInfo is null
2023-11-24 15:17:00.526 [ScheduleThreadPool-test-thread-2] ERROR MessageUtil - adventureBossRankInfo is null
2023-11-24 15:17:00.542 [ScheduleThreadPool-test-thread-3] ERROR MessageUtil - adventureBossRankInfo is null
2023-11-24 15:17:00.826 [ScheduleThreadPool-test-thread-2] ERROR MessageUtil - adventureBossRankInfo is null
2023-11-24 15:17:00.835 [ScheduleThreadPool-test-thread-8] ERROR MessageUtil - adventureBossRankInfo is null
2023-11-24 15:18:00.428 [ScheduleThreadPool-test-thread-2] ERROR MessageUtil - adventureBossRankInfo is null
2023-11-24 15:18:00.525 [ScheduleThreadPool-test-thread-6] ERROR MessageUtil - adventureBossRankInfo is null
2023-11-24 15:18:00.544 [ScheduleThreadPool-test-thread-8] ERROR MessageUtil - adventureBossRankInfo is null
2023-11-24 15:18:00.827 [ScheduleThreadPool-test-thread-5] ERROR MessageUtil - adventureBossRankInfo is null
2023-11-24 15:18:00.838 [ScheduleThreadPool-test-thread-1] ERROR MessageUtil - adventureBossRankInfo is null
2023-11-24 15:19:00.426 [ScheduleThreadPool-test-thread-1] ERROR MessageUtil - adventureBossRankInfo is null
2023-11-24 15:19:00.528 [ScheduleThreadPool-test-thread-3] ERROR MessageUtil - adventureBossRankInfo is null
2023-11-24 15:19:00.542 [ScheduleThreadPool-test-thread-3] ERROR MessageUtil - adventureBossRankInfo is null
2023-11-24 15:19:00.824 [ScheduleThreadPool-test-thread-2] ERROR MessageUtil - adventureBossRankInfo is null
2023-11-24 15:19:00.836 [ScheduleThreadPool-test-thread-3] ERROR MessageUtil - adventureBossRankInfo is null
2023-11-24 15:20:00.426 [ScheduleThreadPool-test-thread-2] ERROR MessageUtil - adventureBossRankInfo is null
2023-11-24 15:20:00.520 [ScheduleThreadPool-test-thread-5] ERROR MessageUtil - adventureBossRankInfo is null
2023-11-24 15:20:00.540 [ScheduleThreadPool-test-thread-6] ERROR MessageUtil - adventureBossRankInfo is null
2023-11-24 15:20:00.824 [ScheduleThreadPool-test-thread-1] ERROR MessageUtil - adventureBossRankInfo is null
2023-11-24 15:20:00.838 [ScheduleThreadPool-test-thread-6] ERROR MessageUtil - adventureBossRankInfo is null
2023-11-24 15:21:00.422 [ScheduleThreadPool-test-thread-2] ERROR MessageUtil - adventureBossRankInfo is null
2023-11-24 15:21:00.522 [ScheduleThreadPool-test-thread-6] ERROR MessageUtil - adventureBossRankInfo is null
2023-11-24 15:21:00.543 [ScheduleThreadPool-test-thread-2] ERROR MessageUtil - adventureBossRankInfo is null
2023-11-24 15:21:00.824 [ScheduleThreadPool-test-thread-4] ERROR MessageUtil - adventureBossRankInfo is null
2023-11-24 15:21:00.834 [ScheduleThreadPool-test-thread-2] ERROR MessageUtil - adventureBossRankInfo is null
2023-11-24 15:22:00.432 [ScheduleThreadPool-test-thread-8] ERROR MessageUtil - adventureBossRankInfo is null
2023-11-24 15:22:00.516 [ScheduleThreadPool-test-thread-1] ERROR MessageUtil - adventureBossRankInfo is null
2023-11-24 15:22:00.535 [ScheduleThreadPool-test-thread-6] ERROR MessageUtil - adventureBossRankInfo is null
2023-11-24 15:22:00.825 [ScheduleThreadPool-test-thread-5] ERROR MessageUtil - adventureBossRankInfo is null
2023-11-24 15:22:00.828 [ScheduleThreadPool-test-thread-3] ERROR MessageUtil - adventureBossRankInfo is null
2023-11-24 15:23:00.500 [ScheduleThreadPool-test-thread-1] ERROR MessageUtil - adventureBossRankInfo is null
2023-11-24 15:23:00.535 [ScheduleThreadPool-test-thread-1] ERROR MessageUtil - adventureBossRankInfo is null
2023-11-24 15:23:00.560 [ScheduleThreadPool-test-thread-6] ERROR MessageUtil - adventureBossRankInfo is null
2023-11-24 15:23:00.835 [ScheduleThreadPool-test-thread-2] ERROR MessageUtil - adventureBossRankInfo is null
2023-11-24 15:23:00.942 [ScheduleThreadPool-test-thread-5] ERROR MessageUtil - adventureBossRankInfo is null
2023-11-24 15:24:00.462 [ScheduleThreadPool-test-thread-3] ERROR MessageUtil - adventureBossRankInfo is null
2023-11-24 15:24:00.533 [ScheduleThreadPool-test-thread-2] ERROR MessageUtil - adventureBossRankInfo is null
2023-11-24 15:24:00.543 [ScheduleThreadPool-test-thread-8] ERROR MessageUtil - adventureBossRankInfo is null
2023-11-24 15:24:00.836 [ScheduleThreadPool-test-thread-3] ERROR MessageUtil - adventureBossRankInfo is null
2023-11-24 15:24:00.942 [ScheduleThreadPool-test-thread-1] ERROR MessageUtil - adventureBossRankInfo is null
2023-11-24 15:25:00.429 [ScheduleThreadPool-test-thread-7] ERROR MessageUtil - adventureBossRankInfo is null
2023-11-24 15:25:00.526 [ScheduleThreadPool-test-thread-4] ERROR MessageUtil - adventureBossRankInfo is null
2023-11-24 15:25:00.541 [ScheduleThreadPool-test-thread-7] ERROR MessageUtil - adventureBossRankInfo is null
2023-11-24 15:25:00.837 [ScheduleThreadPool-test-thread-3] ERROR MessageUtil - adventureBossRankInfo is null
2023-11-24 15:25:00.940 [ScheduleThreadPool-test-thread-7] ERROR MessageUtil - adventureBossRankInfo is null
2023-11-24 15:26:00.429 [ScheduleThreadPool-test-thread-3] ERROR MessageUtil - adventureBossRankInfo is null
2023-11-24 15:26:00.524 [ScheduleThreadPool-test-thread-6] ERROR MessageUtil - adventureBossRankInfo is null
2023-11-24 15:26:00.545 [ScheduleThreadPool-test-thread-3] ERROR MessageUtil - adventureBossRankInfo is null
2023-11-24 15:26:00.835 [ScheduleThreadPool-test-thread-4] ERROR MessageUtil - adventureBossRankInfo is null
2023-11-24 15:26:00.940 [ScheduleThreadPool-test-thread-1] ERROR MessageUtil - adventureBossRankInfo is null
2023-11-24 15:27:00.421 [ScheduleThreadPool-test-thread-1] ERROR MessageUtil - adventureBossRankInfo is null
2023-11-24 15:27:00.523 [ScheduleThreadPool-test-thread-4] ERROR MessageUtil - adventureBossRankInfo is null
2023-11-24 15:27:00.541 [ScheduleThreadPool-test-thread-7] ERROR MessageUtil - adventureBossRankInfo is null
2023-11-24 15:27:00.833 [ScheduleThreadPool-test-thread-7] ERROR MessageUtil - adventureBossRankInfo is null
2023-11-24 15:27:00.939 [ScheduleThreadPool-test-thread-6] ERROR MessageUtil - adventureBossRankInfo is null
2023-11-24 15:28:00.426 [ScheduleThreadPool-test-thread-2] ERROR MessageUtil - adventureBossRankInfo is null
2023-11-24 15:28:00.523 [ScheduleThreadPool-test-thread-1] ERROR MessageUtil - adventureBossRankInfo is null
2023-11-24 15:28:00.544 [ScheduleThreadPool-test-thread-3] ERROR MessageUtil - adventureBossRankInfo is null
2023-11-24 15:28:00.834 [ScheduleThreadPool-test-thread-2] ERROR MessageUtil - adventureBossRankInfo is null
2023-11-24 15:28:00.941 [ScheduleThreadPool-test-thread-1] ERROR MessageUtil - adventureBossRankInfo is null
2023-11-24 15:29:00.426 [ScheduleThreadPool-test-thread-3] ERROR MessageUtil - adventureBossRankInfo is null
2023-11-24 15:29:00.522 [ScheduleThreadPool-test-thread-1] ERROR MessageUtil - adventureBossRankInfo is null
2023-11-24 15:29:00.541 [ScheduleThreadPool-test-thread-2] ERROR MessageUtil - adventureBossRankInfo is null
2023-11-24 15:29:00.834 [ScheduleThreadPool-test-thread-4] ERROR MessageUtil - adventureBossRankInfo is null
2023-11-24 15:29:00.939 [ScheduleThreadPool-test-thread-5] ERROR MessageUtil - adventureBossRankInfo is null
2023-11-24 15:30:00.429 [ScheduleThreadPool-test-thread-3] ERROR MessageUtil - adventureBossRankInfo is null
2023-11-24 15:30:00.521 [ScheduleThreadPool-test-thread-1] ERROR MessageUtil - adventureBossRankInfo is null
2023-11-24 15:30:00.543 [ScheduleThreadPool-test-thread-7] ERROR MessageUtil - adventureBossRankInfo is null
2023-11-24 15:30:00.833 [ScheduleThreadPool-test-thread-7] ERROR MessageUtil - adventureBossRankInfo is null
2023-11-24 15:30:00.944 [ScheduleThreadPool-test-thread-8] ERROR MessageUtil - adventureBossRankInfo is null
2023-11-24 15:31:00.430 [ScheduleThreadPool-test-thread-4] ERROR MessageUtil - adventureBossRankInfo is null
2023-11-24 15:31:00.524 [ScheduleThreadPool-test-thread-6] ERROR MessageUtil - adventureBossRankInfo is null
2023-11-24 15:31:00.612 [ScheduleThreadPool-test-thread-3] ERROR MessageUtil - adventureBossRankInfo is null
2023-11-24 15:31:00.836 [ScheduleThreadPool-test-thread-7] ERROR MessageUtil - adventureBossRankInfo is null
2023-11-24 15:31:00.946 [ScheduleThreadPool-test-thread-1] ERROR MessageUtil - adventureBossRankInfo is null
2023-11-24 15:32:00.430 [ScheduleThreadPool-test-thread-7] ERROR MessageUtil - adventureBossRankInfo is null
2023-11-24 15:32:00.525 [ScheduleThreadPool-test-thread-3] ERROR MessageUtil - adventureBossRankInfo is null
2023-11-24 15:32:00.544 [ScheduleThreadPool-test-thread-4] ERROR MessageUtil - adventureBossRankInfo is null
2023-11-24 15:32:00.837 [ScheduleThreadPool-test-thread-2] ERROR MessageUtil - adventureBossRankInfo is null
2023-11-24 15:32:00.943 [ScheduleThreadPool-test-thread-1] ERROR MessageUtil - adventureBossRankInfo is null
2023-11-24 15:33:00.431 [ScheduleThreadPool-test-thread-1] ERROR MessageUtil - adventureBossRankInfo is null
2023-11-24 15:33:00.527 [ScheduleThreadPool-test-thread-3] ERROR MessageUtil - adventureBossRankInfo is null
2023-11-24 15:33:00.544 [ScheduleThreadPool-test-thread-8] ERROR MessageUtil - adventureBossRankInfo is null
2023-11-24 15:33:00.838 [ScheduleThreadPool-test-thread-3] ERROR MessageUtil - adventureBossRankInfo is null
2023-11-24 15:33:00.945 [ScheduleThreadPool-test-thread-7] ERROR MessageUtil - adventureBossRankInfo is null
2023-11-24 15:34:00.431 [ScheduleThreadPool-test-thread-5] ERROR MessageUtil - adventureBossRankInfo is null
2023-11-24 15:34:00.529 [ScheduleThreadPool-test-thread-8] ERROR MessageUtil - adventureBossRankInfo is null
2023-11-24 15:34:00.544 [ScheduleThreadPool-test-thread-6] ERROR MessageUtil - adventureBossRankInfo is null
2023-11-24 15:34:00.843 [ScheduleThreadPool-test-thread-2] ERROR MessageUtil - adventureBossRankInfo is null
2023-11-24 15:34:00.948 [ScheduleThreadPool-test-thread-8] ERROR MessageUtil - adventureBossRankInfo is null
2023-11-24 15:35:00.427 [ScheduleThreadPool-test-thread-5] ERROR MessageUtil - adventureBossRankInfo is null
2023-11-24 15:35:00.524 [ScheduleThreadPool-test-thread-5] ERROR MessageUtil - adventureBossRankInfo is null
2023-11-24 15:35:00.545 [ScheduleThreadPool-test-thread-6] ERROR MessageUtil - adventureBossRankInfo is null
2023-11-24 15:35:00.834 [ScheduleThreadPool-test-thread-3] ERROR MessageUtil - adventureBossRankInfo is null
2023-11-24 15:35:00.943 [ScheduleThreadPool-test-thread-8] ERROR MessageUtil - adventureBossRankInfo is null
2023-11-24 15:36:00.430 [ScheduleThreadPool-test-thread-3] ERROR MessageUtil - adventureBossRankInfo is null
2023-11-24 15:36:00.519 [ScheduleThreadPool-test-thread-4] ERROR MessageUtil - adventureBossRankInfo is null
2023-11-24 15:36:00.543 [ScheduleThreadPool-test-thread-4] ERROR MessageUtil - adventureBossRankInfo is null
2023-11-24 15:36:00.839 [ScheduleThreadPool-test-thread-3] ERROR MessageUtil - adventureBossRankInfo is null
2023-11-24 15:36:00.948 [ScheduleThreadPool-test-thread-2] ERROR MessageUtil - adventureBossRankInfo is null
2023-11-24 15:37:00.430 [ScheduleThreadPool-test-thread-8] ERROR MessageUtil - adventureBossRankInfo is null
2023-11-24 15:37:00.526 [ScheduleThreadPool-test-thread-8] ERROR MessageUtil - adventureBossRankInfo is null
2023-11-24 15:37:00.835 [ScheduleThreadPool-test-thread-8] ERROR MessageUtil - adventureBossRankInfo is null
2023-11-24 15:37:00.946 [ScheduleThreadPool-test-thread-3] ERROR MessageUtil - adventureBossRankInfo is null
2023-11-24 15:37:15.598 [ScheduleThreadPool-test-thread-8] ERROR SecondsTask - e
org.springframework.data.redis.RedisConnectionFailureException: java.net.SocketTimeoutException: Read timed out; nested exception is redis.clients.jedis.exceptions.JedisConnectionException: java.net.SocketTimeoutException: Read timed out
	at org.springframework.data.redis.connection.jedis.JedisExceptionConverter.convert(JedisExceptionConverter.java:67)
	at org.springframework.data.redis.connection.jedis.JedisExceptionConverter.convert(JedisExceptionConverter.java:41)
	at org.springframework.data.redis.PassThroughExceptionTranslationStrategy.translate(PassThroughExceptionTranslationStrategy.java:37)
	at org.springframework.data.redis.FallbackExceptionTranslationStrategy.translate(FallbackExceptionTranslationStrategy.java:37)
	at org.springframework.data.redis.connection.jedis.JedisConnection.convertJedisAccessException(JedisConnection.java:241)
	at org.springframework.data.redis.connection.jedis.JedisConnection.hGetAll(JedisConnection.java:3001)
	at org.springframework.data.redis.connection.DefaultStringRedisConnection.hGetAll(DefaultStringRedisConnection.java:372)
	at org.springframework.data.redis.core.DefaultHashOperations$13.doInRedis(DefaultHashOperations.java:223)
	at org.springframework.data.redis.core.DefaultHashOperations$13.doInRedis(DefaultHashOperations.java:220)
	at org.springframework.data.redis.core.RedisTemplate.execute(RedisTemplate.java:207)
	at org.springframework.data.redis.core.RedisTemplate.execute(RedisTemplate.java:169)
	at org.springframework.data.redis.core.AbstractOperations.execute(AbstractOperations.java:91)
	at org.springframework.data.redis.core.DefaultHashOperations.entries(DefaultHashOperations.java:220)
	at com.ljsd.jieling.db.redis.RedisUtil.getMapValues(RedisUtil.java:1401)
	at com.ljsd.jieling.logic.championship.ChampionshipLogic.minuteCheck(ChampionshipLogic.java:1414)
	at com.ljsd.jieling.thread.task.SecondsTask.run(SecondsTask.java:21)
	at java.util.concurrent.Executors$RunnableAdapter.call(Executors.java:511)
	at java.util.concurrent.FutureTask.runAndReset(FutureTask.java:308)
	at java.util.concurrent.ScheduledThreadPoolExecutor$ScheduledFutureTask.access$301(ScheduledThreadPoolExecutor.java:180)
	at java.util.concurrent.ScheduledThreadPoolExecutor$ScheduledFutureTask.run(ScheduledThreadPoolExecutor.java:294)
	at java.util.concurrent.ThreadPoolExecutor.runWorker(ThreadPoolExecutor.java:1149)
	at java.util.concurrent.ThreadPoolExecutor$Worker.run(ThreadPoolExecutor.java:624)
	at java.lang.Thread.run(Thread.java:750)
Caused by: redis.clients.jedis.exceptions.JedisConnectionException: java.net.SocketTimeoutException: Read timed out
	at redis.clients.util.RedisInputStream.ensureFill(RedisInputStream.java:202)
	at redis.clients.util.RedisInputStream.readByte(RedisInputStream.java:40)
	at redis.clients.jedis.Protocol.process(Protocol.java:151)
	at redis.clients.jedis.Protocol.read(Protocol.java:215)
	at redis.clients.jedis.Connection.readProtocolWithCheckingBroken(Connection.java:340)
	at redis.clients.jedis.Connection.getBinaryMultiBulkReply(Connection.java:276)
	at redis.clients.jedis.BinaryJedis.hgetAll(BinaryJedis.java:1028)
	at org.springframework.data.redis.connection.jedis.JedisConnection.hGetAll(JedisConnection.java:2999)
	... 17 common frames omitted
Caused by: java.net.SocketTimeoutException: Read timed out
	at java.net.SocketInputStream.socketRead0(Native Method)
	at java.net.SocketInputStream.socketRead(SocketInputStream.java:116)
	at java.net.SocketInputStream.read(SocketInputStream.java:171)
	at java.net.SocketInputStream.read(SocketInputStream.java:141)
	at java.net.SocketInputStream.read(SocketInputStream.java:127)
	at redis.clients.util.RedisInputStream.ensureFill(RedisInputStream.java:196)
	... 24 common frames omitted
2023-11-24 15:37:15.756 [ScheduleThreadPool-test-thread-3] ERROR SecondsTask - e
org.springframework.data.redis.RedisConnectionFailureException: java.net.SocketTimeoutException: Read timed out; nested exception is redis.clients.jedis.exceptions.JedisConnectionException: java.net.SocketTimeoutException: Read timed out
	at org.springframework.data.redis.connection.jedis.JedisExceptionConverter.convert(JedisExceptionConverter.java:67)
	at org.springframework.data.redis.connection.jedis.JedisExceptionConverter.convert(JedisExceptionConverter.java:41)
	at org.springframework.data.redis.PassThroughExceptionTranslationStrategy.translate(PassThroughExceptionTranslationStrategy.java:37)
	at org.springframework.data.redis.FallbackExceptionTranslationStrategy.translate(FallbackExceptionTranslationStrategy.java:37)
	at org.springframework.data.redis.connection.jedis.JedisConnection.convertJedisAccessException(JedisConnection.java:241)
	at org.springframework.data.redis.connection.jedis.JedisConnection.hGetAll(JedisConnection.java:3001)
	at org.springframework.data.redis.connection.DefaultStringRedisConnection.hGetAll(DefaultStringRedisConnection.java:372)
	at org.springframework.data.redis.core.DefaultHashOperations$13.doInRedis(DefaultHashOperations.java:223)
	at org.springframework.data.redis.core.DefaultHashOperations$13.doInRedis(DefaultHashOperations.java:220)
	at org.springframework.data.redis.core.RedisTemplate.execute(RedisTemplate.java:207)
	at org.springframework.data.redis.core.RedisTemplate.execute(RedisTemplate.java:169)
	at org.springframework.data.redis.core.AbstractOperations.execute(AbstractOperations.java:91)
	at org.springframework.data.redis.core.DefaultHashOperations.entries(DefaultHashOperations.java:220)
	at com.ljsd.jieling.db.redis.RedisUtil.getMapValues(RedisUtil.java:1401)
	at com.ljsd.jieling.logic.championship.ChampionshipLogic.minuteCheck(ChampionshipLogic.java:1414)
	at com.ljsd.jieling.thread.task.SecondsTask.run(SecondsTask.java:21)
	at java.util.concurrent.Executors$RunnableAdapter.call(Executors.java:511)
	at java.util.concurrent.FutureTask.runAndReset(FutureTask.java:308)
	at java.util.concurrent.ScheduledThreadPoolExecutor$ScheduledFutureTask.access$301(ScheduledThreadPoolExecutor.java:180)
	at java.util.concurrent.ScheduledThreadPoolExecutor$ScheduledFutureTask.run(ScheduledThreadPoolExecutor.java:294)
	at java.util.concurrent.ThreadPoolExecutor.runWorker(ThreadPoolExecutor.java:1149)
	at java.util.concurrent.ThreadPoolExecutor$Worker.run(ThreadPoolExecutor.java:624)
	at java.lang.Thread.run(Thread.java:750)
Caused by: redis.clients.jedis.exceptions.JedisConnectionException: java.net.SocketTimeoutException: Read timed out
	at redis.clients.util.RedisInputStream.ensureFill(RedisInputStream.java:202)
	at redis.clients.util.RedisInputStream.readByte(RedisInputStream.java:40)
	at redis.clients.jedis.Protocol.process(Protocol.java:151)
	at redis.clients.jedis.Protocol.read(Protocol.java:215)
	at redis.clients.jedis.Connection.readProtocolWithCheckingBroken(Connection.java:340)
	at redis.clients.jedis.Connection.getBinaryMultiBulkReply(Connection.java:276)
	at redis.clients.jedis.BinaryJedis.hgetAll(BinaryJedis.java:1028)
	at org.springframework.data.redis.connection.jedis.JedisConnection.hGetAll(JedisConnection.java:2999)
	... 17 common frames omitted
Caused by: java.net.SocketTimeoutException: Read timed out
	at java.net.SocketInputStream.socketRead0(Native Method)
	at java.net.SocketInputStream.socketRead(SocketInputStream.java:116)
	at java.net.SocketInputStream.read(SocketInputStream.java:171)
	at java.net.SocketInputStream.read(SocketInputStream.java:141)
	at java.net.SocketInputStream.read(SocketInputStream.java:127)
	at redis.clients.util.RedisInputStream.ensureFill(RedisInputStream.java:196)
	... 24 common frames omitted
2023-11-24 15:37:15.842 [ScheduleThreadPool-test-thread-2] ERROR SecondsTask - e
org.springframework.data.redis.RedisConnectionFailureException: java.net.SocketTimeoutException: Read timed out; nested exception is redis.clients.jedis.exceptions.JedisConnectionException: java.net.SocketTimeoutException: Read timed out
	at org.springframework.data.redis.connection.jedis.JedisExceptionConverter.convert(JedisExceptionConverter.java:67)
	at org.springframework.data.redis.connection.jedis.JedisExceptionConverter.convert(JedisExceptionConverter.java:41)
	at org.springframework.data.redis.PassThroughExceptionTranslationStrategy.translate(PassThroughExceptionTranslationStrategy.java:37)
	at org.springframework.data.redis.FallbackExceptionTranslationStrategy.translate(FallbackExceptionTranslationStrategy.java:37)
	at org.springframework.data.redis.connection.jedis.JedisConnection.convertJedisAccessException(JedisConnection.java:241)
	at org.springframework.data.redis.connection.jedis.JedisConnection.hGetAll(JedisConnection.java:3001)
	at org.springframework.data.redis.connection.DefaultStringRedisConnection.hGetAll(DefaultStringRedisConnection.java:372)
	at org.springframework.data.redis.core.DefaultHashOperations$13.doInRedis(DefaultHashOperations.java:223)
	at org.springframework.data.redis.core.DefaultHashOperations$13.doInRedis(DefaultHashOperations.java:220)
	at org.springframework.data.redis.core.RedisTemplate.execute(RedisTemplate.java:207)
	at org.springframework.data.redis.core.RedisTemplate.execute(RedisTemplate.java:169)
	at org.springframework.data.redis.core.AbstractOperations.execute(AbstractOperations.java:91)
	at org.springframework.data.redis.core.DefaultHashOperations.entries(DefaultHashOperations.java:220)
	at com.ljsd.jieling.db.redis.RedisUtil.getMapValues(RedisUtil.java:1401)
	at com.ljsd.jieling.logic.championship.ChampionshipLogic.minuteCheck(ChampionshipLogic.java:1414)
	at com.ljsd.jieling.thread.task.SecondsTask.run(SecondsTask.java:21)
	at java.util.concurrent.Executors$RunnableAdapter.call(Executors.java:511)
	at java.util.concurrent.FutureTask.runAndReset(FutureTask.java:308)
	at java.util.concurrent.ScheduledThreadPoolExecutor$ScheduledFutureTask.access$301(ScheduledThreadPoolExecutor.java:180)
	at java.util.concurrent.ScheduledThreadPoolExecutor$ScheduledFutureTask.run(ScheduledThreadPoolExecutor.java:294)
	at java.util.concurrent.ThreadPoolExecutor.runWorker(ThreadPoolExecutor.java:1149)
	at java.util.concurrent.ThreadPoolExecutor$Worker.run(ThreadPoolExecutor.java:624)
	at java.lang.Thread.run(Thread.java:750)
Caused by: redis.clients.jedis.exceptions.JedisConnectionException: java.net.SocketTimeoutException: Read timed out
	at redis.clients.util.RedisInputStream.ensureFill(RedisInputStream.java:202)
	at redis.clients.util.RedisInputStream.readByte(RedisInputStream.java:40)
	at redis.clients.jedis.Protocol.process(Protocol.java:151)
	at redis.clients.jedis.Protocol.read(Protocol.java:215)
	at redis.clients.jedis.Connection.readProtocolWithCheckingBroken(Connection.java:340)
	at redis.clients.jedis.Connection.getBinaryMultiBulkReply(Connection.java:276)
	at redis.clients.jedis.BinaryJedis.hgetAll(BinaryJedis.java:1028)
	at org.springframework.data.redis.connection.jedis.JedisConnection.hGetAll(JedisConnection.java:2999)
	... 17 common frames omitted
Caused by: java.net.SocketTimeoutException: Read timed out
	at java.net.SocketInputStream.socketRead0(Native Method)
	at java.net.SocketInputStream.socketRead(SocketInputStream.java:116)
	at java.net.SocketInputStream.read(SocketInputStream.java:171)
	at java.net.SocketInputStream.read(SocketInputStream.java:141)
	at java.net.SocketInputStream.read(SocketInputStream.java:127)
	at redis.clients.util.RedisInputStream.ensureFill(RedisInputStream.java:196)
	... 24 common frames omitted
2023-11-24 15:37:16.092 [ScheduleThreadPool-test-thread-8] ERROR SecondsTask - e
org.springframework.data.redis.RedisConnectionFailureException: java.net.SocketTimeoutException: Read timed out; nested exception is redis.clients.jedis.exceptions.JedisConnectionException: java.net.SocketTimeoutException: Read timed out
	at org.springframework.data.redis.connection.jedis.JedisExceptionConverter.convert(JedisExceptionConverter.java:67)
	at org.springframework.data.redis.connection.jedis.JedisExceptionConverter.convert(JedisExceptionConverter.java:41)
	at org.springframework.data.redis.PassThroughExceptionTranslationStrategy.translate(PassThroughExceptionTranslationStrategy.java:37)
	at org.springframework.data.redis.FallbackExceptionTranslationStrategy.translate(FallbackExceptionTranslationStrategy.java:37)
	at org.springframework.data.redis.connection.jedis.JedisConnection.convertJedisAccessException(JedisConnection.java:241)
	at org.springframework.data.redis.connection.jedis.JedisConnection.hGetAll(JedisConnection.java:3001)
	at org.springframework.data.redis.connection.DefaultStringRedisConnection.hGetAll(DefaultStringRedisConnection.java:372)
	at org.springframework.data.redis.core.DefaultHashOperations$13.doInRedis(DefaultHashOperations.java:223)
	at org.springframework.data.redis.core.DefaultHashOperations$13.doInRedis(DefaultHashOperations.java:220)
	at org.springframework.data.redis.core.RedisTemplate.execute(RedisTemplate.java:207)
	at org.springframework.data.redis.core.RedisTemplate.execute(RedisTemplate.java:169)
	at org.springframework.data.redis.core.AbstractOperations.execute(AbstractOperations.java:91)
	at org.springframework.data.redis.core.DefaultHashOperations.entries(DefaultHashOperations.java:220)
	at com.ljsd.jieling.db.redis.RedisUtil.getMapValues(RedisUtil.java:1401)
	at com.ljsd.jieling.logic.championship.ChampionshipLogic.minuteCheck(ChampionshipLogic.java:1414)
	at com.ljsd.jieling.thread.task.SecondsTask.run(SecondsTask.java:21)
	at java.util.concurrent.Executors$RunnableAdapter.call(Executors.java:511)
	at java.util.concurrent.FutureTask.runAndReset(FutureTask.java:308)
	at java.util.concurrent.ScheduledThreadPoolExecutor$ScheduledFutureTask.access$301(ScheduledThreadPoolExecutor.java:180)
	at java.util.concurrent.ScheduledThreadPoolExecutor$ScheduledFutureTask.run(ScheduledThreadPoolExecutor.java:294)
	at java.util.concurrent.ThreadPoolExecutor.runWorker(ThreadPoolExecutor.java:1149)
	at java.util.concurrent.ThreadPoolExecutor$Worker.run(ThreadPoolExecutor.java:624)
	at java.lang.Thread.run(Thread.java:750)
Caused by: redis.clients.jedis.exceptions.JedisConnectionException: java.net.SocketTimeoutException: Read timed out
	at redis.clients.util.RedisInputStream.ensureFill(RedisInputStream.java:202)
	at redis.clients.util.RedisInputStream.readByte(RedisInputStream.java:40)
	at redis.clients.jedis.Protocol.process(Protocol.java:151)
	at redis.clients.jedis.Protocol.read(Protocol.java:215)
	at redis.clients.jedis.Connection.readProtocolWithCheckingBroken(Connection.java:340)
	at redis.clients.jedis.Connection.getBinaryMultiBulkReply(Connection.java:276)
	at redis.clients.jedis.BinaryJedis.hgetAll(BinaryJedis.java:1028)
	at org.springframework.data.redis.connection.jedis.JedisConnection.hGetAll(JedisConnection.java:2999)
	... 17 common frames omitted
Caused by: java.net.SocketTimeoutException: Read timed out
	at java.net.SocketInputStream.socketRead0(Native Method)
	at java.net.SocketInputStream.socketRead(SocketInputStream.java:116)
	at java.net.SocketInputStream.read(SocketInputStream.java:171)
	at java.net.SocketInputStream.read(SocketInputStream.java:141)
	at java.net.SocketInputStream.read(SocketInputStream.java:127)
	at redis.clients.util.RedisInputStream.ensureFill(RedisInputStream.java:196)
	... 24 common frames omitted
2023-11-24 15:38:00.554 [ScheduleThreadPool-test-thread-2] ERROR MessageUtil - adventureBossRankInfo is null
2023-11-24 15:38:00.558 [ScheduleThreadPool-test-thread-2] ERROR MessageUtil - adventureBossRankInfo is null
2023-11-24 15:38:00.672 [ScheduleThreadPool-test-thread-1] ERROR MessageUtil - adventureBossRankInfo is null
2023-11-24 15:38:00.838 [ScheduleThreadPool-test-thread-6] ERROR MessageUtil - adventureBossRankInfo is null
2023-11-24 15:38:00.954 [ScheduleThreadPool-test-thread-6] ERROR MessageUtil - adventureBossRankInfo is null
2023-11-24 15:39:00.472 [ScheduleThreadPool-test-thread-1] ERROR MessageUtil - adventureBossRankInfo is null
2023-11-24 15:39:00.519 [ScheduleThreadPool-test-thread-3] ERROR MessageUtil - adventureBossRankInfo is null
2023-11-24 15:39:00.637 [ScheduleThreadPool-test-thread-2] ERROR MessageUtil - adventureBossRankInfo is null
2023-11-24 15:39:00.829 [ScheduleThreadPool-test-thread-3] ERROR MessageUtil - adventureBossRankInfo is null
2023-11-24 15:39:00.941 [ScheduleThreadPool-test-thread-1] ERROR MessageUtil - adventureBossRankInfo is null
2023-11-24 15:40:00.435 [ScheduleThreadPool-test-thread-3] ERROR MessageUtil - adventureBossRankInfo is null
2023-11-24 15:40:00.529 [ScheduleThreadPool-test-thread-6] ERROR MessageUtil - adventureBossRankInfo is null
2023-11-24 15:40:00.639 [ScheduleThreadPool-test-thread-1] ERROR MessageUtil - adventureBossRankInfo is null
2023-11-24 15:40:00.836 [ScheduleThreadPool-test-thread-3] ERROR MessageUtil - adventureBossRankInfo is null
2023-11-24 15:40:00.941 [ScheduleThreadPool-test-thread-1] ERROR MessageUtil - adventureBossRankInfo is null
2023-11-24 15:40:18.166 [netty-12] ERROR SessionManager - 閲嶆柊鐧诲綍 new = a340f3f2-316a-4322-b2d5-7a7c9e0ee991
2023-11-24 15:41:00.537 [ScheduleThreadPool-test-thread-4] ERROR MessageUtil - adventureBossRankInfo is null
2023-11-24 15:41:00.649 [ScheduleThreadPool-test-thread-7] ERROR MessageUtil - adventureBossRankInfo is null
2023-11-24 15:41:00.842 [ScheduleThreadPool-test-thread-1] ERROR MessageUtil - adventureBossRankInfo is null
2023-11-24 15:41:00.956 [ScheduleThreadPool-test-thread-8] ERROR MessageUtil - adventureBossRankInfo is null
2023-11-24 15:41:19.459 [ScheduleThreadPool-test-thread-4] ERROR MessageUtil - adventureBossRankInfo is null
2023-11-24 15:41:19.473 [netty-13] ERROR SessionManager - 鎮ㄧ殑璐﹀彿宸茬粡鍦ㄥ叾浠栬澶囦笂鐧婚檰锛岃纭璐﹀彿瀹夊叏!a340f3f2-316a-4322-b2d5-7a7c9e0ee991
new 04693e74-e1a2-42ff-bf18-ed6b64f07d78
2023-11-24 15:41:23.244 [netty-13] ERROR SessionManager - 閲嶆柊鐧诲綍 new = 04693e74-e1a2-42ff-bf18-ed6b64f07d78
2023-11-24 15:41:25.756 [h-4] ERROR MongoUtil - the user=10001 not exists
2023-11-24 15:41:37.499 [h-4] ERROR MongoUtil - the user=0 not exists
2023-11-24 15:42:00.452 [ScheduleThreadPool-test-thread-5] ERROR MessageUtil - adventureBossRankInfo is null
2023-11-24 15:42:00.461 [ScheduleThreadPool-test-thread-5] ERROR MessageUtil - adventureBossRankInfo is null
2023-11-24 15:42:00.638 [ScheduleThreadPool-test-thread-7] ERROR MessageUtil - adventureBossRankInfo is null
2023-11-24 15:42:00.836 [ScheduleThreadPool-test-thread-3] ERROR MessageUtil - adventureBossRankInfo is null
2023-11-24 15:42:00.948 [ScheduleThreadPool-test-thread-3] ERROR MessageUtil - adventureBossRankInfo is null
2023-11-24 15:42:23.246 [h-4] ERROR HeroLogic - getAllTodayLike strings:[]
2023-11-24 15:42:23.247 [h-4] ERROR HeroLogic - uids:[]
2023-11-24 15:42:30.744 [h-4] ERROR HeroLogic - getAllTodayLike strings:[]
2023-11-24 15:42:30.745 [h-4] ERROR HeroLogic - uids:[]
2023-11-24 15:43:00.441 [ScheduleThreadPool-test-thread-4] ERROR MessageUtil - adventureBossRankInfo is null
2023-11-24 15:43:00.449 [ScheduleThreadPool-test-thread-1] ERROR MessageUtil - adventureBossRankInfo is null
2023-11-24 15:43:00.642 [ScheduleThreadPool-test-thread-7] ERROR MessageUtil - adventureBossRankInfo is null
2023-11-24 15:43:00.833 [ScheduleThreadPool-test-thread-8] ERROR MessageUtil - adventureBossRankInfo is null
2023-11-24 15:43:00.940 [ScheduleThreadPool-test-thread-1] ERROR MessageUtil - adventureBossRankInfo is null
2023-11-24 15:44:00.447 [ScheduleThreadPool-test-thread-7] ERROR MessageUtil - adventureBossRankInfo is null
2023-11-24 15:44:00.445 [ScheduleThreadPool-test-thread-8] ERROR MessageUtil - adventureBossRankInfo is null
2023-11-24 15:44:00.640 [ScheduleThreadPool-test-thread-1] ERROR MessageUtil - adventureBossRankInfo is null
2023-11-24 15:44:00.838 [ScheduleThreadPool-test-thread-4] ERROR MessageUtil - adventureBossRankInfo is null
2023-11-24 15:44:00.949 [ScheduleThreadPool-test-thread-5] ERROR MessageUtil - adventureBossRankInfo is null
2023-11-24 15:45:00.441 [ScheduleThreadPool-test-thread-3] ERROR MessageUtil - adventureBossRankInfo is null
2023-11-24 15:45:00.447 [ScheduleThreadPool-test-thread-6] ERROR MessageUtil - adventureBossRankInfo is null
2023-11-24 15:45:00.639 [ScheduleThreadPool-test-thread-6] ERROR MessageUtil - adventureBossRankInfo is null
2023-11-24 15:45:00.830 [ScheduleThreadPool-test-thread-6] ERROR MessageUtil - adventureBossRankInfo is null
2023-11-24 15:45:00.941 [ScheduleThreadPool-test-thread-5] ERROR MessageUtil - adventureBossRankInfo is null
2023-11-24 15:46:00.438 [ScheduleThreadPool-test-thread-4] ERROR MessageUtil - adventureBossRankInfo is null
2023-11-24 15:46:00.447 [ScheduleThreadPool-test-thread-4] ERROR MessageUtil - adventureBossRankInfo is null
2023-11-24 15:46:00.641 [ScheduleThreadPool-test-thread-1] ERROR MessageUtil - adventureBossRankInfo is null
2023-11-24 15:46:00.836 [ScheduleThreadPool-test-thread-1] ERROR MessageUtil - adventureBossRankInfo is null
2023-11-24 15:46:00.943 [ScheduleThreadPool-test-thread-6] ERROR MessageUtil - adventureBossRankInfo is null
2023-11-24 15:46:34.398 [h-4] ERROR MongoUtil - the user=0 not exists
2023-11-24 15:46:40.440 [h-4] ERROR MongoUtil - the user=0 not exists
2023-11-24 15:47:00.432 [ScheduleThreadPool-test-thread-7] ERROR MessageUtil - adventureBossRankInfo is null
2023-11-24 15:47:00.447 [ScheduleThreadPool-test-thread-1] ERROR MessageUtil - adventureBossRankInfo is null
2023-11-24 15:47:00.640 [ScheduleThreadPool-test-thread-4] ERROR MessageUtil - adventureBossRankInfo is null
2023-11-24 15:47:00.836 [ScheduleThreadPool-test-thread-4] ERROR MessageUtil - adventureBossRankInfo is null
2023-11-24 15:47:00.954 [ScheduleThreadPool-test-thread-3] ERROR MessageUtil - adventureBossRankInfo is null
2023-11-24 15:47:41.547 [h-4] ERROR MongoUtil - the user=0 not exists
2023-11-24 15:48:00.430 [ScheduleThreadPool-test-thread-2] ERROR MessageUtil - adventureBossRankInfo is null
2023-11-24 15:48:00.447 [ScheduleThreadPool-test-thread-2] ERROR MessageUtil - adventureBossRankInfo is null
2023-11-24 15:48:00.641 [ScheduleThreadPool-test-thread-1] ERROR MessageUtil - adventureBossRankInfo is null
2023-11-24 15:48:00.835 [ScheduleThreadPool-test-thread-6] ERROR MessageUtil - adventureBossRankInfo is null
2023-11-24 15:48:00.941 [ScheduleThreadPool-test-thread-5] ERROR MessageUtil - adventureBossRankInfo is null
2023-11-24 15:48:03.999 [h-4] ERROR MongoUtil - the user=0 not exists
2023-11-24 15:48:22.733 [h-4] ERROR MongoUtil - the user=0 not exists
2023-11-24 15:48:25.222 [h-4] ERROR MongoUtil - the user=0 not exists
2023-11-24 15:49:00.425 [ScheduleThreadPool-test-thread-7] ERROR MessageUtil - adventureBossRankInfo is null
2023-11-24 15:49:00.447 [ScheduleThreadPool-test-thread-8] ERROR MessageUtil - adventureBossRankInfo is null
2023-11-24 15:49:00.648 [ScheduleThreadPool-test-thread-8] ERROR MessageUtil - adventureBossRankInfo is null
2023-11-24 15:49:00.832 [ScheduleThreadPool-test-thread-4] ERROR MessageUtil - adventureBossRankInfo is null
2023-11-24 15:49:00.943 [ScheduleThreadPool-test-thread-7] ERROR MessageUtil - adventureBossRankInfo is null
2023-11-24 15:49:39.749 [h-4] ERROR MongoUtil - the user=0 not exists
2023-11-24 15:49:59.079 [h-4] ERROR MongoUtil - the user=0 not exists
2023-11-24 15:50:00.426 [ScheduleThreadPool-test-thread-7] ERROR MessageUtil - adventureBossRankInfo is null
2023-11-24 15:50:00.447 [ScheduleThreadPool-test-thread-7] ERROR MessageUtil - adventureBossRankInfo is null
2023-11-24 15:50:00.641 [ScheduleThreadPool-test-thread-2] ERROR MessageUtil - adventureBossRankInfo is null
2023-11-24 15:50:00.841 [ScheduleThreadPool-test-thread-7] ERROR MessageUtil - adventureBossRankInfo is null
2023-11-24 15:50:00.941 [ScheduleThreadPool-test-thread-2] ERROR MessageUtil - adventureBossRankInfo is null
2023-11-24 15:51:00.441 [ScheduleThreadPool-test-thread-7] ERROR MessageUtil - adventureBossRankInfo is null
2023-11-24 15:51:00.447 [ScheduleThreadPool-test-thread-5] ERROR MessageUtil - adventureBossRankInfo is null
2023-11-24 15:51:00.639 [ScheduleThreadPool-test-thread-7] ERROR MessageUtil - adventureBossRankInfo is null
2023-11-24 15:51:00.840 [ScheduleThreadPool-test-thread-2] ERROR MessageUtil - adventureBossRankInfo is null
2023-11-24 15:51:00.942 [ScheduleThreadPool-test-thread-8] ERROR MessageUtil - adventureBossRankInfo is null
2023-11-24 15:51:07.486 [h-4] ERROR MongoUtil - the user=10001 not exists
2023-11-24 15:52:00.432 [ScheduleThreadPool-test-thread-2] ERROR MessageUtil - adventureBossRankInfo is null
2023-11-24 15:52:00.447 [ScheduleThreadPool-test-thread-5] ERROR MessageUtil - adventureBossRankInfo is null
2023-11-24 15:52:00.639 [ScheduleThreadPool-test-thread-5] ERROR MessageUtil - adventureBossRankInfo is null
2023-11-24 15:52:00.835 [ScheduleThreadPool-test-thread-4] ERROR MessageUtil - adventureBossRankInfo is null
2023-11-24 15:52:00.941 [ScheduleThreadPool-test-thread-6] ERROR MessageUtil - adventureBossRankInfo is null
2023-11-24 15:52:21.976 [h-4] ERROR MongoUtil - the user=0 not exists
2023-11-24 15:52:59.569 [h-4] ERROR HeroLogic - getAllTodayLike strings:[]
2023-11-24 15:52:59.570 [h-4] ERROR HeroLogic - uids:[]
2023-11-24 15:53:00.491 [ScheduleThreadPool-test-thread-7] ERROR MessageUtil - adventureBossRankInfo is null
2023-11-24 15:53:00.653 [ScheduleThreadPool-test-thread-8] ERROR MessageUtil - adventureBossRankInfo is null
2023-11-24 15:53:00.850 [ScheduleThreadPool-test-thread-8] ERROR MessageUtil - adventureBossRankInfo is null
2023-11-24 15:53:00.959 [ScheduleThreadPool-test-thread-6] ERROR MessageUtil - adventureBossRankInfo is null
2023-11-24 15:53:18.529 [ScheduleThreadPool-test-thread-5] ERROR MessageUtil - adventureBossRankInfo is null
2023-11-24 15:54:00.457 [ScheduleThreadPool-test-thread-6] ERROR MessageUtil - adventureBossRankInfo is null
2023-11-24 15:54:00.544 [ScheduleThreadPool-test-thread-4] ERROR MessageUtil - adventureBossRankInfo is null
2023-11-24 15:54:00.641 [ScheduleThreadPool-test-thread-7] ERROR MessageUtil - adventureBossRankInfo is null
2023-11-24 15:54:00.845 [ScheduleThreadPool-test-thread-7] ERROR MessageUtil - adventureBossRankInfo is null
2023-11-24 15:54:00.943 [ScheduleThreadPool-test-thread-8] ERROR MessageUtil - adventureBossRankInfo is null
2023-11-24 15:55:00.447 [ScheduleThreadPool-test-thread-8] ERROR MessageUtil - adventureBossRankInfo is null
2023-11-24 15:55:00.544 [ScheduleThreadPool-test-thread-6] ERROR MessageUtil - adventureBossRankInfo is null
2023-11-24 15:55:00.639 [ScheduleThreadPool-test-thread-8] ERROR MessageUtil - adventureBossRankInfo is null
2023-11-24 15:55:00.831 [ScheduleThreadPool-test-thread-2] ERROR MessageUtil - adventureBossRankInfo is null
2023-11-24 15:55:00.940 [ScheduleThreadPool-test-thread-1] ERROR MessageUtil - adventureBossRankInfo is null
2023-11-24 15:56:00.449 [ScheduleThreadPool-test-thread-6] ERROR MessageUtil - adventureBossRankInfo is null
2023-11-24 15:56:00.541 [ScheduleThreadPool-test-thread-8] ERROR MessageUtil - adventureBossRankInfo is null
2023-11-24 15:56:00.631 [ScheduleThreadPool-test-thread-1] ERROR MessageUtil - adventureBossRankInfo is null
2023-11-24 15:56:00.837 [ScheduleThreadPool-test-thread-5] ERROR MessageUtil - adventureBossRankInfo is null
2023-11-24 15:56:00.940 [ScheduleThreadPool-test-thread-8] ERROR MessageUtil - adventureBossRankInfo is null
2023-11-24 15:57:00.459 [ScheduleThreadPool-test-thread-2] ERROR MessageUtil - adventureBossRankInfo is null
2023-11-24 15:57:00.543 [ScheduleThreadPool-test-thread-1] ERROR MessageUtil - adventureBossRankInfo is null
2023-11-24 15:57:00.642 [ScheduleThreadPool-test-thread-1] ERROR MessageUtil - adventureBossRankInfo is null
2023-11-24 15:57:00.835 [ScheduleThreadPool-test-thread-5] ERROR MessageUtil - adventureBossRankInfo is null
2023-11-24 15:57:00.941 [ScheduleThreadPool-test-thread-7] ERROR MessageUtil - adventureBossRankInfo is null
2023-11-24 15:58:00.447 [ScheduleThreadPool-test-thread-4] ERROR MessageUtil - adventureBossRankInfo is null
2023-11-24 15:58:00.539 [ScheduleThreadPool-test-thread-1] ERROR MessageUtil - adventureBossRankInfo is null
2023-11-24 15:58:00.640 [ScheduleThreadPool-test-thread-7] ERROR MessageUtil - adventureBossRankInfo is null
2023-11-24 15:58:00.841 [ScheduleThreadPool-test-thread-6] ERROR MessageUtil - adventureBossRankInfo is null
2023-11-24 15:58:00.942 [ScheduleThreadPool-test-thread-2] ERROR MessageUtil - adventureBossRankInfo is null
2023-11-24 15:59:00.446 [ScheduleThreadPool-test-thread-4] ERROR MessageUtil - adventureBossRankInfo is null
2023-11-24 15:59:00.542 [ScheduleThreadPool-test-thread-8] ERROR MessageUtil - adventureBossRankInfo is null
2023-11-24 15:59:00.640 [ScheduleThreadPool-test-thread-8] ERROR MessageUtil - adventureBossRankInfo is null
2023-11-24 15:59:00.837 [ScheduleThreadPool-test-thread-3] ERROR MessageUtil - adventureBossRankInfo is null
2023-11-24 15:59:00.942 [ScheduleThreadPool-test-thread-8] ERROR MessageUtil - adventureBossRankInfo is null
2023-11-24 16:00:00.447 [ScheduleThreadPool-test-thread-5] ERROR MessageUtil - adventureBossRankInfo is null
2023-11-24 16:00:00.536 [ScheduleThreadPool-test-thread-1] ERROR MessageUtil - adventureBossRankInfo is null
2023-11-24 16:00:00.633 [ScheduleThreadPool-test-thread-6] ERROR MessageUtil - adventureBossRankInfo is null
2023-11-24 16:00:00.860 [ScheduleThreadPool-test-thread-4] ERROR MessageUtil - adventureBossRankInfo is null
2023-11-24 16:00:00.937 [ScheduleThreadPool-test-thread-8] ERROR MessageUtil - adventureBossRankInfo is null
2023-11-24 16:01:00.476 [ScheduleThreadPool-test-thread-8] ERROR MessageUtil - adventureBossRankInfo is null
2023-11-24 16:01:00.536 [ScheduleThreadPool-test-thread-6] ERROR MessageUtil - adventureBossRankInfo is null
2023-11-24 16:01:00.636 [ScheduleThreadPool-test-thread-2] ERROR MessageUtil - adventureBossRankInfo is null
2023-11-24 16:01:00.837 [ScheduleThreadPool-test-thread-4] ERROR MessageUtil - adventureBossRankInfo is null
2023-11-24 16:01:00.936 [ScheduleThreadPool-test-thread-5] ERROR MessageUtil - adventureBossRankInfo is null
2023-11-24 16:01:18.586 [h-4] ERROR BaseHandler - processWithProto Exception protoID=9200000,uid=10000004,proto=>Camp: 3
 exception=[CODE: 30114][混乱之治未开放][][] 
2023-11-24 16:01:18.586 [h-4] ERROR HandlerLogicThread - An unusual ErrorCodeException occurred for the user::use10000004
2023-11-24 16:01:18.587 [h-4] ERROR HandlerLogicThread - [CODE: 30114][混乱之治未开放][][] 

    at com.ljsd.jieling.logic.campWar.CampWarLogic.setCamp(CampWarLogic.java:174)
    at com.ljsd.jieling.handler.campWar.CampSetReqHandler.processWithProto(CampSetReqHandler.java:19)
    at com.ljsd.jieling.handler.campWar.CampSetReqHandler.processWithProto(CampSetReqHandler.java:9)
    at com.ljsd.jieling.handler.BaseHandler.processWithProto(BaseHandler.java:52)
    at com.ljsd.jieling.handler.BaseHandler.execute(BaseHandler.java:41)
    at com.ljsd.jieling.core.HandlerLogicThread.doWork(HandlerLogicThread.java:167)
    at com.ljsd.jieling.core.HandlerLogicThread.run(HandlerLogicThread.java:105)

2023-11-24 16:01:18.587 [h-4] ERROR MessageUtil - send error msg,the uid=10000004,the msgId=9200001,the errMsg=混乱之治未开放 
2023-11-24 16:01:59.205 [h-4] ERROR MongoUtil - the user=0 not exists
2023-11-24 16:02:00.447 [ScheduleThreadPool-test-thread-6] ERROR MessageUtil - adventureBossRankInfo is null
2023-11-24 16:02:00.543 [ScheduleThreadPool-test-thread-1] ERROR MessageUtil - adventureBossRankInfo is null
2023-11-24 16:02:00.643 [ScheduleThreadPool-test-thread-4] ERROR MessageUtil - adventureBossRankInfo is null
2023-11-24 16:02:00.837 [ScheduleThreadPool-test-thread-3] ERROR MessageUtil - adventureBossRankInfo is null
2023-11-24 16:02:00.937 [ScheduleThreadPool-test-thread-3] ERROR MessageUtil - adventureBossRankInfo is null
2023-11-24 16:02:15.518 [ScheduleThreadPool-test-thread-5] ERROR SecondsTask - e
org.springframework.data.redis.RedisConnectionFailureException: java.net.SocketTimeoutException: Read timed out; nested exception is redis.clients.jedis.exceptions.JedisConnectionException: java.net.SocketTimeoutException: Read timed out
	at org.springframework.data.redis.connection.jedis.JedisExceptionConverter.convert(JedisExceptionConverter.java:67)
	at org.springframework.data.redis.connection.jedis.JedisExceptionConverter.convert(JedisExceptionConverter.java:41)
	at org.springframework.data.redis.PassThroughExceptionTranslationStrategy.translate(PassThroughExceptionTranslationStrategy.java:37)
	at org.springframework.data.redis.FallbackExceptionTranslationStrategy.translate(FallbackExceptionTranslationStrategy.java:37)
	at org.springframework.data.redis.connection.jedis.JedisConnection.convertJedisAccessException(JedisConnection.java:241)
	at org.springframework.data.redis.connection.jedis.JedisConnection.hGetAll(JedisConnection.java:3001)
	at org.springframework.data.redis.connection.DefaultStringRedisConnection.hGetAll(DefaultStringRedisConnection.java:372)
	at org.springframework.data.redis.core.DefaultHashOperations$13.doInRedis(DefaultHashOperations.java:223)
	at org.springframework.data.redis.core.DefaultHashOperations$13.doInRedis(DefaultHashOperations.java:220)
	at org.springframework.data.redis.core.RedisTemplate.execute(RedisTemplate.java:207)
	at org.springframework.data.redis.core.RedisTemplate.execute(RedisTemplate.java:169)
	at org.springframework.data.redis.core.AbstractOperations.execute(AbstractOperations.java:91)
	at org.springframework.data.redis.core.DefaultHashOperations.entries(DefaultHashOperations.java:220)
	at com.ljsd.jieling.db.redis.RedisUtil.getMapValues(RedisUtil.java:1401)
	at com.ljsd.jieling.logic.championship.ChampionshipLogic.minuteCheck(ChampionshipLogic.java:1414)
	at com.ljsd.jieling.thread.task.SecondsTask.run(SecondsTask.java:21)
	at java.util.concurrent.Executors$RunnableAdapter.call(Executors.java:511)
	at java.util.concurrent.FutureTask.runAndReset(FutureTask.java:308)
	at java.util.concurrent.ScheduledThreadPoolExecutor$ScheduledFutureTask.access$301(ScheduledThreadPoolExecutor.java:180)
	at java.util.concurrent.ScheduledThreadPoolExecutor$ScheduledFutureTask.run(ScheduledThreadPoolExecutor.java:294)
	at java.util.concurrent.ThreadPoolExecutor.runWorker(ThreadPoolExecutor.java:1149)
	at java.util.concurrent.ThreadPoolExecutor$Worker.run(ThreadPoolExecutor.java:624)
	at java.lang.Thread.run(Thread.java:750)
Caused by: redis.clients.jedis.exceptions.JedisConnectionException: java.net.SocketTimeoutException: Read timed out
	at redis.clients.util.RedisInputStream.ensureFill(RedisInputStream.java:202)
	at redis.clients.util.RedisInputStream.readByte(RedisInputStream.java:40)
	at redis.clients.jedis.Protocol.process(Protocol.java:151)
	at redis.clients.jedis.Protocol.read(Protocol.java:215)
	at redis.clients.jedis.Connection.readProtocolWithCheckingBroken(Connection.java:340)
	at redis.clients.jedis.Connection.getBinaryMultiBulkReply(Connection.java:276)
	at redis.clients.jedis.BinaryJedis.hgetAll(BinaryJedis.java:1028)
	at org.springframework.data.redis.connection.jedis.JedisConnection.hGetAll(JedisConnection.java:2999)
	... 17 common frames omitted
Caused by: java.net.SocketTimeoutException: Read timed out
	at java.net.SocketInputStream.socketRead0(Native Method)
	at java.net.SocketInputStream.socketRead(SocketInputStream.java:116)
	at java.net.SocketInputStream.read(SocketInputStream.java:171)
	at java.net.SocketInputStream.read(SocketInputStream.java:141)
	at java.net.SocketInputStream.read(SocketInputStream.java:127)
	at redis.clients.util.RedisInputStream.ensureFill(RedisInputStream.java:196)
	... 24 common frames omitted
2023-11-24 16:02:16.666 [ScheduleThreadPool-test-thread-7] ERROR SecondsTask - e
org.springframework.data.redis.RedisConnectionFailureException: java.net.SocketTimeoutException: Read timed out; nested exception is redis.clients.jedis.exceptions.JedisConnectionException: java.net.SocketTimeoutException: Read timed out
	at org.springframework.data.redis.connection.jedis.JedisExceptionConverter.convert(JedisExceptionConverter.java:67)
	at org.springframework.data.redis.connection.jedis.JedisExceptionConverter.convert(JedisExceptionConverter.java:41)
	at org.springframework.data.redis.PassThroughExceptionTranslationStrategy.translate(PassThroughExceptionTranslationStrategy.java:37)
	at org.springframework.data.redis.FallbackExceptionTranslationStrategy.translate(FallbackExceptionTranslationStrategy.java:37)
	at org.springframework.data.redis.connection.jedis.JedisConnection.convertJedisAccessException(JedisConnection.java:241)
	at org.springframework.data.redis.connection.jedis.JedisConnection.hGetAll(JedisConnection.java:3001)
	at org.springframework.data.redis.connection.DefaultStringRedisConnection.hGetAll(DefaultStringRedisConnection.java:372)
	at org.springframework.data.redis.core.DefaultHashOperations$13.doInRedis(DefaultHashOperations.java:223)
	at org.springframework.data.redis.core.DefaultHashOperations$13.doInRedis(DefaultHashOperations.java:220)
	at org.springframework.data.redis.core.RedisTemplate.execute(RedisTemplate.java:207)
	at org.springframework.data.redis.core.RedisTemplate.execute(RedisTemplate.java:169)
	at org.springframework.data.redis.core.AbstractOperations.execute(AbstractOperations.java:91)
	at org.springframework.data.redis.core.DefaultHashOperations.entries(DefaultHashOperations.java:220)
	at com.ljsd.jieling.db.redis.RedisUtil.getMapValues(RedisUtil.java:1401)
	at com.ljsd.jieling.logic.championship.ChampionshipLogic.minuteCheck(ChampionshipLogic.java:1414)
	at com.ljsd.jieling.thread.task.SecondsTask.run(SecondsTask.java:21)
	at java.util.concurrent.Executors$RunnableAdapter.call(Executors.java:511)
	at java.util.concurrent.FutureTask.runAndReset(FutureTask.java:308)
	at java.util.concurrent.ScheduledThreadPoolExecutor$ScheduledFutureTask.access$301(ScheduledThreadPoolExecutor.java:180)
	at java.util.concurrent.ScheduledThreadPoolExecutor$ScheduledFutureTask.run(ScheduledThreadPoolExecutor.java:294)
	at java.util.concurrent.ThreadPoolExecutor.runWorker(ThreadPoolExecutor.java:1149)
	at java.util.concurrent.ThreadPoolExecutor$Worker.run(ThreadPoolExecutor.java:624)
	at java.lang.Thread.run(Thread.java:750)
Caused by: redis.clients.jedis.exceptions.JedisConnectionException: java.net.SocketTimeoutException: Read timed out
	at redis.clients.util.RedisInputStream.ensureFill(RedisInputStream.java:202)
	at redis.clients.util.RedisInputStream.readByte(RedisInputStream.java:40)
	at redis.clients.jedis.Protocol.process(Protocol.java:151)
	at redis.clients.jedis.Protocol.read(Protocol.java:215)
	at redis.clients.jedis.Connection.readProtocolWithCheckingBroken(Connection.java:340)
	at redis.clients.jedis.Connection.getBinaryMultiBulkReply(Connection.java:276)
	at redis.clients.jedis.BinaryJedis.hgetAll(BinaryJedis.java:1028)
	at org.springframework.data.redis.connection.jedis.JedisConnection.hGetAll(JedisConnection.java:2999)
	... 17 common frames omitted
Caused by: java.net.SocketTimeoutException: Read timed out
	at java.net.SocketInputStream.socketRead0(Native Method)
	at java.net.SocketInputStream.socketRead(SocketInputStream.java:116)
	at java.net.SocketInputStream.read(SocketInputStream.java:171)
	at java.net.SocketInputStream.read(SocketInputStream.java:141)
	at java.net.SocketInputStream.read(SocketInputStream.java:127)
	at redis.clients.util.RedisInputStream.ensureFill(RedisInputStream.java:196)
	... 24 common frames omitted
2023-11-24 16:02:16.784 [ScheduleThreadPool-test-thread-6] ERROR SecondsTask - e
org.springframework.data.redis.RedisConnectionFailureException: java.net.SocketTimeoutException: Read timed out; nested exception is redis.clients.jedis.exceptions.JedisConnectionException: java.net.SocketTimeoutException: Read timed out
	at org.springframework.data.redis.connection.jedis.JedisExceptionConverter.convert(JedisExceptionConverter.java:67)
	at org.springframework.data.redis.connection.jedis.JedisExceptionConverter.convert(JedisExceptionConverter.java:41)
	at org.springframework.data.redis.PassThroughExceptionTranslationStrategy.translate(PassThroughExceptionTranslationStrategy.java:37)
	at org.springframework.data.redis.FallbackExceptionTranslationStrategy.translate(FallbackExceptionTranslationStrategy.java:37)
	at org.springframework.data.redis.connection.jedis.JedisConnection.convertJedisAccessException(JedisConnection.java:241)
	at org.springframework.data.redis.connection.jedis.JedisConnection.hGetAll(JedisConnection.java:3001)
	at org.springframework.data.redis.connection.DefaultStringRedisConnection.hGetAll(DefaultStringRedisConnection.java:372)
	at org.springframework.data.redis.core.DefaultHashOperations$13.doInRedis(DefaultHashOperations.java:223)
	at org.springframework.data.redis.core.DefaultHashOperations$13.doInRedis(DefaultHashOperations.java:220)
	at org.springframework.data.redis.core.RedisTemplate.execute(RedisTemplate.java:207)
	at org.springframework.data.redis.core.RedisTemplate.execute(RedisTemplate.java:169)
	at org.springframework.data.redis.core.AbstractOperations.execute(AbstractOperations.java:91)
	at org.springframework.data.redis.core.DefaultHashOperations.entries(DefaultHashOperations.java:220)
	at com.ljsd.jieling.db.redis.RedisUtil.getMapValues(RedisUtil.java:1401)
	at com.ljsd.jieling.logic.championship.ChampionshipLogic.minuteCheck(ChampionshipLogic.java:1414)
	at com.ljsd.jieling.thread.task.SecondsTask.run(SecondsTask.java:21)
	at java.util.concurrent.Executors$RunnableAdapter.call(Executors.java:511)
	at java.util.concurrent.FutureTask.runAndReset(FutureTask.java:308)
	at java.util.concurrent.ScheduledThreadPoolExecutor$ScheduledFutureTask.access$301(ScheduledThreadPoolExecutor.java:180)
	at java.util.concurrent.ScheduledThreadPoolExecutor$ScheduledFutureTask.run(ScheduledThreadPoolExecutor.java:294)
	at java.util.concurrent.ThreadPoolExecutor.runWorker(ThreadPoolExecutor.java:1149)
	at java.util.concurrent.ThreadPoolExecutor$Worker.run(ThreadPoolExecutor.java:624)
	at java.lang.Thread.run(Thread.java:750)
Caused by: redis.clients.jedis.exceptions.JedisConnectionException: java.net.SocketTimeoutException: Read timed out
	at redis.clients.util.RedisInputStream.ensureFill(RedisInputStream.java:202)
	at redis.clients.util.RedisInputStream.readByte(RedisInputStream.java:40)
	at redis.clients.jedis.Protocol.process(Protocol.java:151)
	at redis.clients.jedis.Protocol.read(Protocol.java:215)
	at redis.clients.jedis.Connection.readProtocolWithCheckingBroken(Connection.java:340)
	at redis.clients.jedis.Connection.getBinaryMultiBulkReply(Connection.java:276)
	at redis.clients.jedis.BinaryJedis.hgetAll(BinaryJedis.java:1028)
	at org.springframework.data.redis.connection.jedis.JedisConnection.hGetAll(JedisConnection.java:2999)
	... 17 common frames omitted
Caused by: java.net.SocketTimeoutException: Read timed out
	at java.net.SocketInputStream.socketRead0(Native Method)
	at java.net.SocketInputStream.socketRead(SocketInputStream.java:116)
	at java.net.SocketInputStream.read(SocketInputStream.java:171)
	at java.net.SocketInputStream.read(SocketInputStream.java:141)
	at java.net.SocketInputStream.read(SocketInputStream.java:127)
	at redis.clients.util.RedisInputStream.ensureFill(RedisInputStream.java:196)
	... 24 common frames omitted
2023-11-24 16:02:16.868 [ScheduleThreadPool-test-thread-6] ERROR SecondsTask - e
org.springframework.data.redis.RedisConnectionFailureException: java.net.SocketTimeoutException: Read timed out; nested exception is redis.clients.jedis.exceptions.JedisConnectionException: java.net.SocketTimeoutException: Read timed out
	at org.springframework.data.redis.connection.jedis.JedisExceptionConverter.convert(JedisExceptionConverter.java:67)
	at org.springframework.data.redis.connection.jedis.JedisExceptionConverter.convert(JedisExceptionConverter.java:41)
	at org.springframework.data.redis.PassThroughExceptionTranslationStrategy.translate(PassThroughExceptionTranslationStrategy.java:37)
	at org.springframework.data.redis.FallbackExceptionTranslationStrategy.translate(FallbackExceptionTranslationStrategy.java:37)
	at org.springframework.data.redis.connection.jedis.JedisConnection.convertJedisAccessException(JedisConnection.java:241)
	at org.springframework.data.redis.connection.jedis.JedisConnection.hGetAll(JedisConnection.java:3001)
	at org.springframework.data.redis.connection.DefaultStringRedisConnection.hGetAll(DefaultStringRedisConnection.java:372)
	at org.springframework.data.redis.core.DefaultHashOperations$13.doInRedis(DefaultHashOperations.java:223)
	at org.springframework.data.redis.core.DefaultHashOperations$13.doInRedis(DefaultHashOperations.java:220)
	at org.springframework.data.redis.core.RedisTemplate.execute(RedisTemplate.java:207)
	at org.springframework.data.redis.core.RedisTemplate.execute(RedisTemplate.java:169)
	at org.springframework.data.redis.core.AbstractOperations.execute(AbstractOperations.java:91)
	at org.springframework.data.redis.core.DefaultHashOperations.entries(DefaultHashOperations.java:220)
	at com.ljsd.jieling.db.redis.RedisUtil.getMapValues(RedisUtil.java:1401)
	at com.ljsd.jieling.logic.championship.ChampionshipLogic.minuteCheck(ChampionshipLogic.java:1414)
	at com.ljsd.jieling.thread.task.SecondsTask.run(SecondsTask.java:21)
	at java.util.concurrent.Executors$RunnableAdapter.call(Executors.java:511)
	at java.util.concurrent.FutureTask.runAndReset(FutureTask.java:308)
	at java.util.concurrent.ScheduledThreadPoolExecutor$ScheduledFutureTask.access$301(ScheduledThreadPoolExecutor.java:180)
	at java.util.concurrent.ScheduledThreadPoolExecutor$ScheduledFutureTask.run(ScheduledThreadPoolExecutor.java:294)
	at java.util.concurrent.ThreadPoolExecutor.runWorker(ThreadPoolExecutor.java:1149)
	at java.util.concurrent.ThreadPoolExecutor$Worker.run(ThreadPoolExecutor.java:624)
	at java.lang.Thread.run(Thread.java:750)
Caused by: redis.clients.jedis.exceptions.JedisConnectionException: java.net.SocketTimeoutException: Read timed out
	at redis.clients.util.RedisInputStream.ensureFill(RedisInputStream.java:202)
	at redis.clients.util.RedisInputStream.readByte(RedisInputStream.java:40)
	at redis.clients.jedis.Protocol.process(Protocol.java:151)
	at redis.clients.jedis.Protocol.read(Protocol.java:215)
	at redis.clients.jedis.Connection.readProtocolWithCheckingBroken(Connection.java:340)
	at redis.clients.jedis.Connection.getBinaryMultiBulkReply(Connection.java:276)
	at redis.clients.jedis.BinaryJedis.hgetAll(BinaryJedis.java:1028)
	at org.springframework.data.redis.connection.jedis.JedisConnection.hGetAll(JedisConnection.java:2999)
	... 17 common frames omitted
Caused by: java.net.SocketTimeoutException: Read timed out
	at java.net.SocketInputStream.socketRead0(Native Method)
	at java.net.SocketInputStream.socketRead(SocketInputStream.java:116)
	at java.net.SocketInputStream.read(SocketInputStream.java:171)
	at java.net.SocketInputStream.read(SocketInputStream.java:141)
	at java.net.SocketInputStream.read(SocketInputStream.java:127)
	at redis.clients.util.RedisInputStream.ensureFill(RedisInputStream.java:196)
	... 24 common frames omitted
2023-11-24 16:03:00.182 [ScheduleThreadPool-test-thread-7] ERROR MessageUtil - adventureBossRankInfo is null
2023-11-24 16:03:00.469 [ScheduleThreadPool-test-thread-6] ERROR MessageUtil - adventureBossRankInfo is null
2023-11-24 16:03:00.591 [ScheduleThreadPool-test-thread-2] ERROR MessageUtil - adventureBossRankInfo is null
2023-11-24 16:03:00.800 [ScheduleThreadPool-test-thread-5] ERROR MessageUtil - adventureBossRankInfo is null
2023-11-24 16:03:00.986 [ScheduleThreadPool-test-thread-7] ERROR MessageUtil - adventureBossRankInfo is null
2023-11-24 16:04:00.231 [ScheduleThreadPool-test-thread-4] ERROR MessageUtil - adventureBossRankInfo is null
2023-11-24 16:04:00.447 [ScheduleThreadPool-test-thread-5] ERROR MessageUtil - adventureBossRankInfo is null
2023-11-24 16:04:00.544 [ScheduleThreadPool-test-thread-4] ERROR MessageUtil - adventureBossRankInfo is null
2023-11-24 16:04:00.647 [ScheduleThreadPool-test-thread-6] ERROR MessageUtil - adventureBossRankInfo is null
2023-11-24 16:04:00.947 [ScheduleThreadPool-test-thread-1] ERROR MessageUtil - adventureBossRankInfo is null
2023-11-24 16:04:54.996 [h-4] ERROR MongoUtil - the user=0 not exists
2023-11-24 16:05:00.183 [ScheduleThreadPool-test-thread-3] ERROR MessageUtil - adventureBossRankInfo is null
2023-11-24 16:05:00.447 [ScheduleThreadPool-test-thread-7] ERROR MessageUtil - adventureBossRankInfo is null
2023-11-24 16:05:00.544 [ScheduleThreadPool-test-thread-7] ERROR MessageUtil - adventureBossRankInfo is null
2023-11-24 16:05:00.639 [ScheduleThreadPool-test-thread-2] ERROR MessageUtil - adventureBossRankInfo is null
2023-11-24 16:05:00.942 [ScheduleThreadPool-test-thread-3] ERROR MessageUtil - adventureBossRankInfo is null
2023-11-24 16:05:06.919 [h-4] ERROR BaseHandler - processWithProto Exception protoID=303637,uid=10000004,proto=>generalId: 1
 exception=[CODE: 75][材料不足][][] 
2023-11-24 16:05:06.919 [h-4] ERROR HandlerLogicThread - An unusual ErrorCodeException occurred for the user::use10000004
2023-11-24 16:05:06.919 [h-4] ERROR HandlerLogicThread - [CODE: 75][材料不足][][] 

    at com.ljsd.jieling.logic.general.GeneralLogic.active(GeneralLogic.java:68)
    at com.ljsd.jieling.handler.general.GetGeneralActiveRequestHandler.processWithProto(GetGeneralActiveRequestHandler.java:25)
    at com.ljsd.jieling.handler.general.GetGeneralActiveRequestHandler.processWithProto(GetGeneralActiveRequestHandler.java:14)
    at com.ljsd.jieling.handler.BaseHandler.processWithProto(BaseHandler.java:61)
    at com.ljsd.jieling.handler.BaseHandler.execute(BaseHandler.java:41)
    at com.ljsd.jieling.core.HandlerLogicThread.doWork(HandlerLogicThread.java:167)
    at com.ljsd.jieling.core.HandlerLogicThread.run(HandlerLogicThread.java:105)

2023-11-24 16:05:06.919 [h-4] ERROR MessageUtil - send error msg,the uid=10000004,the msgId=303638,the errMsg=材料不足 
2023-11-24 16:06:00.188 [ScheduleThreadPool-test-thread-6] ERROR MessageUtil - adventureBossRankInfo is null
2023-11-24 16:06:00.448 [ScheduleThreadPool-test-thread-3] ERROR MessageUtil - adventureBossRankInfo is null
2023-11-24 16:06:00.544 [ScheduleThreadPool-test-thread-4] ERROR MessageUtil - adventureBossRankInfo is null
2023-11-24 16:06:00.638 [ScheduleThreadPool-test-thread-4] ERROR MessageUtil - adventureBossRankInfo is null
2023-11-24 16:06:00.947 [ScheduleThreadPool-test-thread-2] ERROR MessageUtil - adventureBossRankInfo is null
2023-11-24 16:07:00.195 [ScheduleThreadPool-test-thread-5] ERROR MessageUtil - adventureBossRankInfo is null
2023-11-24 16:07:00.450 [ScheduleThreadPool-test-thread-4] ERROR MessageUtil - adventureBossRankInfo is null
2023-11-24 16:07:00.540 [ScheduleThreadPool-test-thread-1] ERROR MessageUtil - adventureBossRankInfo is null
2023-11-24 16:07:00.637 [ScheduleThreadPool-test-thread-2] ERROR MessageUtil - adventureBossRankInfo is null
2023-11-24 16:07:00.956 [ScheduleThreadPool-test-thread-6] ERROR MessageUtil - adventureBossRankInfo is null
2023-11-24 16:08:00.184 [ScheduleThreadPool-test-thread-3] ERROR MessageUtil - adventureBossRankInfo is null
2023-11-24 16:08:00.447 [ScheduleThreadPool-test-thread-4] ERROR MessageUtil - adventureBossRankInfo is null
2023-11-24 16:08:00.537 [ScheduleThreadPool-test-thread-7] ERROR MessageUtil - adventureBossRankInfo is null
2023-11-24 16:08:00.639 [ScheduleThreadPool-test-thread-8] ERROR MessageUtil - adventureBossRankInfo is null
2023-11-24 16:08:00.939 [ScheduleThreadPool-test-thread-3] ERROR MessageUtil - adventureBossRankInfo is null
2023-11-24 16:08:19.497 [h-4] ERROR MongoUtil - the user=0 not exists
2023-11-24 16:09:00.188 [ScheduleThreadPool-test-thread-3] ERROR MessageUtil - adventureBossRankInfo is null
2023-11-24 16:09:00.447 [ScheduleThreadPool-test-thread-3] ERROR MessageUtil - adventureBossRankInfo is null
2023-11-24 16:09:00.538 [ScheduleThreadPool-test-thread-4] ERROR MessageUtil - adventureBossRankInfo is null
2023-11-24 16:09:00.640 [ScheduleThreadPool-test-thread-2] ERROR MessageUtil - adventureBossRankInfo is null
2023-11-24 16:09:00.947 [ScheduleThreadPool-test-thread-5] ERROR MessageUtil - adventureBossRankInfo is null
2023-11-24 16:10:00.188 [ScheduleThreadPool-test-thread-3] ERROR MessageUtil - adventureBossRankInfo is null
2023-11-24 16:10:00.449 [ScheduleThreadPool-test-thread-8] ERROR MessageUtil - adventureBossRankInfo is null
2023-11-24 16:10:00.544 [ScheduleThreadPool-test-thread-4] ERROR MessageUtil - adventureBossRankInfo is null
2023-11-24 16:10:00.639 [ScheduleThreadPool-test-thread-8] ERROR MessageUtil - adventureBossRankInfo is null
2023-11-24 16:10:00.943 [ScheduleThreadPool-test-thread-7] ERROR MessageUtil - adventureBossRankInfo is null
2023-11-24 16:11:00.191 [ScheduleThreadPool-test-thread-7] ERROR MessageUtil - adventureBossRankInfo is null
2023-11-24 16:11:00.449 [ScheduleThreadPool-test-thread-7] ERROR MessageUtil - adventureBossRankInfo is null
2023-11-24 16:11:00.541 [ScheduleThreadPool-test-thread-5] ERROR MessageUtil - adventureBossRankInfo is null
2023-11-24 16:11:00.642 [ScheduleThreadPool-test-thread-7] ERROR MessageUtil - adventureBossRankInfo is null
2023-11-24 16:11:00.943 [ScheduleThreadPool-test-thread-3] ERROR MessageUtil - adventureBossRankInfo is null
2023-11-24 16:12:00.191 [ScheduleThreadPool-test-thread-3] ERROR MessageUtil - adventureBossRankInfo is null
2023-11-24 16:12:00.447 [ScheduleThreadPool-test-thread-6] ERROR MessageUtil - adventureBossRankInfo is null
2023-11-24 16:12:00.542 [ScheduleThreadPool-test-thread-6] ERROR MessageUtil - adventureBossRankInfo is null
2023-11-24 16:12:00.642 [ScheduleThreadPool-test-thread-5] ERROR MessageUtil - adventureBossRankInfo is null
2023-11-24 16:12:00.945 [ScheduleThreadPool-test-thread-2] ERROR MessageUtil - adventureBossRankInfo is null
2023-11-24 16:12:31.097 [h-4] ERROR GMRequestHandler - gm commond is 10#1#0
2023-11-24 16:12:31.179 [h-4] ERROR GMRequestHandler - gm commond is 10#2#0
2023-11-24 16:12:31.243 [h-4] ERROR GMRequestHandler - gm commond is 10#3#0
2023-11-24 16:13:00.189 [ScheduleThreadPool-test-thread-6] ERROR MessageUtil - adventureBossRankInfo is null
2023-11-24 16:13:00.447 [ScheduleThreadPool-test-thread-8] ERROR MessageUtil - adventureBossRankInfo is null
2023-11-24 16:13:00.540 [ScheduleThreadPool-test-thread-5] ERROR MessageUtil - adventureBossRankInfo is null
2023-11-24 16:13:00.643 [ScheduleThreadPool-test-thread-4] ERROR MessageUtil - adventureBossRankInfo is null
2023-11-24 16:13:00.945 [ScheduleThreadPool-test-thread-6] ERROR MessageUtil - adventureBossRankInfo is null
2023-11-24 16:13:45.406 [h-4] ERROR MongoUtil - the user=0 not exists
2023-11-24 16:13:48.786 [h-4] ERROR MongoUtil - the user=0 not exists
2023-11-24 16:14:00.197 [ScheduleThreadPool-test-thread-1] ERROR MessageUtil - adventureBossRankInfo is null
2023-11-24 16:14:00.447 [ScheduleThreadPool-test-thread-7] ERROR MessageUtil - adventureBossRankInfo is null
2023-11-24 16:14:00.542 [ScheduleThreadPool-test-thread-5] ERROR MessageUtil - adventureBossRankInfo is null
2023-11-24 16:14:00.639 [ScheduleThreadPool-test-thread-1] ERROR MessageUtil - adventureBossRankInfo is null
2023-11-24 16:14:00.944 [ScheduleThreadPool-test-thread-2] ERROR MessageUtil - adventureBossRankInfo is null
2023-11-24 16:15:00.187 [ScheduleThreadPool-test-thread-3] ERROR MessageUtil - adventureBossRankInfo is null
2023-11-24 16:15:00.447 [ScheduleThreadPool-test-thread-6] ERROR MessageUtil - adventureBossRankInfo is null
2023-11-24 16:15:00.542 [ScheduleThreadPool-test-thread-5] ERROR MessageUtil - adventureBossRankInfo is null
2023-11-24 16:15:00.643 [ScheduleThreadPool-test-thread-5] ERROR MessageUtil - adventureBossRankInfo is null
2023-11-24 16:15:00.944 [ScheduleThreadPool-test-thread-5] ERROR MessageUtil - adventureBossRankInfo is null
2023-11-24 16:16:00.199 [ScheduleThreadPool-test-thread-7] ERROR MessageUtil - adventureBossRankInfo is null
2023-11-24 16:16:00.447 [ScheduleThreadPool-test-thread-2] ERROR MessageUtil - adventureBossRankInfo is null
2023-11-24 16:16:00.548 [ScheduleThreadPool-test-thread-2] ERROR MessageUtil - adventureBossRankInfo is null
2023-11-24 16:16:00.640 [ScheduleThreadPool-test-thread-6] ERROR MessageUtil - adventureBossRankInfo is null
2023-11-24 16:16:00.944 [ScheduleThreadPool-test-thread-1] ERROR MessageUtil - adventureBossRankInfo is null
2023-11-24 16:17:00.195 [ScheduleThreadPool-test-thread-7] ERROR MessageUtil - adventureBossRankInfo is null
2023-11-24 16:17:00.451 [ScheduleThreadPool-test-thread-5] ERROR MessageUtil - adventureBossRankInfo is null
2023-11-24 16:17:00.542 [ScheduleThreadPool-test-thread-6] ERROR MessageUtil - adventureBossRankInfo is null
2023-11-24 16:17:00.640 [ScheduleThreadPool-test-thread-1] ERROR MessageUtil - adventureBossRankInfo is null
2023-11-24 16:17:00.946 [ScheduleThreadPool-test-thread-1] ERROR MessageUtil - adventureBossRankInfo is null
2023-11-24 16:18:00.187 [ScheduleThreadPool-test-thread-2] ERROR MessageUtil - adventureBossRankInfo is null
2023-11-24 16:18:00.447 [ScheduleThreadPool-test-thread-5] ERROR MessageUtil - adventureBossRankInfo is null
2023-11-24 16:18:00.543 [ScheduleThreadPool-test-thread-1] ERROR MessageUtil - adventureBossRankInfo is null
2023-11-24 16:18:00.641 [ScheduleThreadPool-test-thread-1] ERROR MessageUtil - adventureBossRankInfo is null
2023-11-24 16:18:00.941 [ScheduleThreadPool-test-thread-2] ERROR MessageUtil - adventureBossRankInfo is null
2023-11-24 16:18:29.409 [h-4] ERROR BaseHandler - processWithProto Exception protoID=10074,uid=10000004,proto=>heroServiceId: "10000004010017007363810001"
 exception=java.lang.NullPointerException
2023-11-24 16:18:29.410 [h-4] ERROR HandlerLogicThread - java.lang.NullPointerException
2023-11-24 16:18:29.410 [h-4] ERROR HandlerLogicThread - 
user:10000004
java.lang.NullPointerException: null
	at com.ljsd.jieling.protocols.HeroInfoProto$AdjustUnLockListResponse$Builder.setDrop(HeroInfoProto.java:41332)
	at com.ljsd.jieling.logic.adjust.AdjustLogic.AdjustList(AdjustLogic.java:180)
	at com.ljsd.jieling.logic.adjust.AdjustLogic.AdjustUnLockList(AdjustLogic.java:197)
	at com.ljsd.jieling.handler.adjust.AdjustUnLockListHandler.processWithProto(AdjustUnLockListHandler.java:27)
	at com.ljsd.jieling.handler.adjust.AdjustUnLockListHandler.processWithProto(AdjustUnLockListHandler.java:13)
	at com.ljsd.jieling.handler.BaseHandler.processWithProto(BaseHandler.java:61)
	at com.ljsd.jieling.handler.BaseHandler.execute(BaseHandler.java:41)
	at com.ljsd.jieling.core.HandlerLogicThread.doWork(HandlerLogicThread.java:167)
	at com.ljsd.jieling.core.HandlerLogicThread.run(HandlerLogicThread.java:105)
2023-11-24 16:18:31.052 [h-4] ERROR MessageUtil - send error msg,the uid=10000004,the msgId=10075,the errMsg=
2023-11-24 16:18:52.218 [h-4] ERROR MongoUtil - the user=0 not exists
2023-11-24 16:19:00.184 [ScheduleThreadPool-test-thread-2] ERROR MessageUtil - adventureBossRankInfo is null
2023-11-24 16:19:00.447 [ScheduleThreadPool-test-thread-5] ERROR MessageUtil - adventureBossRankInfo is null
2023-11-24 16:19:00.577 [ScheduleThreadPool-test-thread-1] ERROR MessageUtil - adventureBossRankInfo is null
2023-11-24 16:19:00.641 [ScheduleThreadPool-test-thread-7] ERROR MessageUtil - adventureBossRankInfo is null
2023-11-24 16:19:00.951 [ScheduleThreadPool-test-thread-1] ERROR MessageUtil - adventureBossRankInfo is null
2023-11-24 16:20:00.184 [ScheduleThreadPool-test-thread-6] ERROR MessageUtil - adventureBossRankInfo is null
2023-11-24 16:20:00.453 [ScheduleThreadPool-test-thread-4] ERROR MessageUtil - adventureBossRankInfo is null
2023-11-24 16:20:00.547 [ScheduleThreadPool-test-thread-2] ERROR MessageUtil - adventureBossRankInfo is null
2023-11-24 16:20:00.639 [ScheduleThreadPool-test-thread-2] ERROR MessageUtil - adventureBossRankInfo is null
2023-11-24 16:20:00.944 [ScheduleThreadPool-test-thread-2] ERROR MessageUtil - adventureBossRankInfo is null
2023-11-24 16:20:44.057 [h-4] ERROR MongoUtil - the user=10001 not exists
2023-11-24 16:21:00.194 [ScheduleThreadPool-test-thread-6] ERROR MessageUtil - adventureBossRankInfo is null
2023-11-24 16:21:00.447 [ScheduleThreadPool-test-thread-6] ERROR MessageUtil - adventureBossRankInfo is null
2023-11-24 16:21:00.549 [ScheduleThreadPool-test-thread-6] ERROR MessageUtil - adventureBossRankInfo is null
2023-11-24 16:21:00.641 [ScheduleThreadPool-test-thread-7] ERROR MessageUtil - adventureBossRankInfo is null
2023-11-24 16:21:00.948 [ScheduleThreadPool-test-thread-5] ERROR MessageUtil - adventureBossRankInfo is null
2023-11-24 16:21:14.410 [h-4] ERROR MongoUtil - the user=0 not exists
2023-11-24 16:21:51.332 [h-4] ERROR BaseHandler - processWithProto Exception protoID=9200000,uid=10000004,proto=>Camp: 3
 exception=[CODE: 30114][混乱之治未开放][][] 
2023-11-24 16:21:51.332 [h-4] ERROR HandlerLogicThread - An unusual ErrorCodeException occurred for the user::use10000004
2023-11-24 16:21:51.332 [h-4] ERROR HandlerLogicThread - [CODE: 30114][混乱之治未开放][][] 

    at com.ljsd.jieling.logic.campWar.CampWarLogic.setCamp(CampWarLogic.java:174)
    at com.ljsd.jieling.handler.campWar.CampSetReqHandler.processWithProto(CampSetReqHandler.java:19)
    at com.ljsd.jieling.handler.campWar.CampSetReqHandler.processWithProto(CampSetReqHandler.java:9)
    at com.ljsd.jieling.handler.BaseHandler.processWithProto(BaseHandler.java:52)
    at com.ljsd.jieling.handler.BaseHandler.execute(BaseHandler.java:41)
    at com.ljsd.jieling.core.HandlerLogicThread.doWork(HandlerLogicThread.java:167)
    at com.ljsd.jieling.core.HandlerLogicThread.run(HandlerLogicThread.java:105)

2023-11-24 16:21:51.332 [h-4] ERROR MessageUtil - send error msg,the uid=10000004,the msgId=9200001,the errMsg=混乱之治未开放 
2023-11-24 16:21:53.670 [h-4] ERROR BaseHandler - processWithProto Exception protoID=9200000,uid=10000004,proto=>Camp: 2
 exception=[CODE: 30114][混乱之治未开放][][] 
2023-11-24 16:21:53.670 [h-4] ERROR HandlerLogicThread - An unusual ErrorCodeException occurred for the user::use10000004
2023-11-24 16:21:53.670 [h-4] ERROR HandlerLogicThread - [CODE: 30114][混乱之治未开放][][] 

    at com.ljsd.jieling.logic.campWar.CampWarLogic.setCamp(CampWarLogic.java:174)
    at com.ljsd.jieling.handler.campWar.CampSetReqHandler.processWithProto(CampSetReqHandler.java:19)
    at com.ljsd.jieling.handler.campWar.CampSetReqHandler.processWithProto(CampSetReqHandler.java:9)
    at com.ljsd.jieling.handler.BaseHandler.processWithProto(BaseHandler.java:52)
    at com.ljsd.jieling.handler.BaseHandler.execute(BaseHandler.java:41)
    at com.ljsd.jieling.core.HandlerLogicThread.doWork(HandlerLogicThread.java:167)
    at com.ljsd.jieling.core.HandlerLogicThread.run(HandlerLogicThread.java:105)

2023-11-24 16:21:53.671 [h-4] ERROR MessageUtil - send error msg,the uid=10000004,the msgId=9200001,the errMsg=混乱之治未开放 
2023-11-24 16:21:57.996 [h-4] ERROR BaseHandler - processWithProto Exception protoID=9200000,uid=10000004,proto=>Camp: 1
 exception=[CODE: 30114][混乱之治未开放][][] 
2023-11-24 16:21:57.996 [h-4] ERROR HandlerLogicThread - An unusual ErrorCodeException occurred for the user::use10000004
2023-11-24 16:21:57.997 [h-4] ERROR HandlerLogicThread - [CODE: 30114][混乱之治未开放][][] 

    at com.ljsd.jieling.logic.campWar.CampWarLogic.setCamp(CampWarLogic.java:174)
    at com.ljsd.jieling.handler.campWar.CampSetReqHandler.processWithProto(CampSetReqHandler.java:19)
    at com.ljsd.jieling.handler.campWar.CampSetReqHandler.processWithProto(CampSetReqHandler.java:9)
    at com.ljsd.jieling.handler.BaseHandler.processWithProto(BaseHandler.java:52)
    at com.ljsd.jieling.handler.BaseHandler.execute(BaseHandler.java:41)
    at com.ljsd.jieling.core.HandlerLogicThread.doWork(HandlerLogicThread.java:167)
    at com.ljsd.jieling.core.HandlerLogicThread.run(HandlerLogicThread.java:105)

2023-11-24 16:21:57.997 [h-4] ERROR MessageUtil - send error msg,the uid=10000004,the msgId=9200001,the errMsg=混乱之治未开放 
2023-11-24 16:22:00.189 [ScheduleThreadPool-test-thread-4] ERROR MessageUtil - adventureBossRankInfo is null
2023-11-24 16:22:00.447 [ScheduleThreadPool-test-thread-6] ERROR MessageUtil - adventureBossRankInfo is null
2023-11-24 16:22:00.541 [ScheduleThreadPool-test-thread-5] ERROR MessageUtil - adventureBossRankInfo is null
2023-11-24 16:22:00.640 [ScheduleThreadPool-test-thread-8] ERROR MessageUtil - adventureBossRankInfo is null
2023-11-24 16:22:00.944 [ScheduleThreadPool-test-thread-6] ERROR MessageUtil - adventureBossRankInfo is null
2023-11-24 16:23:00.188 [ScheduleThreadPool-test-thread-6] ERROR MessageUtil - adventureBossRankInfo is null
2023-11-24 16:23:00.447 [ScheduleThreadPool-test-thread-3] ERROR MessageUtil - adventureBossRankInfo is null
2023-11-24 16:23:00.541 [ScheduleThreadPool-test-thread-6] ERROR MessageUtil - adventureBossRankInfo is null
2023-11-24 16:23:00.641 [ScheduleThreadPool-test-thread-5] ERROR MessageUtil - adventureBossRankInfo is null
2023-11-24 16:23:00.940 [ScheduleThreadPool-test-thread-2] ERROR MessageUtil - adventureBossRankInfo is null
2023-11-24 16:24:00.184 [ScheduleThreadPool-test-thread-5] ERROR MessageUtil - adventureBossRankInfo is null
2023-11-24 16:24:00.447 [ScheduleThreadPool-test-thread-5] ERROR MessageUtil - adventureBossRankInfo is null
2023-11-24 16:24:00.543 [ScheduleThreadPool-test-thread-1] ERROR MessageUtil - adventureBossRankInfo is null
2023-11-24 16:24:00.639 [ScheduleThreadPool-test-thread-2] ERROR MessageUtil - adventureBossRankInfo is null
2023-11-24 16:24:00.943 [ScheduleThreadPool-test-thread-1] ERROR MessageUtil - adventureBossRankInfo is null
2023-11-24 16:25:00.187 [ScheduleThreadPool-test-thread-7] ERROR MessageUtil - adventureBossRankInfo is null
2023-11-24 16:25:00.447 [ScheduleThreadPool-test-thread-6] ERROR MessageUtil - adventureBossRankInfo is null
2023-11-24 16:25:00.549 [ScheduleThreadPool-test-thread-7] ERROR MessageUtil - adventureBossRankInfo is null
2023-11-24 16:25:00.636 [ScheduleThreadPool-test-thread-2] ERROR MessageUtil - adventureBossRankInfo is null
2023-11-24 16:25:00.946 [ScheduleThreadPool-test-thread-1] ERROR MessageUtil - adventureBossRankInfo is null
2023-11-24 16:26:00.190 [ScheduleThreadPool-test-thread-4] ERROR MessageUtil - adventureBossRankInfo is null
2023-11-24 16:26:00.447 [ScheduleThreadPool-test-thread-4] ERROR MessageUtil - adventureBossRankInfo is null
2023-11-24 16:26:00.539 [ScheduleThreadPool-test-thread-5] ERROR MessageUtil - adventureBossRankInfo is null
2023-11-24 16:26:00.947 [ScheduleThreadPool-test-thread-7] ERROR MessageUtil - adventureBossRankInfo is null
2023-11-24 16:26:01.027 [ScheduleThreadPool-test-thread-4] ERROR MessageUtil - adventureBossRankInfo is null
2023-11-24 16:27:00.195 [ScheduleThreadPool-test-thread-7] ERROR MessageUtil - adventureBossRankInfo is null
2023-11-24 16:27:00.447 [ScheduleThreadPool-test-thread-5] ERROR MessageUtil - adventureBossRankInfo is null
2023-11-24 16:27:00.543 [ScheduleThreadPool-test-thread-2] ERROR MessageUtil - adventureBossRankInfo is null
2023-11-24 16:27:00.641 [ScheduleThreadPool-test-thread-7] ERROR MessageUtil - adventureBossRankInfo is null
2023-11-24 16:27:00.946 [ScheduleThreadPool-test-thread-3] ERROR MessageUtil - adventureBossRankInfo is null
2023-11-24 16:28:00.990 [ScheduleThreadPool-test-thread-8] ERROR MessageUtil - adventureBossRankInfo is null
2023-11-24 16:28:01.094 [ScheduleThreadPool-test-thread-4] ERROR MessageUtil - adventureBossRankInfo is null
2023-11-24 16:28:01.094 [ScheduleThreadPool-test-thread-3] ERROR MessageUtil - adventureBossRankInfo is null
2023-11-24 16:28:01.096 [ScheduleThreadPool-test-thread-8] ERROR MessageUtil - adventureBossRankInfo is null
2023-11-24 16:28:29.027 [ScheduleThreadPool-test-thread-5] ERROR SecondsTask - e
org.springframework.data.redis.RedisConnectionFailureException: java.net.SocketTimeoutException: Read timed out; nested exception is redis.clients.jedis.exceptions.JedisConnectionException: java.net.SocketTimeoutException: Read timed out
	at org.springframework.data.redis.connection.jedis.JedisExceptionConverter.convert(JedisExceptionConverter.java:67)
	at org.springframework.data.redis.connection.jedis.JedisExceptionConverter.convert(JedisExceptionConverter.java:41)
	at org.springframework.data.redis.PassThroughExceptionTranslationStrategy.translate(PassThroughExceptionTranslationStrategy.java:37)
	at org.springframework.data.redis.FallbackExceptionTranslationStrategy.translate(FallbackExceptionTranslationStrategy.java:37)
	at org.springframework.data.redis.connection.jedis.JedisConnection.convertJedisAccessException(JedisConnection.java:241)
	at org.springframework.data.redis.connection.jedis.JedisConnection.hGetAll(JedisConnection.java:3001)
	at org.springframework.data.redis.connection.DefaultStringRedisConnection.hGetAll(DefaultStringRedisConnection.java:372)
	at org.springframework.data.redis.core.DefaultHashOperations$13.doInRedis(DefaultHashOperations.java:223)
	at org.springframework.data.redis.core.DefaultHashOperations$13.doInRedis(DefaultHashOperations.java:220)
	at org.springframework.data.redis.core.RedisTemplate.execute(RedisTemplate.java:207)
	at org.springframework.data.redis.core.RedisTemplate.execute(RedisTemplate.java:169)
	at org.springframework.data.redis.core.AbstractOperations.execute(AbstractOperations.java:91)
	at org.springframework.data.redis.core.DefaultHashOperations.entries(DefaultHashOperations.java:220)
	at com.ljsd.jieling.db.redis.RedisUtil.getMapValues(RedisUtil.java:1401)
	at com.ljsd.jieling.logic.championship.ChampionshipLogic.minuteCheck(ChampionshipLogic.java:1414)
	at com.ljsd.jieling.thread.task.SecondsTask.run(SecondsTask.java:21)
	at java.util.concurrent.Executors$RunnableAdapter.call(Executors.java:511)
	at java.util.concurrent.FutureTask.runAndReset(FutureTask.java:308)
	at java.util.concurrent.ScheduledThreadPoolExecutor$ScheduledFutureTask.access$301(ScheduledThreadPoolExecutor.java:180)
	at java.util.concurrent.ScheduledThreadPoolExecutor$ScheduledFutureTask.run(ScheduledThreadPoolExecutor.java:294)
	at java.util.concurrent.ThreadPoolExecutor.runWorker(ThreadPoolExecutor.java:1149)
	at java.util.concurrent.ThreadPoolExecutor$Worker.run(ThreadPoolExecutor.java:624)
	at java.lang.Thread.run(Thread.java:750)
Caused by: redis.clients.jedis.exceptions.JedisConnectionException: java.net.SocketTimeoutException: Read timed out
	at redis.clients.util.RedisInputStream.ensureFill(RedisInputStream.java:202)
	at redis.clients.util.RedisInputStream.readByte(RedisInputStream.java:40)
	at redis.clients.jedis.Protocol.process(Protocol.java:151)
	at redis.clients.jedis.Protocol.read(Protocol.java:215)
	at redis.clients.jedis.Connection.readProtocolWithCheckingBroken(Connection.java:340)
	at redis.clients.jedis.Connection.getBinaryMultiBulkReply(Connection.java:276)
	at redis.clients.jedis.BinaryJedis.hgetAll(BinaryJedis.java:1028)
	at org.springframework.data.redis.connection.jedis.JedisConnection.hGetAll(JedisConnection.java:2999)
	... 17 common frames omitted
Caused by: java.net.SocketTimeoutException: Read timed out
	at java.net.SocketInputStream.socketRead0(Native Method)
	at java.net.SocketInputStream.socketRead(SocketInputStream.java:116)
	at java.net.SocketInputStream.read(SocketInputStream.java:171)
	at java.net.SocketInputStream.read(SocketInputStream.java:141)
	at java.net.SocketInputStream.read(SocketInputStream.java:127)
	at redis.clients.util.RedisInputStream.ensureFill(RedisInputStream.java:196)
	... 24 common frames omitted
2023-11-24 16:28:29.317 [ScheduleThreadPool-test-thread-2] ERROR SecondsTask - e
org.springframework.data.redis.RedisConnectionFailureException: java.net.SocketTimeoutException: Read timed out; nested exception is redis.clients.jedis.exceptions.JedisConnectionException: java.net.SocketTimeoutException: Read timed out
	at org.springframework.data.redis.connection.jedis.JedisExceptionConverter.convert(JedisExceptionConverter.java:67)
	at org.springframework.data.redis.connection.jedis.JedisExceptionConverter.convert(JedisExceptionConverter.java:41)
	at org.springframework.data.redis.PassThroughExceptionTranslationStrategy.translate(PassThroughExceptionTranslationStrategy.java:37)
	at org.springframework.data.redis.FallbackExceptionTranslationStrategy.translate(FallbackExceptionTranslationStrategy.java:37)
	at org.springframework.data.redis.connection.jedis.JedisConnection.convertJedisAccessException(JedisConnection.java:241)
	at org.springframework.data.redis.connection.jedis.JedisConnection.hGetAll(JedisConnection.java:3001)
	at org.springframework.data.redis.connection.DefaultStringRedisConnection.hGetAll(DefaultStringRedisConnection.java:372)
	at org.springframework.data.redis.core.DefaultHashOperations$13.doInRedis(DefaultHashOperations.java:223)
	at org.springframework.data.redis.core.DefaultHashOperations$13.doInRedis(DefaultHashOperations.java:220)
	at org.springframework.data.redis.core.RedisTemplate.execute(RedisTemplate.java:207)
	at org.springframework.data.redis.core.RedisTemplate.execute(RedisTemplate.java:169)
	at org.springframework.data.redis.core.AbstractOperations.execute(AbstractOperations.java:91)
	at org.springframework.data.redis.core.DefaultHashOperations.entries(DefaultHashOperations.java:220)
	at com.ljsd.jieling.db.redis.RedisUtil.getMapValues(RedisUtil.java:1401)
	at com.ljsd.jieling.logic.championship.ChampionshipLogic.minuteCheck(ChampionshipLogic.java:1414)
	at com.ljsd.jieling.thread.task.SecondsTask.run(SecondsTask.java:21)
	at java.util.concurrent.Executors$RunnableAdapter.call(Executors.java:511)
	at java.util.concurrent.FutureTask.runAndReset(FutureTask.java:308)
	at java.util.concurrent.ScheduledThreadPoolExecutor$ScheduledFutureTask.access$301(ScheduledThreadPoolExecutor.java:180)
	at java.util.concurrent.ScheduledThreadPoolExecutor$ScheduledFutureTask.run(ScheduledThreadPoolExecutor.java:294)
	at java.util.concurrent.ThreadPoolExecutor.runWorker(ThreadPoolExecutor.java:1149)
	at java.util.concurrent.ThreadPoolExecutor$Worker.run(ThreadPoolExecutor.java:624)
	at java.lang.Thread.run(Thread.java:750)
Caused by: redis.clients.jedis.exceptions.JedisConnectionException: java.net.SocketTimeoutException: Read timed out
	at redis.clients.util.RedisInputStream.ensureFill(RedisInputStream.java:202)
	at redis.clients.util.RedisInputStream.readByte(RedisInputStream.java:40)
	at redis.clients.jedis.Protocol.process(Protocol.java:151)
	at redis.clients.jedis.Protocol.read(Protocol.java:215)
	at redis.clients.jedis.Connection.readProtocolWithCheckingBroken(Connection.java:340)
	at redis.clients.jedis.Connection.getBinaryMultiBulkReply(Connection.java:276)
	at redis.clients.jedis.BinaryJedis.hgetAll(BinaryJedis.java:1028)
	at org.springframework.data.redis.connection.jedis.JedisConnection.hGetAll(JedisConnection.java:2999)
	... 17 common frames omitted
Caused by: java.net.SocketTimeoutException: Read timed out
	at java.net.SocketInputStream.socketRead0(Native Method)
	at java.net.SocketInputStream.socketRead(SocketInputStream.java:116)
	at java.net.SocketInputStream.read(SocketInputStream.java:171)
	at java.net.SocketInputStream.read(SocketInputStream.java:141)
	at java.net.SocketInputStream.read(SocketInputStream.java:127)
	at redis.clients.util.RedisInputStream.ensureFill(RedisInputStream.java:196)
	... 24 common frames omitted
2023-11-24 16:28:29.337 [ScheduleThreadPool-test-thread-6] ERROR SecondsTask - e
org.springframework.data.redis.RedisConnectionFailureException: Cannot get Jedis connection; nested exception is redis.clients.jedis.exceptions.JedisConnectionException: Could not get a resource from the pool
	at org.springframework.data.redis.connection.jedis.JedisConnectionFactory.fetchJedisConnector(JedisConnectionFactory.java:204)
	at org.springframework.data.redis.connection.jedis.JedisConnectionFactory.getConnection(JedisConnectionFactory.java:348)
	at org.springframework.data.redis.core.RedisConnectionUtils.doGetConnection(RedisConnectionUtils.java:129)
	at org.springframework.data.redis.core.RedisConnectionUtils.getConnection(RedisConnectionUtils.java:92)
	at org.springframework.data.redis.core.RedisConnectionUtils.getConnection(RedisConnectionUtils.java:79)
	at org.springframework.data.redis.core.RedisTemplate.execute(RedisTemplate.java:194)
	at org.springframework.data.redis.core.RedisTemplate.execute(RedisTemplate.java:169)
	at org.springframework.data.redis.core.AbstractOperations.execute(AbstractOperations.java:91)
	at org.springframework.data.redis.core.DefaultHashOperations.entries(DefaultHashOperations.java:220)
	at com.ljsd.jieling.db.redis.RedisUtil.getMapValues(RedisUtil.java:1401)
	at com.ljsd.jieling.logic.championship.ChampionshipLogic.minuteCheck(ChampionshipLogic.java:1414)
	at com.ljsd.jieling.thread.task.SecondsTask.run(SecondsTask.java:21)
	at java.util.concurrent.Executors$RunnableAdapter.call(Executors.java:511)
	at java.util.concurrent.FutureTask.runAndReset(FutureTask.java:308)
	at java.util.concurrent.ScheduledThreadPoolExecutor$ScheduledFutureTask.access$301(ScheduledThreadPoolExecutor.java:180)
	at java.util.concurrent.ScheduledThreadPoolExecutor$ScheduledFutureTask.run(ScheduledThreadPoolExecutor.java:294)
	at java.util.concurrent.ThreadPoolExecutor.runWorker(ThreadPoolExecutor.java:1149)
	at java.util.concurrent.ThreadPoolExecutor$Worker.run(ThreadPoolExecutor.java:624)
	at java.lang.Thread.run(Thread.java:750)
Caused by: redis.clients.jedis.exceptions.JedisConnectionException: Could not get a resource from the pool
	at redis.clients.util.Pool.getResource(Pool.java:53)
	at redis.clients.jedis.JedisPool.getResource(JedisPool.java:226)
	at redis.clients.jedis.JedisPool.getResource(JedisPool.java:16)
	at org.springframework.data.redis.connection.jedis.JedisConnectionFactory.fetchJedisConnector(JedisConnectionFactory.java:194)
	... 18 common frames omitted
Caused by: redis.clients.jedis.exceptions.JedisConnectionException: java.net.SocketTimeoutException
	at redis.clients.jedis.Connection.connect(Connection.java:207)
	at redis.clients.jedis.BinaryClient.connect(BinaryClient.java:93)
	at redis.clients.jedis.BinaryJedis.connect(BinaryJedis.java:1767)
	at redis.clients.jedis.JedisFactory.makeObject(JedisFactory.java:106)
	at org.apache.commons.pool2.impl.GenericObjectPool.create(GenericObjectPool.java:868)
	at org.apache.commons.pool2.impl.GenericObjectPool.borrowObject(GenericObjectPool.java:435)
	at org.apache.commons.pool2.impl.GenericObjectPool.borrowObject(GenericObjectPool.java:363)
	at redis.clients.util.Pool.getResource(Pool.java:49)
	... 21 common frames omitted
Caused by: java.net.SocketTimeoutException: null
	at java.net.SocksSocketImpl.remainingMillis(SocksSocketImpl.java:111)
	at java.net.SocksSocketImpl.connect(SocksSocketImpl.java:392)
	at java.net.Socket.connect(Socket.java:607)
	at redis.clients.jedis.Connection.connect(Connection.java:184)
	... 28 common frames omitted
2023-11-24 16:28:29.337 [ScheduleThreadPool-test-thread-7] ERROR SecondsTask - e
org.springframework.data.redis.RedisConnectionFailureException: java.net.SocketTimeoutException: Read timed out; nested exception is redis.clients.jedis.exceptions.JedisConnectionException: java.net.SocketTimeoutException: Read timed out
	at org.springframework.data.redis.connection.jedis.JedisExceptionConverter.convert(JedisExceptionConverter.java:67)
	at org.springframework.data.redis.connection.jedis.JedisExceptionConverter.convert(JedisExceptionConverter.java:41)
	at org.springframework.data.redis.PassThroughExceptionTranslationStrategy.translate(PassThroughExceptionTranslationStrategy.java:37)
	at org.springframework.data.redis.FallbackExceptionTranslationStrategy.translate(FallbackExceptionTranslationStrategy.java:37)
	at org.springframework.data.redis.connection.jedis.JedisConnection.convertJedisAccessException(JedisConnection.java:241)
	at org.springframework.data.redis.connection.jedis.JedisConnection.hGetAll(JedisConnection.java:3001)
	at org.springframework.data.redis.connection.DefaultStringRedisConnection.hGetAll(DefaultStringRedisConnection.java:372)
	at org.springframework.data.redis.core.DefaultHashOperations$13.doInRedis(DefaultHashOperations.java:223)
	at org.springframework.data.redis.core.DefaultHashOperations$13.doInRedis(DefaultHashOperations.java:220)
	at org.springframework.data.redis.core.RedisTemplate.execute(RedisTemplate.java:207)
	at org.springframework.data.redis.core.RedisTemplate.execute(RedisTemplate.java:169)
	at org.springframework.data.redis.core.AbstractOperations.execute(AbstractOperations.java:91)
	at org.springframework.data.redis.core.DefaultHashOperations.entries(DefaultHashOperations.java:220)
	at com.ljsd.jieling.db.redis.RedisUtil.getMapValues(RedisUtil.java:1401)
	at com.ljsd.jieling.logic.championship.ChampionshipLogic.minuteCheck(ChampionshipLogic.java:1414)
	at com.ljsd.jieling.thread.task.SecondsTask.run(SecondsTask.java:21)
	at java.util.concurrent.Executors$RunnableAdapter.call(Executors.java:511)
	at java.util.concurrent.FutureTask.runAndReset(FutureTask.java:308)
	at java.util.concurrent.ScheduledThreadPoolExecutor$ScheduledFutureTask.access$301(ScheduledThreadPoolExecutor.java:180)
	at java.util.concurrent.ScheduledThreadPoolExecutor$ScheduledFutureTask.run(ScheduledThreadPoolExecutor.java:294)
	at java.util.concurrent.ThreadPoolExecutor.runWorker(ThreadPoolExecutor.java:1149)
	at java.util.concurrent.ThreadPoolExecutor$Worker.run(ThreadPoolExecutor.java:624)
	at java.lang.Thread.run(Thread.java:750)
Caused by: redis.clients.jedis.exceptions.JedisConnectionException: java.net.SocketTimeoutException: Read timed out
	at redis.clients.util.RedisInputStream.ensureFill(RedisInputStream.java:202)
	at redis.clients.util.RedisInputStream.readByte(RedisInputStream.java:40)
	at redis.clients.jedis.Protocol.process(Protocol.java:151)
	at redis.clients.jedis.Protocol.read(Protocol.java:215)
	at redis.clients.jedis.Connection.readProtocolWithCheckingBroken(Connection.java:340)
	at redis.clients.jedis.Connection.getBinaryMultiBulkReply(Connection.java:276)
	at redis.clients.jedis.BinaryJedis.hgetAll(BinaryJedis.java:1028)
	at org.springframework.data.redis.connection.jedis.JedisConnection.hGetAll(JedisConnection.java:2999)
	... 17 common frames omitted
Caused by: java.net.SocketTimeoutException: Read timed out
	at java.net.SocketInputStream.socketRead0(Native Method)
	at java.net.SocketInputStream.socketRead(SocketInputStream.java:116)
	at java.net.SocketInputStream.read(SocketInputStream.java:171)
	at java.net.SocketInputStream.read(SocketInputStream.java:141)
	at java.net.SocketInputStream.read(SocketInputStream.java:127)
	at redis.clients.util.RedisInputStream.ensureFill(RedisInputStream.java:196)
	... 24 common frames omitted
2023-11-24 16:28:50.303 [ScheduleThreadPool-test-thread-7] ERROR MessageUtil - adventureBossRankInfo is null
2023-11-24 16:29:00.242 [ScheduleThreadPool-test-thread-3] ERROR MessageUtil - adventureBossRankInfo is null
2023-11-24 16:29:00.299 [ScheduleThreadPool-test-thread-1] ERROR MessageUtil - adventureBossRankInfo is null
2023-11-24 16:29:00.457 [ScheduleThreadPool-test-thread-8] ERROR MessageUtil - adventureBossRankInfo is null
2023-11-24 16:29:00.546 [ScheduleThreadPool-test-thread-6] ERROR MessageUtil - adventureBossRankInfo is null
2023-11-24 16:29:00.641 [ScheduleThreadPool-test-thread-7] ERROR MessageUtil - adventureBossRankInfo is null
2023-11-24 16:30:00.206 [ScheduleThreadPool-test-thread-2] ERROR MessageUtil - adventureBossRankInfo is null
2023-11-24 16:30:00.277 [ScheduleThreadPool-test-thread-3] ERROR MessageUtil - adventureBossRankInfo is null
2023-11-24 16:30:00.447 [ScheduleThreadPool-test-thread-7] ERROR MessageUtil - adventureBossRankInfo is null
2023-11-24 16:30:00.553 [ScheduleThreadPool-test-thread-4] ERROR MessageUtil - adventureBossRankInfo is null
2023-11-24 16:30:00.640 [ScheduleThreadPool-test-thread-4] ERROR MessageUtil - adventureBossRankInfo is null
2023-11-24 16:31:00.197 [ScheduleThreadPool-test-thread-5] ERROR MessageUtil - adventureBossRankInfo is null
2023-11-24 16:31:00.276 [ScheduleThreadPool-test-thread-1] ERROR MessageUtil - adventureBossRankInfo is null
2023-11-24 16:31:00.447 [ScheduleThreadPool-test-thread-5] ERROR MessageUtil - adventureBossRankInfo is null
2023-11-24 16:31:00.544 [ScheduleThreadPool-test-thread-1] ERROR MessageUtil - adventureBossRankInfo is null
2023-11-24 16:31:00.636 [ScheduleThreadPool-test-thread-5] ERROR MessageUtil - adventureBossRankInfo is null
2023-11-24 16:32:00.190 [ScheduleThreadPool-test-thread-4] ERROR MessageUtil - adventureBossRankInfo is null
2023-11-24 16:32:00.279 [ScheduleThreadPool-test-thread-2] ERROR MessageUtil - adventureBossRankInfo is null
2023-11-24 16:32:00.448 [ScheduleThreadPool-test-thread-7] ERROR MessageUtil - adventureBossRankInfo is null
2023-11-24 16:32:00.544 [ScheduleThreadPool-test-thread-4] ERROR MessageUtil - adventureBossRankInfo is null
2023-11-24 16:32:00.640 [ScheduleThreadPool-test-thread-5] ERROR MessageUtil - adventureBossRankInfo is null
2023-11-24 16:33:00.186 [ScheduleThreadPool-test-thread-2] ERROR MessageUtil - adventureBossRankInfo is null
2023-11-24 16:33:00.275 [ScheduleThreadPool-test-thread-1] ERROR MessageUtil - adventureBossRankInfo is null
2023-11-24 16:33:00.447 [ScheduleThreadPool-test-thread-4] ERROR MessageUtil - adventureBossRankInfo is null
2023-11-24 16:33:00.543 [ScheduleThreadPool-test-thread-1] ERROR MessageUtil - adventureBossRankInfo is null
2023-11-24 16:33:00.644 [ScheduleThreadPool-test-thread-1] ERROR MessageUtil - adventureBossRankInfo is null
2023-11-24 16:34:00.186 [ScheduleThreadPool-test-thread-4] ERROR MessageUtil - adventureBossRankInfo is null
2023-11-24 16:34:00.278 [ScheduleThreadPool-test-thread-1] ERROR MessageUtil - adventureBossRankInfo is null
2023-11-24 16:34:00.447 [ScheduleThreadPool-test-thread-8] ERROR MessageUtil - adventureBossRankInfo is null
2023-11-24 16:34:00.541 [ScheduleThreadPool-test-thread-1] ERROR MessageUtil - adventureBossRankInfo is null
2023-11-24 16:34:00.639 [ScheduleThreadPool-test-thread-4] ERROR MessageUtil - adventureBossRankInfo is null
2023-11-24 16:35:00.188 [ScheduleThreadPool-test-thread-2] ERROR MessageUtil - adventureBossRankInfo is null
2023-11-24 16:35:00.274 [ScheduleThreadPool-test-thread-1] ERROR MessageUtil - adventureBossRankInfo is null
2023-11-24 16:35:00.447 [ScheduleThreadPool-test-thread-4] ERROR MessageUtil - adventureBossRankInfo is null
2023-11-24 16:35:00.543 [ScheduleThreadPool-test-thread-4] ERROR MessageUtil - adventureBossRankInfo is null
2023-11-24 16:35:00.639 [ScheduleThreadPool-test-thread-8] ERROR MessageUtil - adventureBossRankInfo is null
2023-11-24 16:36:00.187 [ScheduleThreadPool-test-thread-7] ERROR MessageUtil - adventureBossRankInfo is null
2023-11-24 16:36:00.279 [ScheduleThreadPool-test-thread-5] ERROR MessageUtil - adventureBossRankInfo is null
2023-11-24 16:36:00.446 [ScheduleThreadPool-test-thread-4] ERROR MessageUtil - adventureBossRankInfo is null
2023-11-24 16:36:00.543 [ScheduleThreadPool-test-thread-4] ERROR MessageUtil - adventureBossRankInfo is null
2023-11-24 16:36:00.644 [ScheduleThreadPool-test-thread-6] ERROR MessageUtil - adventureBossRankInfo is null
2023-11-24 16:36:59.326 [h-4] ERROR BaseHandler - processWithProto Exception protoID=9200000,uid=10000004,proto=>Camp: 2
 exception=[CODE: 30114][混乱之治未开放][][] 
2023-11-24 16:36:59.345 [h-4] ERROR HandlerLogicThread - An unusual ErrorCodeException occurred for the user::use10000004
2023-11-24 16:36:59.346 [h-4] ERROR HandlerLogicThread - [CODE: 30114][混乱之治未开放][][] 

    at com.ljsd.jieling.logic.campWar.CampWarLogic.setCamp(CampWarLogic.java:174)
    at com.ljsd.jieling.handler.campWar.CampSetReqHandler.processWithProto(CampSetReqHandler.java:19)
    at com.ljsd.jieling.handler.campWar.CampSetReqHandler.processWithProto(CampSetReqHandler.java:9)
    at com.ljsd.jieling.handler.BaseHandler.processWithProto(BaseHandler.java:52)
    at com.ljsd.jieling.handler.BaseHandler.execute(BaseHandler.java:41)
    at com.ljsd.jieling.core.HandlerLogicThread.doWork(HandlerLogicThread.java:167)
    at com.ljsd.jieling.core.HandlerLogicThread.run(HandlerLogicThread.java:105)

2023-11-24 16:36:59.348 [h-4] ERROR MessageUtil - send error msg,the uid=10000004,the msgId=9200001,the errMsg=混乱之治未开放 
2023-11-24 16:37:00.183 [ScheduleThreadPool-test-thread-5] ERROR MessageUtil - adventureBossRankInfo is null
2023-11-24 16:37:00.281 [ScheduleThreadPool-test-thread-6] ERROR MessageUtil - adventureBossRankInfo is null
2023-11-24 16:37:00.446 [ScheduleThreadPool-test-thread-2] ERROR MessageUtil - adventureBossRankInfo is null
2023-11-24 16:37:00.543 [ScheduleThreadPool-test-thread-2] ERROR MessageUtil - adventureBossRankInfo is null
2023-11-24 16:37:00.644 [ScheduleThreadPool-test-thread-1] ERROR MessageUtil - adventureBossRankInfo is null
2023-11-24 16:38:00.188 [ScheduleThreadPool-test-thread-1] ERROR MessageUtil - adventureBossRankInfo is null
2023-11-24 16:38:00.276 [ScheduleThreadPool-test-thread-8] ERROR MessageUtil - adventureBossRankInfo is null
2023-11-24 16:38:00.447 [ScheduleThreadPool-test-thread-2] ERROR MessageUtil - adventureBossRankInfo is null
2023-11-24 16:38:00.543 [ScheduleThreadPool-test-thread-5] ERROR MessageUtil - adventureBossRankInfo is null
2023-11-24 16:38:00.641 [ScheduleThreadPool-test-thread-5] ERROR MessageUtil - adventureBossRankInfo is null
2023-11-24 16:39:00.186 [ScheduleThreadPool-test-thread-2] ERROR MessageUtil - adventureBossRankInfo is null
2023-11-24 16:39:00.278 [ScheduleThreadPool-test-thread-5] ERROR MessageUtil - adventureBossRankInfo is null
2023-11-24 16:39:00.447 [ScheduleThreadPool-test-thread-2] ERROR MessageUtil - adventureBossRankInfo is null
2023-11-24 16:39:00.543 [ScheduleThreadPool-test-thread-1] ERROR MessageUtil - adventureBossRankInfo is null
2023-11-24 16:39:00.643 [ScheduleThreadPool-test-thread-5] ERROR MessageUtil - adventureBossRankInfo is null
2023-11-24 16:40:00.186 [ScheduleThreadPool-test-thread-6] ERROR MessageUtil - adventureBossRankInfo is null
2023-11-24 16:40:00.280 [ScheduleThreadPool-test-thread-2] ERROR MessageUtil - adventureBossRankInfo is null
2023-11-24 16:40:00.447 [ScheduleThreadPool-test-thread-2] ERROR MessageUtil - adventureBossRankInfo is null
2023-11-24 16:40:00.544 [ScheduleThreadPool-test-thread-5] ERROR MessageUtil - adventureBossRankInfo is null
2023-11-24 16:40:00.642 [ScheduleThreadPool-test-thread-4] ERROR MessageUtil - adventureBossRankInfo is null
2023-11-24 16:40:39.347 [h-4] ERROR BaseHandler - processWithProto Exception protoID=9200000,uid=10000004,proto=>Camp: 1
 exception=[CODE: 30114][混乱之治未开放][][] 
2023-11-24 16:40:39.348 [h-4] ERROR HandlerLogicThread - An unusual ErrorCodeException occurred for the user::use10000004
2023-11-24 16:40:39.348 [h-4] ERROR HandlerLogicThread - [CODE: 30114][混乱之治未开放][][] 

    at com.ljsd.jieling.logic.campWar.CampWarLogic.setCamp(CampWarLogic.java:174)
    at com.ljsd.jieling.handler.campWar.CampSetReqHandler.processWithProto(CampSetReqHandler.java:19)
    at com.ljsd.jieling.handler.campWar.CampSetReqHandler.processWithProto(CampSetReqHandler.java:9)
    at com.ljsd.jieling.handler.BaseHandler.processWithProto(BaseHandler.java:52)
    at com.ljsd.jieling.handler.BaseHandler.execute(BaseHandler.java:41)
    at com.ljsd.jieling.core.HandlerLogicThread.doWork(HandlerLogicThread.java:167)
    at com.ljsd.jieling.core.HandlerLogicThread.run(HandlerLogicThread.java:105)

2023-11-24 16:40:39.348 [h-4] ERROR MessageUtil - send error msg,the uid=10000004,the msgId=9200001,the errMsg=混乱之治未开放 
2023-11-24 16:41:00.228 [ScheduleThreadPool-test-thread-6] ERROR MessageUtil - adventureBossRankInfo is null
2023-11-24 16:41:00.289 [ScheduleThreadPool-test-thread-2] ERROR MessageUtil - adventureBossRankInfo is null
2023-11-24 16:41:00.447 [ScheduleThreadPool-test-thread-4] ERROR MessageUtil - adventureBossRankInfo is null
2023-11-24 16:41:00.557 [ScheduleThreadPool-test-thread-4] ERROR MessageUtil - adventureBossRankInfo is null
2023-11-24 16:41:34.257 [ScheduleThreadPool-test-thread-4] ERROR SecondsTask - e
org.springframework.data.redis.RedisConnectionFailureException: java.net.SocketTimeoutException: Read timed out; nested exception is redis.clients.jedis.exceptions.JedisConnectionException: java.net.SocketTimeoutException: Read timed out
	at org.springframework.data.redis.connection.jedis.JedisExceptionConverter.convert(JedisExceptionConverter.java:67)
	at org.springframework.data.redis.connection.jedis.JedisExceptionConverter.convert(JedisExceptionConverter.java:41)
	at org.springframework.data.redis.PassThroughExceptionTranslationStrategy.translate(PassThroughExceptionTranslationStrategy.java:37)
	at org.springframework.data.redis.FallbackExceptionTranslationStrategy.translate(FallbackExceptionTranslationStrategy.java:37)
	at org.springframework.data.redis.connection.jedis.JedisConnection.convertJedisAccessException(JedisConnection.java:241)
	at org.springframework.data.redis.connection.jedis.JedisConnection.hGetAll(JedisConnection.java:3001)
	at org.springframework.data.redis.connection.DefaultStringRedisConnection.hGetAll(DefaultStringRedisConnection.java:372)
	at org.springframework.data.redis.core.DefaultHashOperations$13.doInRedis(DefaultHashOperations.java:223)
	at org.springframework.data.redis.core.DefaultHashOperations$13.doInRedis(DefaultHashOperations.java:220)
	at org.springframework.data.redis.core.RedisTemplate.execute(RedisTemplate.java:207)
	at org.springframework.data.redis.core.RedisTemplate.execute(RedisTemplate.java:169)
	at org.springframework.data.redis.core.AbstractOperations.execute(AbstractOperations.java:91)
	at org.springframework.data.redis.core.DefaultHashOperations.entries(DefaultHashOperations.java:220)
	at com.ljsd.jieling.db.redis.RedisUtil.getMapValues(RedisUtil.java:1401)
	at com.ljsd.jieling.logic.championship.ChampionshipLogic.minuteCheck(ChampionshipLogic.java:1414)
	at com.ljsd.jieling.thread.task.SecondsTask.run(SecondsTask.java:21)
	at java.util.concurrent.Executors$RunnableAdapter.call(Executors.java:511)
	at java.util.concurrent.FutureTask.runAndReset(FutureTask.java:308)
	at java.util.concurrent.ScheduledThreadPoolExecutor$ScheduledFutureTask.access$301(ScheduledThreadPoolExecutor.java:180)
	at java.util.concurrent.ScheduledThreadPoolExecutor$ScheduledFutureTask.run(ScheduledThreadPoolExecutor.java:294)
	at java.util.concurrent.ThreadPoolExecutor.runWorker(ThreadPoolExecutor.java:1149)
	at java.util.concurrent.ThreadPoolExecutor$Worker.run(ThreadPoolExecutor.java:624)
	at java.lang.Thread.run(Thread.java:750)
Caused by: redis.clients.jedis.exceptions.JedisConnectionException: java.net.SocketTimeoutException: Read timed out
	at redis.clients.util.RedisInputStream.ensureFill(RedisInputStream.java:202)
	at redis.clients.util.RedisInputStream.readByte(RedisInputStream.java:40)
	at redis.clients.jedis.Protocol.process(Protocol.java:151)
	at redis.clients.jedis.Protocol.read(Protocol.java:215)
	at redis.clients.jedis.Connection.readProtocolWithCheckingBroken(Connection.java:340)
	at redis.clients.jedis.Connection.getBinaryMultiBulkReply(Connection.java:276)
	at redis.clients.jedis.BinaryJedis.hgetAll(BinaryJedis.java:1028)
	at org.springframework.data.redis.connection.jedis.JedisConnection.hGetAll(JedisConnection.java:2999)
	... 17 common frames omitted
Caused by: java.net.SocketTimeoutException: Read timed out
	at java.net.SocketInputStream.socketRead0(Native Method)
	at java.net.SocketInputStream.socketRead(SocketInputStream.java:116)
	at java.net.SocketInputStream.read(SocketInputStream.java:171)
	at java.net.SocketInputStream.read(SocketInputStream.java:141)
	at java.net.SocketInputStream.read(SocketInputStream.java:127)
	at redis.clients.util.RedisInputStream.ensureFill(RedisInputStream.java:196)
	... 24 common frames omitted
2023-11-24 16:41:34.266 [ScheduleThreadPool-test-thread-4] ERROR SecondsTask - e
org.springframework.data.redis.RedisConnectionFailureException: java.net.SocketTimeoutException: Read timed out; nested exception is redis.clients.jedis.exceptions.JedisConnectionException: java.net.SocketTimeoutException: Read timed out
	at org.springframework.data.redis.connection.jedis.JedisExceptionConverter.convert(JedisExceptionConverter.java:67)
	at org.springframework.data.redis.connection.jedis.JedisExceptionConverter.convert(JedisExceptionConverter.java:41)
	at org.springframework.data.redis.PassThroughExceptionTranslationStrategy.translate(PassThroughExceptionTranslationStrategy.java:37)
	at org.springframework.data.redis.FallbackExceptionTranslationStrategy.translate(FallbackExceptionTranslationStrategy.java:37)
	at org.springframework.data.redis.connection.jedis.JedisConnection.convertJedisAccessException(JedisConnection.java:241)
	at org.springframework.data.redis.connection.jedis.JedisConnection.hGetAll(JedisConnection.java:3001)
	at org.springframework.data.redis.connection.DefaultStringRedisConnection.hGetAll(DefaultStringRedisConnection.java:372)
	at org.springframework.data.redis.core.DefaultHashOperations$13.doInRedis(DefaultHashOperations.java:223)
	at org.springframework.data.redis.core.DefaultHashOperations$13.doInRedis(DefaultHashOperations.java:220)
	at org.springframework.data.redis.core.RedisTemplate.execute(RedisTemplate.java:207)
	at org.springframework.data.redis.core.RedisTemplate.execute(RedisTemplate.java:169)
	at org.springframework.data.redis.core.AbstractOperations.execute(AbstractOperations.java:91)
	at org.springframework.data.redis.core.DefaultHashOperations.entries(DefaultHashOperations.java:220)
	at com.ljsd.jieling.db.redis.RedisUtil.getMapValues(RedisUtil.java:1401)
	at com.ljsd.jieling.logic.championship.ChampionshipLogic.minuteCheck(ChampionshipLogic.java:1414)
	at com.ljsd.jieling.thread.task.SecondsTask.run(SecondsTask.java:21)
	at java.util.concurrent.Executors$RunnableAdapter.call(Executors.java:511)
	at java.util.concurrent.FutureTask.runAndReset(FutureTask.java:308)
	at java.util.concurrent.ScheduledThreadPoolExecutor$ScheduledFutureTask.access$301(ScheduledThreadPoolExecutor.java:180)
	at java.util.concurrent.ScheduledThreadPoolExecutor$ScheduledFutureTask.run(ScheduledThreadPoolExecutor.java:294)
	at java.util.concurrent.ThreadPoolExecutor.runWorker(ThreadPoolExecutor.java:1149)
	at java.util.concurrent.ThreadPoolExecutor$Worker.run(ThreadPoolExecutor.java:624)
	at java.lang.Thread.run(Thread.java:750)
Caused by: redis.clients.jedis.exceptions.JedisConnectionException: java.net.SocketTimeoutException: Read timed out
	at redis.clients.util.RedisInputStream.ensureFill(RedisInputStream.java:202)
	at redis.clients.util.RedisInputStream.readByte(RedisInputStream.java:40)
	at redis.clients.jedis.Protocol.process(Protocol.java:151)
	at redis.clients.jedis.Protocol.read(Protocol.java:215)
	at redis.clients.jedis.Connection.readProtocolWithCheckingBroken(Connection.java:340)
	at redis.clients.jedis.Connection.getBinaryMultiBulkReply(Connection.java:276)
	at redis.clients.jedis.BinaryJedis.hgetAll(BinaryJedis.java:1028)
	at org.springframework.data.redis.connection.jedis.JedisConnection.hGetAll(JedisConnection.java:2999)
	... 17 common frames omitted
Caused by: java.net.SocketTimeoutException: Read timed out
	at java.net.SocketInputStream.socketRead0(Native Method)
	at java.net.SocketInputStream.socketRead(SocketInputStream.java:116)
	at java.net.SocketInputStream.read(SocketInputStream.java:171)
	at java.net.SocketInputStream.read(SocketInputStream.java:141)
	at java.net.SocketInputStream.read(SocketInputStream.java:127)
	at redis.clients.util.RedisInputStream.ensureFill(RedisInputStream.java:196)
	... 24 common frames omitted
2023-11-24 16:41:34.376 [ScheduleThreadPool-test-thread-7] ERROR SecondsTask - e
org.springframework.data.redis.RedisConnectionFailureException: java.net.SocketTimeoutException: Read timed out; nested exception is redis.clients.jedis.exceptions.JedisConnectionException: java.net.SocketTimeoutException: Read timed out
	at org.springframework.data.redis.connection.jedis.JedisExceptionConverter.convert(JedisExceptionConverter.java:67)
	at org.springframework.data.redis.connection.jedis.JedisExceptionConverter.convert(JedisExceptionConverter.java:41)
	at org.springframework.data.redis.PassThroughExceptionTranslationStrategy.translate(PassThroughExceptionTranslationStrategy.java:37)
	at org.springframework.data.redis.FallbackExceptionTranslationStrategy.translate(FallbackExceptionTranslationStrategy.java:37)
	at org.springframework.data.redis.connection.jedis.JedisConnection.convertJedisAccessException(JedisConnection.java:241)
	at org.springframework.data.redis.connection.jedis.JedisConnection.hGetAll(JedisConnection.java:3001)
	at org.springframework.data.redis.connection.DefaultStringRedisConnection.hGetAll(DefaultStringRedisConnection.java:372)
	at org.springframework.data.redis.core.DefaultHashOperations$13.doInRedis(DefaultHashOperations.java:223)
	at org.springframework.data.redis.core.DefaultHashOperations$13.doInRedis(DefaultHashOperations.java:220)
	at org.springframework.data.redis.core.RedisTemplate.execute(RedisTemplate.java:207)
	at org.springframework.data.redis.core.RedisTemplate.execute(RedisTemplate.java:169)
	at org.springframework.data.redis.core.AbstractOperations.execute(AbstractOperations.java:91)
	at org.springframework.data.redis.core.DefaultHashOperations.entries(DefaultHashOperations.java:220)
	at com.ljsd.jieling.db.redis.RedisUtil.getMapValues(RedisUtil.java:1401)
	at com.ljsd.jieling.logic.championship.ChampionshipLogic.minuteCheck(ChampionshipLogic.java:1414)
	at com.ljsd.jieling.thread.task.SecondsTask.run(SecondsTask.java:21)
	at java.util.concurrent.Executors$RunnableAdapter.call(Executors.java:511)
	at java.util.concurrent.FutureTask.runAndReset(FutureTask.java:308)
	at java.util.concurrent.ScheduledThreadPoolExecutor$ScheduledFutureTask.access$301(ScheduledThreadPoolExecutor.java:180)
	at java.util.concurrent.ScheduledThreadPoolExecutor$ScheduledFutureTask.run(ScheduledThreadPoolExecutor.java:294)
	at java.util.concurrent.ThreadPoolExecutor.runWorker(ThreadPoolExecutor.java:1149)
	at java.util.concurrent.ThreadPoolExecutor$Worker.run(ThreadPoolExecutor.java:624)
	at java.lang.Thread.run(Thread.java:750)
Caused by: redis.clients.jedis.exceptions.JedisConnectionException: java.net.SocketTimeoutException: Read timed out
	at redis.clients.util.RedisInputStream.ensureFill(RedisInputStream.java:202)
	at redis.clients.util.RedisInputStream.readByte(RedisInputStream.java:40)
	at redis.clients.jedis.Protocol.process(Protocol.java:151)
	at redis.clients.jedis.Protocol.read(Protocol.java:215)
	at redis.clients.jedis.Connection.readProtocolWithCheckingBroken(Connection.java:340)
	at redis.clients.jedis.Connection.getBinaryMultiBulkReply(Connection.java:276)
	at redis.clients.jedis.BinaryJedis.hgetAll(BinaryJedis.java:1028)
	at org.springframework.data.redis.connection.jedis.JedisConnection.hGetAll(JedisConnection.java:2999)
	... 17 common frames omitted
Caused by: java.net.SocketTimeoutException: Read timed out
	at java.net.SocketInputStream.socketRead0(Native Method)
	at java.net.SocketInputStream.socketRead(SocketInputStream.java:116)
	at java.net.SocketInputStream.read(SocketInputStream.java:171)
	at java.net.SocketInputStream.read(SocketInputStream.java:141)
	at java.net.SocketInputStream.read(SocketInputStream.java:127)
	at redis.clients.util.RedisInputStream.ensureFill(RedisInputStream.java:196)
	... 24 common frames omitted
2023-11-24 16:41:51.084 [ScheduleThreadPool-test-thread-7] ERROR MessageUtil - adventureBossRankInfo is null
2023-11-24 16:42:00.082 [ScheduleThreadPool-test-thread-2] ERROR MessageUtil - adventureBossRankInfo is null
2023-11-24 16:42:00.192 [ScheduleThreadPool-test-thread-4] ERROR MessageUtil - adventureBossRankInfo is null
2023-11-24 16:42:00.280 [ScheduleThreadPool-test-thread-6] ERROR MessageUtil - adventureBossRankInfo is null
2023-11-24 16:42:00.483 [ScheduleThreadPool-test-thread-5] ERROR MessageUtil - adventureBossRankInfo is null
2023-11-24 16:42:00.542 [ScheduleThreadPool-test-thread-2] ERROR MessageUtil - adventureBossRankInfo is null
2023-11-24 16:43:00.117 [ScheduleThreadPool-test-thread-2] ERROR MessageUtil - adventureBossRankInfo is null
2023-11-24 16:43:00.186 [ScheduleThreadPool-test-thread-7] ERROR MessageUtil - adventureBossRankInfo is null
2023-11-24 16:43:00.281 [ScheduleThreadPool-test-thread-4] ERROR MessageUtil - adventureBossRankInfo is null
2023-11-24 16:43:00.464 [ScheduleThreadPool-test-thread-5] ERROR MessageUtil - adventureBossRankInfo is null
2023-11-24 16:43:00.542 [ScheduleThreadPool-test-thread-2] ERROR MessageUtil - adventureBossRankInfo is null
2023-11-24 16:44:00.084 [ScheduleThreadPool-test-thread-4] ERROR MessageUtil - adventureBossRankInfo is null
2023-11-24 16:44:00.186 [ScheduleThreadPool-test-thread-6] ERROR MessageUtil - adventureBossRankInfo is null
2023-11-24 16:44:00.275 [ScheduleThreadPool-test-thread-6] ERROR MessageUtil - adventureBossRankInfo is null
2023-11-24 16:44:00.447 [ScheduleThreadPool-test-thread-8] ERROR MessageUtil - adventureBossRankInfo is null
2023-11-24 16:44:00.544 [ScheduleThreadPool-test-thread-5] ERROR MessageUtil - adventureBossRankInfo is null
2023-11-24 16:45:00.210 [ScheduleThreadPool-test-thread-1] ERROR MessageUtil - adventureBossRankInfo is null
2023-11-24 16:45:00.212 [ScheduleThreadPool-test-thread-5] ERROR MessageUtil - adventureBossRankInfo is null
2023-11-24 16:45:00.302 [ScheduleThreadPool-test-thread-3] ERROR MessageUtil - adventureBossRankInfo is null
2023-11-24 16:45:00.550 [ScheduleThreadPool-test-thread-6] ERROR MessageUtil - adventureBossRankInfo is null
2023-11-24 16:45:01.977 [ScheduleThreadPool-test-thread-3] ERROR MessageUtil - adventureBossRankInfo is null
2023-11-24 16:46:00.113 [ScheduleThreadPool-test-thread-2] ERROR MessageUtil - adventureBossRankInfo is null
2023-11-24 16:46:00.187 [ScheduleThreadPool-test-thread-3] ERROR MessageUtil - adventureBossRankInfo is null
2023-11-24 16:46:00.276 [ScheduleThreadPool-test-thread-4] ERROR MessageUtil - adventureBossRankInfo is null
2023-11-24 16:46:00.539 [ScheduleThreadPool-test-thread-4] ERROR MessageUtil - adventureBossRankInfo is null
2023-11-24 16:46:00.964 [ScheduleThreadPool-test-thread-6] ERROR MessageUtil - adventureBossRankInfo is null
2023-11-24 16:47:00.106 [ScheduleThreadPool-test-thread-2] ERROR MessageUtil - adventureBossRankInfo is null
2023-11-24 16:47:00.190 [ScheduleThreadPool-test-thread-6] ERROR MessageUtil - adventureBossRankInfo is null
2023-11-24 16:47:00.283 [ScheduleThreadPool-test-thread-8] ERROR MessageUtil - adventureBossRankInfo is null
2023-11-24 16:47:00.544 [ScheduleThreadPool-test-thread-8] ERROR MessageUtil - adventureBossRankInfo is null
2023-11-24 16:47:00.970 [ScheduleThreadPool-test-thread-4] ERROR MessageUtil - adventureBossRankInfo is null
2023-11-24 16:48:00.086 [ScheduleThreadPool-test-thread-5] ERROR MessageUtil - adventureBossRankInfo is null
2023-11-24 16:48:00.188 [ScheduleThreadPool-test-thread-1] ERROR MessageUtil - adventureBossRankInfo is null
2023-11-24 16:48:00.280 [ScheduleThreadPool-test-thread-1] ERROR MessageUtil - adventureBossRankInfo is null
2023-11-24 16:48:00.545 [ScheduleThreadPool-test-thread-8] ERROR MessageUtil - adventureBossRankInfo is null
2023-11-24 16:48:00.966 [ScheduleThreadPool-test-thread-4] ERROR MessageUtil - adventureBossRankInfo is null
2023-11-24 16:49:00.089 [ScheduleThreadPool-test-thread-8] ERROR MessageUtil - adventureBossRankInfo is null
2023-11-24 16:49:00.188 [ScheduleThreadPool-test-thread-1] ERROR MessageUtil - adventureBossRankInfo is null
2023-11-24 16:49:00.277 [ScheduleThreadPool-test-thread-2] ERROR MessageUtil - adventureBossRankInfo is null
2023-11-24 16:49:00.544 [ScheduleThreadPool-test-thread-8] ERROR MessageUtil - adventureBossRankInfo is null
2023-11-24 16:49:00.967 [ScheduleThreadPool-test-thread-8] ERROR MessageUtil - adventureBossRankInfo is null
2023-11-24 16:50:00.085 [ScheduleThreadPool-test-thread-3] ERROR MessageUtil - adventureBossRankInfo is null
2023-11-24 16:50:00.196 [ScheduleThreadPool-test-thread-4] ERROR MessageUtil - adventureBossRankInfo is null
2023-11-24 16:50:00.280 [ScheduleThreadPool-test-thread-2] ERROR MessageUtil - adventureBossRankInfo is null
2023-11-24 16:50:00.544 [ScheduleThreadPool-test-thread-7] ERROR MessageUtil - adventureBossRankInfo is null
2023-11-24 16:50:00.966 [ScheduleThreadPool-test-thread-8] ERROR MessageUtil - adventureBossRankInfo is null
2023-11-24 16:51:00.083 [ScheduleThreadPool-test-thread-7] ERROR MessageUtil - adventureBossRankInfo is null
2023-11-24 16:51:00.187 [ScheduleThreadPool-test-thread-4] ERROR MessageUtil - adventureBossRankInfo is null
2023-11-24 16:51:00.274 [ScheduleThreadPool-test-thread-1] ERROR MessageUtil - adventureBossRankInfo is null
2023-11-24 16:51:00.545 [ScheduleThreadPool-test-thread-4] ERROR MessageUtil - adventureBossRankInfo is null
2023-11-24 16:51:00.963 [ScheduleThreadPool-test-thread-5] ERROR MessageUtil - adventureBossRankInfo is null
2023-11-24 16:52:00.090 [ScheduleThreadPool-test-thread-3] ERROR MessageUtil - adventureBossRankInfo is null
2023-11-24 16:52:00.190 [ScheduleThreadPool-test-thread-6] ERROR MessageUtil - adventureBossRankInfo is null
2023-11-24 16:52:00.281 [ScheduleThreadPool-test-thread-8] ERROR MessageUtil - adventureBossRankInfo is null
2023-11-24 16:52:00.544 [ScheduleThreadPool-test-thread-5] ERROR MessageUtil - adventureBossRankInfo is null
2023-11-24 16:52:00.969 [ScheduleThreadPool-test-thread-2] ERROR MessageUtil - adventureBossRankInfo is null
2023-11-24 16:53:00.095 [ScheduleThreadPool-test-thread-4] ERROR MessageUtil - adventureBossRankInfo is null
2023-11-24 16:53:00.187 [ScheduleThreadPool-test-thread-6] ERROR MessageUtil - adventureBossRankInfo is null
2023-11-24 16:53:00.277 [ScheduleThreadPool-test-thread-4] ERROR MessageUtil - adventureBossRankInfo is null
2023-11-24 16:53:00.540 [ScheduleThreadPool-test-thread-4] ERROR MessageUtil - adventureBossRankInfo is null
2023-11-24 16:53:00.970 [ScheduleThreadPool-test-thread-8] ERROR MessageUtil - adventureBossRankInfo is null
2023-11-24 16:54:00.083 [ScheduleThreadPool-test-thread-3] ERROR MessageUtil - adventureBossRankInfo is null
2023-11-24 16:54:00.186 [ScheduleThreadPool-test-thread-7] ERROR MessageUtil - adventureBossRankInfo is null
2023-11-24 16:54:00.279 [ScheduleThreadPool-test-thread-6] ERROR MessageUtil - adventureBossRankInfo is null
2023-11-24 16:54:00.542 [ScheduleThreadPool-test-thread-6] ERROR MessageUtil - adventureBossRankInfo is null
2023-11-24 16:54:00.970 [ScheduleThreadPool-test-thread-1] ERROR MessageUtil - adventureBossRankInfo is null
2023-11-24 16:55:00.095 [ScheduleThreadPool-test-thread-1] ERROR MessageUtil - adventureBossRankInfo is null
2023-11-24 16:55:00.197 [ScheduleThreadPool-test-thread-5] ERROR MessageUtil - adventureBossRankInfo is null
2023-11-24 16:55:00.299 [ScheduleThreadPool-test-thread-1] ERROR MessageUtil - adventureBossRankInfo is null
2023-11-24 16:55:00.544 [ScheduleThreadPool-test-thread-7] ERROR MessageUtil - adventureBossRankInfo is null
2023-11-24 16:55:00.972 [ScheduleThreadPool-test-thread-1] ERROR MessageUtil - adventureBossRankInfo is null
2023-11-24 16:56:00.083 [ScheduleThreadPool-test-thread-5] ERROR MessageUtil - adventureBossRankInfo is null
2023-11-24 16:56:00.188 [ScheduleThreadPool-test-thread-2] ERROR MessageUtil - adventureBossRankInfo is null
2023-11-24 16:56:00.279 [ScheduleThreadPool-test-thread-8] ERROR MessageUtil - adventureBossRankInfo is null
2023-11-24 16:56:00.546 [ScheduleThreadPool-test-thread-7] ERROR MessageUtil - adventureBossRankInfo is null
2023-11-24 16:56:00.959 [ScheduleThreadPool-test-thread-2] ERROR MessageUtil - adventureBossRankInfo is null
2023-11-24 16:57:00.084 [ScheduleThreadPool-test-thread-4] ERROR MessageUtil - adventureBossRankInfo is null
2023-11-24 16:57:00.189 [ScheduleThreadPool-test-thread-1] ERROR MessageUtil - adventureBossRankInfo is null
2023-11-24 16:57:00.289 [ScheduleThreadPool-test-thread-5] ERROR MessageUtil - adventureBossRankInfo is null
2023-11-24 16:57:00.548 [ScheduleThreadPool-test-thread-2] ERROR MessageUtil - adventureBossRankInfo is null
2023-11-24 16:57:00.961 [ScheduleThreadPool-test-thread-7] ERROR MessageUtil - adventureBossRankInfo is null
2023-11-24 16:58:00.189 [ScheduleThreadPool-test-thread-8] ERROR MessageUtil - adventureBossRankInfo is null
2023-11-24 16:58:00.228 [ScheduleThreadPool-test-thread-4] ERROR MessageUtil - adventureBossRankInfo is null
2023-11-24 16:58:00.303 [ScheduleThreadPool-test-thread-3] ERROR MessageUtil - adventureBossRankInfo is null
2023-11-24 16:58:00.959 [ScheduleThreadPool-test-thread-4] ERROR MessageUtil - adventureBossRankInfo is null
2023-11-24 16:58:54.226 [ScheduleThreadPool-test-thread-6] ERROR MessageUtil - adventureBossRankInfo is null
2023-11-24 16:59:00.105 [ScheduleThreadPool-test-thread-5] ERROR MessageUtil - adventureBossRankInfo is null
2023-11-24 16:59:00.229 [ScheduleThreadPool-test-thread-7] ERROR MessageUtil - adventureBossRankInfo is null
2023-11-24 16:59:00.281 [ScheduleThreadPool-test-thread-3] ERROR MessageUtil - adventureBossRankInfo is null
2023-11-24 16:59:00.404 [ScheduleThreadPool-test-thread-5] ERROR MessageUtil - adventureBossRankInfo is null
2023-11-24 16:59:00.984 [ScheduleThreadPool-test-thread-4] ERROR MessageUtil - adventureBossRankInfo is null
2023-11-24 17:00:00.123 [ScheduleThreadPool-test-thread-8] ERROR MessageUtil - adventureBossRankInfo is null
2023-11-24 17:00:00.192 [ScheduleThreadPool-test-thread-1] ERROR MessageUtil - adventureBossRankInfo is null
2023-11-24 17:00:00.228 [ScheduleThreadPool-test-thread-6] ERROR MessageUtil - adventureBossRankInfo is null
2023-11-24 17:00:00.283 [ScheduleThreadPool-test-thread-6] ERROR MessageUtil - adventureBossRankInfo is null
2023-11-24 17:00:00.962 [ScheduleThreadPool-test-thread-6] ERROR MessageUtil - adventureBossRankInfo is null
2023-11-24 17:01:00.092 [ScheduleThreadPool-test-thread-8] ERROR MessageUtil - adventureBossRankInfo is null
2023-11-24 17:01:00.185 [ScheduleThreadPool-test-thread-6] ERROR MessageUtil - adventureBossRankInfo is null
2023-11-24 17:01:00.219 [ScheduleThreadPool-test-thread-5] ERROR MessageUtil - adventureBossRankInfo is null
2023-11-24 17:01:00.281 [ScheduleThreadPool-test-thread-8] ERROR MessageUtil - adventureBossRankInfo is null
2023-11-24 17:01:00.983 [ScheduleThreadPool-test-thread-1] ERROR MessageUtil - adventureBossRankInfo is null
2023-11-24 17:02:00.133 [ScheduleThreadPool-test-thread-2] ERROR MessageUtil - adventureBossRankInfo is null
2023-11-24 17:02:00.187 [ScheduleThreadPool-test-thread-5] ERROR MessageUtil - adventureBossRankInfo is null
2023-11-24 17:02:00.214 [ScheduleThreadPool-test-thread-1] ERROR MessageUtil - adventureBossRankInfo is null
2023-11-24 17:02:00.272 [ScheduleThreadPool-test-thread-3] ERROR MessageUtil - adventureBossRankInfo is null
2023-11-24 17:02:00.962 [ScheduleThreadPool-test-thread-6] ERROR MessageUtil - adventureBossRankInfo is null
2023-11-24 17:03:00.108 [ScheduleThreadPool-test-thread-7] ERROR MessageUtil - adventureBossRankInfo is null
2023-11-24 17:03:00.185 [ScheduleThreadPool-test-thread-1] ERROR MessageUtil - adventureBossRankInfo is null
2023-11-24 17:03:00.212 [ScheduleThreadPool-test-thread-2] ERROR MessageUtil - adventureBossRankInfo is null
2023-11-24 17:03:00.279 [ScheduleThreadPool-test-thread-3] ERROR MessageUtil - adventureBossRankInfo is null
2023-11-24 17:03:00.961 [ScheduleThreadPool-test-thread-6] ERROR MessageUtil - adventureBossRankInfo is null
2023-11-24 17:04:00.102 [ScheduleThreadPool-test-thread-7] ERROR MessageUtil - adventureBossRankInfo is null
2023-11-24 17:04:00.188 [ScheduleThreadPool-test-thread-1] ERROR MessageUtil - adventureBossRankInfo is null
2023-11-24 17:04:00.212 [ScheduleThreadPool-test-thread-8] ERROR MessageUtil - adventureBossRankInfo is null
2023-11-24 17:04:00.273 [ScheduleThreadPool-test-thread-8] ERROR MessageUtil - adventureBossRankInfo is null
2023-11-24 17:04:00.958 [ScheduleThreadPool-test-thread-3] ERROR MessageUtil - adventureBossRankInfo is null
2023-11-24 17:05:00.106 [ScheduleThreadPool-test-thread-5] ERROR MessageUtil - adventureBossRankInfo is null
2023-11-24 17:05:00.184 [ScheduleThreadPool-test-thread-4] ERROR MessageUtil - adventureBossRankInfo is null
2023-11-24 17:05:00.219 [ScheduleThreadPool-test-thread-2] ERROR MessageUtil - adventureBossRankInfo is null
2023-11-24 17:05:00.286 [ScheduleThreadPool-test-thread-3] ERROR MessageUtil - adventureBossRankInfo is null
2023-11-24 17:05:00.958 [ScheduleThreadPool-test-thread-3] ERROR MessageUtil - adventureBossRankInfo is null
2023-11-24 17:06:00.155 [ScheduleThreadPool-test-thread-8] ERROR MessageUtil - adventureBossRankInfo is null
2023-11-24 17:06:00.226 [ScheduleThreadPool-test-thread-1] ERROR MessageUtil - adventureBossRankInfo is null
2023-11-24 17:06:00.304 [ScheduleThreadPool-test-thread-4] ERROR MessageUtil - adventureBossRankInfo is null
2023-11-24 17:06:00.958 [ScheduleThreadPool-test-thread-1] ERROR MessageUtil - adventureBossRankInfo is null
2023-11-24 17:06:17.282 [ScheduleThreadPool-test-thread-4] ERROR SecondsTask - e
org.springframework.data.redis.RedisConnectionFailureException: java.net.SocketTimeoutException: Read timed out; nested exception is redis.clients.jedis.exceptions.JedisConnectionException: java.net.SocketTimeoutException: Read timed out
	at org.springframework.data.redis.connection.jedis.JedisExceptionConverter.convert(JedisExceptionConverter.java:67)
	at org.springframework.data.redis.connection.jedis.JedisExceptionConverter.convert(JedisExceptionConverter.java:41)
	at org.springframework.data.redis.PassThroughExceptionTranslationStrategy.translate(PassThroughExceptionTranslationStrategy.java:37)
	at org.springframework.data.redis.FallbackExceptionTranslationStrategy.translate(FallbackExceptionTranslationStrategy.java:37)
	at org.springframework.data.redis.connection.jedis.JedisConnection.convertJedisAccessException(JedisConnection.java:241)
	at org.springframework.data.redis.connection.jedis.JedisConnection.hGetAll(JedisConnection.java:3001)
	at org.springframework.data.redis.connection.DefaultStringRedisConnection.hGetAll(DefaultStringRedisConnection.java:372)
	at org.springframework.data.redis.core.DefaultHashOperations$13.doInRedis(DefaultHashOperations.java:223)
	at org.springframework.data.redis.core.DefaultHashOperations$13.doInRedis(DefaultHashOperations.java:220)
	at org.springframework.data.redis.core.RedisTemplate.execute(RedisTemplate.java:207)
	at org.springframework.data.redis.core.RedisTemplate.execute(RedisTemplate.java:169)
	at org.springframework.data.redis.core.AbstractOperations.execute(AbstractOperations.java:91)
	at org.springframework.data.redis.core.DefaultHashOperations.entries(DefaultHashOperations.java:220)
	at com.ljsd.jieling.db.redis.RedisUtil.getMapValues(RedisUtil.java:1401)
	at com.ljsd.jieling.logic.championship.ChampionshipLogic.minuteCheck(ChampionshipLogic.java:1414)
	at com.ljsd.jieling.thread.task.SecondsTask.run(SecondsTask.java:21)
	at java.util.concurrent.Executors$RunnableAdapter.call(Executors.java:511)
	at java.util.concurrent.FutureTask.runAndReset(FutureTask.java:308)
	at java.util.concurrent.ScheduledThreadPoolExecutor$ScheduledFutureTask.access$301(ScheduledThreadPoolExecutor.java:180)
	at java.util.concurrent.ScheduledThreadPoolExecutor$ScheduledFutureTask.run(ScheduledThreadPoolExecutor.java:294)
	at java.util.concurrent.ThreadPoolExecutor.runWorker(ThreadPoolExecutor.java:1149)
	at java.util.concurrent.ThreadPoolExecutor$Worker.run(ThreadPoolExecutor.java:624)
	at java.lang.Thread.run(Thread.java:750)
Caused by: redis.clients.jedis.exceptions.JedisConnectionException: java.net.SocketTimeoutException: Read timed out
	at redis.clients.util.RedisInputStream.ensureFill(RedisInputStream.java:202)
	at redis.clients.util.RedisInputStream.readByte(RedisInputStream.java:40)
	at redis.clients.jedis.Protocol.process(Protocol.java:151)
	at redis.clients.jedis.Protocol.read(Protocol.java:215)
	at redis.clients.jedis.Connection.readProtocolWithCheckingBroken(Connection.java:340)
	at redis.clients.jedis.Connection.getBinaryMultiBulkReply(Connection.java:276)
	at redis.clients.jedis.BinaryJedis.hgetAll(BinaryJedis.java:1028)
	at org.springframework.data.redis.connection.jedis.JedisConnection.hGetAll(JedisConnection.java:2999)
	... 17 common frames omitted
Caused by: java.net.SocketTimeoutException: Read timed out
	at java.net.SocketInputStream.socketRead0(Native Method)
	at java.net.SocketInputStream.socketRead(SocketInputStream.java:116)
	at java.net.SocketInputStream.read(SocketInputStream.java:171)
	at java.net.SocketInputStream.read(SocketInputStream.java:141)
	at java.net.SocketInputStream.read(SocketInputStream.java:127)
	at redis.clients.util.RedisInputStream.ensureFill(RedisInputStream.java:196)
	... 24 common frames omitted
2023-11-24 17:06:17.551 [ScheduleThreadPool-test-thread-2] ERROR SecondsTask - e
org.springframework.data.redis.RedisConnectionFailureException: java.net.SocketTimeoutException: Read timed out; nested exception is redis.clients.jedis.exceptions.JedisConnectionException: java.net.SocketTimeoutException: Read timed out
	at org.springframework.data.redis.connection.jedis.JedisExceptionConverter.convert(JedisExceptionConverter.java:67)
	at org.springframework.data.redis.connection.jedis.JedisExceptionConverter.convert(JedisExceptionConverter.java:41)
	at org.springframework.data.redis.PassThroughExceptionTranslationStrategy.translate(PassThroughExceptionTranslationStrategy.java:37)
	at org.springframework.data.redis.FallbackExceptionTranslationStrategy.translate(FallbackExceptionTranslationStrategy.java:37)
	at org.springframework.data.redis.connection.jedis.JedisConnection.convertJedisAccessException(JedisConnection.java:241)
	at org.springframework.data.redis.connection.jedis.JedisConnection.hGetAll(JedisConnection.java:3001)
	at org.springframework.data.redis.connection.DefaultStringRedisConnection.hGetAll(DefaultStringRedisConnection.java:372)
	at org.springframework.data.redis.core.DefaultHashOperations$13.doInRedis(DefaultHashOperations.java:223)
	at org.springframework.data.redis.core.DefaultHashOperations$13.doInRedis(DefaultHashOperations.java:220)
	at org.springframework.data.redis.core.RedisTemplate.execute(RedisTemplate.java:207)
	at org.springframework.data.redis.core.RedisTemplate.execute(RedisTemplate.java:169)
	at org.springframework.data.redis.core.AbstractOperations.execute(AbstractOperations.java:91)
	at org.springframework.data.redis.core.DefaultHashOperations.entries(DefaultHashOperations.java:220)
	at com.ljsd.jieling.db.redis.RedisUtil.getMapValues(RedisUtil.java:1401)
	at com.ljsd.jieling.logic.championship.ChampionshipLogic.minuteCheck(ChampionshipLogic.java:1414)
	at com.ljsd.jieling.thread.task.SecondsTask.run(SecondsTask.java:21)
	at java.util.concurrent.Executors$RunnableAdapter.call(Executors.java:511)
	at java.util.concurrent.FutureTask.runAndReset(FutureTask.java:308)
	at java.util.concurrent.ScheduledThreadPoolExecutor$ScheduledFutureTask.access$301(ScheduledThreadPoolExecutor.java:180)
	at java.util.concurrent.ScheduledThreadPoolExecutor$ScheduledFutureTask.run(ScheduledThreadPoolExecutor.java:294)
	at java.util.concurrent.ThreadPoolExecutor.runWorker(ThreadPoolExecutor.java:1149)
	at java.util.concurrent.ThreadPoolExecutor$Worker.run(ThreadPoolExecutor.java:624)
	at java.lang.Thread.run(Thread.java:750)
Caused by: redis.clients.jedis.exceptions.JedisConnectionException: java.net.SocketTimeoutException: Read timed out
	at redis.clients.util.RedisInputStream.ensureFill(RedisInputStream.java:202)
	at redis.clients.util.RedisInputStream.readByte(RedisInputStream.java:40)
	at redis.clients.jedis.Protocol.process(Protocol.java:151)
	at redis.clients.jedis.Protocol.read(Protocol.java:215)
	at redis.clients.jedis.Connection.readProtocolWithCheckingBroken(Connection.java:340)
	at redis.clients.jedis.Connection.getBinaryMultiBulkReply(Connection.java:276)
	at redis.clients.jedis.BinaryJedis.hgetAll(BinaryJedis.java:1028)
	at org.springframework.data.redis.connection.jedis.JedisConnection.hGetAll(JedisConnection.java:2999)
	... 17 common frames omitted
Caused by: java.net.SocketTimeoutException: Read timed out
	at java.net.SocketInputStream.socketRead0(Native Method)
	at java.net.SocketInputStream.socketRead(SocketInputStream.java:116)
	at java.net.SocketInputStream.read(SocketInputStream.java:171)
	at java.net.SocketInputStream.read(SocketInputStream.java:141)
	at java.net.SocketInputStream.read(SocketInputStream.java:127)
	at redis.clients.util.RedisInputStream.ensureFill(RedisInputStream.java:196)
	... 24 common frames omitted
2023-11-24 17:07:00.371 [ScheduleThreadPool-test-thread-2] ERROR MessageUtil - adventureBossRankInfo is null
2023-11-24 17:07:00.373 [ScheduleThreadPool-test-thread-8] ERROR MessageUtil - adventureBossRankInfo is null
2023-11-24 17:07:00.401 [ScheduleThreadPool-test-thread-2] ERROR MessageUtil - adventureBossRankInfo is null
2023-11-24 17:07:01.171 [ScheduleThreadPool-test-thread-6] ERROR MessageUtil - adventureBossRankInfo is null
2023-11-24 17:07:02.777 [ScheduleThreadPool-test-thread-5] ERROR MessageUtil - adventureBossRankInfo is null
2023-11-24 17:08:00.098 [ScheduleThreadPool-test-thread-7] ERROR MessageUtil - adventureBossRankInfo is null
2023-11-24 17:08:00.222 [ScheduleThreadPool-test-thread-7] ERROR MessageUtil - adventureBossRankInfo is null
2023-11-24 17:08:00.279 [ScheduleThreadPool-test-thread-2] ERROR MessageUtil - adventureBossRankInfo is null
2023-11-24 17:08:00.768 [ScheduleThreadPool-test-thread-2] ERROR MessageUtil - adventureBossRankInfo is null
2023-11-24 17:08:00.959 [ScheduleThreadPool-test-thread-7] ERROR MessageUtil - adventureBossRankInfo is null
2023-11-24 17:09:00.096 [ScheduleThreadPool-test-thread-7] ERROR MessageUtil - adventureBossRankInfo is null
2023-11-24 17:09:00.227 [ScheduleThreadPool-test-thread-5] ERROR MessageUtil - adventureBossRankInfo is null
2023-11-24 17:09:00.278 [ScheduleThreadPool-test-thread-3] ERROR MessageUtil - adventureBossRankInfo is null
2023-11-24 17:09:00.764 [ScheduleThreadPool-test-thread-3] ERROR MessageUtil - adventureBossRankInfo is null
2023-11-24 17:09:00.958 [ScheduleThreadPool-test-thread-4] ERROR MessageUtil - adventureBossRankInfo is null
2023-11-24 17:10:00.083 [ScheduleThreadPool-test-thread-3] ERROR MessageUtil - adventureBossRankInfo is null
2023-11-24 17:10:00.214 [ScheduleThreadPool-test-thread-2] ERROR MessageUtil - adventureBossRankInfo is null
2023-11-24 17:10:00.280 [ScheduleThreadPool-test-thread-3] ERROR MessageUtil - adventureBossRankInfo is null
2023-11-24 17:10:00.762 [ScheduleThreadPool-test-thread-3] ERROR MessageUtil - adventureBossRankInfo is null
2023-11-24 17:10:00.958 [ScheduleThreadPool-test-thread-7] ERROR MessageUtil - adventureBossRankInfo is null
2023-11-24 17:11:00.083 [ScheduleThreadPool-test-thread-7] ERROR MessageUtil - adventureBossRankInfo is null
2023-11-24 17:11:00.212 [ScheduleThreadPool-test-thread-1] ERROR MessageUtil - adventureBossRankInfo is null
2023-11-24 17:11:00.279 [ScheduleThreadPool-test-thread-2] ERROR MessageUtil - adventureBossRankInfo is null
2023-11-24 17:11:00.760 [ScheduleThreadPool-test-thread-3] ERROR MessageUtil - adventureBossRankInfo is null
2023-11-24 17:11:00.959 [ScheduleThreadPool-test-thread-5] ERROR MessageUtil - adventureBossRankInfo is null
2023-11-24 17:12:00.085 [ScheduleThreadPool-test-thread-5] ERROR MessageUtil - adventureBossRankInfo is null
2023-11-24 17:12:00.213 [ScheduleThreadPool-test-thread-4] ERROR MessageUtil - adventureBossRankInfo is null
2023-11-24 17:12:00.276 [ScheduleThreadPool-test-thread-1] ERROR MessageUtil - adventureBossRankInfo is null
2023-11-24 17:12:00.762 [ScheduleThreadPool-test-thread-7] ERROR MessageUtil - adventureBossRankInfo is null
2023-11-24 17:12:00.958 [ScheduleThreadPool-test-thread-8] ERROR MessageUtil - adventureBossRankInfo is null
2023-11-24 17:13:00.084 [ScheduleThreadPool-test-thread-7] ERROR MessageUtil - adventureBossRankInfo is null
2023-11-24 17:13:00.214 [ScheduleThreadPool-test-thread-2] ERROR MessageUtil - adventureBossRankInfo is null
2023-11-24 17:13:00.277 [ScheduleThreadPool-test-thread-1] ERROR MessageUtil - adventureBossRankInfo is null
2023-11-24 17:13:00.762 [ScheduleThreadPool-test-thread-2] ERROR MessageUtil - adventureBossRankInfo is null
2023-11-24 17:13:00.957 [ScheduleThreadPool-test-thread-4] ERROR MessageUtil - adventureBossRankInfo is null
2023-11-24 17:14:00.084 [ScheduleThreadPool-test-thread-8] ERROR MessageUtil - adventureBossRankInfo is null
2023-11-24 17:14:00.215 [ScheduleThreadPool-test-thread-1] ERROR MessageUtil - adventureBossRankInfo is null
2023-11-24 17:14:00.270 [ScheduleThreadPool-test-thread-8] ERROR MessageUtil - adventureBossRankInfo is null
2023-11-24 17:14:00.760 [ScheduleThreadPool-test-thread-7] ERROR MessageUtil - adventureBossRankInfo is null
2023-11-24 17:14:00.963 [ScheduleThreadPool-test-thread-7] ERROR MessageUtil - adventureBossRankInfo is null
2023-11-24 17:15:00.085 [ScheduleThreadPool-test-thread-5] ERROR MessageUtil - adventureBossRankInfo is null
2023-11-24 17:15:00.212 [ScheduleThreadPool-test-thread-5] ERROR MessageUtil - adventureBossRankInfo is null
2023-11-24 17:15:00.279 [ScheduleThreadPool-test-thread-7] ERROR MessageUtil - adventureBossRankInfo is null
2023-11-24 17:15:00.755 [ScheduleThreadPool-test-thread-1] ERROR MessageUtil - adventureBossRankInfo is null
2023-11-24 17:15:00.963 [ScheduleThreadPool-test-thread-7] ERROR MessageUtil - adventureBossRankInfo is null
2023-11-24 17:16:00.084 [ScheduleThreadPool-test-thread-8] ERROR MessageUtil - adventureBossRankInfo is null
2023-11-24 17:16:00.216 [ScheduleThreadPool-test-thread-4] ERROR MessageUtil - adventureBossRankInfo is null
2023-11-24 17:16:00.279 [ScheduleThreadPool-test-thread-1] ERROR MessageUtil - adventureBossRankInfo is null
2023-11-24 17:16:00.761 [ScheduleThreadPool-test-thread-6] ERROR MessageUtil - adventureBossRankInfo is null
2023-11-24 17:16:00.963 [ScheduleThreadPool-test-thread-6] ERROR MessageUtil - adventureBossRankInfo is null
2023-11-24 17:17:00.083 [ScheduleThreadPool-test-thread-4] ERROR MessageUtil - adventureBossRankInfo is null
2023-11-24 17:17:00.216 [ScheduleThreadPool-test-thread-7] ERROR MessageUtil - adventureBossRankInfo is null
2023-11-24 17:17:00.274 [ScheduleThreadPool-test-thread-3] ERROR MessageUtil - adventureBossRankInfo is null
2023-11-24 17:17:00.759 [ScheduleThreadPool-test-thread-7] ERROR MessageUtil - adventureBossRankInfo is null
2023-11-24 17:17:00.958 [ScheduleThreadPool-test-thread-6] ERROR MessageUtil - adventureBossRankInfo is null
2023-11-24 17:18:00.085 [ScheduleThreadPool-test-thread-7] ERROR MessageUtil - adventureBossRankInfo is null
2023-11-24 17:18:00.216 [ScheduleThreadPool-test-thread-3] ERROR MessageUtil - adventureBossRankInfo is null
2023-11-24 17:18:00.281 [ScheduleThreadPool-test-thread-2] ERROR MessageUtil - adventureBossRankInfo is null
2023-11-24 17:18:00.763 [ScheduleThreadPool-test-thread-2] ERROR MessageUtil - adventureBossRankInfo is null
2023-11-24 17:18:00.959 [ScheduleThreadPool-test-thread-8] ERROR MessageUtil - adventureBossRankInfo is null
2023-11-24 17:19:00.133 [ScheduleThreadPool-test-thread-8] ERROR MessageUtil - adventureBossRankInfo is null
2023-11-24 17:19:00.209 [ScheduleThreadPool-test-thread-2] ERROR MessageUtil - adventureBossRankInfo is null
2023-11-24 17:19:00.276 [ScheduleThreadPool-test-thread-1] ERROR MessageUtil - adventureBossRankInfo is null
2023-11-24 17:19:00.763 [ScheduleThreadPool-test-thread-6] ERROR MessageUtil - adventureBossRankInfo is null
2023-11-24 17:19:00.959 [ScheduleThreadPool-test-thread-3] ERROR MessageUtil - adventureBossRankInfo is null
2023-11-24 17:19:37.295 [netty-14] ERROR SessionManager - 閲嶆柊鐧诲綍 new = 7fd82ffd-aaa8-4c51-aa6b-22d904fccfc1
2023-11-24 17:20:03.873 [ScheduleThreadPool-test-thread-7] ERROR MessageUtil - adventureBossRankInfo is null
2023-11-24 17:20:03.874 [ScheduleThreadPool-test-thread-4] ERROR MessageUtil - adventureBossRankInfo is null
2023-11-24 17:20:03.875 [ScheduleThreadPool-test-thread-7] ERROR MessageUtil - adventureBossRankInfo is null
2023-11-24 17:20:03.889 [ScheduleThreadPool-test-thread-6] ERROR MessageUtil - adventureBossRankInfo is null
2023-11-24 17:20:06.486 [ScheduleThreadPool-test-thread-3] ERROR MessageUtil - adventureBossRankInfo is null
2023-11-24 17:20:07.714 [h-4] ERROR MongoUtil - the user=10001 not exists
2023-11-24 17:21:00.089 [ScheduleThreadPool-test-thread-7] ERROR MessageUtil - adventureBossRankInfo is null
2023-11-24 17:21:00.216 [ScheduleThreadPool-test-thread-2] ERROR MessageUtil - adventureBossRankInfo is null
2023-11-24 17:21:00.276 [ScheduleThreadPool-test-thread-7] ERROR MessageUtil - adventureBossRankInfo is null
2023-11-24 17:21:00.484 [ScheduleThreadPool-test-thread-6] ERROR MessageUtil - adventureBossRankInfo is null
2023-11-24 17:21:00.761 [ScheduleThreadPool-test-thread-6] ERROR MessageUtil - adventureBossRankInfo is null
2023-11-24 17:22:00.083 [ScheduleThreadPool-test-thread-8] ERROR MessageUtil - adventureBossRankInfo is null
2023-11-24 17:22:00.215 [ScheduleThreadPool-test-thread-5] ERROR MessageUtil - adventureBossRankInfo is null
2023-11-24 17:22:00.276 [ScheduleThreadPool-test-thread-4] ERROR MessageUtil - adventureBossRankInfo is null
2023-11-24 17:22:00.480 [ScheduleThreadPool-test-thread-5] ERROR MessageUtil - adventureBossRankInfo is null
2023-11-24 17:22:00.762 [ScheduleThreadPool-test-thread-7] ERROR MessageUtil - adventureBossRankInfo is null
2023-11-24 17:22:16.503 [netty-15] ERROR SessionManager - 閲嶆柊鐧诲綍 new = 2f01832a-a5ba-43d7-9bca-b684b308c2a4
2023-11-24 17:22:17.834 [h-4] ERROR MongoUtil - the user=10001 not exists
2023-11-24 17:23:00.100 [ScheduleThreadPool-test-thread-8] ERROR MessageUtil - adventureBossRankInfo is null
2023-11-24 17:23:00.215 [ScheduleThreadPool-test-thread-6] ERROR MessageUtil - adventureBossRankInfo is null
2023-11-24 17:23:00.283 [ScheduleThreadPool-test-thread-2] ERROR MessageUtil - adventureBossRankInfo is null
2023-11-24 17:23:00.480 [ScheduleThreadPool-test-thread-3] ERROR MessageUtil - adventureBossRankInfo is null
2023-11-24 17:23:00.763 [ScheduleThreadPool-test-thread-2] ERROR MessageUtil - adventureBossRankInfo is null
2023-11-24 17:24:00.083 [ScheduleThreadPool-test-thread-5] ERROR MessageUtil - adventureBossRankInfo is null
2023-11-24 17:24:00.225 [ScheduleThreadPool-test-thread-7] ERROR MessageUtil - adventureBossRankInfo is null
2023-11-24 17:24:00.283 [ScheduleThreadPool-test-thread-7] ERROR MessageUtil - adventureBossRankInfo is null
2023-11-24 17:24:00.480 [ScheduleThreadPool-test-thread-2] ERROR MessageUtil - adventureBossRankInfo is null
2023-11-24 17:24:00.762 [ScheduleThreadPool-test-thread-6] ERROR MessageUtil - adventureBossRankInfo is null
2023-11-24 17:25:00.086 [ScheduleThreadPool-test-thread-1] ERROR MessageUtil - adventureBossRankInfo is null
2023-11-24 17:25:00.214 [ScheduleThreadPool-test-thread-7] ERROR MessageUtil - adventureBossRankInfo is null
2023-11-24 17:25:00.281 [ScheduleThreadPool-test-thread-1] ERROR MessageUtil - adventureBossRankInfo is null
2023-11-24 17:25:00.480 [ScheduleThreadPool-test-thread-2] ERROR MessageUtil - adventureBossRankInfo is null
2023-11-24 17:25:00.774 [ScheduleThreadPool-test-thread-6] ERROR MessageUtil - adventureBossRankInfo is null
2023-11-24 17:26:00.085 [ScheduleThreadPool-test-thread-7] ERROR MessageUtil - adventureBossRankInfo is null
2023-11-24 17:26:00.215 [ScheduleThreadPool-test-thread-2] ERROR MessageUtil - adventureBossRankInfo is null
2023-11-24 17:26:00.280 [ScheduleThreadPool-test-thread-4] ERROR MessageUtil - adventureBossRankInfo is null
2023-11-24 17:26:00.480 [ScheduleThreadPool-test-thread-7] ERROR MessageUtil - adventureBossRankInfo is null
2023-11-24 17:26:00.765 [ScheduleThreadPool-test-thread-6] ERROR MessageUtil - adventureBossRankInfo is null
2023-11-24 17:26:23.258 [netty-16] ERROR SessionManager - 閲嶆柊鐧诲綍 new = 55e9cd47-db5a-407d-bd96-d211f6ab47b0
2023-11-24 17:26:25.528 [h-4] ERROR MongoUtil - the user=10001 not exists
2023-11-24 17:27:00.085 [ScheduleThreadPool-test-thread-6] ERROR MessageUtil - adventureBossRankInfo is null
2023-11-24 17:27:00.216 [ScheduleThreadPool-test-thread-6] ERROR MessageUtil - adventureBossRankInfo is null
2023-11-24 17:27:00.279 [ScheduleThreadPool-test-thread-4] ERROR MessageUtil - adventureBossRankInfo is null
2023-11-24 17:27:00.480 [ScheduleThreadPool-test-thread-1] ERROR MessageUtil - adventureBossRankInfo is null
2023-11-24 17:27:00.763 [ScheduleThreadPool-test-thread-8] ERROR MessageUtil - adventureBossRankInfo is null
2023-11-24 17:28:00.082 [ScheduleThreadPool-test-thread-4] ERROR MessageUtil - adventureBossRankInfo is null
2023-11-24 17:28:00.215 [ScheduleThreadPool-test-thread-6] ERROR MessageUtil - adventureBossRankInfo is null
2023-11-24 17:28:00.281 [ScheduleThreadPool-test-thread-5] ERROR MessageUtil - adventureBossRankInfo is null
2023-11-24 17:28:00.480 [ScheduleThreadPool-test-thread-8] ERROR MessageUtil - adventureBossRankInfo is null
2023-11-24 17:28:00.762 [ScheduleThreadPool-test-thread-7] ERROR MessageUtil - adventureBossRankInfo is null
2023-11-24 17:29:00.087 [ScheduleThreadPool-test-thread-1] ERROR MessageUtil - adventureBossRankInfo is null
2023-11-24 17:29:00.214 [ScheduleThreadPool-test-thread-4] ERROR MessageUtil - adventureBossRankInfo is null
2023-11-24 17:29:00.276 [ScheduleThreadPool-test-thread-3] ERROR MessageUtil - adventureBossRankInfo is null
2023-11-24 17:29:00.480 [ScheduleThreadPool-test-thread-7] ERROR MessageUtil - adventureBossRankInfo is null
2023-11-24 17:29:00.762 [ScheduleThreadPool-test-thread-1] ERROR MessageUtil - adventureBossRankInfo is null
2023-11-24 17:30:00.280 [ScheduleThreadPool-test-thread-7] ERROR MessageUtil - adventureBossRankInfo is null
2023-11-24 17:30:00.480 [ScheduleThreadPool-test-thread-3] ERROR MessageUtil - adventureBossRankInfo is null
2023-11-24 17:31:00.277 [ScheduleThreadPool-test-thread-1] ERROR MessageUtil - adventureBossRankInfo is null
2023-11-24 17:32:00.277 [ScheduleThreadPool-test-thread-2] ERROR MessageUtil - adventureBossRankInfo is null
2023-11-24 17:32:25.813 [main] ERROR MongoUtil - the user=10001 not exists
2023-11-24 17:32:43.223 [netty-1] ERROR SessionManager - 閲嶆柊鐧诲綍 new = 5211e6d4-7736-482c-9d9e-374310cd7867
2023-11-24 17:32:45.012 [h-4] ERROR MongoUtil - the user=0 not exists
2023-11-24 17:32:46.950 [h-4] ERROR MongoUtil - the user=10001 not exists
2023-11-24 17:33:00.350 [ScheduleThreadPool-test-thread-1] ERROR MessageUtil - adventureBossRankInfo is null
2023-11-24 17:33:00.973 [ScheduleThreadPool-test-thread-6] ERROR MessageUtil - adventureBossRankInfo is null
2023-11-24 17:34:00.970 [ScheduleThreadPool-test-thread-5] ERROR MessageUtil - adventureBossRankInfo is null
2023-11-24 17:34:20.841 [h-4] ERROR BaseHandler - processWithProto Exception protoID=9200000,uid=10000004,proto=>Camp: 1
 exception=[CODE: 30114][混乱之治未开放][][] 
2023-11-24 17:34:20.846 [h-4] ERROR HandlerLogicThread - An unusual ErrorCodeException occurred for the user::use10000004
2023-11-24 17:34:20.850 [h-4] ERROR HandlerLogicThread - [CODE: 30114][混乱之治未开放][][] 

    at com.ljsd.jieling.logic.campWar.CampWarLogic.setCamp(CampWarLogic.java:174)
    at com.ljsd.jieling.handler.campWar.CampSetReqHandler.processWithProto(CampSetReqHandler.java:19)
    at com.ljsd.jieling.handler.campWar.CampSetReqHandler.processWithProto(CampSetReqHandler.java:9)
    at com.ljsd.jieling.handler.BaseHandler.processWithProto(BaseHandler.java:52)
    at com.ljsd.jieling.handler.BaseHandler.execute(BaseHandler.java:41)
    at com.ljsd.jieling.core.HandlerLogicThread.doWork(HandlerLogicThread.java:167)
    at com.ljsd.jieling.core.HandlerLogicThread.run(HandlerLogicThread.java:105)

2023-11-24 17:34:20.852 [h-4] ERROR MessageUtil - send error msg,the uid=10000004,the msgId=9200001,the errMsg=混乱之治未开放 
2023-11-24 17:34:35.873 [ScheduleThreadPool-test-thread-2] ERROR MessageUtil - adventureBossRankInfo is null
2023-11-24 17:34:57.816 [h-4] ERROR BaseHandler - processWithProto Exception protoID=9200000,uid=10000004,proto=>Camp: 1
 exception=[CODE: 30114][混乱之治未开放][][] 
2023-11-24 17:34:57.817 [h-4] ERROR HandlerLogicThread - An unusual ErrorCodeException occurred for the user::use10000004
2023-11-24 17:34:57.817 [h-4] ERROR HandlerLogicThread - [CODE: 30114][混乱之治未开放][][] 

    at com.ljsd.jieling.logic.campWar.CampWarLogic.setCamp(CampWarLogic.java:174)
    at com.ljsd.jieling.handler.campWar.CampSetReqHandler.processWithProto(CampSetReqHandler.java:19)
    at com.ljsd.jieling.handler.campWar.CampSetReqHandler.processWithProto(CampSetReqHandler.java:9)
    at com.ljsd.jieling.handler.BaseHandler.processWithProto(BaseHandler.java:52)
    at com.ljsd.jieling.handler.BaseHandler.execute(BaseHandler.java:41)
    at com.ljsd.jieling.core.HandlerLogicThread.doWork(HandlerLogicThread.java:167)
    at com.ljsd.jieling.core.HandlerLogicThread.run(HandlerLogicThread.java:105)

2023-11-24 17:34:57.817 [h-4] ERROR MessageUtil - send error msg,the uid=10000004,the msgId=9200001,the errMsg=混乱之治未开放 
2023-11-24 17:35:00.887 [ScheduleThreadPool-test-thread-5] ERROR MessageUtil - adventureBossRankInfo is null
2023-11-24 17:35:00.966 [ScheduleThreadPool-test-thread-3] ERROR MessageUtil - adventureBossRankInfo is null
2023-11-24 17:36:00.885 [ScheduleThreadPool-test-thread-5] ERROR MessageUtil - adventureBossRankInfo is null
2023-11-24 17:36:00.966 [ScheduleThreadPool-test-thread-1] ERROR MessageUtil - adventureBossRankInfo is null
2023-11-24 17:37:00.881 [ScheduleThreadPool-test-thread-5] ERROR MessageUtil - adventureBossRankInfo is null
2023-11-24 17:37:00.966 [ScheduleThreadPool-test-thread-4] ERROR MessageUtil - adventureBossRankInfo is null
2023-11-24 17:38:00.883 [ScheduleThreadPool-test-thread-2] ERROR MessageUtil - adventureBossRankInfo is null
2023-11-24 17:38:00.966 [ScheduleThreadPool-test-thread-3] ERROR MessageUtil - adventureBossRankInfo is null
2023-11-24 17:39:00.897 [ScheduleThreadPool-test-thread-6] ERROR MessageUtil - adventureBossRankInfo is null
2023-11-24 17:39:00.966 [ScheduleThreadPool-test-thread-7] ERROR MessageUtil - adventureBossRankInfo is null
2023-11-24 17:40:00.885 [ScheduleThreadPool-test-thread-4] ERROR MessageUtil - adventureBossRankInfo is null
2023-11-24 17:40:00.966 [ScheduleThreadPool-test-thread-7] ERROR MessageUtil - adventureBossRankInfo is null
2023-11-24 17:41:00.884 [ScheduleThreadPool-test-thread-5] ERROR MessageUtil - adventureBossRankInfo is null
2023-11-24 17:41:00.966 [ScheduleThreadPool-test-thread-4] ERROR MessageUtil - adventureBossRankInfo is null
2023-11-24 17:42:00.888 [ScheduleThreadPool-test-thread-1] ERROR MessageUtil - adventureBossRankInfo is null
2023-11-24 17:42:00.966 [ScheduleThreadPool-test-thread-8] ERROR MessageUtil - adventureBossRankInfo is null
2023-11-24 17:43:00.891 [ScheduleThreadPool-test-thread-3] ERROR MessageUtil - adventureBossRankInfo is null
2023-11-24 17:43:00.966 [ScheduleThreadPool-test-thread-3] ERROR MessageUtil - adventureBossRankInfo is null
2023-11-24 17:44:00.888 [ScheduleThreadPool-test-thread-2] ERROR MessageUtil - adventureBossRankInfo is null
2023-11-24 17:44:00.966 [ScheduleThreadPool-test-thread-3] ERROR MessageUtil - adventureBossRankInfo is null
2023-11-24 17:45:00.885 [ScheduleThreadPool-test-thread-5] ERROR MessageUtil - adventureBossRankInfo is null
2023-11-24 17:45:00.968 [ScheduleThreadPool-test-thread-7] ERROR MessageUtil - adventureBossRankInfo is null
2023-11-24 17:46:00.880 [ScheduleThreadPool-test-thread-1] ERROR MessageUtil - adventureBossRankInfo is null
2023-11-24 17:46:00.968 [ScheduleThreadPool-test-thread-8] ERROR MessageUtil - adventureBossRankInfo is null
2023-11-24 17:47:00.885 [ScheduleThreadPool-test-thread-2] ERROR MessageUtil - adventureBossRankInfo is null
2023-11-24 17:47:00.966 [ScheduleThreadPool-test-thread-4] ERROR MessageUtil - adventureBossRankInfo is null
2023-11-24 17:48:00.878 [ScheduleThreadPool-test-thread-6] ERROR MessageUtil - adventureBossRankInfo is null
2023-11-24 17:48:00.966 [ScheduleThreadPool-test-thread-1] ERROR MessageUtil - adventureBossRankInfo is null
2023-11-24 17:49:00.878 [ScheduleThreadPool-test-thread-6] ERROR MessageUtil - adventureBossRankInfo is null
2023-11-24 17:49:00.966 [ScheduleThreadPool-test-thread-8] ERROR MessageUtil - adventureBossRankInfo is null
2023-11-24 17:50:00.875 [ScheduleThreadPool-test-thread-4] ERROR MessageUtil - adventureBossRankInfo is null
2023-11-24 17:50:00.966 [ScheduleThreadPool-test-thread-8] ERROR MessageUtil - adventureBossRankInfo is null
2023-11-24 17:51:00.876 [ScheduleThreadPool-test-thread-2] ERROR MessageUtil - adventureBossRankInfo is null
2023-11-24 17:51:00.966 [ScheduleThreadPool-test-thread-2] ERROR MessageUtil - adventureBossRankInfo is null
2023-11-24 17:52:00.876 [ScheduleThreadPool-test-thread-2] ERROR MessageUtil - adventureBossRankInfo is null
2023-11-24 17:52:00.966 [ScheduleThreadPool-test-thread-8] ERROR MessageUtil - adventureBossRankInfo is null
2023-11-24 17:53:00.876 [ScheduleThreadPool-test-thread-4] ERROR MessageUtil - adventureBossRankInfo is null
2023-11-24 17:53:00.968 [ScheduleThreadPool-test-thread-3] ERROR MessageUtil - adventureBossRankInfo is null
2023-11-24 17:54:00.876 [ScheduleThreadPool-test-thread-5] ERROR MessageUtil - adventureBossRankInfo is null
2023-11-24 17:54:00.966 [ScheduleThreadPool-test-thread-5] ERROR MessageUtil - adventureBossRankInfo is null
2023-11-24 17:55:00.877 [ScheduleThreadPool-test-thread-6] ERROR MessageUtil - adventureBossRankInfo is null
2023-11-24 17:55:00.966 [ScheduleThreadPool-test-thread-1] ERROR MessageUtil - adventureBossRankInfo is null
2023-11-24 17:56:10.898 [main] ERROR MongoUtil - the user=10001 not exists
2023-11-24 17:56:18.972 [netty-1] ERROR SessionManager - 閲嶆柊鐧诲綍 new = be3b2d3c-acc1-45f3-8a8e-587964ee6608
2023-11-24 17:56:19.737 [h-4] ERROR MongoUtil - the user=0 not exists
2023-11-24 17:56:22.457 [h-4] ERROR MongoUtil - the user=10001 not exists
2023-11-24 17:57:00.009 [ScheduleThreadPool-test-thread-1] ERROR MessageUtil - adventureBossRankInfo is null
2023-11-24 17:58:00.006 [ScheduleThreadPool-test-thread-7] ERROR MessageUtil - adventureBossRankInfo is null
2023-11-24 17:59:00.005 [ScheduleThreadPool-test-thread-8] ERROR MessageUtil - adventureBossRankInfo is null
2023-11-24 18:00:00.005 [ScheduleThreadPool-test-thread-7] ERROR MessageUtil - adventureBossRankInfo is null
2023-11-24 18:01:00.005 [ScheduleThreadPool-test-thread-3] ERROR MessageUtil - adventureBossRankInfo is null
2023-11-24 18:02:00.006 [ScheduleThreadPool-test-thread-4] ERROR MessageUtil - adventureBossRankInfo is null
2023-11-24 18:03:00.005 [ScheduleThreadPool-test-thread-8] ERROR MessageUtil - adventureBossRankInfo is null
2023-11-24 18:04:00.005 [ScheduleThreadPool-test-thread-6] ERROR MessageUtil - adventureBossRankInfo is null
2023-11-24 18:05:00.006 [ScheduleThreadPool-test-thread-5] ERROR MessageUtil - adventureBossRankInfo is null
2023-11-24 18:06:00.006 [ScheduleThreadPool-test-thread-1] ERROR MessageUtil - adventureBossRankInfo is null
2023-11-24 18:07:00.006 [ScheduleThreadPool-test-thread-5] ERROR MessageUtil - adventureBossRankInfo is null
2023-11-24 18:08:00.005 [ScheduleThreadPool-test-thread-5] ERROR MessageUtil - adventureBossRankInfo is null
2023-11-24 18:09:00.006 [ScheduleThreadPool-test-thread-6] ERROR MessageUtil - adventureBossRankInfo is null
2023-11-24 18:10:00.006 [ScheduleThreadPool-test-thread-7] ERROR MessageUtil - adventureBossRankInfo is null
2023-11-24 18:11:00.005 [ScheduleThreadPool-test-thread-6] ERROR MessageUtil - adventureBossRankInfo is null
2023-11-24 18:12:00.005 [ScheduleThreadPool-test-thread-3] ERROR MessageUtil - adventureBossRankInfo is null
2023-11-24 18:13:00.008 [ScheduleThreadPool-test-thread-4] ERROR MessageUtil - adventureBossRankInfo is null
2023-11-24 18:14:00.006 [ScheduleThreadPool-test-thread-1] ERROR MessageUtil - adventureBossRankInfo is null
2023-11-24 18:15:00.006 [ScheduleThreadPool-test-thread-7] ERROR MessageUtil - adventureBossRankInfo is null
2023-11-24 18:16:00.005 [ScheduleThreadPool-test-thread-2] ERROR MessageUtil - adventureBossRankInfo is null
2023-11-24 18:17:00.007 [ScheduleThreadPool-test-thread-3] ERROR MessageUtil - adventureBossRankInfo is null
2023-11-24 18:18:00.007 [ScheduleThreadPool-test-thread-2] ERROR MessageUtil - adventureBossRankInfo is null
2023-11-24 18:19:00.006 [ScheduleThreadPool-test-thread-8] ERROR MessageUtil - adventureBossRankInfo is null
2023-11-24 18:20:00.005 [ScheduleThreadPool-test-thread-7] ERROR MessageUtil - adventureBossRankInfo is null
2023-11-24 18:21:00.005 [ScheduleThreadPool-test-thread-5] ERROR MessageUtil - adventureBossRankInfo is null
2023-11-24 18:22:00.005 [ScheduleThreadPool-test-thread-5] ERROR MessageUtil - adventureBossRankInfo is null
2023-11-24 18:23:00.005 [ScheduleThreadPool-test-thread-1] ERROR MessageUtil - adventureBossRankInfo is null
2023-11-24 18:24:00.005 [ScheduleThreadPool-test-thread-1] ERROR MessageUtil - adventureBossRankInfo is null
2023-11-24 18:25:00.005 [ScheduleThreadPool-test-thread-1] ERROR MessageUtil - adventureBossRankInfo is null
2023-11-24 18:26:00.005 [ScheduleThreadPool-test-thread-2] ERROR MessageUtil - adventureBossRankInfo is null
2023-11-24 18:27:00.005 [ScheduleThreadPool-test-thread-3] ERROR MessageUtil - adventureBossRankInfo is null
2023-11-24 18:28:00.005 [ScheduleThreadPool-test-thread-8] ERROR MessageUtil - adventureBossRankInfo is null
2023-11-24 18:29:00.005 [ScheduleThreadPool-test-thread-1] ERROR MessageUtil - adventureBossRankInfo is null
2023-11-24 18:30:00.005 [ScheduleThreadPool-test-thread-3] ERROR MessageUtil - adventureBossRankInfo is null
2023-11-24 18:31:00.005 [ScheduleThreadPool-test-thread-2] ERROR MessageUtil - adventureBossRankInfo is null
2023-11-24 18:32:00.005 [ScheduleThreadPool-test-thread-1] ERROR MessageUtil - adventureBossRankInfo is null
2023-11-24 18:33:00.005 [ScheduleThreadPool-test-thread-4] ERROR MessageUtil - adventureBossRankInfo is null
2023-11-24 18:34:00.005 [ScheduleThreadPool-test-thread-4] ERROR MessageUtil - adventureBossRankInfo is null
2023-11-24 18:35:00.006 [ScheduleThreadPool-test-thread-6] ERROR MessageUtil - adventureBossRankInfo is null
2023-11-24 18:36:00.005 [ScheduleThreadPool-test-thread-5] ERROR MessageUtil - adventureBossRankInfo is null
2023-11-24 18:37:00.008 [ScheduleThreadPool-test-thread-6] ERROR MessageUtil - adventureBossRankInfo is null
2023-11-24 18:38:00.005 [ScheduleThreadPool-test-thread-1] ERROR MessageUtil - adventureBossRankInfo is null
2023-11-24 18:39:00.006 [ScheduleThreadPool-test-thread-1] ERROR MessageUtil - adventureBossRankInfo is null
2023-11-24 18:40:00.005 [ScheduleThreadPool-test-thread-8] ERROR MessageUtil - adventureBossRankInfo is null
2023-11-24 18:41:00.007 [ScheduleThreadPool-test-thread-8] ERROR MessageUtil - adventureBossRankInfo is null
2023-11-24 18:42:00.006 [ScheduleThreadPool-test-thread-5] ERROR MessageUtil - adventureBossRankInfo is null
2023-11-24 18:43:00.007 [ScheduleThreadPool-test-thread-2] ERROR MessageUtil - adventureBossRankInfo is null
2023-11-24 18:44:00.005 [ScheduleThreadPool-test-thread-2] ERROR MessageUtil - adventureBossRankInfo is null
2023-11-24 18:45:00.005 [ScheduleThreadPool-test-thread-4] ERROR MessageUtil - adventureBossRankInfo is null
2023-11-24 18:46:00.005 [ScheduleThreadPool-test-thread-6] ERROR MessageUtil - adventureBossRankInfo is null
2023-11-24 18:47:00.005 [ScheduleThreadPool-test-thread-5] ERROR MessageUtil - adventureBossRankInfo is null
2023-11-24 18:48:00.005 [ScheduleThreadPool-test-thread-1] ERROR MessageUtil - adventureBossRankInfo is null
2023-11-24 18:49:00.005 [ScheduleThreadPool-test-thread-2] ERROR MessageUtil - adventureBossRankInfo is null
2023-11-24 18:50:00.012 [ScheduleThreadPool-test-thread-2] ERROR MessageUtil - adventureBossRankInfo is null
2023-11-24 18:51:00.005 [ScheduleThreadPool-test-thread-2] ERROR MessageUtil - adventureBossRankInfo is null
2023-11-24 18:52:00.005 [ScheduleThreadPool-test-thread-7] ERROR MessageUtil - adventureBossRankInfo is null
2023-11-24 18:53:00.005 [ScheduleThreadPool-test-thread-4] ERROR MessageUtil - adventureBossRankInfo is null
2023-11-24 18:54:00.005 [ScheduleThreadPool-test-thread-4] ERROR MessageUtil - adventureBossRankInfo is null
2023-11-24 18:55:00.005 [ScheduleThreadPool-test-thread-2] ERROR MessageUtil - adventureBossRankInfo is null
2023-11-24 18:56:00.005 [ScheduleThreadPool-test-thread-3] ERROR MessageUtil - adventureBossRankInfo is null
2023-11-24 18:57:00.005 [ScheduleThreadPool-test-thread-7] ERROR MessageUtil - adventureBossRankInfo is null
2023-11-24 18:58:00.005 [ScheduleThreadPool-test-thread-2] ERROR MessageUtil - adventureBossRankInfo is null
2023-11-24 18:59:00.005 [ScheduleThreadPool-test-thread-5] ERROR MessageUtil - adventureBossRankInfo is null
2023-11-24 19:00:00.005 [ScheduleThreadPool-test-thread-6] ERROR MessageUtil - adventureBossRankInfo is null
2023-11-24 19:01:00.005 [ScheduleThreadPool-test-thread-4] ERROR MessageUtil - adventureBossRankInfo is null
2023-11-24 19:02:00.005 [ScheduleThreadPool-test-thread-4] ERROR MessageUtil - adventureBossRankInfo is null
2023-11-24 19:03:00.005 [ScheduleThreadPool-test-thread-3] ERROR MessageUtil - adventureBossRankInfo is null
2023-11-24 19:04:00.005 [ScheduleThreadPool-test-thread-8] ERROR MessageUtil - adventureBossRankInfo is null
2023-11-24 19:05:00.005 [ScheduleThreadPool-test-thread-4] ERROR MessageUtil - adventureBossRankInfo is null
2023-11-24 19:06:00.005 [ScheduleThreadPool-test-thread-3] ERROR MessageUtil - adventureBossRankInfo is null
2023-11-24 19:07:00.005 [ScheduleThreadPool-test-thread-5] ERROR MessageUtil - adventureBossRankInfo is null
2023-11-24 19:08:00.006 [ScheduleThreadPool-test-thread-6] ERROR MessageUtil - adventureBossRankInfo is null
2023-11-24 19:09:00.005 [ScheduleThreadPool-test-thread-6] ERROR MessageUtil - adventureBossRankInfo is null
2023-11-24 19:10:00.006 [ScheduleThreadPool-test-thread-1] ERROR MessageUtil - adventureBossRankInfo is null
2023-11-24 19:11:00.005 [ScheduleThreadPool-test-thread-2] ERROR MessageUtil - adventureBossRankInfo is null
2023-11-24 19:12:00.005 [ScheduleThreadPool-test-thread-5] ERROR MessageUtil - adventureBossRankInfo is null
2023-11-24 19:13:00.007 [ScheduleThreadPool-test-thread-4] ERROR MessageUtil - adventureBossRankInfo is null
2023-11-24 19:14:00.005 [ScheduleThreadPool-test-thread-3] ERROR MessageUtil - adventureBossRankInfo is null
2023-11-24 19:15:00.005 [ScheduleThreadPool-test-thread-8] ERROR MessageUtil - adventureBossRankInfo is null
2023-11-24 19:16:00.006 [ScheduleThreadPool-test-thread-6] ERROR MessageUtil - adventureBossRankInfo is null
2023-11-24 19:17:00.005 [ScheduleThreadPool-test-thread-5] ERROR MessageUtil - adventureBossRankInfo is null
2023-11-24 19:18:00.005 [ScheduleThreadPool-test-thread-4] ERROR MessageUtil - adventureBossRankInfo is null
2023-11-24 19:19:00.005 [ScheduleThreadPool-test-thread-1] ERROR MessageUtil - adventureBossRankInfo is null
2023-11-24 19:20:00.005 [ScheduleThreadPool-test-thread-2] ERROR MessageUtil - adventureBossRankInfo is null
2023-11-24 19:21:00.005 [ScheduleThreadPool-test-thread-4] ERROR MessageUtil - adventureBossRankInfo is null
2023-11-24 19:22:00.006 [ScheduleThreadPool-test-thread-8] ERROR MessageUtil - adventureBossRankInfo is null
2023-11-24 19:23:00.005 [ScheduleThreadPool-test-thread-2] ERROR MessageUtil - adventureBossRankInfo is null
2023-11-24 19:24:00.005 [ScheduleThreadPool-test-thread-3] ERROR MessageUtil - adventureBossRankInfo is null
2023-11-24 19:25:00.005 [ScheduleThreadPool-test-thread-3] ERROR MessageUtil - adventureBossRankInfo is null
2023-11-24 19:26:00.008 [ScheduleThreadPool-test-thread-6] ERROR MessageUtil - adventureBossRankInfo is null
2023-11-24 19:27:00.005 [ScheduleThreadPool-test-thread-6] ERROR MessageUtil - adventureBossRankInfo is null
2023-11-24 19:28:00.007 [ScheduleThreadPool-test-thread-4] ERROR MessageUtil - adventureBossRankInfo is null
2023-11-24 19:29:00.005 [ScheduleThreadPool-test-thread-5] ERROR MessageUtil - adventureBossRankInfo is null
2023-11-24 19:30:00.005 [ScheduleThreadPool-test-thread-7] ERROR MessageUtil - adventureBossRankInfo is null
2023-11-24 19:31:00.007 [ScheduleThreadPool-test-thread-1] ERROR MessageUtil - adventureBossRankInfo is null
2023-11-24 19:32:00.005 [ScheduleThreadPool-test-thread-7] ERROR MessageUtil - adventureBossRankInfo is null
2023-11-24 19:33:00.006 [ScheduleThreadPool-test-thread-7] ERROR MessageUtil - adventureBossRankInfo is null
2023-11-24 19:34:00.005 [ScheduleThreadPool-test-thread-7] ERROR MessageUtil - adventureBossRankInfo is null
2023-11-24 19:35:00.005 [ScheduleThreadPool-test-thread-2] ERROR MessageUtil - adventureBossRankInfo is null
2023-11-24 19:36:00.005 [ScheduleThreadPool-test-thread-8] ERROR MessageUtil - adventureBossRankInfo is null
2023-11-24 19:37:00.005 [ScheduleThreadPool-test-thread-3] ERROR MessageUtil - adventureBossRankInfo is null
2023-11-24 19:38:00.005 [ScheduleThreadPool-test-thread-6] ERROR MessageUtil - adventureBossRankInfo is null
2023-11-24 19:39:00.005 [ScheduleThreadPool-test-thread-3] ERROR MessageUtil - adventureBossRankInfo is null
2023-11-24 19:40:00.005 [ScheduleThreadPool-test-thread-7] ERROR MessageUtil - adventureBossRankInfo is null
2023-11-24 19:41:00.005 [ScheduleThreadPool-test-thread-7] ERROR MessageUtil - adventureBossRankInfo is null
2023-11-24 19:41:08.007 [netty-2] ERROR SessionManager - offLine->uid=0
2023-11-24 19:42:00.006 [ScheduleThreadPool-test-thread-2] ERROR MessageUtil - adventureBossRankInfo is null
2023-11-24 19:43:00.004 [ScheduleThreadPool-test-thread-7] ERROR MessageUtil - adventureBossRankInfo is null
2023-11-24 19:44:00.009 [ScheduleThreadPool-test-thread-1] ERROR MessageUtil - adventureBossRankInfo is null
2023-11-24 19:45:00.005 [ScheduleThreadPool-test-thread-7] ERROR MessageUtil - adventureBossRankInfo is null
2023-11-24 19:46:00.005 [ScheduleThreadPool-test-thread-7] ERROR MessageUtil - adventureBossRankInfo is null
2023-11-24 19:47:00.005 [ScheduleThreadPool-test-thread-5] ERROR MessageUtil - adventureBossRankInfo is null
2023-11-24 19:48:00.004 [ScheduleThreadPool-test-thread-1] ERROR MessageUtil - adventureBossRankInfo is null
2023-11-24 19:48:48.242 [h-4] ERROR GMRequestHandler - gm commond is 10#1#0
2023-11-24 19:48:48.306 [h-4] ERROR GMRequestHandler - gm commond is 10#2#0
2023-11-24 19:48:48.406 [h-4] ERROR GMRequestHandler - gm commond is 10#3#0
2023-11-24 19:49:00.005 [ScheduleThreadPool-test-thread-5] ERROR MessageUtil - adventureBossRankInfo is null
2023-11-24 19:49:00.054 [h-4] ERROR GMRequestHandler - gm commond is 8#1#1
2023-11-24 19:50:00.005 [ScheduleThreadPool-test-thread-2] ERROR MessageUtil - adventureBossRankInfo is null
2023-11-24 19:51:00.005 [ScheduleThreadPool-test-thread-3] ERROR MessageUtil - adventureBossRankInfo is null
2023-11-24 19:52:00.005 [ScheduleThreadPool-test-thread-5] ERROR MessageUtil - adventureBossRankInfo is null
2023-11-24 19:53:00.005 [ScheduleThreadPool-test-thread-3] ERROR MessageUtil - adventureBossRankInfo is null
2023-11-24 19:54:00.004 [ScheduleThreadPool-test-thread-8] ERROR MessageUtil - adventureBossRankInfo is null
2023-11-24 19:55:00.005 [ScheduleThreadPool-test-thread-3] ERROR MessageUtil - adventureBossRankInfo is null
2023-11-24 19:56:00.005 [ScheduleThreadPool-test-thread-2] ERROR MessageUtil - adventureBossRankInfo is null
2023-11-24 19:57:00.005 [ScheduleThreadPool-test-thread-3] ERROR MessageUtil - adventureBossRankInfo is null
2023-11-24 19:57:10.540 [netty-3] ERROR SessionManager - 閲嶆柊鐧诲綍 new = dcdb74d1-8995-4410-ac9a-5df7d80d93cf
2023-11-24 19:57:12.656 [h-4] ERROR MongoUtil - the user=10001 not exists
2023-11-24 19:58:00.005 [ScheduleThreadPool-test-thread-4] ERROR MessageUtil - adventureBossRankInfo is null
2023-11-24 19:59:00.005 [ScheduleThreadPool-test-thread-7] ERROR MessageUtil - adventureBossRankInfo is null
2023-11-24 20:00:00.007 [ScheduleThreadPool-test-thread-4] ERROR MessageUtil - adventureBossRankInfo is null
2023-11-24 20:01:00.005 [ScheduleThreadPool-test-thread-6] ERROR MessageUtil - adventureBossRankInfo is null
2023-11-24 20:02:00.005 [ScheduleThreadPool-test-thread-7] ERROR MessageUtil - adventureBossRankInfo is null
2023-11-24 20:03:00.005 [ScheduleThreadPool-test-thread-3] ERROR MessageUtil - adventureBossRankInfo is null
2023-11-24 20:04:00.006 [ScheduleThreadPool-test-thread-8] ERROR MessageUtil - adventureBossRankInfo is null
2023-11-24 20:05:00.005 [ScheduleThreadPool-test-thread-6] ERROR MessageUtil - adventureBossRankInfo is null
2023-11-24 20:06:00.005 [ScheduleThreadPool-test-thread-7] ERROR MessageUtil - adventureBossRankInfo is null
2023-11-24 20:06:31.831 [netty-4] ERROR SessionManager - 閲嶆柊鐧诲綍 new = e85a8ed3-4365-49bd-b307-d0d8442b85ac
2023-11-24 20:06:33.168 [h-4] ERROR MongoUtil - the user=10001 not exists
2023-11-24 20:07:00.005 [ScheduleThreadPool-test-thread-2] ERROR MessageUtil - adventureBossRankInfo is null
2023-11-24 20:08:00.004 [ScheduleThreadPool-test-thread-3] ERROR MessageUtil - adventureBossRankInfo is null
2023-11-24 20:09:00.004 [ScheduleThreadPool-test-thread-8] ERROR MessageUtil - adventureBossRankInfo is null
2023-11-24 20:10:00.005 [ScheduleThreadPool-test-thread-3] ERROR MessageUtil - adventureBossRankInfo is null
2023-11-24 20:11:00.004 [ScheduleThreadPool-test-thread-8] ERROR MessageUtil - adventureBossRankInfo is null
2023-11-24 20:12:00.004 [ScheduleThreadPool-test-thread-5] ERROR MessageUtil - adventureBossRankInfo is null
2023-11-24 20:13:00.004 [ScheduleThreadPool-test-thread-7] ERROR MessageUtil - adventureBossRankInfo is null
2023-11-24 20:14:00.005 [ScheduleThreadPool-test-thread-4] ERROR MessageUtil - adventureBossRankInfo is null
2023-11-24 20:15:00.006 [ScheduleThreadPool-test-thread-3] ERROR MessageUtil - adventureBossRankInfo is null
2023-11-24 20:16:00.005 [ScheduleThreadPool-test-thread-4] ERROR MessageUtil - adventureBossRankInfo is null
2023-11-24 20:17:00.004 [ScheduleThreadPool-test-thread-4] ERROR MessageUtil - adventureBossRankInfo is null
2023-11-24 20:18:00.004 [ScheduleThreadPool-test-thread-1] ERROR MessageUtil - adventureBossRankInfo is null
2023-11-24 20:19:00.004 [ScheduleThreadPool-test-thread-3] ERROR MessageUtil - adventureBossRankInfo is null
2023-11-24 20:20:00.005 [ScheduleThreadPool-test-thread-6] ERROR MessageUtil - adventureBossRankInfo is null
2023-11-24 20:21:00.005 [ScheduleThreadPool-test-thread-1] ERROR MessageUtil - adventureBossRankInfo is null
2023-11-24 20:22:00.005 [ScheduleThreadPool-test-thread-3] ERROR MessageUtil - adventureBossRankInfo is null
2023-11-24 20:23:00.014 [ScheduleThreadPool-test-thread-7] ERROR MessageUtil - adventureBossRankInfo is null
2023-11-24 20:24:00.007 [ScheduleThreadPool-test-thread-7] ERROR MessageUtil - adventureBossRankInfo is null
2023-11-24 20:25:00.005 [ScheduleThreadPool-test-thread-5] ERROR MessageUtil - adventureBossRankInfo is null
2023-11-24 20:26:00.005 [ScheduleThreadPool-test-thread-8] ERROR MessageUtil - adventureBossRankInfo is null
2023-11-24 20:27:00.004 [ScheduleThreadPool-test-thread-1] ERROR MessageUtil - adventureBossRankInfo is null
2023-11-24 20:28:00.004 [ScheduleThreadPool-test-thread-6] ERROR MessageUtil - adventureBossRankInfo is null
2023-11-24 20:29:00.004 [ScheduleThreadPool-test-thread-3] ERROR MessageUtil - adventureBossRankInfo is null
2023-11-24 20:30:00.007 [ScheduleThreadPool-test-thread-2] ERROR MessageUtil - adventureBossRankInfo is null
2023-11-24 20:31:00.005 [ScheduleThreadPool-test-thread-4] ERROR MessageUtil - adventureBossRankInfo is null
2023-11-24 20:31:43.156 [netty-5] ERROR SessionManager - 閲嶆柊鐧诲綍 new = 6e2f7743-6886-4798-b537-19beb3b71ab5
2023-11-24 20:31:44.544 [h-4] ERROR MongoUtil - the user=10001 not exists
2023-11-24 20:32:00.004 [ScheduleThreadPool-test-thread-6] ERROR MessageUtil - adventureBossRankInfo is null
2023-11-24 20:33:00.004 [ScheduleThreadPool-test-thread-3] ERROR MessageUtil - adventureBossRankInfo is null
2023-11-24 20:34:00.004 [ScheduleThreadPool-test-thread-4] ERROR MessageUtil - adventureBossRankInfo is null
2023-11-24 20:35:00.005 [ScheduleThreadPool-test-thread-4] ERROR MessageUtil - adventureBossRankInfo is null
2023-11-24 20:36:00.007 [ScheduleThreadPool-test-thread-4] ERROR MessageUtil - adventureBossRankInfo is null
2023-11-24 20:37:00.004 [ScheduleThreadPool-test-thread-5] ERROR MessageUtil - adventureBossRankInfo is null
2023-11-24 20:38:00.005 [ScheduleThreadPool-test-thread-8] ERROR MessageUtil - adventureBossRankInfo is null
2023-11-24 20:39:00.005 [ScheduleThreadPool-test-thread-5] ERROR MessageUtil - adventureBossRankInfo is null
2023-11-24 20:40:00.005 [ScheduleThreadPool-test-thread-6] ERROR MessageUtil - adventureBossRankInfo is null
2023-11-24 20:41:00.005 [ScheduleThreadPool-test-thread-5] ERROR MessageUtil - adventureBossRankInfo is null
2023-11-24 20:42:00.005 [ScheduleThreadPool-test-thread-2] ERROR MessageUtil - adventureBossRankInfo is null
2023-11-24 20:43:00.004 [ScheduleThreadPool-test-thread-4] ERROR MessageUtil - adventureBossRankInfo is null
2023-11-24 20:44:06.955 [main] ERROR MongoUtil - the user=10001 not exists
2023-11-24 20:44:56.010 [main] ERROR MongoUtil - the user=10001 not exists
2023-11-24 20:45:00.127 [ScheduleThreadPool-test-thread-7] ERROR MessageUtil - adventureBossRankInfo is null
2023-11-24 20:45:07.814 [netty-1] ERROR SessionManager - 閲嶆柊鐧诲綍 new = bdee6a0b-ed68-4cba-9fa8-f83e2a4c141e
2023-11-24 20:45:10.716 [h-4] ERROR MongoUtil - the user=0 not exists
2023-11-24 20:45:12.651 [h-4] ERROR MongoUtil - the user=10001 not exists
2023-11-24 20:46:00.118 [ScheduleThreadPool-test-thread-3] ERROR MessageUtil - adventureBossRankInfo is null
2023-11-24 20:47:00.118 [ScheduleThreadPool-test-thread-4] ERROR MessageUtil - adventureBossRankInfo is null
2023-11-24 20:48:00.118 [ScheduleThreadPool-test-thread-7] ERROR MessageUtil - adventureBossRankInfo is null
2023-11-24 20:49:00.118 [ScheduleThreadPool-test-thread-4] ERROR MessageUtil - adventureBossRankInfo is null
2023-11-24 20:50:00.117 [ScheduleThreadPool-test-thread-7] ERROR MessageUtil - adventureBossRankInfo is null
2023-11-24 20:51:00.117 [ScheduleThreadPool-test-thread-5] ERROR MessageUtil - adventureBossRankInfo is null
2023-11-24 20:52:00.119 [ScheduleThreadPool-test-thread-7] ERROR MessageUtil - adventureBossRankInfo is null
2023-11-24 20:53:00.117 [ScheduleThreadPool-test-thread-8] ERROR MessageUtil - adventureBossRankInfo is null
2023-11-24 20:54:00.117 [ScheduleThreadPool-test-thread-3] ERROR MessageUtil - adventureBossRankInfo is null
2023-11-24 20:55:00.129 [ScheduleThreadPool-test-thread-6] ERROR MessageUtil - adventureBossRankInfo is null
2023-11-24 20:56:00.117 [ScheduleThreadPool-test-thread-5] ERROR MessageUtil - adventureBossRankInfo is null
2023-11-24 20:57:00.117 [ScheduleThreadPool-test-thread-5] ERROR MessageUtil - adventureBossRankInfo is null
2023-11-24 20:58:00.117 [ScheduleThreadPool-test-thread-2] ERROR MessageUtil - adventureBossRankInfo is null
2023-11-24 20:59:00.117 [ScheduleThreadPool-test-thread-5] ERROR MessageUtil - adventureBossRankInfo is null
2023-11-24 21:00:00.120 [ScheduleThreadPool-test-thread-4] ERROR MessageUtil - adventureBossRankInfo is null
2023-11-24 21:01:00.117 [ScheduleThreadPool-test-thread-2] ERROR MessageUtil - adventureBossRankInfo is null
2023-11-24 21:02:00.117 [ScheduleThreadPool-test-thread-2] ERROR MessageUtil - adventureBossRankInfo is null
2023-11-24 21:03:00.117 [ScheduleThreadPool-test-thread-2] ERROR MessageUtil - adventureBossRankInfo is null
2023-11-24 21:04:00.117 [ScheduleThreadPool-test-thread-5] ERROR MessageUtil - adventureBossRankInfo is null
2023-11-24 21:05:00.117 [ScheduleThreadPool-test-thread-4] ERROR MessageUtil - adventureBossRankInfo is null
2023-11-24 21:06:00.117 [ScheduleThreadPool-test-thread-6] ERROR MessageUtil - adventureBossRankInfo is null
2023-11-24 21:07:00.117 [ScheduleThreadPool-test-thread-8] ERROR MessageUtil - adventureBossRankInfo is null
2023-11-24 21:08:00.117 [ScheduleThreadPool-test-thread-4] ERROR MessageUtil - adventureBossRankInfo is null
2023-11-24 21:09:00.117 [ScheduleThreadPool-test-thread-2] ERROR MessageUtil - adventureBossRankInfo is null
2023-11-24 21:10:00.117 [ScheduleThreadPool-test-thread-4] ERROR MessageUtil - adventureBossRankInfo is null
2023-11-24 21:11:00.117 [ScheduleThreadPool-test-thread-7] ERROR MessageUtil - adventureBossRankInfo is null
2023-11-24 21:12:00.118 [ScheduleThreadPool-test-thread-7] ERROR MessageUtil - adventureBossRankInfo is null
2023-11-24 21:13:00.117 [ScheduleThreadPool-test-thread-6] ERROR MessageUtil - adventureBossRankInfo is null
2023-11-24 21:14:00.118 [ScheduleThreadPool-test-thread-1] ERROR MessageUtil - adventureBossRankInfo is null
2023-11-24 21:15:00.119 [ScheduleThreadPool-test-thread-7] ERROR MessageUtil - adventureBossRankInfo is null
2023-11-24 21:16:00.119 [ScheduleThreadPool-test-thread-5] ERROR MessageUtil - adventureBossRankInfo is null
2023-11-24 21:17:00.117 [ScheduleThreadPool-test-thread-7] ERROR MessageUtil - adventureBossRankInfo is null
2023-11-24 21:18:00.117 [ScheduleThreadPool-test-thread-8] ERROR MessageUtil - adventureBossRankInfo is null
2023-11-24 21:19:00.117 [ScheduleThreadPool-test-thread-2] ERROR MessageUtil - adventureBossRankInfo is null
2023-11-24 21:20:00.117 [ScheduleThreadPool-test-thread-4] ERROR MessageUtil - adventureBossRankInfo is null
2023-11-24 21:21:00.117 [ScheduleThreadPool-test-thread-7] ERROR MessageUtil - adventureBossRankInfo is null
2023-11-24 21:22:00.117 [ScheduleThreadPool-test-thread-1] ERROR MessageUtil - adventureBossRankInfo is null
2023-11-24 21:23:00.117 [ScheduleThreadPool-test-thread-7] ERROR MessageUtil - adventureBossRankInfo is null
2023-11-24 21:24:00.117 [ScheduleThreadPool-test-thread-2] ERROR MessageUtil - adventureBossRankInfo is null
2023-11-24 21:25:00.117 [ScheduleThreadPool-test-thread-3] ERROR MessageUtil - adventureBossRankInfo is null
2023-11-24 21:26:00.117 [ScheduleThreadPool-test-thread-5] ERROR MessageUtil - adventureBossRankInfo is null
2023-11-24 21:27:00.117 [ScheduleThreadPool-test-thread-3] ERROR MessageUtil - adventureBossRankInfo is null
2023-11-24 21:28:00.117 [ScheduleThreadPool-test-thread-6] ERROR MessageUtil - adventureBossRankInfo is null
2023-11-24 21:29:00.119 [ScheduleThreadPool-test-thread-7] ERROR MessageUtil - adventureBossRankInfo is null
2023-11-24 21:30:00.117 [ScheduleThreadPool-test-thread-8] ERROR MessageUtil - adventureBossRankInfo is null
2023-11-24 21:31:00.117 [ScheduleThreadPool-test-thread-7] ERROR MessageUtil - adventureBossRankInfo is null
2023-11-24 21:32:00.117 [ScheduleThreadPool-test-thread-4] ERROR MessageUtil - adventureBossRankInfo is null
2023-11-24 21:33:00.119 [ScheduleThreadPool-test-thread-8] ERROR MessageUtil - adventureBossRankInfo is null
2023-11-24 21:34:00.117 [ScheduleThreadPool-test-thread-2] ERROR MessageUtil - adventureBossRankInfo is null
2023-11-24 21:35:00.117 [ScheduleThreadPool-test-thread-2] ERROR MessageUtil - adventureBossRankInfo is null
2023-11-24 21:36:00.117 [ScheduleThreadPool-test-thread-2] ERROR MessageUtil - adventureBossRankInfo is null
2023-11-24 21:37:00.122 [ScheduleThreadPool-test-thread-4] ERROR MessageUtil - adventureBossRankInfo is null
2023-11-24 21:38:00.119 [ScheduleThreadPool-test-thread-3] ERROR MessageUtil - adventureBossRankInfo is null
2023-11-24 21:39:00.117 [ScheduleThreadPool-test-thread-7] ERROR MessageUtil - adventureBossRankInfo is null
2023-11-24 21:40:00.117 [ScheduleThreadPool-test-thread-6] ERROR MessageUtil - adventureBossRankInfo is null
2023-11-24 21:41:00.117 [ScheduleThreadPool-test-thread-8] ERROR MessageUtil - adventureBossRankInfo is null
2023-11-24 21:42:00.117 [ScheduleThreadPool-test-thread-4] ERROR MessageUtil - adventureBossRankInfo is null
2023-11-24 21:43:00.117 [ScheduleThreadPool-test-thread-6] ERROR MessageUtil - adventureBossRankInfo is null
2023-11-24 21:44:00.117 [ScheduleThreadPool-test-thread-3] ERROR MessageUtil - adventureBossRankInfo is null
2023-11-24 21:45:00.117 [ScheduleThreadPool-test-thread-4] ERROR MessageUtil - adventureBossRankInfo is null
2023-11-24 21:46:00.117 [ScheduleThreadPool-test-thread-2] ERROR MessageUtil - adventureBossRankInfo is null
2023-11-24 21:47:00.117 [ScheduleThreadPool-test-thread-5] ERROR MessageUtil - adventureBossRankInfo is null
2023-11-24 21:48:00.117 [ScheduleThreadPool-test-thread-5] ERROR MessageUtil - adventureBossRankInfo is null
2023-11-24 21:49:00.117 [ScheduleThreadPool-test-thread-6] ERROR MessageUtil - adventureBossRankInfo is null
2023-11-24 21:50:00.117 [ScheduleThreadPool-test-thread-4] ERROR MessageUtil - adventureBossRankInfo is null
2023-11-24 21:51:00.117 [ScheduleThreadPool-test-thread-6] ERROR MessageUtil - adventureBossRankInfo is null
2023-11-24 21:52:00.117 [ScheduleThreadPool-test-thread-1] ERROR MessageUtil - adventureBossRankInfo is null
2023-11-24 21:53:00.117 [ScheduleThreadPool-test-thread-1] ERROR MessageUtil - adventureBossRankInfo is null
2023-11-24 21:54:00.117 [ScheduleThreadPool-test-thread-4] ERROR MessageUtil - adventureBossRankInfo is null
2023-11-24 21:55:00.117 [ScheduleThreadPool-test-thread-3] ERROR MessageUtil - adventureBossRankInfo is null
2023-11-24 21:56:00.116 [ScheduleThreadPool-test-thread-2] ERROR MessageUtil - adventureBossRankInfo is null
2023-11-24 21:57:00.118 [ScheduleThreadPool-test-thread-6] ERROR MessageUtil - adventureBossRankInfo is null
2023-11-24 21:58:00.117 [ScheduleThreadPool-test-thread-5] ERROR MessageUtil - adventureBossRankInfo is null
2023-11-24 21:59:00.118 [ScheduleThreadPool-test-thread-8] ERROR MessageUtil - adventureBossRankInfo is null
2023-11-24 22:00:00.128 [ScheduleThreadPool-test-thread-8] ERROR MessageUtil - adventureBossRankInfo is null
2023-11-24 22:01:00.116 [ScheduleThreadPool-test-thread-4] ERROR MessageUtil - adventureBossRankInfo is null
2023-11-24 22:02:00.117 [ScheduleThreadPool-test-thread-3] ERROR MessageUtil - adventureBossRankInfo is null
2023-11-24 22:03:00.117 [ScheduleThreadPool-test-thread-3] ERROR MessageUtil - adventureBossRankInfo is null
2023-11-24 22:04:00.117 [ScheduleThreadPool-test-thread-2] ERROR MessageUtil - adventureBossRankInfo is null
2023-11-24 22:05:00.116 [ScheduleThreadPool-test-thread-8] ERROR MessageUtil - adventureBossRankInfo is null
2023-11-24 22:06:00.117 [ScheduleThreadPool-test-thread-2] ERROR MessageUtil - adventureBossRankInfo is null
2023-11-24 22:07:00.117 [ScheduleThreadPool-test-thread-1] ERROR MessageUtil - adventureBossRankInfo is null
2023-11-24 22:08:00.117 [ScheduleThreadPool-test-thread-5] ERROR MessageUtil - adventureBossRankInfo is null
2023-11-24 22:09:00.117 [ScheduleThreadPool-test-thread-4] ERROR MessageUtil - adventureBossRankInfo is null
2023-11-24 22:10:00.117 [ScheduleThreadPool-test-thread-5] ERROR MessageUtil - adventureBossRankInfo is null
2023-11-24 22:11:00.116 [ScheduleThreadPool-test-thread-6] ERROR MessageUtil - adventureBossRankInfo is null
2023-11-24 22:12:00.117 [ScheduleThreadPool-test-thread-1] ERROR MessageUtil - adventureBossRankInfo is null
2023-11-24 22:13:00.117 [ScheduleThreadPool-test-thread-6] ERROR MessageUtil - adventureBossRankInfo is null
2023-11-24 22:14:00.117 [ScheduleThreadPool-test-thread-7] ERROR MessageUtil - adventureBossRankInfo is null
2023-11-24 22:15:00.123 [ScheduleThreadPool-test-thread-7] ERROR MessageUtil - adventureBossRankInfo is null
2023-11-24 22:16:00.117 [ScheduleThreadPool-test-thread-5] ERROR MessageUtil - adventureBossRankInfo is null
2023-11-24 22:17:00.120 [ScheduleThreadPool-test-thread-2] ERROR MessageUtil - adventureBossRankInfo is null
2023-11-24 22:18:00.117 [ScheduleThreadPool-test-thread-6] ERROR MessageUtil - adventureBossRankInfo is null
2023-11-24 22:19:00.117 [ScheduleThreadPool-test-thread-3] ERROR MessageUtil - adventureBossRankInfo is null
2023-11-24 22:20:00.116 [ScheduleThreadPool-test-thread-6] ERROR MessageUtil - adventureBossRankInfo is null
2023-11-24 22:21:00.124 [ScheduleThreadPool-test-thread-5] ERROR MessageUtil - adventureBossRankInfo is null
2023-11-24 22:22:00.118 [ScheduleThreadPool-test-thread-5] ERROR MessageUtil - adventureBossRankInfo is null
2023-11-24 22:23:00.125 [ScheduleThreadPool-test-thread-8] ERROR MessageUtil - adventureBossRankInfo is null
2023-11-24 22:24:00.117 [ScheduleThreadPool-test-thread-8] ERROR MessageUtil - adventureBossRankInfo is null
2023-11-24 22:25:00.117 [ScheduleThreadPool-test-thread-8] ERROR MessageUtil - adventureBossRankInfo is null
2023-11-24 22:26:00.117 [ScheduleThreadPool-test-thread-7] ERROR MessageUtil - adventureBossRankInfo is null
2023-11-24 22:27:00.116 [ScheduleThreadPool-test-thread-2] ERROR MessageUtil - adventureBossRankInfo is null
2023-11-24 22:28:00.116 [ScheduleThreadPool-test-thread-7] ERROR MessageUtil - adventureBossRankInfo is null
2023-11-24 22:29:00.117 [ScheduleThreadPool-test-thread-8] ERROR MessageUtil - adventureBossRankInfo is null
2023-11-24 22:30:00.118 [ScheduleThreadPool-test-thread-2] ERROR MessageUtil - adventureBossRankInfo is null
2023-11-24 22:31:00.116 [ScheduleThreadPool-test-thread-2] ERROR MessageUtil - adventureBossRankInfo is null
2023-11-24 22:32:00.116 [ScheduleThreadPool-test-thread-6] ERROR MessageUtil - adventureBossRankInfo is null
2023-11-24 22:33:00.116 [ScheduleThreadPool-test-thread-2] ERROR MessageUtil - adventureBossRankInfo is null
2023-11-24 22:34:00.117 [ScheduleThreadPool-test-thread-1] ERROR MessageUtil - adventureBossRankInfo is null
2023-11-24 22:35:00.116 [ScheduleThreadPool-test-thread-7] ERROR MessageUtil - adventureBossRankInfo is null
2023-11-24 22:36:00.117 [ScheduleThreadPool-test-thread-1] ERROR MessageUtil - adventureBossRankInfo is null
2023-11-24 22:37:00.116 [ScheduleThreadPool-test-thread-5] ERROR MessageUtil - adventureBossRankInfo is null
2023-11-24 22:38:00.116 [ScheduleThreadPool-test-thread-2] ERROR MessageUtil - adventureBossRankInfo is null
2023-11-24 22:39:00.119 [ScheduleThreadPool-test-thread-6] ERROR MessageUtil - adventureBossRankInfo is null
2023-11-24 22:40:00.117 [ScheduleThreadPool-test-thread-3] ERROR MessageUtil - adventureBossRankInfo is null
2023-11-24 22:41:00.117 [ScheduleThreadPool-test-thread-2] ERROR MessageUtil - adventureBossRankInfo is null
2023-11-24 22:42:00.118 [ScheduleThreadPool-test-thread-1] ERROR MessageUtil - adventureBossRankInfo is null
2023-11-24 22:43:00.117 [ScheduleThreadPool-test-thread-4] ERROR MessageUtil - adventureBossRankInfo is null
2023-11-24 22:44:00.117 [ScheduleThreadPool-test-thread-3] ERROR MessageUtil - adventureBossRankInfo is null
2023-11-24 22:45:00.116 [ScheduleThreadPool-test-thread-8] ERROR MessageUtil - adventureBossRankInfo is null
2023-11-24 22:46:00.117 [ScheduleThreadPool-test-thread-2] ERROR MessageUtil - adventureBossRankInfo is null
2023-11-24 22:47:00.116 [ScheduleThreadPool-test-thread-2] ERROR MessageUtil - adventureBossRankInfo is null
2023-11-24 22:48:00.117 [ScheduleThreadPool-test-thread-4] ERROR MessageUtil - adventureBossRankInfo is null
2023-11-24 22:49:00.120 [ScheduleThreadPool-test-thread-4] ERROR MessageUtil - adventureBossRankInfo is null
2023-11-24 22:50:00.116 [ScheduleThreadPool-test-thread-1] ERROR MessageUtil - adventureBossRankInfo is null
2023-11-24 22:51:00.116 [ScheduleThreadPool-test-thread-1] ERROR MessageUtil - adventureBossRankInfo is null
2023-11-24 22:52:00.117 [ScheduleThreadPool-test-thread-8] ERROR MessageUtil - adventureBossRankInfo is null
2023-11-24 22:53:00.116 [ScheduleThreadPool-test-thread-5] ERROR MessageUtil - adventureBossRankInfo is null
2023-11-24 22:54:00.119 [ScheduleThreadPool-test-thread-2] ERROR MessageUtil - adventureBossRankInfo is null
2023-11-24 22:55:00.116 [ScheduleThreadPool-test-thread-2] ERROR MessageUtil - adventureBossRankInfo is null
2023-11-24 22:56:00.116 [ScheduleThreadPool-test-thread-6] ERROR MessageUtil - adventureBossRankInfo is null
2023-11-24 22:57:00.116 [ScheduleThreadPool-test-thread-4] ERROR MessageUtil - adventureBossRankInfo is null
2023-11-24 22:58:00.116 [ScheduleThreadPool-test-thread-1] ERROR MessageUtil - adventureBossRankInfo is null
2023-11-24 22:59:00.116 [ScheduleThreadPool-test-thread-7] ERROR MessageUtil - adventureBossRankInfo is null
2023-11-24 23:00:00.116 [ScheduleThreadPool-test-thread-1] ERROR MessageUtil - adventureBossRankInfo is null
2023-11-24 23:01:00.116 [ScheduleThreadPool-test-thread-3] ERROR MessageUtil - adventureBossRankInfo is null
2023-11-24 23:02:00.116 [ScheduleThreadPool-test-thread-3] ERROR MessageUtil - adventureBossRankInfo is null
2023-11-24 23:03:00.126 [ScheduleThreadPool-test-thread-1] ERROR MessageUtil - adventureBossRankInfo is null
2023-11-24 23:04:00.116 [ScheduleThreadPool-test-thread-3] ERROR MessageUtil - adventureBossRankInfo is null
2023-11-24 23:05:00.116 [ScheduleThreadPool-test-thread-3] ERROR MessageUtil - adventureBossRankInfo is null
2023-11-24 23:06:00.116 [ScheduleThreadPool-test-thread-1] ERROR MessageUtil - adventureBossRankInfo is null
2023-11-24 23:07:00.116 [ScheduleThreadPool-test-thread-1] ERROR MessageUtil - adventureBossRankInfo is null
2023-11-24 23:08:00.116 [ScheduleThreadPool-test-thread-1] ERROR MessageUtil - adventureBossRankInfo is null
2023-11-24 23:09:00.116 [ScheduleThreadPool-test-thread-6] ERROR MessageUtil - adventureBossRankInfo is null
2023-11-24 23:10:00.116 [ScheduleThreadPool-test-thread-1] ERROR MessageUtil - adventureBossRankInfo is null
2023-11-24 23:11:00.116 [ScheduleThreadPool-test-thread-6] ERROR MessageUtil - adventureBossRankInfo is null
2023-11-24 23:12:00.116 [ScheduleThreadPool-test-thread-5] ERROR MessageUtil - adventureBossRankInfo is null
2023-11-24 23:13:00.116 [ScheduleThreadPool-test-thread-4] ERROR MessageUtil - adventureBossRankInfo is null
2023-11-24 23:14:00.116 [ScheduleThreadPool-test-thread-6] ERROR MessageUtil - adventureBossRankInfo is null
2023-11-24 23:15:00.116 [ScheduleThreadPool-test-thread-6] ERROR MessageUtil - adventureBossRankInfo is null
2023-11-24 23:16:00.116 [ScheduleThreadPool-test-thread-3] ERROR MessageUtil - adventureBossRankInfo is null
2023-11-24 23:17:00.116 [ScheduleThreadPool-test-thread-6] ERROR MessageUtil - adventureBossRankInfo is null
2023-11-24 23:18:00.116 [ScheduleThreadPool-test-thread-7] ERROR MessageUtil - adventureBossRankInfo is null
2023-11-24 23:19:00.116 [ScheduleThreadPool-test-thread-4] ERROR MessageUtil - adventureBossRankInfo is null
2023-11-24 23:20:00.116 [ScheduleThreadPool-test-thread-7] ERROR MessageUtil - adventureBossRankInfo is null
2023-11-24 23:21:00.116 [ScheduleThreadPool-test-thread-3] ERROR MessageUtil - adventureBossRankInfo is null
2023-11-24 23:22:00.117 [ScheduleThreadPool-test-thread-2] ERROR MessageUtil - adventureBossRankInfo is null
2023-11-24 23:23:00.116 [ScheduleThreadPool-test-thread-7] ERROR MessageUtil - adventureBossRankInfo is null
2023-11-24 23:24:00.116 [ScheduleThreadPool-test-thread-4] ERROR MessageUtil - adventureBossRankInfo is null
2023-11-24 23:25:00.119 [ScheduleThreadPool-test-thread-2] ERROR MessageUtil - adventureBossRankInfo is null
2023-11-24 23:26:00.116 [ScheduleThreadPool-test-thread-1] ERROR MessageUtil - adventureBossRankInfo is null
2023-11-24 23:27:00.116 [ScheduleThreadPool-test-thread-3] ERROR MessageUtil - adventureBossRankInfo is null
2023-11-24 23:28:00.116 [ScheduleThreadPool-test-thread-3] ERROR MessageUtil - adventureBossRankInfo is null
2023-11-24 23:29:00.117 [ScheduleThreadPool-test-thread-1] ERROR MessageUtil - adventureBossRankInfo is null
2023-11-24 23:30:00.118 [ScheduleThreadPool-test-thread-2] ERROR MessageUtil - adventureBossRankInfo is null
2023-11-24 23:31:00.117 [ScheduleThreadPool-test-thread-8] ERROR MessageUtil - adventureBossRankInfo is null
2023-11-24 23:32:00.116 [ScheduleThreadPool-test-thread-8] ERROR MessageUtil - adventureBossRankInfo is null
2023-11-24 23:33:00.116 [ScheduleThreadPool-test-thread-3] ERROR MessageUtil - adventureBossRankInfo is null
2023-11-24 23:34:00.116 [ScheduleThreadPool-test-thread-6] ERROR MessageUtil - adventureBossRankInfo is null
2023-11-24 23:35:00.116 [ScheduleThreadPool-test-thread-2] ERROR MessageUtil - adventureBossRankInfo is null
2023-11-24 23:36:00.116 [ScheduleThreadPool-test-thread-4] ERROR MessageUtil - adventureBossRankInfo is null
2023-11-24 23:37:00.116 [ScheduleThreadPool-test-thread-1] ERROR MessageUtil - adventureBossRankInfo is null
2023-11-24 23:38:00.116 [ScheduleThreadPool-test-thread-6] ERROR MessageUtil - adventureBossRankInfo is null
2023-11-24 23:39:00.116 [ScheduleThreadPool-test-thread-2] ERROR MessageUtil - adventureBossRankInfo is null
2023-11-24 23:40:00.117 [ScheduleThreadPool-test-thread-5] ERROR MessageUtil - adventureBossRankInfo is null
2023-11-24 23:41:00.116 [ScheduleThreadPool-test-thread-1] ERROR MessageUtil - adventureBossRankInfo is null
2023-11-24 23:42:00.117 [ScheduleThreadPool-test-thread-2] ERROR MessageUtil - adventureBossRankInfo is null
2023-11-24 23:43:00.117 [ScheduleThreadPool-test-thread-5] ERROR MessageUtil - adventureBossRankInfo is null
2023-11-24 23:44:00.116 [ScheduleThreadPool-test-thread-4] ERROR MessageUtil - adventureBossRankInfo is null
2023-11-24 23:45:00.116 [ScheduleThreadPool-test-thread-1] ERROR MessageUtil - adventureBossRankInfo is null
2023-11-24 23:46:00.116 [ScheduleThreadPool-test-thread-2] ERROR MessageUtil - adventureBossRankInfo is null
2023-11-24 23:47:00.116 [ScheduleThreadPool-test-thread-5] ERROR MessageUtil - adventureBossRankInfo is null
2023-11-24 23:48:00.116 [ScheduleThreadPool-test-thread-3] ERROR MessageUtil - adventureBossRankInfo is null
2023-11-24 23:49:00.116 [ScheduleThreadPool-test-thread-8] ERROR MessageUtil - adventureBossRankInfo is null
2023-11-24 23:50:00.117 [ScheduleThreadPool-test-thread-5] ERROR MessageUtil - adventureBossRankInfo is null
2023-11-24 23:51:00.117 [ScheduleThreadPool-test-thread-1] ERROR MessageUtil - adventureBossRankInfo is null
2023-11-24 23:52:00.116 [ScheduleThreadPool-test-thread-2] ERROR MessageUtil - adventureBossRankInfo is null
2023-11-24 23:53:00.116 [ScheduleThreadPool-test-thread-5] ERROR MessageUtil - adventureBossRankInfo is null
2023-11-24 23:54:00.116 [ScheduleThreadPool-test-thread-2] ERROR MessageUtil - adventureBossRankInfo is null
2023-11-24 23:55:00.117 [ScheduleThreadPool-test-thread-2] ERROR MessageUtil - adventureBossRankInfo is null
2023-11-24 23:56:00.116 [ScheduleThreadPool-test-thread-5] ERROR MessageUtil - adventureBossRankInfo is null
2023-11-24 23:57:00.117 [ScheduleThreadPool-test-thread-3] ERROR MessageUtil - adventureBossRankInfo is null
2023-11-24 23:58:00.116 [ScheduleThreadPool-test-thread-3] ERROR MessageUtil - adventureBossRankInfo is null
2023-11-24 23:59:00.117 [ScheduleThreadPool-test-thread-5] ERROR MessageUtil - adventureBossRankInfo is null
2023-11-24 23:59:00.120 [ScheduleThreadPool-test-thread-6] ERROR ThriftFactory - connect failed, services isRPC_GLOBAL host127.0.0.1 port17080 exception={}
org.apache.thrift.transport.TTransportException: java.net.ConnectException: 拒绝连接 (Connection refused)
	at org.apache.thrift.transport.TSocket.open(TSocket.java:187)
	at com.ljsd.jieling.thrift.pool.ThriftFactory.create0(ThriftFactory.java:71)
	at com.ljsd.jieling.thrift.pool.ThriftFactory.create(ThriftFactory.java:48)
	at com.ljsd.jieling.thrift.pool.ThriftFactory.create(ThriftFactory.java:38)
	at org.apache.commons.pool2.BaseKeyedPooledObjectFactory.makeObject(BaseKeyedPooledObjectFactory.java:62)
	at com.ljsd.jieling.thrift.pool.ThriftFactory.makeObject(ThriftFactory.java:114)
	at com.ljsd.jieling.thrift.pool.ThriftFactory.makeObject(ThriftFactory.java:38)
	at org.apache.commons.pool2.impl.GenericKeyedObjectPool.create(GenericKeyedObjectPool.java:1041)
	at org.apache.commons.pool2.impl.GenericKeyedObjectPool.borrowObject(GenericKeyedObjectPool.java:357)
	at org.apache.commons.pool2.impl.GenericKeyedObjectPool.borrowObject(GenericKeyedObjectPool.java:279)
	at com.ljsd.jieling.thrift.pool.ClientAdapterPo.getClientAdapterPo(ClientAdapterPo.java:32)
	at com.ljsd.jieling.network.server.GlobalidHelper.getWorldInfo(GlobalidHelper.java:73)
	at com.ljsd.jieling.logic.arena.arenaworld.ArenaWorldLogic.close(ArenaWorldLogic.java:61)
	at com.ljsd.jieling.core.function.WorldArenaFunction.closeAction(WorldArenaFunction.java:72)
	at com.ljsd.jieling.logic.GlobalDataManaager.closeAction(GlobalDataManaager.java:232)
	at com.ljsd.jieling.logic.GlobalDataManaager.checkSystemFunctioIsOpen(GlobalDataManaager.java:205)
	at com.ljsd.jieling.thread.task.SecondsTask.run(SecondsTask.java:20)
	at java.util.concurrent.Executors$RunnableAdapter.call(Executors.java:511)
	at java.util.concurrent.FutureTask.runAndReset(FutureTask.java:308)
	at java.util.concurrent.ScheduledThreadPoolExecutor$ScheduledFutureTask.access$301(ScheduledThreadPoolExecutor.java:180)
	at java.util.concurrent.ScheduledThreadPoolExecutor$ScheduledFutureTask.run(ScheduledThreadPoolExecutor.java:294)
	at java.util.concurrent.ThreadPoolExecutor.runWorker(ThreadPoolExecutor.java:1149)
	at java.util.concurrent.ThreadPoolExecutor$Worker.run(ThreadPoolExecutor.java:624)
	at java.lang.Thread.run(Thread.java:750)
Caused by: java.net.ConnectException: 拒绝连接 (Connection refused)
	at java.net.PlainSocketImpl.socketConnect(Native Method)
	at java.net.AbstractPlainSocketImpl.doConnect(AbstractPlainSocketImpl.java:350)
	at java.net.AbstractPlainSocketImpl.connectToAddress(AbstractPlainSocketImpl.java:206)
	at java.net.AbstractPlainSocketImpl.connect(AbstractPlainSocketImpl.java:188)
	at java.net.SocksSocketImpl.connect(SocksSocketImpl.java:392)
	at java.net.Socket.connect(Socket.java:607)
	at org.apache.thrift.transport.TSocket.open(TSocket.java:182)
	... 23 common frames omitted
2023-11-24 23:59:00.122 [ScheduleThreadPool-test-thread-6] ERROR SecondsTask - e
java.lang.NullPointerException: null
	at com.ljsd.jieling.logic.arena.arenaworld.ArenaWorldLogic.close(ArenaWorldLogic.java:61)
	at com.ljsd.jieling.core.function.WorldArenaFunction.closeAction(WorldArenaFunction.java:72)
	at com.ljsd.jieling.logic.GlobalDataManaager.closeAction(GlobalDataManaager.java:232)
	at com.ljsd.jieling.logic.GlobalDataManaager.checkSystemFunctioIsOpen(GlobalDataManaager.java:205)
	at com.ljsd.jieling.thread.task.SecondsTask.run(SecondsTask.java:20)
	at java.util.concurrent.Executors$RunnableAdapter.call(Executors.java:511)
	at java.util.concurrent.FutureTask.runAndReset(FutureTask.java:308)
	at java.util.concurrent.ScheduledThreadPoolExecutor$ScheduledFutureTask.access$301(ScheduledThreadPoolExecutor.java:180)
	at java.util.concurrent.ScheduledThreadPoolExecutor$ScheduledFutureTask.run(ScheduledThreadPoolExecutor.java:294)
	at java.util.concurrent.ThreadPoolExecutor.runWorker(ThreadPoolExecutor.java:1149)
	at java.util.concurrent.ThreadPoolExecutor$Worker.run(ThreadPoolExecutor.java:624)
	at java.lang.Thread.run(Thread.java:750)
