2024-07-13 00:00:00.103 [ScheduleThreadPool-test-thread-3] ERROR MessageUtil - adventureBossRankInfo is null
2024-07-13 00:01:00.089 [ScheduleThreadPool-test-thread-8] ERROR MessageUtil - adventureBossRankInfo is null
2024-07-13 00:02:00.086 [ScheduleThreadPool-test-thread-7] ERROR MessageUtil - adventureBossRankInfo is null
2024-07-13 00:03:00.094 [ScheduleThreadPool-test-thread-6] ERROR MessageUtil - adventureBossRankInfo is null
2024-07-13 00:04:00.103 [ScheduleThreadPool-test-thread-4] ERROR MessageUtil - adventureBossRankInfo is null
2024-07-13 00:05:00.086 [ScheduleThreadPool-test-thread-5] ERROR MessageUtil - adventureBossRankInfo is null
2024-07-13 00:06:00.085 [ScheduleThreadPool-test-thread-2] ERROR MessageUtil - adventureBossRankInfo is null
2024-07-13 00:07:00.086 [ScheduleThreadPool-test-thread-5] ERROR MessageUtil - adventureBossRankInfo is null
2024-07-13 00:08:00.087 [ScheduleThreadPool-test-thread-5] ERROR MessageUtil - adventureBossRankInfo is null
2024-07-13 00:09:00.086 [ScheduleThreadPool-test-thread-7] ERROR MessageUtil - adventureBossRankInfo is null
2024-07-13 00:10:00.090 [ScheduleThreadPool-test-thread-3] ERROR MessageUtil - adventureBossRankInfo is null
2024-07-13 00:11:00.088 [ScheduleThreadPool-test-thread-4] ERROR MessageUtil - adventureBossRankInfo is null
2024-07-13 00:12:00.086 [ScheduleThreadPool-test-thread-7] ERROR MessageUtil - adventureBossRankInfo is null
2024-07-13 00:13:00.086 [ScheduleThreadPool-test-thread-8] ERROR MessageUtil - adventureBossRankInfo is null
2024-07-13 00:14:00.086 [ScheduleThreadPool-test-thread-2] ERROR MessageUtil - adventureBossRankInfo is null
2024-07-13 00:15:00.086 [ScheduleThreadPool-test-thread-3] ERROR MessageUtil - adventureBossRankInfo is null
2024-07-13 00:16:00.085 [ScheduleThreadPool-test-thread-4] ERROR MessageUtil - adventureBossRankInfo is null
2024-07-13 00:17:00.086 [ScheduleThreadPool-test-thread-5] ERROR MessageUtil - adventureBossRankInfo is null
2024-07-13 00:18:00.087 [ScheduleThreadPool-test-thread-2] ERROR MessageUtil - adventureBossRankInfo is null
2024-07-13 00:19:00.111 [ScheduleThreadPool-test-thread-2] ERROR MessageUtil - adventureBossRankInfo is null
2024-07-13 00:20:00.088 [ScheduleThreadPool-test-thread-4] ERROR MessageUtil - adventureBossRankInfo is null
2024-07-13 00:21:00.086 [ScheduleThreadPool-test-thread-6] ERROR MessageUtil - adventureBossRankInfo is null
2024-07-13 00:22:00.087 [ScheduleThreadPool-test-thread-3] ERROR MessageUtil - adventureBossRankInfo is null
2024-07-13 00:23:00.084 [ScheduleThreadPool-test-thread-4] ERROR MessageUtil - adventureBossRankInfo is null
2024-07-13 00:24:00.107 [ScheduleThreadPool-test-thread-4] ERROR MessageUtil - adventureBossRankInfo is null
2024-07-13 00:25:00.083 [ScheduleThreadPool-test-thread-3] ERROR MessageUtil - adventureBossRankInfo is null
2024-07-13 00:26:00.084 [ScheduleThreadPool-test-thread-8] ERROR MessageUtil - adventureBossRankInfo is null
2024-07-13 00:27:00.085 [ScheduleThreadPool-test-thread-4] ERROR MessageUtil - adventureBossRankInfo is null
2024-07-13 00:28:00.085 [ScheduleThreadPool-test-thread-3] ERROR MessageUtil - adventureBossRankInfo is null
2024-07-13 00:29:00.084 [ScheduleThreadPool-test-thread-2] ERROR MessageUtil - adventureBossRankInfo is null
2024-07-13 00:30:00.084 [ScheduleThreadPool-test-thread-2] ERROR MessageUtil - adventureBossRankInfo is null
2024-07-13 00:31:00.083 [ScheduleThreadPool-test-thread-3] ERROR MessageUtil - adventureBossRankInfo is null
2024-07-13 00:32:00.083 [ScheduleThreadPool-test-thread-8] ERROR MessageUtil - adventureBossRankInfo is null
2024-07-13 00:33:00.083 [ScheduleThreadPool-test-thread-5] ERROR MessageUtil - adventureBossRankInfo is null
2024-07-13 00:34:00.085 [ScheduleThreadPool-test-thread-7] ERROR MessageUtil - adventureBossRankInfo is null
2024-07-13 00:35:00.084 [ScheduleThreadPool-test-thread-8] ERROR MessageUtil - adventureBossRankInfo is null
2024-07-13 00:36:00.085 [ScheduleThreadPool-test-thread-3] ERROR MessageUtil - adventureBossRankInfo is null
2024-07-13 00:37:00.085 [ScheduleThreadPool-test-thread-4] ERROR MessageUtil - adventureBossRankInfo is null
2024-07-13 00:38:00.085 [ScheduleThreadPool-test-thread-8] ERROR MessageUtil - adventureBossRankInfo is null
2024-07-13 00:39:00.085 [ScheduleThreadPool-test-thread-2] ERROR MessageUtil - adventureBossRankInfo is null
2024-07-13 00:40:00.085 [ScheduleThreadPool-test-thread-7] ERROR MessageUtil - adventureBossRankInfo is null
2024-07-13 00:41:00.085 [ScheduleThreadPool-test-thread-4] ERROR MessageUtil - adventureBossRankInfo is null
2024-07-13 00:42:00.086 [ScheduleThreadPool-test-thread-7] ERROR MessageUtil - adventureBossRankInfo is null
2024-07-13 00:43:00.085 [ScheduleThreadPool-test-thread-5] ERROR MessageUtil - adventureBossRankInfo is null
2024-07-13 00:44:00.086 [ScheduleThreadPool-test-thread-6] ERROR MessageUtil - adventureBossRankInfo is null
2024-07-13 00:45:00.086 [ScheduleThreadPool-test-thread-2] ERROR MessageUtil - adventureBossRankInfo is null
2024-07-13 00:46:00.086 [ScheduleThreadPool-test-thread-6] ERROR MessageUtil - adventureBossRankInfo is null
2024-07-13 00:47:00.085 [ScheduleThreadPool-test-thread-2] ERROR MessageUtil - adventureBossRankInfo is null
2024-07-13 00:48:00.085 [ScheduleThreadPool-test-thread-7] ERROR MessageUtil - adventureBossRankInfo is null
2024-07-13 00:49:00.084 [ScheduleThreadPool-test-thread-6] ERROR MessageUtil - adventureBossRankInfo is null
2024-07-13 00:50:00.086 [ScheduleThreadPool-test-thread-8] ERROR MessageUtil - adventureBossRankInfo is null
2024-07-13 00:51:00.085 [ScheduleThreadPool-test-thread-4] ERROR MessageUtil - adventureBossRankInfo is null
2024-07-13 00:52:00.085 [ScheduleThreadPool-test-thread-6] ERROR MessageUtil - adventureBossRankInfo is null
2024-07-13 00:53:00.085 [ScheduleThreadPool-test-thread-4] ERROR MessageUtil - adventureBossRankInfo is null
2024-07-13 00:54:00.085 [ScheduleThreadPool-test-thread-5] ERROR MessageUtil - adventureBossRankInfo is null
2024-07-13 00:55:00.085 [ScheduleThreadPool-test-thread-6] ERROR MessageUtil - adventureBossRankInfo is null
2024-07-13 00:56:00.085 [ScheduleThreadPool-test-thread-4] ERROR MessageUtil - adventureBossRankInfo is null
2024-07-13 00:57:00.085 [ScheduleThreadPool-test-thread-8] ERROR MessageUtil - adventureBossRankInfo is null
2024-07-13 00:58:00.085 [ScheduleThreadPool-test-thread-8] ERROR MessageUtil - adventureBossRankInfo is null
2024-07-13 00:59:00.085 [ScheduleThreadPool-test-thread-4] ERROR MessageUtil - adventureBossRankInfo is null
2024-07-13 01:00:00.085 [ScheduleThreadPool-test-thread-8] ERROR MessageUtil - adventureBossRankInfo is null
2024-07-13 01:01:00.086 [ScheduleThreadPool-test-thread-8] ERROR MessageUtil - adventureBossRankInfo is null
2024-07-13 01:02:00.085 [ScheduleThreadPool-test-thread-2] ERROR MessageUtil - adventureBossRankInfo is null
2024-07-13 01:03:00.085 [ScheduleThreadPool-test-thread-8] ERROR MessageUtil - adventureBossRankInfo is null
2024-07-13 01:04:00.085 [ScheduleThreadPool-test-thread-7] ERROR MessageUtil - adventureBossRankInfo is null
2024-07-13 01:05:00.086 [ScheduleThreadPool-test-thread-7] ERROR MessageUtil - adventureBossRankInfo is null
2024-07-13 01:06:00.091 [ScheduleThreadPool-test-thread-2] ERROR MessageUtil - adventureBossRankInfo is null
2024-07-13 01:07:00.086 [ScheduleThreadPool-test-thread-5] ERROR MessageUtil - adventureBossRankInfo is null
2024-07-13 01:08:00.085 [ScheduleThreadPool-test-thread-3] ERROR MessageUtil - adventureBossRankInfo is null
2024-07-13 01:09:00.085 [ScheduleThreadPool-test-thread-8] ERROR MessageUtil - adventureBossRankInfo is null
2024-07-13 01:10:00.085 [ScheduleThreadPool-test-thread-7] ERROR MessageUtil - adventureBossRankInfo is null
2024-07-13 01:11:00.085 [ScheduleThreadPool-test-thread-6] ERROR MessageUtil - adventureBossRankInfo is null
2024-07-13 01:12:00.085 [ScheduleThreadPool-test-thread-5] ERROR MessageUtil - adventureBossRankInfo is null
2024-07-13 01:13:00.085 [ScheduleThreadPool-test-thread-2] ERROR MessageUtil - adventureBossRankInfo is null
2024-07-13 01:14:00.090 [ScheduleThreadPool-test-thread-2] ERROR MessageUtil - adventureBossRankInfo is null
2024-07-13 01:15:00.085 [ScheduleThreadPool-test-thread-2] ERROR MessageUtil - adventureBossRankInfo is null
2024-07-13 01:16:00.085 [ScheduleThreadPool-test-thread-5] ERROR MessageUtil - adventureBossRankInfo is null
2024-07-13 01:17:00.085 [ScheduleThreadPool-test-thread-5] ERROR MessageUtil - adventureBossRankInfo is null
2024-07-13 01:18:00.085 [ScheduleThreadPool-test-thread-4] ERROR MessageUtil - adventureBossRankInfo is null
2024-07-13 01:19:00.085 [ScheduleThreadPool-test-thread-3] ERROR MessageUtil - adventureBossRankInfo is null
2024-07-13 01:20:00.085 [ScheduleThreadPool-test-thread-2] ERROR MessageUtil - adventureBossRankInfo is null
2024-07-13 01:20:42.323 [netty-4] ERROR SessionManager - 閲嶆柊鐧诲綍 new = 5c979aee-4413-4fd5-8632-d1f76c3033c6
2024-07-13 01:20:43.051 [h-1] ERROR MongoUtil - the user=0 not exists
2024-07-13 01:20:43.553 [h-1] ERROR MongoUtil - the user=0 not exists
2024-07-13 01:20:44.134 [h-1] ERROR MongoUtil - the user=10001 not exists
2024-07-13 01:20:44.313 [h-1] ERROR MongoUtil - the user=10 not exists
2024-07-13 01:20:44.319 [h-1] ERROR MongoUtil - the user=0 not exists
2024-07-13 01:20:44.321 [h-1] ERROR MongoUtil - the user=10021 not exists
2024-07-13 01:20:44.322 [h-1] ERROR MongoUtil - the user=10020 not exists
2024-07-13 01:20:46.413 [h-1] ERROR MongoUtil - the user=0 not exists
2024-07-13 01:21:00.087 [ScheduleThreadPool-test-thread-6] ERROR MessageUtil - adventureBossRankInfo is null
2024-07-13 01:21:04.096 [h-1] ERROR MongoUtil - the user=0 not exists
2024-07-13 01:22:00.087 [ScheduleThreadPool-test-thread-3] ERROR MessageUtil - adventureBossRankInfo is null
2024-07-13 01:22:05.093 [h-1] ERROR MongoUtil - the user=0 not exists
2024-07-13 01:23:00.087 [ScheduleThreadPool-test-thread-5] ERROR MessageUtil - adventureBossRankInfo is null
2024-07-13 01:24:00.087 [ScheduleThreadPool-test-thread-2] ERROR MessageUtil - adventureBossRankInfo is null
2024-07-13 01:25:00.088 [ScheduleThreadPool-test-thread-4] ERROR MessageUtil - adventureBossRankInfo is null
2024-07-13 01:26:00.087 [ScheduleThreadPool-test-thread-7] ERROR MessageUtil - adventureBossRankInfo is null
2024-07-13 01:27:00.087 [ScheduleThreadPool-test-thread-4] ERROR MessageUtil - adventureBossRankInfo is null
2024-07-13 01:28:00.086 [ScheduleThreadPool-test-thread-7] ERROR MessageUtil - adventureBossRankInfo is null
2024-07-13 01:29:00.086 [ScheduleThreadPool-test-thread-6] ERROR MessageUtil - adventureBossRankInfo is null
2024-07-13 01:30:00.131 [ScheduleThreadPool-test-thread-6] ERROR MessageUtil - adventureBossRankInfo is null
2024-07-13 01:31:00.085 [ScheduleThreadPool-test-thread-6] ERROR MessageUtil - adventureBossRankInfo is null
2024-07-13 01:32:00.087 [ScheduleThreadPool-test-thread-4] ERROR MessageUtil - adventureBossRankInfo is null
2024-07-13 01:33:00.086 [ScheduleThreadPool-test-thread-7] ERROR MessageUtil - adventureBossRankInfo is null
2024-07-13 01:34:00.086 [ScheduleThreadPool-test-thread-5] ERROR MessageUtil - adventureBossRankInfo is null
2024-07-13 01:35:00.086 [ScheduleThreadPool-test-thread-8] ERROR MessageUtil - adventureBossRankInfo is null
2024-07-13 01:36:00.086 [ScheduleThreadPool-test-thread-2] ERROR MessageUtil - adventureBossRankInfo is null
2024-07-13 01:37:00.086 [ScheduleThreadPool-test-thread-7] ERROR MessageUtil - adventureBossRankInfo is null
2024-07-13 01:38:00.086 [ScheduleThreadPool-test-thread-3] ERROR MessageUtil - adventureBossRankInfo is null
2024-07-13 01:39:00.086 [ScheduleThreadPool-test-thread-6] ERROR MessageUtil - adventureBossRankInfo is null
2024-07-13 01:40:00.087 [ScheduleThreadPool-test-thread-6] ERROR MessageUtil - adventureBossRankInfo is null
2024-07-13 01:41:00.086 [ScheduleThreadPool-test-thread-7] ERROR MessageUtil - adventureBossRankInfo is null
2024-07-13 01:42:00.086 [ScheduleThreadPool-test-thread-8] ERROR MessageUtil - adventureBossRankInfo is null
2024-07-13 01:43:00.086 [ScheduleThreadPool-test-thread-4] ERROR MessageUtil - adventureBossRankInfo is null
2024-07-13 01:44:00.086 [ScheduleThreadPool-test-thread-5] ERROR MessageUtil - adventureBossRankInfo is null
2024-07-13 01:45:00.086 [ScheduleThreadPool-test-thread-8] ERROR MessageUtil - adventureBossRankInfo is null
2024-07-13 01:46:00.086 [ScheduleThreadPool-test-thread-3] ERROR MessageUtil - adventureBossRankInfo is null
2024-07-13 01:47:00.087 [ScheduleThreadPool-test-thread-5] ERROR MessageUtil - adventureBossRankInfo is null
2024-07-13 01:48:00.085 [ScheduleThreadPool-test-thread-2] ERROR MessageUtil - adventureBossRankInfo is null
2024-07-13 01:49:00.086 [ScheduleThreadPool-test-thread-7] ERROR MessageUtil - adventureBossRankInfo is null
2024-07-13 01:50:00.086 [ScheduleThreadPool-test-thread-4] ERROR MessageUtil - adventureBossRankInfo is null
2024-07-13 01:51:00.085 [ScheduleThreadPool-test-thread-3] ERROR MessageUtil - adventureBossRankInfo is null
2024-07-13 01:52:00.084 [ScheduleThreadPool-test-thread-7] ERROR MessageUtil - adventureBossRankInfo is null
2024-07-13 01:53:00.086 [ScheduleThreadPool-test-thread-6] ERROR MessageUtil - adventureBossRankInfo is null
2024-07-13 01:54:00.086 [ScheduleThreadPool-test-thread-3] ERROR MessageUtil - adventureBossRankInfo is null
2024-07-13 01:55:00.086 [ScheduleThreadPool-test-thread-7] ERROR MessageUtil - adventureBossRankInfo is null
2024-07-13 01:56:00.086 [ScheduleThreadPool-test-thread-2] ERROR MessageUtil - adventureBossRankInfo is null
2024-07-13 01:57:00.085 [ScheduleThreadPool-test-thread-6] ERROR MessageUtil - adventureBossRankInfo is null
2024-07-13 01:58:00.085 [ScheduleThreadPool-test-thread-4] ERROR MessageUtil - adventureBossRankInfo is null
2024-07-13 01:59:00.086 [ScheduleThreadPool-test-thread-2] ERROR MessageUtil - adventureBossRankInfo is null
2024-07-13 02:00:00.085 [ScheduleThreadPool-test-thread-6] ERROR MessageUtil - adventureBossRankInfo is null
2024-07-13 02:01:00.085 [ScheduleThreadPool-test-thread-4] ERROR MessageUtil - adventureBossRankInfo is null
2024-07-13 02:02:00.086 [ScheduleThreadPool-test-thread-5] ERROR MessageUtil - adventureBossRankInfo is null
2024-07-13 02:03:00.085 [ScheduleThreadPool-test-thread-3] ERROR MessageUtil - adventureBossRankInfo is null
2024-07-13 02:04:00.085 [ScheduleThreadPool-test-thread-5] ERROR MessageUtil - adventureBossRankInfo is null
2024-07-13 02:05:00.085 [ScheduleThreadPool-test-thread-4] ERROR MessageUtil - adventureBossRankInfo is null
2024-07-13 02:06:00.084 [ScheduleThreadPool-test-thread-7] ERROR MessageUtil - adventureBossRankInfo is null
2024-07-13 02:07:00.086 [ScheduleThreadPool-test-thread-4] ERROR MessageUtil - adventureBossRankInfo is null
2024-07-13 02:08:00.085 [ScheduleThreadPool-test-thread-5] ERROR MessageUtil - adventureBossRankInfo is null
2024-07-13 02:09:00.084 [ScheduleThreadPool-test-thread-4] ERROR MessageUtil - adventureBossRankInfo is null
2024-07-13 02:10:00.085 [ScheduleThreadPool-test-thread-5] ERROR MessageUtil - adventureBossRankInfo is null
2024-07-13 02:11:00.089 [ScheduleThreadPool-test-thread-5] ERROR MessageUtil - adventureBossRankInfo is null
2024-07-13 02:12:00.085 [ScheduleThreadPool-test-thread-2] ERROR MessageUtil - adventureBossRankInfo is null
2024-07-13 02:13:00.085 [ScheduleThreadPool-test-thread-5] ERROR MessageUtil - adventureBossRankInfo is null
2024-07-13 02:14:00.085 [ScheduleThreadPool-test-thread-4] ERROR MessageUtil - adventureBossRankInfo is null
2024-07-13 02:15:00.085 [ScheduleThreadPool-test-thread-2] ERROR MessageUtil - adventureBossRankInfo is null
2024-07-13 02:16:00.085 [ScheduleThreadPool-test-thread-2] ERROR MessageUtil - adventureBossRankInfo is null
2024-07-13 02:17:00.085 [ScheduleThreadPool-test-thread-5] ERROR MessageUtil - adventureBossRankInfo is null
2024-07-13 02:18:00.085 [ScheduleThreadPool-test-thread-6] ERROR MessageUtil - adventureBossRankInfo is null
2024-07-13 02:19:00.085 [ScheduleThreadPool-test-thread-6] ERROR MessageUtil - adventureBossRankInfo is null
2024-07-13 02:20:00.085 [ScheduleThreadPool-test-thread-3] ERROR MessageUtil - adventureBossRankInfo is null
2024-07-13 02:21:00.085 [ScheduleThreadPool-test-thread-4] ERROR MessageUtil - adventureBossRankInfo is null
2024-07-13 02:22:00.085 [ScheduleThreadPool-test-thread-6] ERROR MessageUtil - adventureBossRankInfo is null
2024-07-13 02:23:00.085 [ScheduleThreadPool-test-thread-2] ERROR MessageUtil - adventureBossRankInfo is null
2024-07-13 02:24:00.086 [ScheduleThreadPool-test-thread-4] ERROR MessageUtil - adventureBossRankInfo is null
2024-07-13 02:25:00.085 [ScheduleThreadPool-test-thread-3] ERROR MessageUtil - adventureBossRankInfo is null
2024-07-13 02:26:00.085 [ScheduleThreadPool-test-thread-6] ERROR MessageUtil - adventureBossRankInfo is null
2024-07-13 02:27:00.084 [ScheduleThreadPool-test-thread-6] ERROR MessageUtil - adventureBossRankInfo is null
2024-07-13 02:28:00.085 [ScheduleThreadPool-test-thread-7] ERROR MessageUtil - adventureBossRankInfo is null
2024-07-13 02:29:00.085 [ScheduleThreadPool-test-thread-6] ERROR MessageUtil - adventureBossRankInfo is null
2024-07-13 02:30:00.085 [ScheduleThreadPool-test-thread-4] ERROR MessageUtil - adventureBossRankInfo is null
2024-07-13 02:31:00.085 [ScheduleThreadPool-test-thread-3] ERROR MessageUtil - adventureBossRankInfo is null
2024-07-13 02:32:00.085 [ScheduleThreadPool-test-thread-5] ERROR MessageUtil - adventureBossRankInfo is null
2024-07-13 02:33:00.086 [ScheduleThreadPool-test-thread-7] ERROR MessageUtil - adventureBossRankInfo is null
2024-07-13 02:34:00.085 [ScheduleThreadPool-test-thread-2] ERROR MessageUtil - adventureBossRankInfo is null
2024-07-13 02:35:00.085 [ScheduleThreadPool-test-thread-3] ERROR MessageUtil - adventureBossRankInfo is null
2024-07-13 02:36:00.086 [ScheduleThreadPool-test-thread-5] ERROR MessageUtil - adventureBossRankInfo is null
2024-07-13 02:36:43.312 [netty-5] ERROR SessionManager - 閲嶆柊鐧诲綍 new = 0160c2a5-cfa1-4457-870a-34c196786046
2024-07-13 02:36:43.760 [h-1] ERROR MongoUtil - the user=0 not exists
2024-07-13 02:36:44.314 [h-1] ERROR MongoUtil - the user=10001 not exists
2024-07-13 02:36:44.451 [h-1] ERROR MongoUtil - the user=0 not exists
2024-07-13 02:36:46.324 [h-1] ERROR MongoUtil - the user=0 not exists
2024-07-13 02:37:00.085 [ScheduleThreadPool-test-thread-7] ERROR MessageUtil - adventureBossRankInfo is null
2024-07-13 02:37:01.091 [h-1] ERROR MongoUtil - the user=0 not exists
2024-07-13 02:38:00.085 [ScheduleThreadPool-test-thread-5] ERROR MessageUtil - adventureBossRankInfo is null
2024-07-13 02:39:00.085 [ScheduleThreadPool-test-thread-2] ERROR MessageUtil - adventureBossRankInfo is null
2024-07-13 02:40:00.085 [ScheduleThreadPool-test-thread-3] ERROR MessageUtil - adventureBossRankInfo is null
2024-07-13 02:41:00.086 [ScheduleThreadPool-test-thread-4] ERROR MessageUtil - adventureBossRankInfo is null
2024-07-13 02:42:00.085 [ScheduleThreadPool-test-thread-4] ERROR MessageUtil - adventureBossRankInfo is null
2024-07-13 02:43:00.085 [ScheduleThreadPool-test-thread-8] ERROR MessageUtil - adventureBossRankInfo is null
2024-07-13 02:44:00.085 [ScheduleThreadPool-test-thread-6] ERROR MessageUtil - adventureBossRankInfo is null
2024-07-13 02:45:00.085 [ScheduleThreadPool-test-thread-6] ERROR MessageUtil - adventureBossRankInfo is null
2024-07-13 02:46:00.086 [ScheduleThreadPool-test-thread-5] ERROR MessageUtil - adventureBossRankInfo is null
2024-07-13 02:47:00.085 [ScheduleThreadPool-test-thread-5] ERROR MessageUtil - adventureBossRankInfo is null
2024-07-13 02:48:00.085 [ScheduleThreadPool-test-thread-8] ERROR MessageUtil - adventureBossRankInfo is null
2024-07-13 02:49:00.085 [ScheduleThreadPool-test-thread-7] ERROR MessageUtil - adventureBossRankInfo is null
2024-07-13 02:50:00.085 [ScheduleThreadPool-test-thread-4] ERROR MessageUtil - adventureBossRankInfo is null
2024-07-13 02:51:00.085 [ScheduleThreadPool-test-thread-4] ERROR MessageUtil - adventureBossRankInfo is null
2024-07-13 02:52:00.085 [ScheduleThreadPool-test-thread-3] ERROR MessageUtil - adventureBossRankInfo is null
2024-07-13 02:53:00.085 [ScheduleThreadPool-test-thread-6] ERROR MessageUtil - adventureBossRankInfo is null
2024-07-13 02:54:00.086 [ScheduleThreadPool-test-thread-3] ERROR MessageUtil - adventureBossRankInfo is null
2024-07-13 02:55:00.090 [ScheduleThreadPool-test-thread-7] ERROR MessageUtil - adventureBossRankInfo is null
2024-07-13 02:56:00.086 [ScheduleThreadPool-test-thread-8] ERROR MessageUtil - adventureBossRankInfo is null
2024-07-13 02:57:00.086 [ScheduleThreadPool-test-thread-6] ERROR MessageUtil - adventureBossRankInfo is null
2024-07-13 02:58:00.085 [ScheduleThreadPool-test-thread-2] ERROR MessageUtil - adventureBossRankInfo is null
2024-07-13 02:59:00.090 [ScheduleThreadPool-test-thread-2] ERROR MessageUtil - adventureBossRankInfo is null
2024-07-13 03:00:00.085 [ScheduleThreadPool-test-thread-3] ERROR MessageUtil - adventureBossRankInfo is null
2024-07-13 03:01:00.085 [ScheduleThreadPool-test-thread-5] ERROR MessageUtil - adventureBossRankInfo is null
2024-07-13 03:02:00.085 [ScheduleThreadPool-test-thread-8] ERROR MessageUtil - adventureBossRankInfo is null
2024-07-13 03:03:00.084 [ScheduleThreadPool-test-thread-6] ERROR MessageUtil - adventureBossRankInfo is null
2024-07-13 03:04:00.085 [ScheduleThreadPool-test-thread-6] ERROR MessageUtil - adventureBossRankInfo is null
2024-07-13 03:05:00.085 [ScheduleThreadPool-test-thread-3] ERROR MessageUtil - adventureBossRankInfo is null
2024-07-13 03:06:00.085 [ScheduleThreadPool-test-thread-6] ERROR MessageUtil - adventureBossRankInfo is null
2024-07-13 03:07:00.085 [ScheduleThreadPool-test-thread-5] ERROR MessageUtil - adventureBossRankInfo is null
2024-07-13 03:08:00.085 [ScheduleThreadPool-test-thread-6] ERROR MessageUtil - adventureBossRankInfo is null
2024-07-13 03:09:00.085 [ScheduleThreadPool-test-thread-6] ERROR MessageUtil - adventureBossRankInfo is null
2024-07-13 03:10:00.085 [ScheduleThreadPool-test-thread-8] ERROR MessageUtil - adventureBossRankInfo is null
2024-07-13 03:11:00.085 [ScheduleThreadPool-test-thread-7] ERROR MessageUtil - adventureBossRankInfo is null
2024-07-13 03:12:00.085 [ScheduleThreadPool-test-thread-2] ERROR MessageUtil - adventureBossRankInfo is null
2024-07-13 03:13:00.085 [ScheduleThreadPool-test-thread-8] ERROR MessageUtil - adventureBossRankInfo is null
2024-07-13 03:13:46.398 [netty-6] ERROR SessionManager - 閲嶆柊鐧诲綍 new = 077ffc31-de39-4744-bdab-bbe2e5c5352e
2024-07-13 03:13:46.573 [h-2] ERROR MongoUtil - the user=0 not exists
2024-07-13 03:13:46.933 [h-2] ERROR MongoUtil - the user=0 not exists
2024-07-13 03:13:47.474 [h-2] ERROR MongoUtil - the user=10001 not exists
2024-07-13 03:13:47.606 [h-2] ERROR MongoUtil - the user=10 not exists
2024-07-13 03:13:47.612 [h-2] ERROR MongoUtil - the user=0 not exists
2024-07-13 03:13:47.614 [h-2] ERROR MongoUtil - the user=10021 not exists
2024-07-13 03:13:47.615 [h-2] ERROR MongoUtil - the user=10020 not exists
2024-07-13 03:13:49.573 [h-2] ERROR MongoUtil - the user=0 not exists
2024-07-13 03:14:00.085 [ScheduleThreadPool-test-thread-5] ERROR MessageUtil - adventureBossRankInfo is null
2024-07-13 03:14:00.096 [h-2] ERROR MongoUtil - the user=0 not exists
2024-07-13 03:15:00.085 [ScheduleThreadPool-test-thread-3] ERROR MessageUtil - adventureBossRankInfo is null
2024-07-13 03:15:02.094 [h-2] ERROR MongoUtil - the user=0 not exists
2024-07-13 03:16:00.085 [ScheduleThreadPool-test-thread-4] ERROR MessageUtil - adventureBossRankInfo is null
2024-07-13 03:16:05.091 [h-2] ERROR MongoUtil - the user=0 not exists
2024-07-13 03:17:00.084 [ScheduleThreadPool-test-thread-6] ERROR MessageUtil - adventureBossRankInfo is null
2024-07-13 03:17:00.088 [h-2] ERROR MongoUtil - the user=0 not exists
2024-07-13 03:18:00.084 [ScheduleThreadPool-test-thread-3] ERROR MessageUtil - adventureBossRankInfo is null
2024-07-13 03:18:04.091 [h-2] ERROR MongoUtil - the user=0 not exists
2024-07-13 03:19:00.085 [ScheduleThreadPool-test-thread-2] ERROR MessageUtil - adventureBossRankInfo is null
2024-07-13 03:19:05.091 [h-2] ERROR MongoUtil - the user=0 not exists
2024-07-13 03:20:00.085 [ScheduleThreadPool-test-thread-2] ERROR MessageUtil - adventureBossRankInfo is null
2024-07-13 03:20:00.092 [h-2] ERROR MongoUtil - the user=0 not exists
2024-07-13 03:21:00.084 [ScheduleThreadPool-test-thread-2] ERROR MessageUtil - adventureBossRankInfo is null
2024-07-13 03:21:03.094 [h-2] ERROR MongoUtil - the user=0 not exists
2024-07-13 03:22:00.084 [ScheduleThreadPool-test-thread-2] ERROR MessageUtil - adventureBossRankInfo is null
2024-07-13 03:22:05.093 [h-2] ERROR MongoUtil - the user=0 not exists
2024-07-13 03:23:00.086 [ScheduleThreadPool-test-thread-2] ERROR MessageUtil - adventureBossRankInfo is null
2024-07-13 03:23:03.090 [h-2] ERROR MongoUtil - the user=0 not exists
2024-07-13 03:23:53.058 [ScheduleThreadPool-test-thread-3] ERROR MongoUtil - the user=1000002 not exists
2024-07-13 03:24:00.085 [ScheduleThreadPool-test-thread-4] ERROR MessageUtil - adventureBossRankInfo is null
2024-07-13 03:24:00.092 [h-2] ERROR MongoUtil - the user=10001 not exists
2024-07-13 03:24:02.092 [h-2] ERROR MongoUtil - the user=0 not exists
2024-07-13 03:24:26.866 [ScheduleThreadPool-test-thread-5] ERROR MongoUtil - the user=1000002 not exists
2024-07-13 03:24:34.778 [ScheduleThreadPool-test-thread-6] ERROR MongoUtil - the user=1000002 not exists
2024-07-13 03:25:00.088 [ScheduleThreadPool-test-thread-4] ERROR MessageUtil - adventureBossRankInfo is null
2024-07-13 03:25:01.094 [h-2] ERROR MongoUtil - the user=0 not exists
2024-07-13 03:25:32.989 [ScheduleThreadPool-test-thread-5] ERROR MongoUtil - the user=1000002 not exists
2024-07-13 03:25:38.832 [h-2] ERROR MongoUtil - the user=10001 not exists
2024-07-13 03:26:00.085 [ScheduleThreadPool-test-thread-4] ERROR MessageUtil - adventureBossRankInfo is null
2024-07-13 03:26:00.092 [h-2] ERROR MongoUtil - the user=0 not exists
2024-07-13 03:27:00.086 [ScheduleThreadPool-test-thread-6] ERROR MessageUtil - adventureBossRankInfo is null
2024-07-13 03:27:00.098 [h-2] ERROR MongoUtil - the user=0 not exists
2024-07-13 03:27:39.622 [ScheduleThreadPool-test-thread-7] ERROR MongoUtil - the user=1000002 not exists
2024-07-13 03:27:48.287 [h-2] ERROR MongoUtil - the user=10001 not exists
2024-07-13 03:28:00.087 [ScheduleThreadPool-test-thread-4] ERROR MessageUtil - adventureBossRankInfo is null
2024-07-13 03:28:04.091 [h-2] ERROR MongoUtil - the user=0 not exists
2024-07-13 03:29:00.085 [ScheduleThreadPool-test-thread-8] ERROR MessageUtil - adventureBossRankInfo is null
2024-07-13 03:29:05.091 [h-2] ERROR MongoUtil - the user=0 not exists
2024-07-13 03:30:00.085 [ScheduleThreadPool-test-thread-3] ERROR MessageUtil - adventureBossRankInfo is null
2024-07-13 03:30:00.155 [h-2] ERROR MongoUtil - the user=0 not exists
2024-07-13 03:30:35.031 [h-2] ERROR MongoUtil - the user=10001 not exists
2024-07-13 03:31:00.083 [ScheduleThreadPool-test-thread-6] ERROR MessageUtil - adventureBossRankInfo is null
2024-07-13 03:31:00.087 [h-2] ERROR MongoUtil - the user=0 not exists
2024-07-13 03:32:00.088 [ScheduleThreadPool-test-thread-6] ERROR MessageUtil - adventureBossRankInfo is null
2024-07-13 03:32:04.092 [h-2] ERROR MongoUtil - the user=0 not exists
2024-07-13 03:32:35.683 [ScheduleThreadPool-test-thread-7] ERROR MongoUtil - the user=1000002 not exists
2024-07-13 03:32:47.118 [ScheduleThreadPool-test-thread-6] ERROR MongoUtil - the user=1000002 not exists
2024-07-13 03:32:48.188 [ScheduleThreadPool-test-thread-4] ERROR MongoUtil - the user=1000002 not exists
2024-07-13 03:32:48.575 [ScheduleThreadPool-test-thread-3] ERROR MongoUtil - the user=1000002 not exists
2024-07-13 03:32:49.379 [ScheduleThreadPool-test-thread-8] ERROR MongoUtil - the user=1000002 not exists
2024-07-13 03:32:49.750 [ScheduleThreadPool-test-thread-2] ERROR MongoUtil - the user=1000002 not exists
2024-07-13 03:32:52.636 [h-2] ERROR MongoUtil - the user=10001 not exists
2024-07-13 03:33:00.085 [ScheduleThreadPool-test-thread-5] ERROR MessageUtil - adventureBossRankInfo is null
2024-07-13 03:33:03.091 [h-2] ERROR MongoUtil - the user=0 not exists
2024-07-13 03:34:00.085 [ScheduleThreadPool-test-thread-4] ERROR MessageUtil - adventureBossRankInfo is null
2024-07-13 03:34:02.090 [h-2] ERROR MongoUtil - the user=0 not exists
2024-07-13 03:34:19.845 [h-2] ERROR MongoUtil - the user=10001 not exists
2024-07-13 03:35:00.085 [ScheduleThreadPool-test-thread-6] ERROR MessageUtil - adventureBossRankInfo is null
2024-07-13 03:36:00.085 [ScheduleThreadPool-test-thread-4] ERROR MessageUtil - adventureBossRankInfo is null
2024-07-13 03:37:00.085 [ScheduleThreadPool-test-thread-6] ERROR MessageUtil - adventureBossRankInfo is null
2024-07-13 03:38:00.085 [ScheduleThreadPool-test-thread-2] ERROR MessageUtil - adventureBossRankInfo is null
2024-07-13 03:39:00.085 [ScheduleThreadPool-test-thread-3] ERROR MessageUtil - adventureBossRankInfo is null
2024-07-13 03:40:00.085 [ScheduleThreadPool-test-thread-5] ERROR MessageUtil - adventureBossRankInfo is null
2024-07-13 03:41:00.086 [ScheduleThreadPool-test-thread-8] ERROR MessageUtil - adventureBossRankInfo is null
2024-07-13 03:42:00.092 [ScheduleThreadPool-test-thread-7] ERROR MessageUtil - adventureBossRankInfo is null
2024-07-13 03:43:00.086 [ScheduleThreadPool-test-thread-7] ERROR MessageUtil - adventureBossRankInfo is null
2024-07-13 03:44:00.085 [ScheduleThreadPool-test-thread-3] ERROR MessageUtil - adventureBossRankInfo is null
2024-07-13 03:45:00.085 [ScheduleThreadPool-test-thread-4] ERROR MessageUtil - adventureBossRankInfo is null
2024-07-13 03:46:00.085 [ScheduleThreadPool-test-thread-2] ERROR MessageUtil - adventureBossRankInfo is null
2024-07-13 03:47:00.085 [ScheduleThreadPool-test-thread-5] ERROR MessageUtil - adventureBossRankInfo is null
2024-07-13 03:48:00.085 [ScheduleThreadPool-test-thread-2] ERROR MessageUtil - adventureBossRankInfo is null
2024-07-13 03:49:00.085 [ScheduleThreadPool-test-thread-6] ERROR MessageUtil - adventureBossRankInfo is null
2024-07-13 03:49:20.763 [netty-7] ERROR SessionManager - 閲嶆柊鐧诲綍 new = edc71691-5b60-4a98-ad32-02f2018c7d16
2024-07-13 03:49:21.165 [h-2] ERROR MongoUtil - the user=0 not exists
2024-07-13 03:49:21.727 [h-2] ERROR MongoUtil - the user=10001 not exists
2024-07-13 03:49:21.865 [h-2] ERROR MongoUtil - the user=0 not exists
2024-07-13 03:49:23.924 [h-2] ERROR MongoUtil - the user=0 not exists
2024-07-13 03:50:00.085 [ScheduleThreadPool-test-thread-3] ERROR MessageUtil - adventureBossRankInfo is null
2024-07-13 03:50:01.091 [h-2] ERROR MongoUtil - the user=0 not exists
2024-07-13 03:51:00.085 [ScheduleThreadPool-test-thread-8] ERROR MessageUtil - adventureBossRankInfo is null
2024-07-13 03:51:05.090 [h-2] ERROR MongoUtil - the user=9001 not exists
2024-07-13 03:51:05.092 [h-2] ERROR MongoUtil - the user=9000 not exists
2024-07-13 03:51:05.097 [h-2] ERROR MongoUtil - the user=0 not exists
2024-07-13 03:51:05.099 [h-2] ERROR MongoUtil - the user=9002 not exists
2024-07-13 03:52:00.085 [ScheduleThreadPool-test-thread-6] ERROR MessageUtil - adventureBossRankInfo is null
2024-07-13 03:53:00.085 [ScheduleThreadPool-test-thread-7] ERROR MessageUtil - adventureBossRankInfo is null
2024-07-13 03:54:00.086 [ScheduleThreadPool-test-thread-8] ERROR MessageUtil - adventureBossRankInfo is null
2024-07-13 03:55:00.088 [ScheduleThreadPool-test-thread-8] ERROR MessageUtil - adventureBossRankInfo is null
2024-07-13 03:56:00.085 [ScheduleThreadPool-test-thread-4] ERROR MessageUtil - adventureBossRankInfo is null
2024-07-13 03:57:00.085 [ScheduleThreadPool-test-thread-6] ERROR MessageUtil - adventureBossRankInfo is null
2024-07-13 03:58:00.085 [ScheduleThreadPool-test-thread-5] ERROR MessageUtil - adventureBossRankInfo is null
2024-07-13 03:59:00.085 [ScheduleThreadPool-test-thread-8] ERROR MessageUtil - adventureBossRankInfo is null
2024-07-13 04:00:00.085 [ScheduleThreadPool-test-thread-8] ERROR MessageUtil - adventureBossRankInfo is null
2024-07-13 04:01:00.084 [ScheduleThreadPool-test-thread-3] ERROR MessageUtil - adventureBossRankInfo is null
2024-07-13 04:02:00.085 [ScheduleThreadPool-test-thread-4] ERROR MessageUtil - adventureBossRankInfo is null
2024-07-13 04:03:00.085 [ScheduleThreadPool-test-thread-5] ERROR MessageUtil - adventureBossRankInfo is null
2024-07-13 04:04:00.085 [ScheduleThreadPool-test-thread-2] ERROR MessageUtil - adventureBossRankInfo is null
2024-07-13 04:05:00.085 [ScheduleThreadPool-test-thread-8] ERROR MessageUtil - adventureBossRankInfo is null
2024-07-13 04:06:00.086 [ScheduleThreadPool-test-thread-6] ERROR MessageUtil - adventureBossRankInfo is null
2024-07-13 04:07:00.085 [ScheduleThreadPool-test-thread-8] ERROR MessageUtil - adventureBossRankInfo is null
2024-07-13 04:08:00.085 [ScheduleThreadPool-test-thread-8] ERROR MessageUtil - adventureBossRankInfo is null
2024-07-13 04:09:00.086 [ScheduleThreadPool-test-thread-8] ERROR MessageUtil - adventureBossRankInfo is null
2024-07-13 04:10:00.085 [ScheduleThreadPool-test-thread-3] ERROR MessageUtil - adventureBossRankInfo is null
2024-07-13 04:11:00.085 [ScheduleThreadPool-test-thread-2] ERROR MessageUtil - adventureBossRankInfo is null
2024-07-13 04:12:00.085 [ScheduleThreadPool-test-thread-2] ERROR MessageUtil - adventureBossRankInfo is null
2024-07-13 04:13:00.085 [ScheduleThreadPool-test-thread-5] ERROR MessageUtil - adventureBossRankInfo is null
2024-07-13 04:14:00.086 [ScheduleThreadPool-test-thread-7] ERROR MessageUtil - adventureBossRankInfo is null
2024-07-13 04:15:00.085 [ScheduleThreadPool-test-thread-7] ERROR MessageUtil - adventureBossRankInfo is null
2024-07-13 04:16:00.086 [ScheduleThreadPool-test-thread-3] ERROR MessageUtil - adventureBossRankInfo is null
2024-07-13 04:17:00.085 [ScheduleThreadPool-test-thread-6] ERROR MessageUtil - adventureBossRankInfo is null
2024-07-13 04:18:00.086 [ScheduleThreadPool-test-thread-4] ERROR MessageUtil - adventureBossRankInfo is null
2024-07-13 04:19:00.085 [ScheduleThreadPool-test-thread-8] ERROR MessageUtil - adventureBossRankInfo is null
2024-07-13 04:20:00.085 [ScheduleThreadPool-test-thread-4] ERROR MessageUtil - adventureBossRankInfo is null
2024-07-13 04:21:00.085 [ScheduleThreadPool-test-thread-7] ERROR MessageUtil - adventureBossRankInfo is null
2024-07-13 04:22:00.085 [ScheduleThreadPool-test-thread-7] ERROR MessageUtil - adventureBossRankInfo is null
2024-07-13 04:23:00.085 [ScheduleThreadPool-test-thread-6] ERROR MessageUtil - adventureBossRankInfo is null
2024-07-13 04:24:00.085 [ScheduleThreadPool-test-thread-3] ERROR MessageUtil - adventureBossRankInfo is null
2024-07-13 04:25:00.085 [ScheduleThreadPool-test-thread-8] ERROR MessageUtil - adventureBossRankInfo is null
2024-07-13 04:26:00.085 [ScheduleThreadPool-test-thread-2] ERROR MessageUtil - adventureBossRankInfo is null
2024-07-13 04:27:00.085 [ScheduleThreadPool-test-thread-8] ERROR MessageUtil - adventureBossRankInfo is null
2024-07-13 04:28:00.085 [ScheduleThreadPool-test-thread-6] ERROR MessageUtil - adventureBossRankInfo is null
2024-07-13 04:29:00.085 [ScheduleThreadPool-test-thread-2] ERROR MessageUtil - adventureBossRankInfo is null
2024-07-13 04:30:00.086 [ScheduleThreadPool-test-thread-6] ERROR MessageUtil - adventureBossRankInfo is null
2024-07-13 04:31:00.092 [ScheduleThreadPool-test-thread-5] ERROR MessageUtil - adventureBossRankInfo is null
2024-07-13 04:32:00.086 [ScheduleThreadPool-test-thread-8] ERROR MessageUtil - adventureBossRankInfo is null
2024-07-13 04:33:00.085 [ScheduleThreadPool-test-thread-2] ERROR MessageUtil - adventureBossRankInfo is null
2024-07-13 04:34:00.086 [ScheduleThreadPool-test-thread-3] ERROR MessageUtil - adventureBossRankInfo is null
2024-07-13 04:35:00.085 [ScheduleThreadPool-test-thread-2] ERROR MessageUtil - adventureBossRankInfo is null
2024-07-13 04:36:00.086 [ScheduleThreadPool-test-thread-8] ERROR MessageUtil - adventureBossRankInfo is null
2024-07-13 04:37:00.086 [ScheduleThreadPool-test-thread-3] ERROR MessageUtil - adventureBossRankInfo is null
2024-07-13 04:38:00.085 [ScheduleThreadPool-test-thread-3] ERROR MessageUtil - adventureBossRankInfo is null
2024-07-13 04:39:00.091 [ScheduleThreadPool-test-thread-3] ERROR MessageUtil - adventureBossRankInfo is null
2024-07-13 04:40:00.108 [ScheduleThreadPool-test-thread-8] ERROR MessageUtil - adventureBossRankInfo is null
2024-07-13 04:41:00.085 [ScheduleThreadPool-test-thread-4] ERROR MessageUtil - adventureBossRankInfo is null
2024-07-13 04:42:00.085 [ScheduleThreadPool-test-thread-3] ERROR MessageUtil - adventureBossRankInfo is null
2024-07-13 04:43:00.087 [ScheduleThreadPool-test-thread-5] ERROR MessageUtil - adventureBossRankInfo is null
2024-07-13 04:44:00.091 [ScheduleThreadPool-test-thread-2] ERROR MessageUtil - adventureBossRankInfo is null
2024-07-13 04:45:00.085 [ScheduleThreadPool-test-thread-8] ERROR MessageUtil - adventureBossRankInfo is null
2024-07-13 04:46:00.118 [ScheduleThreadPool-test-thread-8] ERROR MessageUtil - adventureBossRankInfo is null
2024-07-13 04:47:00.086 [ScheduleThreadPool-test-thread-6] ERROR MessageUtil - adventureBossRankInfo is null
2024-07-13 04:48:00.112 [ScheduleThreadPool-test-thread-5] ERROR MessageUtil - adventureBossRankInfo is null
2024-07-13 04:49:00.085 [ScheduleThreadPool-test-thread-4] ERROR MessageUtil - adventureBossRankInfo is null
2024-07-13 04:50:00.087 [ScheduleThreadPool-test-thread-4] ERROR MessageUtil - adventureBossRankInfo is null
2024-07-13 04:51:00.086 [ScheduleThreadPool-test-thread-3] ERROR MessageUtil - adventureBossRankInfo is null
2024-07-13 04:52:00.086 [ScheduleThreadPool-test-thread-4] ERROR MessageUtil - adventureBossRankInfo is null
2024-07-13 04:53:00.111 [ScheduleThreadPool-test-thread-4] ERROR MessageUtil - adventureBossRankInfo is null
2024-07-13 04:54:00.088 [ScheduleThreadPool-test-thread-7] ERROR MessageUtil - adventureBossRankInfo is null
2024-07-13 04:55:00.085 [ScheduleThreadPool-test-thread-7] ERROR MessageUtil - adventureBossRankInfo is null
2024-07-13 04:56:00.085 [ScheduleThreadPool-test-thread-7] ERROR MessageUtil - adventureBossRankInfo is null
2024-07-13 04:57:00.085 [ScheduleThreadPool-test-thread-2] ERROR MessageUtil - adventureBossRankInfo is null
2024-07-13 04:58:00.085 [ScheduleThreadPool-test-thread-6] ERROR MessageUtil - adventureBossRankInfo is null
2024-07-13 04:59:00.085 [ScheduleThreadPool-test-thread-7] ERROR MessageUtil - adventureBossRankInfo is null
2024-07-13 05:00:00.085 [ScheduleThreadPool-test-thread-2] ERROR MessageUtil - adventureBossRankInfo is null
2024-07-13 05:01:00.085 [ScheduleThreadPool-test-thread-6] ERROR MessageUtil - adventureBossRankInfo is null
2024-07-13 05:02:00.085 [ScheduleThreadPool-test-thread-4] ERROR MessageUtil - adventureBossRankInfo is null
2024-07-13 05:03:00.085 [ScheduleThreadPool-test-thread-3] ERROR MessageUtil - adventureBossRankInfo is null
2024-07-13 05:04:00.090 [ScheduleThreadPool-test-thread-8] ERROR MessageUtil - adventureBossRankInfo is null
2024-07-13 05:05:00.085 [ScheduleThreadPool-test-thread-7] ERROR MessageUtil - adventureBossRankInfo is null
2024-07-13 05:06:00.085 [ScheduleThreadPool-test-thread-4] ERROR MessageUtil - adventureBossRankInfo is null
2024-07-13 05:07:00.085 [ScheduleThreadPool-test-thread-5] ERROR MessageUtil - adventureBossRankInfo is null
2024-07-13 05:08:00.085 [ScheduleThreadPool-test-thread-3] ERROR MessageUtil - adventureBossRankInfo is null
2024-07-13 05:09:00.085 [ScheduleThreadPool-test-thread-3] ERROR MessageUtil - adventureBossRankInfo is null
2024-07-13 05:10:00.085 [ScheduleThreadPool-test-thread-7] ERROR MessageUtil - adventureBossRankInfo is null
2024-07-13 05:11:00.085 [ScheduleThreadPool-test-thread-4] ERROR MessageUtil - adventureBossRankInfo is null
2024-07-13 05:12:00.085 [ScheduleThreadPool-test-thread-4] ERROR MessageUtil - adventureBossRankInfo is null
2024-07-13 05:13:00.085 [ScheduleThreadPool-test-thread-7] ERROR MessageUtil - adventureBossRankInfo is null
2024-07-13 05:14:00.085 [ScheduleThreadPool-test-thread-6] ERROR MessageUtil - adventureBossRankInfo is null
2024-07-13 05:15:00.085 [ScheduleThreadPool-test-thread-3] ERROR MessageUtil - adventureBossRankInfo is null
2024-07-13 05:16:00.085 [ScheduleThreadPool-test-thread-7] ERROR MessageUtil - adventureBossRankInfo is null
2024-07-13 05:17:00.085 [ScheduleThreadPool-test-thread-2] ERROR MessageUtil - adventureBossRankInfo is null
2024-07-13 05:18:00.085 [ScheduleThreadPool-test-thread-5] ERROR MessageUtil - adventureBossRankInfo is null
2024-07-13 05:19:00.085 [ScheduleThreadPool-test-thread-8] ERROR MessageUtil - adventureBossRankInfo is null
2024-07-13 05:20:00.085 [ScheduleThreadPool-test-thread-6] ERROR MessageUtil - adventureBossRankInfo is null
2024-07-13 05:21:00.085 [ScheduleThreadPool-test-thread-5] ERROR MessageUtil - adventureBossRankInfo is null
2024-07-13 05:22:00.085 [ScheduleThreadPool-test-thread-2] ERROR MessageUtil - adventureBossRankInfo is null
2024-07-13 05:23:00.085 [ScheduleThreadPool-test-thread-2] ERROR MessageUtil - adventureBossRankInfo is null
2024-07-13 05:24:00.085 [ScheduleThreadPool-test-thread-5] ERROR MessageUtil - adventureBossRankInfo is null
2024-07-13 05:25:00.085 [ScheduleThreadPool-test-thread-7] ERROR MessageUtil - adventureBossRankInfo is null
2024-07-13 05:26:00.085 [ScheduleThreadPool-test-thread-4] ERROR MessageUtil - adventureBossRankInfo is null
2024-07-13 05:27:00.085 [ScheduleThreadPool-test-thread-3] ERROR MessageUtil - adventureBossRankInfo is null
2024-07-13 05:28:00.085 [ScheduleThreadPool-test-thread-2] ERROR MessageUtil - adventureBossRankInfo is null
2024-07-13 05:29:00.085 [ScheduleThreadPool-test-thread-4] ERROR MessageUtil - adventureBossRankInfo is null
2024-07-13 05:30:00.085 [ScheduleThreadPool-test-thread-3] ERROR MessageUtil - adventureBossRankInfo is null
2024-07-13 05:31:00.085 [ScheduleThreadPool-test-thread-6] ERROR MessageUtil - adventureBossRankInfo is null
2024-07-13 05:32:00.085 [ScheduleThreadPool-test-thread-4] ERROR MessageUtil - adventureBossRankInfo is null
2024-07-13 05:33:00.085 [ScheduleThreadPool-test-thread-6] ERROR MessageUtil - adventureBossRankInfo is null
2024-07-13 05:34:00.084 [ScheduleThreadPool-test-thread-7] ERROR MessageUtil - adventureBossRankInfo is null
2024-07-13 05:35:00.085 [ScheduleThreadPool-test-thread-7] ERROR MessageUtil - adventureBossRankInfo is null
2024-07-13 05:36:00.085 [ScheduleThreadPool-test-thread-8] ERROR MessageUtil - adventureBossRankInfo is null
2024-07-13 05:37:00.085 [ScheduleThreadPool-test-thread-6] ERROR MessageUtil - adventureBossRankInfo is null
2024-07-13 05:38:00.085 [ScheduleThreadPool-test-thread-5] ERROR MessageUtil - adventureBossRankInfo is null
2024-07-13 05:39:00.092 [ScheduleThreadPool-test-thread-5] ERROR MessageUtil - adventureBossRankInfo is null
2024-07-13 05:40:00.085 [ScheduleThreadPool-test-thread-6] ERROR MessageUtil - adventureBossRankInfo is null
2024-07-13 05:41:00.085 [ScheduleThreadPool-test-thread-6] ERROR MessageUtil - adventureBossRankInfo is null
2024-07-13 05:42:00.085 [ScheduleThreadPool-test-thread-5] ERROR MessageUtil - adventureBossRankInfo is null
2024-07-13 05:43:00.085 [ScheduleThreadPool-test-thread-3] ERROR MessageUtil - adventureBossRankInfo is null
2024-07-13 05:44:00.090 [ScheduleThreadPool-test-thread-3] ERROR MessageUtil - adventureBossRankInfo is null
2024-07-13 05:45:00.085 [ScheduleThreadPool-test-thread-6] ERROR MessageUtil - adventureBossRankInfo is null
2024-07-13 05:46:00.085 [ScheduleThreadPool-test-thread-3] ERROR MessageUtil - adventureBossRankInfo is null
2024-07-13 05:47:00.085 [ScheduleThreadPool-test-thread-7] ERROR MessageUtil - adventureBossRankInfo is null
2024-07-13 05:48:00.085 [ScheduleThreadPool-test-thread-8] ERROR MessageUtil - adventureBossRankInfo is null
2024-07-13 05:49:00.085 [ScheduleThreadPool-test-thread-6] ERROR MessageUtil - adventureBossRankInfo is null
2024-07-13 05:50:00.085 [ScheduleThreadPool-test-thread-6] ERROR MessageUtil - adventureBossRankInfo is null
2024-07-13 05:51:00.085 [ScheduleThreadPool-test-thread-4] ERROR MessageUtil - adventureBossRankInfo is null
2024-07-13 05:52:00.085 [ScheduleThreadPool-test-thread-8] ERROR MessageUtil - adventureBossRankInfo is null
2024-07-13 05:53:00.085 [ScheduleThreadPool-test-thread-3] ERROR MessageUtil - adventureBossRankInfo is null
2024-07-13 05:54:00.084 [ScheduleThreadPool-test-thread-7] ERROR MessageUtil - adventureBossRankInfo is null
2024-07-13 05:55:00.084 [ScheduleThreadPool-test-thread-8] ERROR MessageUtil - adventureBossRankInfo is null
2024-07-13 05:56:00.085 [ScheduleThreadPool-test-thread-8] ERROR MessageUtil - adventureBossRankInfo is null
2024-07-13 05:57:00.085 [ScheduleThreadPool-test-thread-7] ERROR MessageUtil - adventureBossRankInfo is null
2024-07-13 05:58:00.085 [ScheduleThreadPool-test-thread-6] ERROR MessageUtil - adventureBossRankInfo is null
2024-07-13 05:59:00.085 [ScheduleThreadPool-test-thread-2] ERROR MessageUtil - adventureBossRankInfo is null
2024-07-13 06:00:00.085 [ScheduleThreadPool-test-thread-4] ERROR MessageUtil - adventureBossRankInfo is null
2024-07-13 06:01:00.085 [ScheduleThreadPool-test-thread-7] ERROR MessageUtil - adventureBossRankInfo is null
2024-07-13 06:02:00.085 [ScheduleThreadPool-test-thread-8] ERROR MessageUtil - adventureBossRankInfo is null
2024-07-13 06:03:00.085 [ScheduleThreadPool-test-thread-2] ERROR MessageUtil - adventureBossRankInfo is null
2024-07-13 06:04:00.085 [ScheduleThreadPool-test-thread-7] ERROR MessageUtil - adventureBossRankInfo is null
2024-07-13 06:05:00.084 [ScheduleThreadPool-test-thread-8] ERROR MessageUtil - adventureBossRankInfo is null
2024-07-13 06:06:00.084 [ScheduleThreadPool-test-thread-6] ERROR MessageUtil - adventureBossRankInfo is null
2024-07-13 06:07:00.085 [ScheduleThreadPool-test-thread-7] ERROR MessageUtil - adventureBossRankInfo is null
2024-07-13 06:08:00.085 [ScheduleThreadPool-test-thread-5] ERROR MessageUtil - adventureBossRankInfo is null
2024-07-13 06:09:00.085 [ScheduleThreadPool-test-thread-5] ERROR MessageUtil - adventureBossRankInfo is null
2024-07-13 06:10:00.085 [ScheduleThreadPool-test-thread-3] ERROR MessageUtil - adventureBossRankInfo is null
2024-07-13 06:11:00.085 [ScheduleThreadPool-test-thread-8] ERROR MessageUtil - adventureBossRankInfo is null
2024-07-13 06:12:00.085 [ScheduleThreadPool-test-thread-8] ERROR MessageUtil - adventureBossRankInfo is null
2024-07-13 06:13:00.084 [ScheduleThreadPool-test-thread-8] ERROR MessageUtil - adventureBossRankInfo is null
2024-07-13 06:14:00.085 [ScheduleThreadPool-test-thread-8] ERROR MessageUtil - adventureBossRankInfo is null
2024-07-13 06:15:00.085 [ScheduleThreadPool-test-thread-8] ERROR MessageUtil - adventureBossRankInfo is null
2024-07-13 06:16:00.085 [ScheduleThreadPool-test-thread-2] ERROR MessageUtil - adventureBossRankInfo is null
2024-07-13 06:17:00.085 [ScheduleThreadPool-test-thread-8] ERROR MessageUtil - adventureBossRankInfo is null
2024-07-13 06:18:00.085 [ScheduleThreadPool-test-thread-7] ERROR MessageUtil - adventureBossRankInfo is null
2024-07-13 06:19:00.085 [ScheduleThreadPool-test-thread-6] ERROR MessageUtil - adventureBossRankInfo is null
2024-07-13 06:20:00.085 [ScheduleThreadPool-test-thread-6] ERROR MessageUtil - adventureBossRankInfo is null
2024-07-13 06:21:00.084 [ScheduleThreadPool-test-thread-4] ERROR MessageUtil - adventureBossRankInfo is null
2024-07-13 06:22:00.085 [ScheduleThreadPool-test-thread-5] ERROR MessageUtil - adventureBossRankInfo is null
2024-07-13 06:23:00.085 [ScheduleThreadPool-test-thread-5] ERROR MessageUtil - adventureBossRankInfo is null
2024-07-13 06:24:00.085 [ScheduleThreadPool-test-thread-2] ERROR MessageUtil - adventureBossRankInfo is null
2024-07-13 06:25:00.089 [ScheduleThreadPool-test-thread-6] ERROR MessageUtil - adventureBossRankInfo is null
2024-07-13 06:26:00.092 [ScheduleThreadPool-test-thread-6] ERROR MessageUtil - adventureBossRankInfo is null
2024-07-13 06:27:00.085 [ScheduleThreadPool-test-thread-8] ERROR MessageUtil - adventureBossRankInfo is null
2024-07-13 06:28:00.085 [ScheduleThreadPool-test-thread-3] ERROR MessageUtil - adventureBossRankInfo is null
2024-07-13 06:29:00.085 [ScheduleThreadPool-test-thread-2] ERROR MessageUtil - adventureBossRankInfo is null
2024-07-13 06:30:00.085 [ScheduleThreadPool-test-thread-7] ERROR MessageUtil - adventureBossRankInfo is null
2024-07-13 06:31:00.085 [ScheduleThreadPool-test-thread-5] ERROR MessageUtil - adventureBossRankInfo is null
2024-07-13 06:32:00.085 [ScheduleThreadPool-test-thread-6] ERROR MessageUtil - adventureBossRankInfo is null
2024-07-13 06:33:00.085 [ScheduleThreadPool-test-thread-4] ERROR MessageUtil - adventureBossRankInfo is null
2024-07-13 06:34:00.085 [ScheduleThreadPool-test-thread-2] ERROR MessageUtil - adventureBossRankInfo is null
2024-07-13 06:35:00.085 [ScheduleThreadPool-test-thread-8] ERROR MessageUtil - adventureBossRankInfo is null
2024-07-13 06:36:00.085 [ScheduleThreadPool-test-thread-2] ERROR MessageUtil - adventureBossRankInfo is null
2024-07-13 06:37:00.085 [ScheduleThreadPool-test-thread-4] ERROR MessageUtil - adventureBossRankInfo is null
2024-07-13 06:38:00.085 [ScheduleThreadPool-test-thread-8] ERROR MessageUtil - adventureBossRankInfo is null
2024-07-13 06:39:00.087 [ScheduleThreadPool-test-thread-7] ERROR MessageUtil - adventureBossRankInfo is null
2024-07-13 06:40:00.085 [ScheduleThreadPool-test-thread-4] ERROR MessageUtil - adventureBossRankInfo is null
2024-07-13 06:41:00.085 [ScheduleThreadPool-test-thread-8] ERROR MessageUtil - adventureBossRankInfo is null
2024-07-13 06:42:00.085 [ScheduleThreadPool-test-thread-3] ERROR MessageUtil - adventureBossRankInfo is null
2024-07-13 06:43:00.086 [ScheduleThreadPool-test-thread-3] ERROR MessageUtil - adventureBossRankInfo is null
2024-07-13 06:44:00.085 [ScheduleThreadPool-test-thread-8] ERROR MessageUtil - adventureBossRankInfo is null
2024-07-13 06:45:00.085 [ScheduleThreadPool-test-thread-5] ERROR MessageUtil - adventureBossRankInfo is null
2024-07-13 06:46:00.085 [ScheduleThreadPool-test-thread-8] ERROR MessageUtil - adventureBossRankInfo is null
2024-07-13 06:47:00.085 [ScheduleThreadPool-test-thread-3] ERROR MessageUtil - adventureBossRankInfo is null
2024-07-13 06:48:00.085 [ScheduleThreadPool-test-thread-8] ERROR MessageUtil - adventureBossRankInfo is null
2024-07-13 06:49:00.085 [ScheduleThreadPool-test-thread-4] ERROR MessageUtil - adventureBossRankInfo is null
2024-07-13 06:50:00.085 [ScheduleThreadPool-test-thread-5] ERROR MessageUtil - adventureBossRankInfo is null
2024-07-13 06:51:00.091 [ScheduleThreadPool-test-thread-5] ERROR MessageUtil - adventureBossRankInfo is null
2024-07-13 06:52:00.085 [ScheduleThreadPool-test-thread-2] ERROR MessageUtil - adventureBossRankInfo is null
2024-07-13 06:53:00.090 [ScheduleThreadPool-test-thread-4] ERROR MessageUtil - adventureBossRankInfo is null
2024-07-13 06:54:00.085 [ScheduleThreadPool-test-thread-6] ERROR MessageUtil - adventureBossRankInfo is null
2024-07-13 06:55:00.084 [ScheduleThreadPool-test-thread-7] ERROR MessageUtil - adventureBossRankInfo is null
2024-07-13 06:56:00.085 [ScheduleThreadPool-test-thread-3] ERROR MessageUtil - adventureBossRankInfo is null
2024-07-13 06:57:00.085 [ScheduleThreadPool-test-thread-2] ERROR MessageUtil - adventureBossRankInfo is null
2024-07-13 06:58:00.085 [ScheduleThreadPool-test-thread-6] ERROR MessageUtil - adventureBossRankInfo is null
2024-07-13 06:59:00.085 [ScheduleThreadPool-test-thread-8] ERROR MessageUtil - adventureBossRankInfo is null
2024-07-13 07:00:00.085 [ScheduleThreadPool-test-thread-4] ERROR MessageUtil - adventureBossRankInfo is null
2024-07-13 07:01:00.085 [ScheduleThreadPool-test-thread-7] ERROR MessageUtil - adventureBossRankInfo is null
2024-07-13 07:02:00.085 [ScheduleThreadPool-test-thread-8] ERROR MessageUtil - adventureBossRankInfo is null
2024-07-13 07:03:00.085 [ScheduleThreadPool-test-thread-5] ERROR MessageUtil - adventureBossRankInfo is null
2024-07-13 07:04:00.085 [ScheduleThreadPool-test-thread-7] ERROR MessageUtil - adventureBossRankInfo is null
2024-07-13 07:05:00.085 [ScheduleThreadPool-test-thread-5] ERROR MessageUtil - adventureBossRankInfo is null
2024-07-13 07:06:00.085 [ScheduleThreadPool-test-thread-8] ERROR MessageUtil - adventureBossRankInfo is null
2024-07-13 07:07:00.085 [ScheduleThreadPool-test-thread-2] ERROR MessageUtil - adventureBossRankInfo is null
2024-07-13 07:08:00.085 [ScheduleThreadPool-test-thread-5] ERROR MessageUtil - adventureBossRankInfo is null
2024-07-13 07:09:00.085 [ScheduleThreadPool-test-thread-4] ERROR MessageUtil - adventureBossRankInfo is null
2024-07-13 07:10:00.085 [ScheduleThreadPool-test-thread-4] ERROR MessageUtil - adventureBossRankInfo is null
2024-07-13 07:11:00.085 [ScheduleThreadPool-test-thread-7] ERROR MessageUtil - adventureBossRankInfo is null
2024-07-13 07:12:00.093 [ScheduleThreadPool-test-thread-4] ERROR MessageUtil - adventureBossRankInfo is null
2024-07-13 07:13:00.085 [ScheduleThreadPool-test-thread-1] ERROR MessageUtil - adventureBossRankInfo is null
2024-07-13 07:14:00.091 [ScheduleThreadPool-test-thread-1] ERROR MessageUtil - adventureBossRankInfo is null
2024-07-13 07:15:00.085 [ScheduleThreadPool-test-thread-4] ERROR MessageUtil - adventureBossRankInfo is null
2024-07-13 07:16:00.086 [ScheduleThreadPool-test-thread-8] ERROR MessageUtil - adventureBossRankInfo is null
2024-07-13 07:17:00.085 [ScheduleThreadPool-test-thread-3] ERROR MessageUtil - adventureBossRankInfo is null
2024-07-13 07:18:00.085 [ScheduleThreadPool-test-thread-4] ERROR MessageUtil - adventureBossRankInfo is null
2024-07-13 07:19:00.084 [ScheduleThreadPool-test-thread-7] ERROR MessageUtil - adventureBossRankInfo is null
2024-07-13 07:20:00.085 [ScheduleThreadPool-test-thread-4] ERROR MessageUtil - adventureBossRankInfo is null
2024-07-13 07:21:00.085 [ScheduleThreadPool-test-thread-3] ERROR MessageUtil - adventureBossRankInfo is null
2024-07-13 07:22:00.085 [ScheduleThreadPool-test-thread-7] ERROR MessageUtil - adventureBossRankInfo is null
2024-07-13 07:23:00.085 [ScheduleThreadPool-test-thread-8] ERROR MessageUtil - adventureBossRankInfo is null
2024-07-13 07:24:00.085 [ScheduleThreadPool-test-thread-6] ERROR MessageUtil - adventureBossRankInfo is null
2024-07-13 07:25:00.085 [ScheduleThreadPool-test-thread-6] ERROR MessageUtil - adventureBossRankInfo is null
2024-07-13 07:26:00.084 [ScheduleThreadPool-test-thread-5] ERROR MessageUtil - adventureBossRankInfo is null
2024-07-13 07:27:00.085 [ScheduleThreadPool-test-thread-7] ERROR MessageUtil - adventureBossRankInfo is null
2024-07-13 07:28:00.085 [ScheduleThreadPool-test-thread-5] ERROR MessageUtil - adventureBossRankInfo is null
2024-07-13 07:29:00.085 [ScheduleThreadPool-test-thread-8] ERROR MessageUtil - adventureBossRankInfo is null
2024-07-13 07:30:00.085 [ScheduleThreadPool-test-thread-4] ERROR MessageUtil - adventureBossRankInfo is null
2024-07-13 07:31:00.084 [ScheduleThreadPool-test-thread-8] ERROR MessageUtil - adventureBossRankInfo is null
2024-07-13 07:32:00.085 [ScheduleThreadPool-test-thread-5] ERROR MessageUtil - adventureBossRankInfo is null
2024-07-13 07:33:00.085 [ScheduleThreadPool-test-thread-5] ERROR MessageUtil - adventureBossRankInfo is null
2024-07-13 07:34:00.085 [ScheduleThreadPool-test-thread-8] ERROR MessageUtil - adventureBossRankInfo is null
2024-07-13 07:35:00.085 [ScheduleThreadPool-test-thread-3] ERROR MessageUtil - adventureBossRankInfo is null
2024-07-13 07:36:00.085 [ScheduleThreadPool-test-thread-1] ERROR MessageUtil - adventureBossRankInfo is null
2024-07-13 07:37:00.085 [ScheduleThreadPool-test-thread-4] ERROR MessageUtil - adventureBossRankInfo is null
2024-07-13 07:38:00.085 [ScheduleThreadPool-test-thread-6] ERROR MessageUtil - adventureBossRankInfo is null
2024-07-13 07:39:00.091 [ScheduleThreadPool-test-thread-8] ERROR MessageUtil - adventureBossRankInfo is null
2024-07-13 07:40:00.085 [ScheduleThreadPool-test-thread-4] ERROR MessageUtil - adventureBossRankInfo is null
2024-07-13 07:41:00.085 [ScheduleThreadPool-test-thread-1] ERROR MessageUtil - adventureBossRankInfo is null
2024-07-13 07:42:00.085 [ScheduleThreadPool-test-thread-8] ERROR MessageUtil - adventureBossRankInfo is null
2024-07-13 07:43:00.085 [ScheduleThreadPool-test-thread-8] ERROR MessageUtil - adventureBossRankInfo is null
2024-07-13 07:44:00.085 [ScheduleThreadPool-test-thread-6] ERROR MessageUtil - adventureBossRankInfo is null
2024-07-13 07:45:00.086 [ScheduleThreadPool-test-thread-4] ERROR MessageUtil - adventureBossRankInfo is null
2024-07-13 07:46:00.085 [ScheduleThreadPool-test-thread-1] ERROR MessageUtil - adventureBossRankInfo is null
2024-07-13 07:47:00.085 [ScheduleThreadPool-test-thread-7] ERROR MessageUtil - adventureBossRankInfo is null
2024-07-13 07:48:00.085 [ScheduleThreadPool-test-thread-8] ERROR MessageUtil - adventureBossRankInfo is null
2024-07-13 07:49:00.088 [ScheduleThreadPool-test-thread-8] ERROR MessageUtil - adventureBossRankInfo is null
2024-07-13 07:50:00.085 [ScheduleThreadPool-test-thread-1] ERROR MessageUtil - adventureBossRankInfo is null
2024-07-13 07:51:00.085 [ScheduleThreadPool-test-thread-8] ERROR MessageUtil - adventureBossRankInfo is null
2024-07-13 07:52:00.088 [ScheduleThreadPool-test-thread-4] ERROR MessageUtil - adventureBossRankInfo is null
2024-07-13 07:53:00.085 [ScheduleThreadPool-test-thread-7] ERROR MessageUtil - adventureBossRankInfo is null
2024-07-13 07:54:00.086 [ScheduleThreadPool-test-thread-8] ERROR MessageUtil - adventureBossRankInfo is null
2024-07-13 07:55:00.085 [ScheduleThreadPool-test-thread-3] ERROR MessageUtil - adventureBossRankInfo is null
2024-07-13 07:56:00.085 [ScheduleThreadPool-test-thread-4] ERROR MessageUtil - adventureBossRankInfo is null
2024-07-13 07:57:00.085 [ScheduleThreadPool-test-thread-7] ERROR MessageUtil - adventureBossRankInfo is null
2024-07-13 07:58:00.085 [ScheduleThreadPool-test-thread-4] ERROR MessageUtil - adventureBossRankInfo is null
2024-07-13 07:59:00.091 [ScheduleThreadPool-test-thread-4] ERROR MessageUtil - adventureBossRankInfo is null
2024-07-13 08:00:00.084 [ScheduleThreadPool-test-thread-6] ERROR MessageUtil - adventureBossRankInfo is null
2024-07-13 08:01:00.084 [ScheduleThreadPool-test-thread-7] ERROR MessageUtil - adventureBossRankInfo is null
2024-07-13 08:02:00.089 [ScheduleThreadPool-test-thread-4] ERROR MessageUtil - adventureBossRankInfo is null
2024-07-13 08:03:00.085 [ScheduleThreadPool-test-thread-8] ERROR MessageUtil - adventureBossRankInfo is null
2024-07-13 08:04:00.085 [ScheduleThreadPool-test-thread-5] ERROR MessageUtil - adventureBossRankInfo is null
2024-07-13 08:05:00.085 [ScheduleThreadPool-test-thread-3] ERROR MessageUtil - adventureBossRankInfo is null
2024-07-13 08:06:00.085 [ScheduleThreadPool-test-thread-4] ERROR MessageUtil - adventureBossRankInfo is null
2024-07-13 08:07:00.085 [ScheduleThreadPool-test-thread-3] ERROR MessageUtil - adventureBossRankInfo is null
2024-07-13 08:08:00.085 [ScheduleThreadPool-test-thread-5] ERROR MessageUtil - adventureBossRankInfo is null
2024-07-13 08:09:00.084 [ScheduleThreadPool-test-thread-4] ERROR MessageUtil - adventureBossRankInfo is null
2024-07-13 08:10:00.085 [ScheduleThreadPool-test-thread-5] ERROR MessageUtil - adventureBossRankInfo is null
2024-07-13 08:11:00.085 [ScheduleThreadPool-test-thread-2] ERROR MessageUtil - adventureBossRankInfo is null
2024-07-13 08:12:00.085 [ScheduleThreadPool-test-thread-4] ERROR MessageUtil - adventureBossRankInfo is null
2024-07-13 08:13:00.085 [ScheduleThreadPool-test-thread-8] ERROR MessageUtil - adventureBossRankInfo is null
2024-07-13 08:14:00.085 [ScheduleThreadPool-test-thread-3] ERROR MessageUtil - adventureBossRankInfo is null
2024-07-13 08:15:00.085 [ScheduleThreadPool-test-thread-6] ERROR MessageUtil - adventureBossRankInfo is null
2024-07-13 08:16:00.085 [ScheduleThreadPool-test-thread-5] ERROR MessageUtil - adventureBossRankInfo is null
2024-07-13 08:17:00.084 [ScheduleThreadPool-test-thread-4] ERROR MessageUtil - adventureBossRankInfo is null
2024-07-13 08:18:00.085 [ScheduleThreadPool-test-thread-8] ERROR MessageUtil - adventureBossRankInfo is null
2024-07-13 08:19:00.085 [ScheduleThreadPool-test-thread-8] ERROR MessageUtil - adventureBossRankInfo is null
2024-07-13 08:20:00.085 [ScheduleThreadPool-test-thread-2] ERROR MessageUtil - adventureBossRankInfo is null
2024-07-13 08:21:00.085 [ScheduleThreadPool-test-thread-6] ERROR MessageUtil - adventureBossRankInfo is null
2024-07-13 08:22:00.085 [ScheduleThreadPool-test-thread-4] ERROR MessageUtil - adventureBossRankInfo is null
2024-07-13 08:23:00.085 [ScheduleThreadPool-test-thread-6] ERROR MessageUtil - adventureBossRankInfo is null
2024-07-13 08:24:00.085 [ScheduleThreadPool-test-thread-8] ERROR MessageUtil - adventureBossRankInfo is null
2024-07-13 08:25:00.085 [ScheduleThreadPool-test-thread-4] ERROR MessageUtil - adventureBossRankInfo is null
2024-07-13 08:26:00.085 [ScheduleThreadPool-test-thread-2] ERROR MessageUtil - adventureBossRankInfo is null
2024-07-13 08:27:00.085 [ScheduleThreadPool-test-thread-7] ERROR MessageUtil - adventureBossRankInfo is null
2024-07-13 08:28:00.085 [ScheduleThreadPool-test-thread-1] ERROR MessageUtil - adventureBossRankInfo is null
2024-07-13 08:29:00.091 [ScheduleThreadPool-test-thread-3] ERROR MessageUtil - adventureBossRankInfo is null
2024-07-13 08:30:00.085 [ScheduleThreadPool-test-thread-3] ERROR MessageUtil - adventureBossRankInfo is null
2024-07-13 08:31:00.085 [ScheduleThreadPool-test-thread-8] ERROR MessageUtil - adventureBossRankInfo is null
2024-07-13 08:32:00.085 [ScheduleThreadPool-test-thread-4] ERROR MessageUtil - adventureBossRankInfo is null
2024-07-13 08:33:00.085 [ScheduleThreadPool-test-thread-2] ERROR MessageUtil - adventureBossRankInfo is null
2024-07-13 08:34:00.085 [ScheduleThreadPool-test-thread-8] ERROR MessageUtil - adventureBossRankInfo is null
2024-07-13 08:35:00.084 [ScheduleThreadPool-test-thread-6] ERROR MessageUtil - adventureBossRankInfo is null
2024-07-13 08:36:00.085 [ScheduleThreadPool-test-thread-1] ERROR MessageUtil - adventureBossRankInfo is null
2024-07-13 08:37:00.085 [ScheduleThreadPool-test-thread-2] ERROR MessageUtil - adventureBossRankInfo is null
2024-07-13 08:38:00.085 [ScheduleThreadPool-test-thread-7] ERROR MessageUtil - adventureBossRankInfo is null
2024-07-13 08:39:00.087 [ScheduleThreadPool-test-thread-6] ERROR MessageUtil - adventureBossRankInfo is null
2024-07-13 08:40:00.086 [ScheduleThreadPool-test-thread-1] ERROR MessageUtil - adventureBossRankInfo is null
2024-07-13 08:41:00.089 [ScheduleThreadPool-test-thread-6] ERROR MessageUtil - adventureBossRankInfo is null
2024-07-13 08:42:00.091 [ScheduleThreadPool-test-thread-6] ERROR MessageUtil - adventureBossRankInfo is null
2024-07-13 08:43:00.084 [ScheduleThreadPool-test-thread-7] ERROR MessageUtil - adventureBossRankInfo is null
2024-07-13 08:44:00.085 [ScheduleThreadPool-test-thread-7] ERROR MessageUtil - adventureBossRankInfo is null
2024-07-13 08:45:00.084 [ScheduleThreadPool-test-thread-2] ERROR MessageUtil - adventureBossRankInfo is null
2024-07-13 08:46:00.085 [ScheduleThreadPool-test-thread-6] ERROR MessageUtil - adventureBossRankInfo is null
2024-07-13 08:47:00.085 [ScheduleThreadPool-test-thread-4] ERROR MessageUtil - adventureBossRankInfo is null
2024-07-13 08:48:00.084 [ScheduleThreadPool-test-thread-5] ERROR MessageUtil - adventureBossRankInfo is null
2024-07-13 08:49:00.085 [ScheduleThreadPool-test-thread-2] ERROR MessageUtil - adventureBossRankInfo is null
2024-07-13 08:50:00.085 [ScheduleThreadPool-test-thread-5] ERROR MessageUtil - adventureBossRankInfo is null
2024-07-13 08:51:00.085 [ScheduleThreadPool-test-thread-5] ERROR MessageUtil - adventureBossRankInfo is null
2024-07-13 08:52:00.089 [ScheduleThreadPool-test-thread-3] ERROR MessageUtil - adventureBossRankInfo is null
2024-07-13 08:53:00.084 [ScheduleThreadPool-test-thread-3] ERROR MessageUtil - adventureBossRankInfo is null
2024-07-13 08:54:00.084 [ScheduleThreadPool-test-thread-3] ERROR MessageUtil - adventureBossRankInfo is null
2024-07-13 08:55:00.085 [ScheduleThreadPool-test-thread-4] ERROR MessageUtil - adventureBossRankInfo is null
2024-07-13 08:56:00.085 [ScheduleThreadPool-test-thread-1] ERROR MessageUtil - adventureBossRankInfo is null
2024-07-13 08:57:00.085 [ScheduleThreadPool-test-thread-1] ERROR MessageUtil - adventureBossRankInfo is null
2024-07-13 08:58:00.091 [ScheduleThreadPool-test-thread-2] ERROR MessageUtil - adventureBossRankInfo is null
2024-07-13 08:59:00.086 [ScheduleThreadPool-test-thread-3] ERROR MessageUtil - adventureBossRankInfo is null
2024-07-13 08:59:19.678 [netty-8] ERROR SessionManager - 閲嶆柊鐧诲綍 new = 79a13b0f-6155-4436-bc6c-f46f8faecd48
2024-07-13 08:59:19.860 [h-3] ERROR MongoUtil - the user=0 not exists
2024-07-13 08:59:20.244 [h-3] ERROR MongoUtil - the user=0 not exists
2024-07-13 08:59:20.843 [h-3] ERROR MongoUtil - the user=10001 not exists
2024-07-13 08:59:20.980 [h-3] ERROR MongoUtil - the user=10 not exists
2024-07-13 08:59:20.985 [h-3] ERROR MongoUtil - the user=0 not exists
2024-07-13 08:59:20.987 [h-3] ERROR MongoUtil - the user=10021 not exists
2024-07-13 08:59:20.989 [h-3] ERROR MongoUtil - the user=10020 not exists
2024-07-13 08:59:23.149 [h-3] ERROR MongoUtil - the user=0 not exists
2024-07-13 08:59:57.067 [h-3] ERROR BaseHandler - processWithProto Exception protoID=11704,uid=10000003,proto=>type: 1
name: "\346\220\254\346\220\254\345\261\213"
sex: 0
channelId: 10001
 exception=[CODE: 1][该名字已被使用][搬搬屋][] 
2024-07-13 08:59:57.074 [h-3] ERROR HandlerLogicThread - An unusual ErrorCodeException occurred for the user::use10000003
2024-07-13 08:59:57.075 [h-3] ERROR HandlerLogicThread - [CODE: 1][该名字已被使用][搬搬屋][] 

    at com.ljsd.jieling.logic.player.PlayerLogic.resetUserName(PlayerLogic.java:181)
    at com.ljsd.jieling.handler.player.ReNameRequestHandler.processWithProto(ReNameRequestHandler.java:30)
    at com.ljsd.jieling.handler.player.ReNameRequestHandler.processWithProto(ReNameRequestHandler.java:14)
    at com.ljsd.jieling.handler.BaseHandler.processWithProto(BaseHandler.java:61)
    at com.ljsd.jieling.handler.BaseHandler.execute(BaseHandler.java:41)
    at com.ljsd.jieling.core.HandlerLogicThread.doWork(HandlerLogicThread.java:167)
    at com.ljsd.jieling.core.HandlerLogicThread.run(HandlerLogicThread.java:105)

2024-07-13 08:59:57.080 [h-3] ERROR MessageUtil - send error msg,the uid=10000003,the msgId=11705,the errMsg=该名字已被使用 
2024-07-13 09:00:00.084 [ScheduleThreadPool-test-thread-3] ERROR MessageUtil - adventureBossRankInfo is null
2024-07-13 09:01:00.085 [ScheduleThreadPool-test-thread-4] ERROR MessageUtil - adventureBossRankInfo is null
2024-07-13 09:02:00.085 [ScheduleThreadPool-test-thread-6] ERROR MessageUtil - adventureBossRankInfo is null
2024-07-13 09:02:52.119 [netty-9] ERROR SessionManager - 閲嶆柊鐧诲綍 new = 03612389-db3c-46e9-a0c3-7f4bc602b010
2024-07-13 09:02:52.545 [h-3] ERROR MongoUtil - the user=0 not exists
2024-07-13 09:02:53.270 [h-3] ERROR MongoUtil - the user=10001 not exists
2024-07-13 09:02:53.439 [h-3] ERROR MongoUtil - the user=0 not exists
2024-07-13 09:03:00.084 [ScheduleThreadPool-test-thread-1] ERROR MessageUtil - adventureBossRankInfo is null
2024-07-13 09:03:05.093 [h-3] ERROR MongoUtil - the user=0 not exists
2024-07-13 09:03:24.951 [netty-10] ERROR SessionManager - 閲嶆柊鐧诲綍 new = 6d4f54b4-19a5-4880-ad52-bc4f7614a5bb
2024-07-13 09:03:25.427 [h-3] ERROR MongoUtil - the user=0 not exists
2024-07-13 09:03:26.429 [h-3] ERROR MongoUtil - the user=0 not exists
2024-07-13 09:03:54.792 [netty-11] ERROR SessionManager - 閲嶆柊鐧诲綍 new = b5a918ba-d985-4652-a585-521258936aa5
2024-07-13 09:03:55.247 [h-2] ERROR MongoUtil - the user=0 not exists
2024-07-13 09:03:55.866 [h-2] ERROR MongoUtil - the user=10001 not exists
2024-07-13 09:03:56.016 [h-2] ERROR MongoUtil - the user=0 not exists
2024-07-13 09:04:00.084 [ScheduleThreadPool-test-thread-1] ERROR MessageUtil - adventureBossRankInfo is null
2024-07-13 09:04:00.091 [h-2] ERROR MongoUtil - the user=0 not exists
2024-07-13 09:04:25.233 [ScheduleThreadPool-test-thread-8] ERROR MongoUtil - the user=123456 not exists
2024-07-13 09:04:42.402 [ScheduleThreadPool-test-thread-4] ERROR MongoUtil - the user=123456 not exists
2024-07-13 09:05:00.085 [ScheduleThreadPool-test-thread-4] ERROR MessageUtil - adventureBossRankInfo is null
2024-07-13 09:05:00.088 [h-2] ERROR MongoUtil - the user=0 not exists
2024-07-13 09:05:15.584 [h-2] ERROR MongoUtil - the user=10001 not exists
2024-07-13 09:05:28.005 [ScheduleThreadPool-test-thread-8] ERROR MongoUtil - the user=123456 not exists
2024-07-13 09:05:28.819 [ScheduleThreadPool-test-thread-2] ERROR MongoUtil - the user=123456 not exists
2024-07-13 09:05:29.276 [ScheduleThreadPool-test-thread-4] ERROR MongoUtil - the user=123456 not exists
2024-07-13 09:05:29.468 [ScheduleThreadPool-test-thread-6] ERROR MongoUtil - the user=123456 not exists
2024-07-13 09:05:29.644 [ScheduleThreadPool-test-thread-3] ERROR MongoUtil - the user=123456 not exists
2024-07-13 09:06:00.085 [ScheduleThreadPool-test-thread-8] ERROR MessageUtil - adventureBossRankInfo is null
2024-07-13 09:06:01.088 [h-2] ERROR MongoUtil - the user=0 not exists
2024-07-13 09:06:04.198 [ScheduleThreadPool-test-thread-6] ERROR MongoUtil - the user=123456 not exists
2024-07-13 09:06:52.101 [ScheduleThreadPool-test-thread-8] ERROR MongoUtil - the user=123456 not exists
2024-07-13 09:07:00.086 [ScheduleThreadPool-test-thread-8] ERROR MessageUtil - adventureBossRankInfo is null
2024-07-13 09:07:00.093 [h-2] ERROR MongoUtil - the user=0 not exists
2024-07-13 09:08:00.084 [ScheduleThreadPool-test-thread-7] ERROR MessageUtil - adventureBossRankInfo is null
2024-07-13 09:08:02.092 [h-2] ERROR MongoUtil - the user=0 not exists
2024-07-13 09:09:00.084 [ScheduleThreadPool-test-thread-4] ERROR MessageUtil - adventureBossRankInfo is null
2024-07-13 09:09:03.090 [h-2] ERROR MongoUtil - the user=0 not exists
2024-07-13 09:10:00.084 [ScheduleThreadPool-test-thread-2] ERROR MessageUtil - adventureBossRankInfo is null
2024-07-13 09:10:01.091 [h-2] ERROR MongoUtil - the user=0 not exists
2024-07-13 09:11:00.084 [ScheduleThreadPool-test-thread-2] ERROR MessageUtil - adventureBossRankInfo is null
2024-07-13 09:11:05.090 [h-2] ERROR MongoUtil - the user=0 not exists
2024-07-13 09:12:00.084 [ScheduleThreadPool-test-thread-3] ERROR MessageUtil - adventureBossRankInfo is null
2024-07-13 09:12:00.089 [h-2] ERROR MongoUtil - the user=0 not exists
2024-07-13 09:13:00.084 [ScheduleThreadPool-test-thread-8] ERROR MessageUtil - adventureBossRankInfo is null
2024-07-13 09:13:04.090 [h-2] ERROR MongoUtil - the user=0 not exists
2024-07-13 09:14:00.084 [ScheduleThreadPool-test-thread-8] ERROR MessageUtil - adventureBossRankInfo is null
2024-07-13 09:14:04.088 [h-2] ERROR MongoUtil - the user=0 not exists
2024-07-13 09:14:57.449 [h-2] ERROR MongoUtil - the user=10001 not exists
2024-07-13 09:15:00.084 [ScheduleThreadPool-test-thread-4] ERROR MessageUtil - adventureBossRankInfo is null
2024-07-13 09:15:04.090 [h-2] ERROR MongoUtil - the user=0 not exists
2024-07-13 09:16:00.085 [ScheduleThreadPool-test-thread-6] ERROR MessageUtil - adventureBossRankInfo is null
2024-07-13 09:16:02.091 [h-2] ERROR MongoUtil - the user=0 not exists
2024-07-13 09:17:00.084 [ScheduleThreadPool-test-thread-5] ERROR MessageUtil - adventureBossRankInfo is null
2024-07-13 09:17:03.089 [h-2] ERROR MongoUtil - the user=0 not exists
2024-07-13 09:18:00.085 [ScheduleThreadPool-test-thread-7] ERROR MessageUtil - adventureBossRankInfo is null
2024-07-13 09:18:04.090 [h-2] ERROR MongoUtil - the user=0 not exists
2024-07-13 09:19:00.085 [ScheduleThreadPool-test-thread-8] ERROR MessageUtil - adventureBossRankInfo is null
2024-07-13 09:19:05.091 [h-2] ERROR MongoUtil - the user=0 not exists
2024-07-13 09:20:00.087 [ScheduleThreadPool-test-thread-8] ERROR MessageUtil - adventureBossRankInfo is null
2024-07-13 09:20:00.090 [h-2] ERROR MongoUtil - the user=0 not exists
2024-07-13 09:21:00.085 [ScheduleThreadPool-test-thread-8] ERROR MessageUtil - adventureBossRankInfo is null
2024-07-13 09:21:04.090 [h-2] ERROR MongoUtil - the user=0 not exists
2024-07-13 09:22:00.085 [ScheduleThreadPool-test-thread-6] ERROR MessageUtil - adventureBossRankInfo is null
2024-07-13 09:22:05.093 [h-2] ERROR MongoUtil - the user=0 not exists
2024-07-13 09:23:00.085 [ScheduleThreadPool-test-thread-7] ERROR MessageUtil - adventureBossRankInfo is null
2024-07-13 09:23:02.091 [h-2] ERROR MongoUtil - the user=0 not exists
2024-07-13 09:23:24.765 [h-2] ERROR MongoUtil - the user=0 not exists
2024-07-13 09:23:47.418 [h-2] ERROR MongoUtil - the user=0 not exists
2024-07-13 09:23:49.942 [h-2] ERROR MongoUtil - the user=0 not exists
2024-07-13 09:23:58.152 [h-2] ERROR MongoUtil - the user=0 not exists
2024-07-13 09:24:00.084 [ScheduleThreadPool-test-thread-8] ERROR MessageUtil - adventureBossRankInfo is null
2024-07-13 09:24:01.088 [h-2] ERROR MongoUtil - the user=0 not exists
2024-07-13 09:24:01.532 [h-2] ERROR MongoUtil - the user=0 not exists
2024-07-13 09:24:49.597 [h-2] ERROR MongoUtil - the user=10001 not exists
2024-07-13 09:25:00.084 [ScheduleThreadPool-test-thread-4] ERROR MessageUtil - adventureBossRankInfo is null
2024-07-13 09:25:00.090 [h-2] ERROR MongoUtil - the user=0 not exists
2024-07-13 09:26:00.085 [ScheduleThreadPool-test-thread-2] ERROR MessageUtil - adventureBossRankInfo is null
2024-07-13 09:26:05.090 [h-2] ERROR MongoUtil - the user=0 not exists
2024-07-13 09:26:54.053 [h-2] ERROR MongoUtil - the user=10001 not exists
2024-07-13 09:27:00.084 [ScheduleThreadPool-test-thread-7] ERROR MessageUtil - adventureBossRankInfo is null
2024-07-13 09:27:05.089 [h-2] ERROR MongoUtil - the user=0 not exists
2024-07-13 09:28:00.086 [ScheduleThreadPool-test-thread-1] ERROR MessageUtil - adventureBossRankInfo is null
2024-07-13 09:28:02.091 [h-2] ERROR MongoUtil - the user=0 not exists
2024-07-13 09:29:00.084 [ScheduleThreadPool-test-thread-4] ERROR MessageUtil - adventureBossRankInfo is null
2024-07-13 09:29:04.088 [h-2] ERROR MongoUtil - the user=0 not exists
2024-07-13 09:29:24.666 [netty-12] ERROR SessionManager - 閲嶆柊鐧诲綍 new = 75d701ee-19eb-4cb9-8a52-9269437a1d74
2024-07-13 09:29:24.818 [h-4] ERROR MongoUtil - the user=0 not exists
2024-07-13 09:29:25.222 [h-4] ERROR MongoUtil - the user=0 not exists
2024-07-13 09:29:26.083 [h-4] ERROR MongoUtil - the user=10001 not exists
2024-07-13 09:29:26.255 [h-4] ERROR MongoUtil - the user=10 not exists
2024-07-13 09:29:26.260 [h-4] ERROR MongoUtil - the user=0 not exists
2024-07-13 09:29:26.261 [h-4] ERROR MongoUtil - the user=10021 not exists
2024-07-13 09:29:26.263 [h-4] ERROR MongoUtil - the user=10020 not exists
2024-07-13 09:29:29.368 [h-4] ERROR MongoUtil - the user=0 not exists
2024-07-13 09:29:52.853 [netty-13] ERROR SessionManager - 閲嶆柊鐧诲綍 new = 0bda271d-79e1-440f-9b0b-93aa9ec7722e
2024-07-13 09:29:53.340 [h-2] ERROR MongoUtil - the user=0 not exists
2024-07-13 09:29:54.285 [h-2] ERROR MongoUtil - the user=0 not exists
2024-07-13 09:30:00.084 [ScheduleThreadPool-test-thread-6] ERROR MessageUtil - adventureBossRankInfo is null
2024-07-13 09:30:01.090 [h-2] ERROR MongoUtil - the user=0 not exists
2024-07-13 09:30:01.091 [h-4] ERROR MongoUtil - the user=0 not exists
2024-07-13 09:31:00.085 [ScheduleThreadPool-test-thread-5] ERROR MessageUtil - adventureBossRankInfo is null
2024-07-13 09:31:02.092 [h-2] ERROR MongoUtil - the user=0 not exists
2024-07-13 09:31:05.089 [h-4] ERROR MongoUtil - the user=0 not exists
2024-07-13 09:32:00.087 [ScheduleThreadPool-test-thread-4] ERROR MessageUtil - adventureBossRankInfo is null
2024-07-13 09:32:00.092 [h-4] ERROR MongoUtil - the user=0 not exists
2024-07-13 09:32:02.094 [h-2] ERROR MongoUtil - the user=0 not exists
2024-07-13 09:33:00.085 [ScheduleThreadPool-test-thread-7] ERROR MessageUtil - adventureBossRankInfo is null
2024-07-13 09:33:04.091 [h-4] ERROR MongoUtil - the user=0 not exists
2024-07-13 09:34:00.084 [ScheduleThreadPool-test-thread-8] ERROR MessageUtil - adventureBossRankInfo is null
2024-07-13 09:34:05.089 [h-4] ERROR MongoUtil - the user=0 not exists
2024-07-13 09:35:00.085 [ScheduleThreadPool-test-thread-5] ERROR MessageUtil - adventureBossRankInfo is null
2024-07-13 09:35:02.089 [h-4] ERROR MongoUtil - the user=0 not exists
2024-07-13 09:36:00.084 [ScheduleThreadPool-test-thread-1] ERROR MessageUtil - adventureBossRankInfo is null
2024-07-13 09:36:03.090 [h-4] ERROR MongoUtil - the user=0 not exists
2024-07-13 09:36:26.224 [h-2] ERROR MongoUtil - the user=10001 not exists
2024-07-13 09:37:00.084 [ScheduleThreadPool-test-thread-5] ERROR MessageUtil - adventureBossRankInfo is null
2024-07-13 09:37:04.089 [h-4] ERROR MongoUtil - the user=0 not exists
2024-07-13 09:38:00.084 [ScheduleThreadPool-test-thread-4] ERROR MessageUtil - adventureBossRankInfo is null
2024-07-13 09:38:00.093 [h-4] ERROR MongoUtil - the user=0 not exists
2024-07-13 09:39:00.085 [ScheduleThreadPool-test-thread-2] ERROR MessageUtil - adventureBossRankInfo is null
2024-07-13 09:39:04.090 [h-4] ERROR MongoUtil - the user=0 not exists
2024-07-13 09:40:00.084 [ScheduleThreadPool-test-thread-1] ERROR MessageUtil - adventureBossRankInfo is null
2024-07-13 09:40:03.094 [h-4] ERROR MongoUtil - the user=0 not exists
2024-07-13 09:41:00.085 [ScheduleThreadPool-test-thread-4] ERROR MessageUtil - adventureBossRankInfo is null
2024-07-13 09:41:05.092 [h-4] ERROR MongoUtil - the user=0 not exists
2024-07-13 09:42:00.086 [ScheduleThreadPool-test-thread-6] ERROR MessageUtil - adventureBossRankInfo is null
2024-07-13 09:42:02.091 [h-4] ERROR MongoUtil - the user=0 not exists
2024-07-13 09:43:00.084 [ScheduleThreadPool-test-thread-2] ERROR MessageUtil - adventureBossRankInfo is null
2024-07-13 09:43:02.090 [h-4] ERROR MongoUtil - the user=0 not exists
2024-07-13 09:44:00.085 [ScheduleThreadPool-test-thread-7] ERROR MessageUtil - adventureBossRankInfo is null
2024-07-13 09:44:00.091 [h-4] ERROR MongoUtil - the user=0 not exists
2024-07-13 09:45:00.086 [ScheduleThreadPool-test-thread-4] ERROR MessageUtil - adventureBossRankInfo is null
2024-07-13 09:45:01.092 [h-4] ERROR MongoUtil - the user=0 not exists
2024-07-13 09:46:00.085 [ScheduleThreadPool-test-thread-1] ERROR MessageUtil - adventureBossRankInfo is null
2024-07-13 09:46:02.091 [h-4] ERROR MongoUtil - the user=0 not exists
2024-07-13 09:47:00.084 [ScheduleThreadPool-test-thread-4] ERROR MessageUtil - adventureBossRankInfo is null
2024-07-13 09:47:01.089 [h-4] ERROR MongoUtil - the user=0 not exists
2024-07-13 09:48:00.085 [ScheduleThreadPool-test-thread-1] ERROR MessageUtil - adventureBossRankInfo is null
2024-07-13 09:48:01.090 [h-4] ERROR MongoUtil - the user=9001 not exists
2024-07-13 09:48:01.092 [h-4] ERROR MongoUtil - the user=9000 not exists
2024-07-13 09:48:01.096 [h-4] ERROR MongoUtil - the user=0 not exists
2024-07-13 09:48:01.098 [h-4] ERROR MongoUtil - the user=9002 not exists
2024-07-13 09:49:00.085 [ScheduleThreadPool-test-thread-1] ERROR MessageUtil - adventureBossRankInfo is null
2024-07-13 09:49:04.088 [h-4] ERROR MongoUtil - the user=0 not exists
2024-07-13 09:50:00.085 [ScheduleThreadPool-test-thread-7] ERROR MessageUtil - adventureBossRankInfo is null
2024-07-13 09:50:04.094 [h-4] ERROR MongoUtil - the user=0 not exists
2024-07-13 09:51:00.083 [ScheduleThreadPool-test-thread-4] ERROR MessageUtil - adventureBossRankInfo is null
2024-07-13 09:52:00.084 [ScheduleThreadPool-test-thread-2] ERROR MessageUtil - adventureBossRankInfo is null
2024-07-13 09:53:00.085 [ScheduleThreadPool-test-thread-3] ERROR MessageUtil - adventureBossRankInfo is null
2024-07-13 09:54:00.084 [ScheduleThreadPool-test-thread-2] ERROR MessageUtil - adventureBossRankInfo is null
2024-07-13 09:55:00.084 [ScheduleThreadPool-test-thread-4] ERROR MessageUtil - adventureBossRankInfo is null
2024-07-13 09:56:00.089 [ScheduleThreadPool-test-thread-4] ERROR MessageUtil - adventureBossRankInfo is null
2024-07-13 09:57:00.083 [ScheduleThreadPool-test-thread-3] ERROR MessageUtil - adventureBossRankInfo is null
2024-07-13 09:58:00.084 [ScheduleThreadPool-test-thread-4] ERROR MessageUtil - adventureBossRankInfo is null
2024-07-13 09:59:00.085 [ScheduleThreadPool-test-thread-6] ERROR MessageUtil - adventureBossRankInfo is null
2024-07-13 10:00:00.086 [ScheduleThreadPool-test-thread-3] ERROR MessageUtil - adventureBossRankInfo is null
2024-07-13 10:01:00.085 [ScheduleThreadPool-test-thread-7] ERROR MessageUtil - adventureBossRankInfo is null
2024-07-13 10:02:00.085 [ScheduleThreadPool-test-thread-5] ERROR MessageUtil - adventureBossRankInfo is null
2024-07-13 10:03:00.085 [ScheduleThreadPool-test-thread-2] ERROR MessageUtil - adventureBossRankInfo is null
2024-07-13 10:04:00.085 [ScheduleThreadPool-test-thread-5] ERROR MessageUtil - adventureBossRankInfo is null
2024-07-13 10:05:00.085 [ScheduleThreadPool-test-thread-2] ERROR MessageUtil - adventureBossRankInfo is null
2024-07-13 10:06:00.085 [ScheduleThreadPool-test-thread-3] ERROR MessageUtil - adventureBossRankInfo is null
2024-07-13 10:07:00.093 [ScheduleThreadPool-test-thread-3] ERROR MessageUtil - adventureBossRankInfo is null
2024-07-13 10:08:00.084 [ScheduleThreadPool-test-thread-6] ERROR MessageUtil - adventureBossRankInfo is null
2024-07-13 10:09:00.089 [ScheduleThreadPool-test-thread-1] ERROR MessageUtil - adventureBossRankInfo is null
2024-07-13 10:10:00.085 [ScheduleThreadPool-test-thread-4] ERROR MessageUtil - adventureBossRankInfo is null
2024-07-13 10:11:00.085 [ScheduleThreadPool-test-thread-6] ERROR MessageUtil - adventureBossRankInfo is null
2024-07-13 10:12:00.085 [ScheduleThreadPool-test-thread-3] ERROR MessageUtil - adventureBossRankInfo is null
2024-07-13 10:13:00.085 [ScheduleThreadPool-test-thread-3] ERROR MessageUtil - adventureBossRankInfo is null
2024-07-13 10:14:00.085 [ScheduleThreadPool-test-thread-4] ERROR MessageUtil - adventureBossRankInfo is null
2024-07-13 10:15:00.085 [ScheduleThreadPool-test-thread-6] ERROR MessageUtil - adventureBossRankInfo is null
2024-07-13 10:16:00.085 [ScheduleThreadPool-test-thread-3] ERROR MessageUtil - adventureBossRankInfo is null
2024-07-13 10:17:00.085 [ScheduleThreadPool-test-thread-4] ERROR MessageUtil - adventureBossRankInfo is null
2024-07-13 10:18:00.084 [ScheduleThreadPool-test-thread-1] ERROR MessageUtil - adventureBossRankInfo is null
2024-07-13 10:19:00.084 [ScheduleThreadPool-test-thread-5] ERROR MessageUtil - adventureBossRankInfo is null
2024-07-13 10:20:00.085 [ScheduleThreadPool-test-thread-7] ERROR MessageUtil - adventureBossRankInfo is null
2024-07-13 10:21:00.085 [ScheduleThreadPool-test-thread-1] ERROR MessageUtil - adventureBossRankInfo is null
2024-07-13 10:22:00.085 [ScheduleThreadPool-test-thread-7] ERROR MessageUtil - adventureBossRankInfo is null
2024-07-13 10:23:00.085 [ScheduleThreadPool-test-thread-3] ERROR MessageUtil - adventureBossRankInfo is null
2024-07-13 10:24:00.085 [ScheduleThreadPool-test-thread-4] ERROR MessageUtil - adventureBossRankInfo is null
2024-07-13 10:25:00.085 [ScheduleThreadPool-test-thread-1] ERROR MessageUtil - adventureBossRankInfo is null
2024-07-13 10:26:00.083 [ScheduleThreadPool-test-thread-1] ERROR MessageUtil - adventureBossRankInfo is null
2024-07-13 10:27:00.085 [ScheduleThreadPool-test-thread-3] ERROR MessageUtil - adventureBossRankInfo is null
2024-07-13 10:28:00.085 [ScheduleThreadPool-test-thread-3] ERROR MessageUtil - adventureBossRankInfo is null
2024-07-13 10:29:00.085 [ScheduleThreadPool-test-thread-1] ERROR MessageUtil - adventureBossRankInfo is null
2024-07-13 10:30:00.085 [ScheduleThreadPool-test-thread-3] ERROR MessageUtil - adventureBossRankInfo is null
2024-07-13 10:31:00.089 [ScheduleThreadPool-test-thread-3] ERROR MessageUtil - adventureBossRankInfo is null
2024-07-13 10:32:00.085 [ScheduleThreadPool-test-thread-8] ERROR MessageUtil - adventureBossRankInfo is null
2024-07-13 10:33:00.087 [ScheduleThreadPool-test-thread-8] ERROR MessageUtil - adventureBossRankInfo is null
2024-07-13 10:34:00.085 [ScheduleThreadPool-test-thread-1] ERROR MessageUtil - adventureBossRankInfo is null
2024-07-13 10:35:00.085 [ScheduleThreadPool-test-thread-3] ERROR MessageUtil - adventureBossRankInfo is null
2024-07-13 10:36:00.085 [ScheduleThreadPool-test-thread-3] ERROR MessageUtil - adventureBossRankInfo is null
2024-07-13 10:37:00.085 [ScheduleThreadPool-test-thread-2] ERROR MessageUtil - adventureBossRankInfo is null
2024-07-13 10:38:00.085 [ScheduleThreadPool-test-thread-6] ERROR MessageUtil - adventureBossRankInfo is null
2024-07-13 10:39:00.084 [ScheduleThreadPool-test-thread-1] ERROR MessageUtil - adventureBossRankInfo is null
2024-07-13 10:40:00.084 [ScheduleThreadPool-test-thread-5] ERROR MessageUtil - adventureBossRankInfo is null
2024-07-13 10:41:00.085 [ScheduleThreadPool-test-thread-4] ERROR MessageUtil - adventureBossRankInfo is null
2024-07-13 10:42:00.085 [ScheduleThreadPool-test-thread-6] ERROR MessageUtil - adventureBossRankInfo is null
2024-07-13 10:43:00.089 [ScheduleThreadPool-test-thread-6] ERROR MessageUtil - adventureBossRankInfo is null
2024-07-13 10:44:00.085 [ScheduleThreadPool-test-thread-3] ERROR MessageUtil - adventureBossRankInfo is null
2024-07-13 10:45:00.084 [ScheduleThreadPool-test-thread-4] ERROR MessageUtil - adventureBossRankInfo is null
2024-07-13 10:46:00.084 [ScheduleThreadPool-test-thread-6] ERROR MessageUtil - adventureBossRankInfo is null
2024-07-13 10:47:00.085 [ScheduleThreadPool-test-thread-1] ERROR MessageUtil - adventureBossRankInfo is null
2024-07-13 10:48:00.090 [ScheduleThreadPool-test-thread-3] ERROR MessageUtil - adventureBossRankInfo is null
2024-07-13 10:49:00.085 [ScheduleThreadPool-test-thread-4] ERROR MessageUtil - adventureBossRankInfo is null
2024-07-13 10:50:00.085 [ScheduleThreadPool-test-thread-6] ERROR MessageUtil - adventureBossRankInfo is null
2024-07-13 10:51:00.085 [ScheduleThreadPool-test-thread-2] ERROR MessageUtil - adventureBossRankInfo is null
2024-07-13 10:52:00.085 [ScheduleThreadPool-test-thread-5] ERROR MessageUtil - adventureBossRankInfo is null
2024-07-13 10:53:00.085 [ScheduleThreadPool-test-thread-1] ERROR MessageUtil - adventureBossRankInfo is null
2024-07-13 10:54:00.085 [ScheduleThreadPool-test-thread-6] ERROR MessageUtil - adventureBossRankInfo is null
2024-07-13 10:55:00.085 [ScheduleThreadPool-test-thread-5] ERROR MessageUtil - adventureBossRankInfo is null
2024-07-13 10:56:00.085 [ScheduleThreadPool-test-thread-2] ERROR MessageUtil - adventureBossRankInfo is null
2024-07-13 10:57:00.085 [ScheduleThreadPool-test-thread-4] ERROR MessageUtil - adventureBossRankInfo is null
2024-07-13 10:58:00.085 [ScheduleThreadPool-test-thread-2] ERROR MessageUtil - adventureBossRankInfo is null
2024-07-13 10:59:00.085 [ScheduleThreadPool-test-thread-7] ERROR MessageUtil - adventureBossRankInfo is null
2024-07-13 11:00:00.085 [ScheduleThreadPool-test-thread-5] ERROR MessageUtil - adventureBossRankInfo is null
2024-07-13 11:01:00.085 [ScheduleThreadPool-test-thread-1] ERROR MessageUtil - adventureBossRankInfo is null
2024-07-13 11:02:00.085 [ScheduleThreadPool-test-thread-2] ERROR MessageUtil - adventureBossRankInfo is null
2024-07-13 11:03:00.084 [ScheduleThreadPool-test-thread-3] ERROR MessageUtil - adventureBossRankInfo is null
2024-07-13 11:04:00.084 [ScheduleThreadPool-test-thread-2] ERROR MessageUtil - adventureBossRankInfo is null
2024-07-13 11:05:00.085 [ScheduleThreadPool-test-thread-1] ERROR MessageUtil - adventureBossRankInfo is null
2024-07-13 11:06:00.084 [ScheduleThreadPool-test-thread-3] ERROR MessageUtil - adventureBossRankInfo is null
2024-07-13 11:07:00.085 [ScheduleThreadPool-test-thread-7] ERROR MessageUtil - adventureBossRankInfo is null
2024-07-13 11:08:00.085 [ScheduleThreadPool-test-thread-2] ERROR MessageUtil - adventureBossRankInfo is null
2024-07-13 11:09:00.085 [ScheduleThreadPool-test-thread-3] ERROR MessageUtil - adventureBossRankInfo is null
2024-07-13 11:10:00.085 [ScheduleThreadPool-test-thread-7] ERROR MessageUtil - adventureBossRankInfo is null
2024-07-13 11:11:00.084 [ScheduleThreadPool-test-thread-2] ERROR MessageUtil - adventureBossRankInfo is null
2024-07-13 11:12:00.085 [ScheduleThreadPool-test-thread-3] ERROR MessageUtil - adventureBossRankInfo is null
2024-07-13 11:13:00.085 [ScheduleThreadPool-test-thread-5] ERROR MessageUtil - adventureBossRankInfo is null
2024-07-13 11:14:00.085 [ScheduleThreadPool-test-thread-1] ERROR MessageUtil - adventureBossRankInfo is null
2024-07-13 11:15:00.085 [ScheduleThreadPool-test-thread-7] ERROR MessageUtil - adventureBossRankInfo is null
2024-07-13 11:16:00.085 [ScheduleThreadPool-test-thread-2] ERROR MessageUtil - adventureBossRankInfo is null
2024-07-13 11:17:00.085 [ScheduleThreadPool-test-thread-4] ERROR MessageUtil - adventureBossRankInfo is null
2024-07-13 11:18:00.084 [ScheduleThreadPool-test-thread-7] ERROR MessageUtil - adventureBossRankInfo is null
2024-07-13 11:19:00.084 [ScheduleThreadPool-test-thread-5] ERROR MessageUtil - adventureBossRankInfo is null
2024-07-13 11:20:00.084 [ScheduleThreadPool-test-thread-1] ERROR MessageUtil - adventureBossRankInfo is null
2024-07-13 11:21:00.088 [ScheduleThreadPool-test-thread-1] ERROR MessageUtil - adventureBossRankInfo is null
2024-07-13 11:22:00.085 [ScheduleThreadPool-test-thread-2] ERROR MessageUtil - adventureBossRankInfo is null
2024-07-13 11:23:00.085 [ScheduleThreadPool-test-thread-1] ERROR MessageUtil - adventureBossRankInfo is null
2024-07-13 11:24:00.085 [ScheduleThreadPool-test-thread-8] ERROR MessageUtil - adventureBossRankInfo is null
2024-07-13 11:25:00.085 [ScheduleThreadPool-test-thread-2] ERROR MessageUtil - adventureBossRankInfo is null
2024-07-13 11:26:00.090 [ScheduleThreadPool-test-thread-3] ERROR MessageUtil - adventureBossRankInfo is null
2024-07-13 11:27:00.085 [ScheduleThreadPool-test-thread-2] ERROR MessageUtil - adventureBossRankInfo is null
2024-07-13 11:28:00.084 [ScheduleThreadPool-test-thread-3] ERROR MessageUtil - adventureBossRankInfo is null
2024-07-13 11:29:00.088 [ScheduleThreadPool-test-thread-7] ERROR MessageUtil - adventureBossRankInfo is null
2024-07-13 11:30:00.086 [ScheduleThreadPool-test-thread-5] ERROR MessageUtil - adventureBossRankInfo is null
2024-07-13 11:31:00.085 [ScheduleThreadPool-test-thread-1] ERROR MessageUtil - adventureBossRankInfo is null
2024-07-13 11:32:00.085 [ScheduleThreadPool-test-thread-2] ERROR MessageUtil - adventureBossRankInfo is null
2024-07-13 11:33:00.085 [ScheduleThreadPool-test-thread-7] ERROR MessageUtil - adventureBossRankInfo is null
2024-07-13 11:34:00.085 [ScheduleThreadPool-test-thread-5] ERROR MessageUtil - adventureBossRankInfo is null
2024-07-13 11:35:00.085 [ScheduleThreadPool-test-thread-1] ERROR MessageUtil - adventureBossRankInfo is null
2024-07-13 11:36:00.089 [ScheduleThreadPool-test-thread-1] ERROR MessageUtil - adventureBossRankInfo is null
2024-07-13 11:37:00.085 [ScheduleThreadPool-test-thread-1] ERROR MessageUtil - adventureBossRankInfo is null
2024-07-13 11:38:00.085 [ScheduleThreadPool-test-thread-8] ERROR MessageUtil - adventureBossRankInfo is null
2024-07-13 11:39:00.085 [ScheduleThreadPool-test-thread-3] ERROR MessageUtil - adventureBossRankInfo is null
2024-07-13 11:40:00.085 [ScheduleThreadPool-test-thread-5] ERROR MessageUtil - adventureBossRankInfo is null
2024-07-13 11:41:00.085 [ScheduleThreadPool-test-thread-1] ERROR MessageUtil - adventureBossRankInfo is null
2024-07-13 11:42:00.085 [ScheduleThreadPool-test-thread-3] ERROR MessageUtil - adventureBossRankInfo is null
2024-07-13 11:43:00.085 [ScheduleThreadPool-test-thread-4] ERROR MessageUtil - adventureBossRankInfo is null
2024-07-13 11:44:00.090 [ScheduleThreadPool-test-thread-2] ERROR MessageUtil - adventureBossRankInfo is null
2024-07-13 11:45:00.085 [ScheduleThreadPool-test-thread-8] ERROR MessageUtil - adventureBossRankInfo is null
2024-07-13 11:46:00.085 [ScheduleThreadPool-test-thread-2] ERROR MessageUtil - adventureBossRankInfo is null
2024-07-13 11:47:00.085 [ScheduleThreadPool-test-thread-5] ERROR MessageUtil - adventureBossRankInfo is null
2024-07-13 11:48:00.085 [ScheduleThreadPool-test-thread-4] ERROR MessageUtil - adventureBossRankInfo is null
2024-07-13 11:49:00.085 [ScheduleThreadPool-test-thread-3] ERROR MessageUtil - adventureBossRankInfo is null
2024-07-13 11:50:00.085 [ScheduleThreadPool-test-thread-1] ERROR MessageUtil - adventureBossRankInfo is null
2024-07-13 11:51:00.085 [ScheduleThreadPool-test-thread-4] ERROR MessageUtil - adventureBossRankInfo is null
2024-07-13 11:52:00.085 [ScheduleThreadPool-test-thread-7] ERROR MessageUtil - adventureBossRankInfo is null
2024-07-13 11:53:00.084 [ScheduleThreadPool-test-thread-4] ERROR MessageUtil - adventureBossRankInfo is null
2024-07-13 11:54:00.085 [ScheduleThreadPool-test-thread-7] ERROR MessageUtil - adventureBossRankInfo is null
2024-07-13 11:55:00.085 [ScheduleThreadPool-test-thread-1] ERROR MessageUtil - adventureBossRankInfo is null
2024-07-13 11:56:00.085 [ScheduleThreadPool-test-thread-3] ERROR MessageUtil - adventureBossRankInfo is null
2024-07-13 11:57:00.085 [ScheduleThreadPool-test-thread-1] ERROR MessageUtil - adventureBossRankInfo is null
2024-07-13 11:58:00.085 [ScheduleThreadPool-test-thread-5] ERROR MessageUtil - adventureBossRankInfo is null
2024-07-13 11:59:00.085 [ScheduleThreadPool-test-thread-3] ERROR MessageUtil - adventureBossRankInfo is null
2024-07-13 12:00:00.085 [ScheduleThreadPool-test-thread-8] ERROR MessageUtil - adventureBossRankInfo is null
2024-07-13 12:01:00.085 [ScheduleThreadPool-test-thread-7] ERROR MessageUtil - adventureBossRankInfo is null
2024-07-13 12:02:00.084 [ScheduleThreadPool-test-thread-5] ERROR MessageUtil - adventureBossRankInfo is null
2024-07-13 12:03:00.084 [ScheduleThreadPool-test-thread-8] ERROR MessageUtil - adventureBossRankInfo is null
2024-07-13 12:04:00.085 [ScheduleThreadPool-test-thread-4] ERROR MessageUtil - adventureBossRankInfo is null
2024-07-13 12:05:00.085 [ScheduleThreadPool-test-thread-2] ERROR MessageUtil - adventureBossRankInfo is null
2024-07-13 12:06:00.085 [ScheduleThreadPool-test-thread-7] ERROR MessageUtil - adventureBossRankInfo is null
2024-07-13 12:07:00.085 [ScheduleThreadPool-test-thread-1] ERROR MessageUtil - adventureBossRankInfo is null
2024-07-13 12:08:00.084 [ScheduleThreadPool-test-thread-8] ERROR MessageUtil - adventureBossRankInfo is null
2024-07-13 12:09:00.085 [ScheduleThreadPool-test-thread-3] ERROR MessageUtil - adventureBossRankInfo is null
2024-07-13 12:10:00.085 [ScheduleThreadPool-test-thread-1] ERROR MessageUtil - adventureBossRankInfo is null
2024-07-13 12:11:00.090 [ScheduleThreadPool-test-thread-1] ERROR MessageUtil - adventureBossRankInfo is null
2024-07-13 12:12:00.085 [ScheduleThreadPool-test-thread-4] ERROR MessageUtil - adventureBossRankInfo is null
2024-07-13 12:13:00.085 [ScheduleThreadPool-test-thread-7] ERROR MessageUtil - adventureBossRankInfo is null
2024-07-13 12:14:00.084 [ScheduleThreadPool-test-thread-8] ERROR MessageUtil - adventureBossRankInfo is null
2024-07-13 12:15:00.085 [ScheduleThreadPool-test-thread-7] ERROR MessageUtil - adventureBossRankInfo is null
2024-07-13 12:16:00.085 [ScheduleThreadPool-test-thread-8] ERROR MessageUtil - adventureBossRankInfo is null
2024-07-13 12:17:00.089 [ScheduleThreadPool-test-thread-1] ERROR MessageUtil - adventureBossRankInfo is null
2024-07-13 12:18:00.084 [ScheduleThreadPool-test-thread-5] ERROR MessageUtil - adventureBossRankInfo is null
2024-07-13 12:19:00.085 [ScheduleThreadPool-test-thread-6] ERROR MessageUtil - adventureBossRankInfo is null
2024-07-13 12:20:00.084 [ScheduleThreadPool-test-thread-2] ERROR MessageUtil - adventureBossRankInfo is null
2024-07-13 12:21:00.085 [ScheduleThreadPool-test-thread-1] ERROR MessageUtil - adventureBossRankInfo is null
2024-07-13 12:22:00.085 [ScheduleThreadPool-test-thread-6] ERROR MessageUtil - adventureBossRankInfo is null
2024-07-13 12:23:00.085 [ScheduleThreadPool-test-thread-6] ERROR MessageUtil - adventureBossRankInfo is null
2024-07-13 12:24:00.085 [ScheduleThreadPool-test-thread-6] ERROR MessageUtil - adventureBossRankInfo is null
2024-07-13 12:25:00.085 [ScheduleThreadPool-test-thread-7] ERROR MessageUtil - adventureBossRankInfo is null
2024-07-13 12:26:00.085 [ScheduleThreadPool-test-thread-8] ERROR MessageUtil - adventureBossRankInfo is null
2024-07-13 12:27:00.089 [ScheduleThreadPool-test-thread-6] ERROR MessageUtil - adventureBossRankInfo is null
2024-07-13 12:28:00.085 [ScheduleThreadPool-test-thread-1] ERROR MessageUtil - adventureBossRankInfo is null
2024-07-13 12:29:00.085 [ScheduleThreadPool-test-thread-6] ERROR MessageUtil - adventureBossRankInfo is null
2024-07-13 12:30:00.085 [ScheduleThreadPool-test-thread-8] ERROR MessageUtil - adventureBossRankInfo is null
2024-07-13 12:31:00.085 [ScheduleThreadPool-test-thread-5] ERROR MessageUtil - adventureBossRankInfo is null
2024-07-13 12:32:00.085 [ScheduleThreadPool-test-thread-2] ERROR MessageUtil - adventureBossRankInfo is null
2024-07-13 12:33:00.085 [ScheduleThreadPool-test-thread-8] ERROR MessageUtil - adventureBossRankInfo is null
2024-07-13 12:34:00.085 [ScheduleThreadPool-test-thread-6] ERROR MessageUtil - adventureBossRankInfo is null
2024-07-13 12:35:00.085 [ScheduleThreadPool-test-thread-3] ERROR MessageUtil - adventureBossRankInfo is null
2024-07-13 12:36:00.085 [ScheduleThreadPool-test-thread-5] ERROR MessageUtil - adventureBossRankInfo is null
2024-07-13 12:37:00.085 [ScheduleThreadPool-test-thread-6] ERROR MessageUtil - adventureBossRankInfo is null
2024-07-13 12:38:00.085 [ScheduleThreadPool-test-thread-8] ERROR MessageUtil - adventureBossRankInfo is null
2024-07-13 12:39:00.085 [ScheduleThreadPool-test-thread-6] ERROR MessageUtil - adventureBossRankInfo is null
2024-07-13 12:40:00.085 [ScheduleThreadPool-test-thread-6] ERROR MessageUtil - adventureBossRankInfo is null
2024-07-13 12:41:00.085 [ScheduleThreadPool-test-thread-8] ERROR MessageUtil - adventureBossRankInfo is null
2024-07-13 12:42:00.085 [ScheduleThreadPool-test-thread-2] ERROR MessageUtil - adventureBossRankInfo is null
2024-07-13 12:43:00.085 [ScheduleThreadPool-test-thread-5] ERROR MessageUtil - adventureBossRankInfo is null
2024-07-13 12:44:00.085 [ScheduleThreadPool-test-thread-8] ERROR MessageUtil - adventureBossRankInfo is null
2024-07-13 12:45:00.085 [ScheduleThreadPool-test-thread-2] ERROR MessageUtil - adventureBossRankInfo is null
2024-07-13 12:46:00.085 [ScheduleThreadPool-test-thread-6] ERROR MessageUtil - adventureBossRankInfo is null
2024-07-13 12:47:00.084 [ScheduleThreadPool-test-thread-2] ERROR MessageUtil - adventureBossRankInfo is null
2024-07-13 12:48:00.085 [ScheduleThreadPool-test-thread-4] ERROR MessageUtil - adventureBossRankInfo is null
2024-07-13 12:49:00.085 [ScheduleThreadPool-test-thread-3] ERROR MessageUtil - adventureBossRankInfo is null
2024-07-13 12:50:00.085 [ScheduleThreadPool-test-thread-4] ERROR MessageUtil - adventureBossRankInfo is null
2024-07-13 12:51:00.085 [ScheduleThreadPool-test-thread-5] ERROR MessageUtil - adventureBossRankInfo is null
2024-07-13 12:52:00.084 [ScheduleThreadPool-test-thread-7] ERROR MessageUtil - adventureBossRankInfo is null
2024-07-13 12:53:00.084 [ScheduleThreadPool-test-thread-2] ERROR MessageUtil - adventureBossRankInfo is null
2024-07-13 12:54:00.084 [ScheduleThreadPool-test-thread-3] ERROR MessageUtil - adventureBossRankInfo is null
2024-07-13 12:55:00.089 [ScheduleThreadPool-test-thread-3] ERROR MessageUtil - adventureBossRankInfo is null
2024-07-13 12:56:00.085 [ScheduleThreadPool-test-thread-6] ERROR MessageUtil - adventureBossRankInfo is null
2024-07-13 12:57:00.085 [ScheduleThreadPool-test-thread-4] ERROR MessageUtil - adventureBossRankInfo is null
2024-07-13 12:58:00.085 [ScheduleThreadPool-test-thread-7] ERROR MessageUtil - adventureBossRankInfo is null
2024-07-13 12:59:00.085 [ScheduleThreadPool-test-thread-2] ERROR MessageUtil - adventureBossRankInfo is null
2024-07-13 13:00:00.084 [ScheduleThreadPool-test-thread-3] ERROR MessageUtil - adventureBossRankInfo is null
2024-07-13 13:01:00.084 [ScheduleThreadPool-test-thread-6] ERROR MessageUtil - adventureBossRankInfo is null
2024-07-13 13:02:00.085 [ScheduleThreadPool-test-thread-3] ERROR MessageUtil - adventureBossRankInfo is null
2024-07-13 13:03:00.085 [ScheduleThreadPool-test-thread-6] ERROR MessageUtil - adventureBossRankInfo is null
2024-07-13 13:04:00.085 [ScheduleThreadPool-test-thread-1] ERROR MessageUtil - adventureBossRankInfo is null
2024-07-13 13:05:00.085 [ScheduleThreadPool-test-thread-7] ERROR MessageUtil - adventureBossRankInfo is null
2024-07-13 13:06:00.084 [ScheduleThreadPool-test-thread-3] ERROR MessageUtil - adventureBossRankInfo is null
2024-07-13 13:07:00.084 [ScheduleThreadPool-test-thread-6] ERROR MessageUtil - adventureBossRankInfo is null
2024-07-13 13:08:00.084 [ScheduleThreadPool-test-thread-1] ERROR MessageUtil - adventureBossRankInfo is null
2024-07-13 13:09:00.085 [ScheduleThreadPool-test-thread-4] ERROR MessageUtil - adventureBossRankInfo is null
2024-07-13 13:10:00.084 [ScheduleThreadPool-test-thread-4] ERROR MessageUtil - adventureBossRankInfo is null
2024-07-13 13:11:00.084 [ScheduleThreadPool-test-thread-5] ERROR MessageUtil - adventureBossRankInfo is null
2024-07-13 13:12:00.084 [ScheduleThreadPool-test-thread-6] ERROR MessageUtil - adventureBossRankInfo is null
2024-07-13 13:13:00.085 [ScheduleThreadPool-test-thread-2] ERROR MessageUtil - adventureBossRankInfo is null
2024-07-13 13:14:00.085 [ScheduleThreadPool-test-thread-5] ERROR MessageUtil - adventureBossRankInfo is null
2024-07-13 13:15:00.085 [ScheduleThreadPool-test-thread-5] ERROR MessageUtil - adventureBossRankInfo is null
2024-07-13 13:16:00.085 [ScheduleThreadPool-test-thread-4] ERROR MessageUtil - adventureBossRankInfo is null
2024-07-13 13:17:00.085 [ScheduleThreadPool-test-thread-4] ERROR MessageUtil - adventureBossRankInfo is null
2024-07-13 13:18:00.085 [ScheduleThreadPool-test-thread-1] ERROR MessageUtil - adventureBossRankInfo is null
2024-07-13 13:19:00.084 [ScheduleThreadPool-test-thread-2] ERROR MessageUtil - adventureBossRankInfo is null
2024-07-13 13:20:00.085 [ScheduleThreadPool-test-thread-5] ERROR MessageUtil - adventureBossRankInfo is null
2024-07-13 13:21:00.085 [ScheduleThreadPool-test-thread-7] ERROR MessageUtil - adventureBossRankInfo is null
2024-07-13 13:22:00.085 [ScheduleThreadPool-test-thread-4] ERROR MessageUtil - adventureBossRankInfo is null
2024-07-13 13:23:00.085 [ScheduleThreadPool-test-thread-5] ERROR MessageUtil - adventureBossRankInfo is null
2024-07-13 13:24:00.084 [ScheduleThreadPool-test-thread-4] ERROR MessageUtil - adventureBossRankInfo is null
2024-07-13 13:25:00.084 [ScheduleThreadPool-test-thread-7] ERROR MessageUtil - adventureBossRankInfo is null
2024-07-13 13:26:00.084 [ScheduleThreadPool-test-thread-4] ERROR MessageUtil - adventureBossRankInfo is null
2024-07-13 13:27:00.085 [ScheduleThreadPool-test-thread-4] ERROR MessageUtil - adventureBossRankInfo is null
2024-07-13 13:28:00.089 [ScheduleThreadPool-test-thread-6] ERROR MessageUtil - adventureBossRankInfo is null
2024-07-13 13:29:00.085 [ScheduleThreadPool-test-thread-6] ERROR MessageUtil - adventureBossRankInfo is null
2024-07-13 13:30:00.085 [ScheduleThreadPool-test-thread-4] ERROR MessageUtil - adventureBossRankInfo is null
2024-07-13 13:31:00.085 [ScheduleThreadPool-test-thread-5] ERROR MessageUtil - adventureBossRankInfo is null
2024-07-13 13:32:00.083 [ScheduleThreadPool-test-thread-7] ERROR MessageUtil - adventureBossRankInfo is null
2024-07-13 13:33:00.090 [ScheduleThreadPool-test-thread-7] ERROR MessageUtil - adventureBossRankInfo is null
2024-07-13 13:34:00.091 [ScheduleThreadPool-test-thread-4] ERROR MessageUtil - adventureBossRankInfo is null
2024-07-13 13:35:00.085 [ScheduleThreadPool-test-thread-7] ERROR MessageUtil - adventureBossRankInfo is null
2024-07-13 13:36:00.085 [ScheduleThreadPool-test-thread-8] ERROR MessageUtil - adventureBossRankInfo is null
2024-07-13 13:37:00.085 [ScheduleThreadPool-test-thread-1] ERROR MessageUtil - adventureBossRankInfo is null
2024-07-13 13:38:00.084 [ScheduleThreadPool-test-thread-7] ERROR MessageUtil - adventureBossRankInfo is null
2024-07-13 13:39:00.084 [ScheduleThreadPool-test-thread-4] ERROR MessageUtil - adventureBossRankInfo is null
2024-07-13 13:40:00.085 [ScheduleThreadPool-test-thread-2] ERROR MessageUtil - adventureBossRankInfo is null
2024-07-13 13:41:00.085 [ScheduleThreadPool-test-thread-7] ERROR MessageUtil - adventureBossRankInfo is null
2024-07-13 13:42:00.085 [ScheduleThreadPool-test-thread-2] ERROR MessageUtil - adventureBossRankInfo is null
2024-07-13 13:43:00.085 [ScheduleThreadPool-test-thread-7] ERROR MessageUtil - adventureBossRankInfo is null
2024-07-13 13:44:00.084 [ScheduleThreadPool-test-thread-7] ERROR MessageUtil - adventureBossRankInfo is null
2024-07-13 13:45:00.085 [ScheduleThreadPool-test-thread-8] ERROR MessageUtil - adventureBossRankInfo is null
2024-07-13 13:46:00.084 [ScheduleThreadPool-test-thread-5] ERROR MessageUtil - adventureBossRankInfo is null
2024-07-13 13:47:00.085 [ScheduleThreadPool-test-thread-2] ERROR MessageUtil - adventureBossRankInfo is null
2024-07-13 13:48:00.085 [ScheduleThreadPool-test-thread-6] ERROR MessageUtil - adventureBossRankInfo is null
2024-07-13 13:49:00.084 [ScheduleThreadPool-test-thread-2] ERROR MessageUtil - adventureBossRankInfo is null
2024-07-13 13:50:00.084 [ScheduleThreadPool-test-thread-2] ERROR MessageUtil - adventureBossRankInfo is null
2024-07-13 13:51:00.085 [ScheduleThreadPool-test-thread-7] ERROR MessageUtil - adventureBossRankInfo is null
2024-07-13 13:51:29.813 [netty-14] ERROR SessionManager - 閲嶆柊鐧诲綍 new = 83043d0b-fd34-44b7-bff8-61961bcabe25
2024-07-13 13:51:30.944 [h-2] ERROR MongoUtil - the user=10001 not exists
2024-07-13 13:52:00.085 [ScheduleThreadPool-test-thread-2] ERROR MessageUtil - adventureBossRankInfo is null
2024-07-13 13:53:00.084 [ScheduleThreadPool-test-thread-2] ERROR MessageUtil - adventureBossRankInfo is null
2024-07-13 13:54:00.084 [ScheduleThreadPool-test-thread-5] ERROR MessageUtil - adventureBossRankInfo is null
2024-07-13 13:54:23.510 [netty-15] ERROR SessionManager - 閲嶆柊鐧诲綍 new = 226ac75f-0aaa-4471-b42d-905c4920f996
2024-07-13 13:54:23.663 [h-5] ERROR MongoUtil - the user=0 not exists
2024-07-13 13:54:24.077 [h-5] ERROR MongoUtil - the user=0 not exists
2024-07-13 13:54:24.684 [h-5] ERROR MongoUtil - the user=10001 not exists
2024-07-13 13:54:24.826 [h-5] ERROR MongoUtil - the user=10 not exists
2024-07-13 13:54:24.828 [h-5] ERROR MongoUtil - the user=0 not exists
2024-07-13 13:54:24.829 [h-5] ERROR MongoUtil - the user=10021 not exists
2024-07-13 13:54:24.831 [h-5] ERROR MongoUtil - the user=10020 not exists
2024-07-13 13:54:26.900 [h-5] ERROR MongoUtil - the user=0 not exists
2024-07-13 13:55:00.084 [ScheduleThreadPool-test-thread-5] ERROR MessageUtil - adventureBossRankInfo is null
2024-07-13 13:56:00.085 [ScheduleThreadPool-test-thread-1] ERROR MessageUtil - adventureBossRankInfo is null
2024-07-13 13:57:00.085 [ScheduleThreadPool-test-thread-5] ERROR MessageUtil - adventureBossRankInfo is null
2024-07-13 13:58:00.085 [ScheduleThreadPool-test-thread-2] ERROR MessageUtil - adventureBossRankInfo is null
2024-07-13 13:59:00.083 [ScheduleThreadPool-test-thread-4] ERROR MessageUtil - adventureBossRankInfo is null
2024-07-13 14:00:00.085 [ScheduleThreadPool-test-thread-8] ERROR MessageUtil - adventureBossRankInfo is null
2024-07-13 14:01:00.084 [ScheduleThreadPool-test-thread-2] ERROR MessageUtil - adventureBossRankInfo is null
2024-07-13 14:02:00.083 [ScheduleThreadPool-test-thread-8] ERROR MessageUtil - adventureBossRankInfo is null
2024-07-13 14:03:00.085 [ScheduleThreadPool-test-thread-1] ERROR MessageUtil - adventureBossRankInfo is null
2024-07-13 14:04:00.085 [ScheduleThreadPool-test-thread-5] ERROR MessageUtil - adventureBossRankInfo is null
2024-07-13 14:05:00.085 [ScheduleThreadPool-test-thread-1] ERROR MessageUtil - adventureBossRankInfo is null
