[INFO] - 2026-05-20 23:24:39.134 - [main] - GameApplication#48 - INFO:Starting GameApplication on WANGXUFENGs-Mac-Pro.local with PID 85536 (/Users/wangxufeng/Documents/TimeSpaceGirl1/TimeSpaceServer/skzc/home/java/gameserver/gameSrv-1.0.0.jar started by wangxufeng in /Users/wangxufeng/Documents/TimeSpaceGirl1/TimeSpaceServer/skzc/home/java/gameserver)
[INFO] - 2026-05-20 23:24:39.136 - [main] - GameApplication#593 - INFO:No active profile set, falling back to default profiles: default
[INFO] - 2026-05-20 23:24:39.295 - [main] - AnnotationConfigApplicationContext#583 - INFO:Refreshing org.springframework.context.annotation.AnnotationConfigApplicationContext@2b6faea6: startup date [Wed May 20 23:24:39 CST 2026]; root of context hierarchy
[INFO] - 2026-05-20 23:24:40.571 - [main] - DefaultListableBeanFactory#828 - INFO:Overriding bean definition for bean 'mongoSettingsProperties' with a different definition: replacing [Generic bean: class [com.ljsd.common.mogodb.MongoSettingsProperties]; scope=singleton; abstract=false; lazyInit=false; autowireMode=0; dependencyCheck=0; autowireCandidate=true; primary=false; factoryBeanName=null; factoryMethodName=null; initMethodName=null; destroyMethodName=null; defined in URL [jar:file:/Users/wangxufeng/Documents/TimeSpaceGirl1/TimeSpaceServer/skzc/home/java/gameserver/lib/common-1.0.0.jar!/com/ljsd/common/mogodb/MongoSettingsProperties.class]] with [Root bean: class [null]; scope=; abstract=false; lazyInit=false; autowireMode=3; dependencyCheck=0; autowireCandidate=true; primary=false; factoryBeanName=mongoConfig; factoryMethodName=mongoSettingsProperties; initMethodName=null; destroyMethodName=(inferred); defined in class path resource [com/ljsd/jieling/db/mongo/MongoConfig.class]]
[INFO] - 2026-05-20 23:24:40.674 - [main] - RepositoryConfigurationDelegate#165 - INFO:Multiple Spring Data modules found, entering strict repository configuration mode!
[INFO] - 2026-05-20 23:24:41.964 - [main] - RepositoryConfigurationDelegate#165 - INFO:Multiple Spring Data modules found, entering strict repository configuration mode!
[INFO] - 2026-05-20 23:24:43.853 - [main] - XxlJobConfig#47 - INFO:>>>>>>>>>>> xxl-job config init start
[INFO] - 2026-05-20 23:24:43.854 - [main] - XxlJobConfig#57 - INFO:>>>>>>>>>>> xxl-job config init end
[INFO] - 2026-05-20 23:24:44.012 - [main] - cluster#71 - INFO:Cluster created with settings {hosts=[127.0.0.1:27017], mode=SINGLE, requiredClusterType=UNKNOWN, serverSelectionTimeout='30000 ms', maxWaitQueueSize=1280}
[INFO] - 2026-05-20 23:24:44.131 - [cluster-ClusterId{value='6a0dd23c503ade4e20b2aac2', description='null'}-127.0.0.1:27017] - cluster#76 - INFO:Exception in monitor thread while connecting to server 127.0.0.1:27017
com.mongodb.MongoSecurityException: Exception authenticating MongoCredential{mechanism=null, userName='a772616239', source='admin', password=<hidden>, mechanismProperties={}}
	at com.mongodb.connection.SaslAuthenticator.wrapInMongoSecurityException(SaslAuthenticator.java:157)
	at com.mongodb.connection.SaslAuthenticator.access$200(SaslAuthenticator.java:37)
	at com.mongodb.connection.SaslAuthenticator$1.run(SaslAuthenticator.java:66)
	at com.mongodb.connection.SaslAuthenticator$1.run(SaslAuthenticator.java:44)
	at com.mongodb.connection.SaslAuthenticator.doAsSubject(SaslAuthenticator.java:162)
	at com.mongodb.connection.SaslAuthenticator.authenticate(SaslAuthenticator.java:44)
	at com.mongodb.connection.DefaultAuthenticator.authenticate(DefaultAuthenticator.java:32)
	at com.mongodb.connection.InternalStreamConnectionInitializer.authenticateAll(InternalStreamConnectionInitializer.java:109)
	at com.mongodb.connection.InternalStreamConnectionInitializer.initialize(InternalStreamConnectionInitializer.java:46)
	at com.mongodb.connection.InternalStreamConnection.open(InternalStreamConnection.java:116)
	at com.mongodb.connection.DefaultServerMonitor$ServerMonitorRunnable.run(DefaultServerMonitor.java:113)
	at java.lang.Thread.run(Thread.java:750)
Caused by: com.mongodb.MongoCommandException: Command failed with error 18: 'Authentication failed.' on server 127.0.0.1:27017. The full response is { "ok" : 0.0, "errmsg" : "Authentication failed.", "code" : 18, "codeName" : "AuthenticationFailed" }
	at com.mongodb.connection.CommandHelper.createCommandFailureException(CommandHelper.java:170)
	at com.mongodb.connection.CommandHelper.receiveCommandResult(CommandHelper.java:123)
	at com.mongodb.connection.CommandHelper.executeCommand(CommandHelper.java:32)
	at com.mongodb.connection.SaslAuthenticator.sendSaslContinue(SaslAuthenticator.java:121)
	at com.mongodb.connection.SaslAuthenticator.access$100(SaslAuthenticator.java:37)
	at com.mongodb.connection.SaslAuthenticator$1.run(SaslAuthenticator.java:63)
	... 9 common frames omitted
[WARN] - 2026-05-20 23:24:44.137 - [pool-1-thread-1] - connection#91 - INFO:Exception thrown during connection pool background maintenance task
com.mongodb.MongoSecurityException: Exception authenticating MongoCredential{mechanism=null, userName='a772616239', source='admin', password=<hidden>, mechanismProperties={}}
	at com.mongodb.connection.SaslAuthenticator.wrapInMongoSecurityException(SaslAuthenticator.java:157)
	at com.mongodb.connection.SaslAuthenticator.access$200(SaslAuthenticator.java:37)
	at com.mongodb.connection.SaslAuthenticator$1.run(SaslAuthenticator.java:66)
	at com.mongodb.connection.SaslAuthenticator$1.run(SaslAuthenticator.java:44)
	at com.mongodb.connection.SaslAuthenticator.doAsSubject(SaslAuthenticator.java:162)
	at com.mongodb.connection.SaslAuthenticator.authenticate(SaslAuthenticator.java:44)
	at com.mongodb.connection.DefaultAuthenticator.authenticate(DefaultAuthenticator.java:32)
	at com.mongodb.connection.InternalStreamConnectionInitializer.authenticateAll(InternalStreamConnectionInitializer.java:109)
	at com.mongodb.connection.InternalStreamConnectionInitializer.initialize(InternalStreamConnectionInitializer.java:46)
	at com.mongodb.connection.InternalStreamConnection.open(InternalStreamConnection.java:116)
	at com.mongodb.connection.UsageTrackingInternalConnection.open(UsageTrackingInternalConnection.java:47)
	at com.mongodb.connection.DefaultConnectionPool$UsageTrackingInternalConnectionItemFactory.create(DefaultConnectionPool.java:494)
	at com.mongodb.connection.DefaultConnectionPool$UsageTrackingInternalConnectionItemFactory.create(DefaultConnectionPool.java:482)
	at com.mongodb.internal.connection.ConcurrentPool.createNewAndReleasePermitIfFailure(ConcurrentPool.java:164)
	at com.mongodb.internal.connection.ConcurrentPool.ensureMinSize(ConcurrentPool.java:158)
	at com.mongodb.connection.DefaultConnectionPool$3.run(DefaultConnectionPool.java:302)
	at java.util.concurrent.Executors$RunnableAdapter.call(Executors.java:511)
	at java.util.concurrent.FutureTask.runAndReset(FutureTask.java:308)
	at java.util.concurrent.ScheduledThreadPoolExecutor$ScheduledFutureTask.access$301(ScheduledThreadPoolExecutor.java:180)
	at java.util.concurrent.ScheduledThreadPoolExecutor$ScheduledFutureTask.run(ScheduledThreadPoolExecutor.java:294)
	at java.util.concurrent.ThreadPoolExecutor.runWorker(ThreadPoolExecutor.java:1149)
	at java.util.concurrent.ThreadPoolExecutor$Worker.run(ThreadPoolExecutor.java:624)
	at java.lang.Thread.run(Thread.java:750)
Caused by: com.mongodb.MongoCommandException: Command failed with error 18: 'Authentication failed.' on server 127.0.0.1:27017. The full response is { "ok" : 0.0, "errmsg" : "Authentication failed.", "code" : 18, "codeName" : "AuthenticationFailed" }
	at com.mongodb.connection.CommandHelper.createCommandFailureException(CommandHelper.java:170)
	at com.mongodb.connection.CommandHelper.receiveCommandResult(CommandHelper.java:123)
	at com.mongodb.connection.CommandHelper.executeCommand(CommandHelper.java:32)
	at com.mongodb.connection.SaslAuthenticator.sendSaslContinue(SaslAuthenticator.java:121)
	at com.mongodb.connection.SaslAuthenticator.access$100(SaslAuthenticator.java:37)
	at com.mongodb.connection.SaslAuthenticator$1.run(SaslAuthenticator.java:63)
	... 20 common frames omitted
[INFO] - 2026-05-20 23:24:44.147 - [main] - cluster#71 - INFO:Cluster created with settings {hosts=[127.0.0.1:27017], mode=SINGLE, requiredClusterType=UNKNOWN, serverSelectionTimeout='30000 ms', maxWaitQueueSize=500}
[INFO] - 2026-05-20 23:24:44.152 - [main] - cluster#71 - INFO:Cluster created with settings {hosts=[127.0.0.1:27017], mode=SINGLE, requiredClusterType=UNKNOWN, serverSelectionTimeout='30000 ms', maxWaitQueueSize=500}
[INFO] - 2026-05-20 23:24:44.164 - [cluster-ClusterId{value='6a0dd23c503ade4e20b2aac3', description='null'}-127.0.0.1:27017] - cluster#76 - INFO:Exception in monitor thread while connecting to server 127.0.0.1:27017
com.mongodb.MongoSecurityException: Exception authenticating MongoCredential{mechanism=null, userName='a772616239', source='admin', password=<hidden>, mechanismProperties={}}
	at com.mongodb.connection.SaslAuthenticator.wrapInMongoSecurityException(SaslAuthenticator.java:157)
	at com.mongodb.connection.SaslAuthenticator.access$200(SaslAuthenticator.java:37)
	at com.mongodb.connection.SaslAuthenticator$1.run(SaslAuthenticator.java:66)
	at com.mongodb.connection.SaslAuthenticator$1.run(SaslAuthenticator.java:44)
	at com.mongodb.connection.SaslAuthenticator.doAsSubject(SaslAuthenticator.java:162)
	at com.mongodb.connection.SaslAuthenticator.authenticate(SaslAuthenticator.java:44)
	at com.mongodb.connection.DefaultAuthenticator.authenticate(DefaultAuthenticator.java:32)
	at com.mongodb.connection.InternalStreamConnectionInitializer.authenticateAll(InternalStreamConnectionInitializer.java:109)
	at com.mongodb.connection.InternalStreamConnectionInitializer.initialize(InternalStreamConnectionInitializer.java:46)
	at com.mongodb.connection.InternalStreamConnection.open(InternalStreamConnection.java:116)
	at com.mongodb.connection.DefaultServerMonitor$ServerMonitorRunnable.run(DefaultServerMonitor.java:113)
	at java.lang.Thread.run(Thread.java:750)
Caused by: com.mongodb.MongoCommandException: Command failed with error 18: 'Authentication failed.' on server 127.0.0.1:27017. The full response is { "ok" : 0.0, "errmsg" : "Authentication failed.", "code" : 18, "codeName" : "AuthenticationFailed" }
	at com.mongodb.connection.CommandHelper.createCommandFailureException(CommandHelper.java:170)
	at com.mongodb.connection.CommandHelper.receiveCommandResult(CommandHelper.java:123)
	at com.mongodb.connection.CommandHelper.executeCommand(CommandHelper.java:32)
	at com.mongodb.connection.SaslAuthenticator.sendSaslContinue(SaslAuthenticator.java:121)
	at com.mongodb.connection.SaslAuthenticator.access$100(SaslAuthenticator.java:37)
	at com.mongodb.connection.SaslAuthenticator$1.run(SaslAuthenticator.java:63)
	... 9 common frames omitted
[INFO] - 2026-05-20 23:24:44.179 - [cluster-ClusterId{value='6a0dd23c503ade4e20b2aac4', description='null'}-127.0.0.1:27017] - cluster#76 - INFO:Exception in monitor thread while connecting to server 127.0.0.1:27017
com.mongodb.MongoSecurityException: Exception authenticating MongoCredential{mechanism=null, userName='a772616239', source='admin', password=<hidden>, mechanismProperties={}}
	at com.mongodb.connection.SaslAuthenticator.wrapInMongoSecurityException(SaslAuthenticator.java:157)
	at com.mongodb.connection.SaslAuthenticator.access$200(SaslAuthenticator.java:37)
	at com.mongodb.connection.SaslAuthenticator$1.run(SaslAuthenticator.java:66)
	at com.mongodb.connection.SaslAuthenticator$1.run(SaslAuthenticator.java:44)
	at com.mongodb.connection.SaslAuthenticator.doAsSubject(SaslAuthenticator.java:162)
	at com.mongodb.connection.SaslAuthenticator.authenticate(SaslAuthenticator.java:44)
	at com.mongodb.connection.DefaultAuthenticator.authenticate(DefaultAuthenticator.java:32)
	at com.mongodb.connection.InternalStreamConnectionInitializer.authenticateAll(InternalStreamConnectionInitializer.java:109)
	at com.mongodb.connection.InternalStreamConnectionInitializer.initialize(InternalStreamConnectionInitializer.java:46)
	at com.mongodb.connection.InternalStreamConnection.open(InternalStreamConnection.java:116)
	at com.mongodb.connection.DefaultServerMonitor$ServerMonitorRunnable.run(DefaultServerMonitor.java:113)
	at java.lang.Thread.run(Thread.java:750)
Caused by: com.mongodb.MongoCommandException: Command failed with error 18: 'Authentication failed.' on server 127.0.0.1:27017. The full response is { "ok" : 0.0, "errmsg" : "Authentication failed.", "code" : 18, "codeName" : "AuthenticationFailed" }
	at com.mongodb.connection.CommandHelper.createCommandFailureException(CommandHelper.java:170)
	at com.mongodb.connection.CommandHelper.receiveCommandResult(CommandHelper.java:123)
	at com.mongodb.connection.CommandHelper.executeCommand(CommandHelper.java:32)
	at com.mongodb.connection.SaslAuthenticator.sendSaslContinue(SaslAuthenticator.java:121)
	at com.mongodb.connection.SaslAuthenticator.access$100(SaslAuthenticator.java:37)
	at com.mongodb.connection.SaslAuthenticator$1.run(SaslAuthenticator.java:63)
	... 9 common frames omitted
[INFO] - 2026-05-20 23:24:44.441 - [main] - XxlJobExecutor#183 - INFO:>>>>>>>>>>> xxl-job register jobhandler success, name:activityClearJob, jobHandler:com.xxl.job.core.handler.impl.MethodJobHandler@233cd973[class com.ljsd.jieling.xxl.jobhandler.ActivityClearJobHandler#activityClearJobHandler]
[INFO] - 2026-05-20 23:24:44.442 - [main] - XxlJobExecutor#183 - INFO:>>>>>>>>>>> xxl-job register jobhandler success, name:activityJob, jobHandler:com.xxl.job.core.handler.impl.MethodJobHandler@6a59c0fd[class com.ljsd.jieling.xxl.jobhandler.ActivityJobHandler#activityJobHandler]
[INFO] - 2026-05-20 23:24:44.442 - [main] - XxlJobExecutor#183 - INFO:>>>>>>>>>>> xxl-job register jobhandler success, name:adventureBossRankRewardJob, jobHandler:com.xxl.job.core.handler.impl.MethodJobHandler@2feb6b84[class com.ljsd.jieling.xxl.jobhandler.AdventureBossRankRewardJobHandler#adventureBossRankRewardJobHandler]
[INFO] - 2026-05-20 23:24:44.442 - [main] - XxlJobExecutor#183 - INFO:>>>>>>>>>>> xxl-job register jobhandler success, name:arenaDailyRewardJob, jobHandler:com.xxl.job.core.handler.impl.MethodJobHandler@47a75bc[class com.ljsd.jieling.xxl.jobhandler.ArenaDailyRewardJobHandler#arenaDailyRewardJobHandler]
[INFO] - 2026-05-20 23:24:44.442 - [main] - XxlJobExecutor#183 - INFO:>>>>>>>>>>> xxl-job register jobhandler success, name:callCulRankJob, jobHandler:com.xxl.job.core.handler.impl.MethodJobHandler@d95a6f9[class com.ljsd.jieling.xxl.jobhandler.CallCulRankJobHandler#callCulRankJob]
[INFO] - 2026-05-20 23:24:44.442 - [main] - XxlJobExecutor#183 - INFO:>>>>>>>>>>> xxl-job register jobhandler success, name:refTrainingRankRewardJob, jobHandler:com.xxl.job.core.handler.impl.MethodJobHandler@29efc19e[class com.ljsd.jieling.xxl.jobhandler.DefTrainingRankRewardJobHandler#refTrainingRankRewardJobHandler]
[INFO] - 2026-05-20 23:24:44.443 - [main] - XxlJobExecutor#183 - INFO:>>>>>>>>>>> xxl-job register jobhandler success, name:foreverMemberRewardJob, jobHandler:com.xxl.job.core.handler.impl.MethodJobHandler@5dac286c[class com.ljsd.jieling.xxl.jobhandler.ForeverMemberRewardJobHandler#foreverMemberRewardJobHandler]
[INFO] - 2026-05-20 23:24:44.443 - [main] - XxlJobExecutor#183 - INFO:>>>>>>>>>>> xxl-job register jobhandler success, name:globalDataManagerJob, jobHandler:com.xxl.job.core.handler.impl.MethodJobHandler@aac61f0[class com.ljsd.jieling.xxl.jobhandler.GlobalDataManagerJobHandler#globalDataManager]
[INFO] - 2026-05-20 23:24:44.443 - [main] - XxlJobExecutor#183 - INFO:>>>>>>>>>>> xxl-job register jobhandler success, name:GuildChairManImpeachJob, jobHandler:com.xxl.job.core.handler.impl.MethodJobHandler@2a2ebc32[class com.ljsd.jieling.xxl.jobhandler.GuildChairManImpeachJobHandler#impeach]
[INFO] - 2026-05-20 23:24:44.443 - [main] - XxlJobExecutor#183 - INFO:>>>>>>>>>>> xxl-job register jobhandler success, name:guildRedPackageRankJob, jobHandler:com.xxl.job.core.handler.impl.MethodJobHandler@7d1a7bd8[class com.ljsd.jieling.xxl.jobhandler.GuildRedPackageRankJobHandler#guildRedPackageRankClearJob]
[INFO] - 2026-05-20 23:24:44.443 - [main] - XxlJobExecutor#183 - INFO:>>>>>>>>>>> xxl-job register jobhandler success, name:morningStarJob, jobHandler:com.xxl.job.core.handler.impl.MethodJobHandler@41c9d35f[class com.ljsd.jieling.xxl.jobhandler.MorningStarJobHandler#morningStarJobHandler]
[INFO] - 2026-05-20 23:24:44.443 - [main] - XxlJobExecutor#183 - INFO:>>>>>>>>>>> xxl-job register jobhandler success, name:demoJobHandler, jobHandler:com.xxl.job.core.handler.impl.MethodJobHandler@28839977[class com.ljsd.jieling.xxl.jobhandler.SampleXxlJob#demoJobHandler]
[INFO] - 2026-05-20 23:24:44.443 - [main] - XxlJobExecutor#183 - INFO:>>>>>>>>>>> xxl-job register jobhandler success, name:shardingJobHandler, jobHandler:com.xxl.job.core.handler.impl.MethodJobHandler@77936f79[class com.ljsd.jieling.xxl.jobhandler.SampleXxlJob#shardingJobHandler]
[INFO] - 2026-05-20 23:24:44.444 - [main] - XxlJobExecutor#183 - INFO:>>>>>>>>>>> xxl-job register jobhandler success, name:commandJobHandler, jobHandler:com.xxl.job.core.handler.impl.MethodJobHandler@59f91ee8[class com.ljsd.jieling.xxl.jobhandler.SampleXxlJob#commandJobHandler]
[INFO] - 2026-05-20 23:24:44.444 - [main] - XxlJobExecutor#183 - INFO:>>>>>>>>>>> xxl-job register jobhandler success, name:httpJobHandler, jobHandler:com.xxl.job.core.handler.impl.MethodJobHandler@56a57da3[class com.ljsd.jieling.xxl.jobhandler.SampleXxlJob#httpJobHandler]
[INFO] - 2026-05-20 23:24:44.444 - [main] - XxlJobExecutor#183 - INFO:>>>>>>>>>>> xxl-job register jobhandler success, name:demoJobHandler2, jobHandler:com.xxl.job.core.handler.impl.MethodJobHandler@62590e21[class com.ljsd.jieling.xxl.jobhandler.SampleXxlJob#demoJobHandler2]
[INFO] - 2026-05-20 23:24:44.444 - [main] - XxlJobExecutor#183 - INFO:>>>>>>>>>>> xxl-job register jobhandler success, name:shejiClearJob, jobHandler:com.xxl.job.core.handler.impl.MethodJobHandler@e5d4db4[class com.ljsd.jieling.xxl.jobhandler.ShejiClearJobHandler#shejiClearJobHandler]
[INFO] - 2026-05-20 23:24:44.484 - [main] - AnnotationMBeanExporter#431 - INFO:Registering beans for JMX exposure on startup
[INFO] - 2026-05-20 23:24:44.503 - [main] - GameApplication#57 - INFO:Started GameApplication in 5.662 seconds (JVM running for 5.995)
[INFO] - 2026-05-20 23:24:44.505 - [main] - GameApplication#56 - INFO:ServerProperties ->ServerProperties{id=10001, plat='null', channel='null', isLAN=0, openTime='20190101000102', num=1, sendlog37=false, guildFight=false, areaId=0, autoOpen=true, debug=true, logDir='../logs', appId='null'},coreIp=>{}
[INFO] - 2026-05-20 23:24:44.578 - [main] - cluster#71 - INFO:No server chosen by ReadPreferenceServerSelector{readPreference=primary} from cluster description ClusterDescription{type=UNKNOWN, connectionMode=SINGLE, serverDescriptions=[ServerDescription{address=127.0.0.1:27017, type=UNKNOWN, state=CONNECTING, exception={com.mongodb.MongoSecurityException: Exception authenticating MongoCredential{mechanism=null, userName='a772616239', source='admin', password=<hidden>, mechanismProperties={}}}, caused by {com.mongodb.MongoCommandException: Command failed with error 18: 'Authentication failed.' on server 127.0.0.1:27017. The full response is { "ok" : 0.0, "errmsg" : "Authentication failed.", "code" : 18, "codeName" : "AuthenticationFailed" }}}]}. Waiting for 30000 ms before timing out
[INFO] - 2026-05-20 23:24:44.620 - [Thread-10] - EmbedServer#82 - INFO:>>>>>>>>>>> xxl-job remoting server start success, nettype = class com.xxl.job.core.server.EmbedServer, port = 9999
[ERROR] - 2026-05-20 23:24:44.630 - [xxl-job, executor ExecutorRegistryThread] - XxlJobRemotingUtil#143 - INFO:Connection refused (Connection refused)
java.net.ConnectException: Connection refused (Connection refused)
	at java.net.PlainSocketImpl.socketConnect(Native Method)
	at java.net.AbstractPlainSocketImpl.doConnect(AbstractPlainSocketImpl.java:350)
	at java.net.AbstractPlainSocketImpl.connectToAddress(AbstractPlainSocketImpl.java:206)
	at java.net.AbstractPlainSocketImpl.connect(AbstractPlainSocketImpl.java:188)
	at java.net.SocksSocketImpl.connect(SocksSocketImpl.java:392)
	at java.net.Socket.connect(Socket.java:607)
	at sun.net.NetworkClient.doConnect(NetworkClient.java:175)
	at sun.net.www.http.HttpClient.openServer(HttpClient.java:465)
	at sun.net.www.http.HttpClient.openServer(HttpClient.java:560)
	at sun.net.www.http.HttpClient.<init>(HttpClient.java:246)
	at sun.net.www.http.HttpClient.New(HttpClient.java:341)
	at sun.net.www.http.HttpClient.New(HttpClient.java:359)
	at sun.net.www.protocol.http.HttpURLConnection.getNewHttpClient(HttpURLConnection.java:1245)
	at sun.net.www.protocol.http.HttpURLConnection.plainConnect0(HttpURLConnection.java:1179)
	at sun.net.www.protocol.http.HttpURLConnection.plainConnect(HttpURLConnection.java:1073)
	at sun.net.www.protocol.http.HttpURLConnection.connect(HttpURLConnection.java:1007)
	at com.xxl.job.core.util.XxlJobRemotingUtil.postBody(XxlJobRemotingUtil.java:99)
	at com.xxl.job.core.biz.client.AdminBizClient.registry(AdminBizClient.java:42)
	at com.xxl.job.core.thread.ExecutorRegistryThread$1.run(ExecutorRegistryThread.java:48)
	at java.lang.Thread.run(Thread.java:750)
[INFO] - 2026-05-20 23:24:44.631 - [xxl-job, executor ExecutorRegistryThread] - ExecutorRegistryThread#54 - INFO:>>>>>>>>>>> xxl-job registry fail, registryParam:RegistryParam{registryGroup='EXECUTOR', registryKey='other10001', registryValue='http://192.168.3.166:9999/'}, registryResult:ReturnT [code=500, msg=xxl-job remoting error(Connection refused (Connection refused)), for url : http://127.0.0.1:83/xxl-job-admin/api/registry, content=null]
[ERROR] - 2026-05-20 23:25:14.581 - [main] - AreaManager#97 - INFO:the exception {}
org.springframework.dao.DataAccessResourceFailureException: Timed out after 30000 ms while waiting for a server that matches ReadPreferenceServerSelector{readPreference=primary}. Client view of cluster state is {type=UNKNOWN, servers=[{address=127.0.0.1:27017, type=UNKNOWN, state=CONNECTING, exception={com.mongodb.MongoSecurityException: Exception authenticating MongoCredential{mechanism=null, userName='a772616239', source='admin', password=<hidden>, mechanismProperties={}}}, caused by {com.mongodb.MongoCommandException: Command failed with error 18: 'Authentication failed.' on server 127.0.0.1:27017. The full response is { "ok" : 0.0, "errmsg" : "Authentication failed.", "code" : 18, "codeName" : "AuthenticationFailed" }}}]; nested exception is com.mongodb.MongoTimeoutException: Timed out after 30000 ms while waiting for a server that matches ReadPreferenceServerSelector{readPreference=primary}. Client view of cluster state is {type=UNKNOWN, servers=[{address=127.0.0.1:27017, type=UNKNOWN, state=CONNECTING, exception={com.mongodb.MongoSecurityException: Exception authenticating MongoCredential{mechanism=null, userName='a772616239', source='admin', password=<hidden>, mechanismProperties={}}}, caused by {com.mongodb.MongoCommandException: Command failed with error 18: 'Authentication failed.' on server 127.0.0.1:27017. The full response is { "ok" : 0.0, "errmsg" : "Authentication failed.", "code" : 18, "codeName" : "AuthenticationFailed" }}}]
	at org.springframework.data.mongodb.core.MongoExceptionTranslator.translateExceptionIfPossible(MongoExceptionTranslator.java:77)
	at org.springframework.data.mongodb.core.MongoTemplate.potentiallyConvertRuntimeException(MongoTemplate.java:2146)
	at org.springframework.data.mongodb.core.MongoTemplate.executeFindOneInternal(MongoTemplate.java:1928)
	at org.springframework.data.mongodb.core.MongoTemplate.doFindOne(MongoTemplate.java:1736)
	at org.springframework.data.mongodb.core.MongoTemplate.findById(MongoTemplate.java:656)
	at org.springframework.data.mongodb.core.MongoTemplate.findById(MongoTemplate.java:649)
	at com.ljsd.jieling.core.CoreLogic.findServerArenaInfoManager(CoreLogic.java:34)
	at com.ljsd.jieling.db.mongo.AreaManager.initParm(AreaManager.java:79)
	at com.ljsd.jieling.db.mongo.AreaManager.init(AreaManager.java:51)
	at com.ljsd.jieling.db.mongo.MongoUtil.init(MongoUtil.java:77)
	at com.ljsd.GameApplication.main(GameApplication.java:57)
Caused by: com.mongodb.MongoTimeoutException: Timed out after 30000 ms while waiting for a server that matches ReadPreferenceServerSelector{readPreference=primary}. Client view of cluster state is {type=UNKNOWN, servers=[{address=127.0.0.1:27017, type=UNKNOWN, state=CONNECTING, exception={com.mongodb.MongoSecurityException: Exception authenticating MongoCredential{mechanism=null, userName='a772616239', source='admin', password=<hidden>, mechanismProperties={}}}, caused by {com.mongodb.MongoCommandException: Command failed with error 18: 'Authentication failed.' on server 127.0.0.1:27017. The full response is { "ok" : 0.0, "errmsg" : "Authentication failed.", "code" : 18, "codeName" : "AuthenticationFailed" }}}]
	at com.mongodb.connection.BaseCluster.createTimeoutException(BaseCluster.java:377)
	at com.mongodb.connection.BaseCluster.selectServer(BaseCluster.java:104)
	at com.mongodb.binding.ClusterBinding$ClusterBindingConnectionSource.<init>(ClusterBinding.java:75)
	at com.mongodb.binding.ClusterBinding$ClusterBindingConnectionSource.<init>(ClusterBinding.java:71)
	at com.mongodb.binding.ClusterBinding.getReadConnectionSource(ClusterBinding.java:63)
	at com.mongodb.operation.OperationHelper.withConnection(OperationHelper.java:406)
	at com.mongodb.operation.FindOperation.execute(FindOperation.java:510)
	at com.mongodb.operation.FindOperation.execute(FindOperation.java:81)
	at com.mongodb.Mongo.execute(Mongo.java:836)
	at com.mongodb.Mongo$2.execute(Mongo.java:823)
	at com.mongodb.DBCursor.initializeCursor(DBCursor.java:870)
	at com.mongodb.DBCursor.hasNext(DBCursor.java:142)
	at com.mongodb.DBCursor.one(DBCursor.java:679)
	at com.mongodb.DBCollection.findOne(DBCollection.java:833)
	at com.mongodb.DBCollection.findOne(DBCollection.java:796)
	at com.mongodb.DBCollection.findOne(DBCollection.java:743)
	at org.springframework.data.mongodb.core.MongoTemplate$FindOneCallback.doInCollection(MongoTemplate.java:2197)
	at org.springframework.data.mongodb.core.MongoTemplate$FindOneCallback.doInCollection(MongoTemplate.java:2181)
	at org.springframework.data.mongodb.core.MongoTemplate.executeFindOneInternal(MongoTemplate.java:1925)
	... 8 common frames omitted
[INFO] - 2026-05-20 23:25:14.584 - [main] - cluster#71 - INFO:No server chosen by ReadPreferenceServerSelector{readPreference=primary} from cluster description ClusterDescription{type=UNKNOWN, connectionMode=SINGLE, serverDescriptions=[ServerDescription{address=127.0.0.1:27017, type=UNKNOWN, state=CONNECTING, exception={com.mongodb.MongoSecurityException: Exception authenticating MongoCredential{mechanism=null, userName='a772616239', source='admin', password=<hidden>, mechanismProperties={}}}, caused by {com.mongodb.MongoCommandException: Command failed with error 18: 'Authentication failed.' on server 127.0.0.1:27017. The full response is { "ok" : 0.0, "errmsg" : "Authentication failed.", "code" : 18, "codeName" : "AuthenticationFailed" }}}]}. Waiting for 30000 ms before timing out
[ERROR] - 2026-05-20 23:25:14.634 - [xxl-job, executor ExecutorRegistryThread] - XxlJobRemotingUtil#143 - INFO:Connection refused (Connection refused)
java.net.ConnectException: Connection refused (Connection refused)
	at java.net.PlainSocketImpl.socketConnect(Native Method)
	at java.net.AbstractPlainSocketImpl.doConnect(AbstractPlainSocketImpl.java:350)
	at java.net.AbstractPlainSocketImpl.connectToAddress(AbstractPlainSocketImpl.java:206)
	at java.net.AbstractPlainSocketImpl.connect(AbstractPlainSocketImpl.java:188)
	at java.net.SocksSocketImpl.connect(SocksSocketImpl.java:392)
	at java.net.Socket.connect(Socket.java:607)
	at sun.net.NetworkClient.doConnect(NetworkClient.java:175)
	at sun.net.www.http.HttpClient.openServer(HttpClient.java:465)
	at sun.net.www.http.HttpClient.openServer(HttpClient.java:560)
	at sun.net.www.http.HttpClient.<init>(HttpClient.java:246)
	at sun.net.www.http.HttpClient.New(HttpClient.java:341)
	at sun.net.www.http.HttpClient.New(HttpClient.java:359)
	at sun.net.www.protocol.http.HttpURLConnection.getNewHttpClient(HttpURLConnection.java:1245)
	at sun.net.www.protocol.http.HttpURLConnection.plainConnect0(HttpURLConnection.java:1179)
	at sun.net.www.protocol.http.HttpURLConnection.plainConnect(HttpURLConnection.java:1073)
	at sun.net.www.protocol.http.HttpURLConnection.connect(HttpURLConnection.java:1007)
	at com.xxl.job.core.util.XxlJobRemotingUtil.postBody(XxlJobRemotingUtil.java:99)
	at com.xxl.job.core.biz.client.AdminBizClient.registry(AdminBizClient.java:42)
	at com.xxl.job.core.thread.ExecutorRegistryThread$1.run(ExecutorRegistryThread.java:48)
	at java.lang.Thread.run(Thread.java:750)
[INFO] - 2026-05-20 23:25:14.635 - [xxl-job, executor ExecutorRegistryThread] - ExecutorRegistryThread#54 - INFO:>>>>>>>>>>> xxl-job registry fail, registryParam:RegistryParam{registryGroup='EXECUTOR', registryKey='other10001', registryValue='http://192.168.3.166:9999/'}, registryResult:ReturnT [code=500, msg=xxl-job remoting error(Connection refused (Connection refused)), for url : http://127.0.0.1:83/xxl-job-admin/api/registry, content=null]
[INFO] - 2026-05-20 23:25:37.228 - [main] - GameApplication#48 - INFO:Starting GameApplication on WANGXUFENGs-Mac-Pro.local with PID 85814 (/Users/wangxufeng/Documents/TimeSpaceGirl1/TimeSpaceServer/skzc/home/java/gameserver/gameSrv-1.0.0.jar started by wangxufeng in /Users/wangxufeng/Documents/TimeSpaceGirl1/TimeSpaceServer/skzc/home/java/gameserver)
[INFO] - 2026-05-20 23:25:37.230 - [main] - GameApplication#593 - INFO:No active profile set, falling back to default profiles: default
[INFO] - 2026-05-20 23:25:37.401 - [main] - AnnotationConfigApplicationContext#583 - INFO:Refreshing org.springframework.context.annotation.AnnotationConfigApplicationContext@670002: startup date [Wed May 20 23:25:37 CST 2026]; root of context hierarchy
[INFO] - 2026-05-20 23:25:38.469 - [main] - DefaultListableBeanFactory#828 - INFO:Overriding bean definition for bean 'mongoSettingsProperties' with a different definition: replacing [Generic bean: class [com.ljsd.common.mogodb.MongoSettingsProperties]; scope=singleton; abstract=false; lazyInit=false; autowireMode=0; dependencyCheck=0; autowireCandidate=true; primary=false; factoryBeanName=null; factoryMethodName=null; initMethodName=null; destroyMethodName=null; defined in URL [jar:file:/Users/wangxufeng/Documents/TimeSpaceGirl1/TimeSpaceServer/skzc/home/java/gameserver/lib/common-1.0.0.jar!/com/ljsd/common/mogodb/MongoSettingsProperties.class]] with [Root bean: class [null]; scope=; abstract=false; lazyInit=false; autowireMode=3; dependencyCheck=0; autowireCandidate=true; primary=false; factoryBeanName=mongoConfig; factoryMethodName=mongoSettingsProperties; initMethodName=null; destroyMethodName=(inferred); defined in class path resource [com/ljsd/jieling/db/mongo/MongoConfig.class]]
[INFO] - 2026-05-20 23:25:38.555 - [main] - RepositoryConfigurationDelegate#165 - INFO:Multiple Spring Data modules found, entering strict repository configuration mode!
[INFO] - 2026-05-20 23:25:39.803 - [main] - RepositoryConfigurationDelegate#165 - INFO:Multiple Spring Data modules found, entering strict repository configuration mode!
[INFO] - 2026-05-20 23:25:41.510 - [main] - XxlJobConfig#47 - INFO:>>>>>>>>>>> xxl-job config init start
[INFO] - 2026-05-20 23:25:41.511 - [main] - XxlJobConfig#57 - INFO:>>>>>>>>>>> xxl-job config init end
[INFO] - 2026-05-20 23:25:41.642 - [main] - cluster#71 - INFO:Cluster created with settings {hosts=[127.0.0.1:27017], mode=SINGLE, requiredClusterType=UNKNOWN, serverSelectionTimeout='30000 ms', maxWaitQueueSize=1280}
[INFO] - 2026-05-20 23:25:41.682 - [pool-1-thread-1] - connection#71 - INFO:Opened connection [connectionId{localValue:1, serverValue:138}] to 127.0.0.1:27017
[INFO] - 2026-05-20 23:25:41.684 - [pool-1-thread-1] - connection#71 - INFO:Opened connection [connectionId{localValue:2, serverValue:139}] to 127.0.0.1:27017
[INFO] - 2026-05-20 23:25:41.686 - [pool-1-thread-1] - connection#71 - INFO:Opened connection [connectionId{localValue:3, serverValue:140}] to 127.0.0.1:27017
[INFO] - 2026-05-20 23:25:41.693 - [pool-1-thread-1] - connection#71 - INFO:Opened connection [connectionId{localValue:4, serverValue:141}] to 127.0.0.1:27017
[INFO] - 2026-05-20 23:25:41.695 - [pool-1-thread-1] - connection#71 - INFO:Opened connection [connectionId{localValue:5, serverValue:142}] to 127.0.0.1:27017
[INFO] - 2026-05-20 23:25:41.700 - [cluster-ClusterId{value='6a0dd275503ade4f36d1f2b6', description='null'}-127.0.0.1:27017] - connection#71 - INFO:Opened connection [connectionId{localValue:6, serverValue:143}] to 127.0.0.1:27017
[INFO] - 2026-05-20 23:25:41.701 - [cluster-ClusterId{value='6a0dd275503ade4f36d1f2b6', description='null'}-127.0.0.1:27017] - cluster#71 - INFO:Monitor thread successfully connected to server with description ServerDescription{address=127.0.0.1:27017, type=STANDALONE, state=CONNECTED, ok=true, version=ServerVersion{versionList=[4, 0, 28]}, minWireVersion=0, maxWireVersion=7, maxDocumentSize=16777216, roundTripTimeNanos=220940}
[INFO] - 2026-05-20 23:25:41.761 - [main] - cluster#71 - INFO:Cluster created with settings {hosts=[127.0.0.1:27017], mode=SINGLE, requiredClusterType=UNKNOWN, serverSelectionTimeout='30000 ms', maxWaitQueueSize=500}
[INFO] - 2026-05-20 23:25:41.764 - [cluster-ClusterId{value='6a0dd275503ade4f36d1f2b7', description='null'}-127.0.0.1:27017] - connection#71 - INFO:Opened connection [connectionId{localValue:7, serverValue:144}] to 127.0.0.1:27017
[INFO] - 2026-05-20 23:25:41.765 - [cluster-ClusterId{value='6a0dd275503ade4f36d1f2b7', description='null'}-127.0.0.1:27017] - cluster#71 - INFO:Monitor thread successfully connected to server with description ServerDescription{address=127.0.0.1:27017, type=STANDALONE, state=CONNECTED, ok=true, version=ServerVersion{versionList=[4, 0, 28]}, minWireVersion=0, maxWireVersion=7, maxDocumentSize=16777216, roundTripTimeNanos=380450}
[INFO] - 2026-05-20 23:25:41.766 - [main] - cluster#71 - INFO:Cluster created with settings {hosts=[127.0.0.1:27017], mode=SINGLE, requiredClusterType=UNKNOWN, serverSelectionTimeout='30000 ms', maxWaitQueueSize=500}
[INFO] - 2026-05-20 23:25:41.769 - [cluster-ClusterId{value='6a0dd275503ade4f36d1f2b8', description='null'}-127.0.0.1:27017] - connection#71 - INFO:Opened connection [connectionId{localValue:8, serverValue:145}] to 127.0.0.1:27017
[INFO] - 2026-05-20 23:25:41.770 - [cluster-ClusterId{value='6a0dd275503ade4f36d1f2b8', description='null'}-127.0.0.1:27017] - cluster#71 - INFO:Monitor thread successfully connected to server with description ServerDescription{address=127.0.0.1:27017, type=STANDALONE, state=CONNECTED, ok=true, version=ServerVersion{versionList=[4, 0, 28]}, minWireVersion=0, maxWireVersion=7, maxDocumentSize=16777216, roundTripTimeNanos=253280}
[INFO] - 2026-05-20 23:25:42.042 - [main] - XxlJobExecutor#183 - INFO:>>>>>>>>>>> xxl-job register jobhandler success, name:activityClearJob, jobHandler:com.xxl.job.core.handler.impl.MethodJobHandler@5dac286c[class com.ljsd.jieling.xxl.jobhandler.ActivityClearJobHandler#activityClearJobHandler]
[INFO] - 2026-05-20 23:25:42.043 - [main] - XxlJobExecutor#183 - INFO:>>>>>>>>>>> xxl-job register jobhandler success, name:activityJob, jobHandler:com.xxl.job.core.handler.impl.MethodJobHandler@7d1a7bd8[class com.ljsd.jieling.xxl.jobhandler.ActivityJobHandler#activityJobHandler]
[INFO] - 2026-05-20 23:25:42.043 - [main] - XxlJobExecutor#183 - INFO:>>>>>>>>>>> xxl-job register jobhandler success, name:adventureBossRankRewardJob, jobHandler:com.xxl.job.core.handler.impl.MethodJobHandler@41c9d35f[class com.ljsd.jieling.xxl.jobhandler.AdventureBossRankRewardJobHandler#adventureBossRankRewardJobHandler]
[INFO] - 2026-05-20 23:25:42.043 - [main] - XxlJobExecutor#183 - INFO:>>>>>>>>>>> xxl-job register jobhandler success, name:arenaDailyRewardJob, jobHandler:com.xxl.job.core.handler.impl.MethodJobHandler@28839977[class com.ljsd.jieling.xxl.jobhandler.ArenaDailyRewardJobHandler#arenaDailyRewardJobHandler]
[INFO] - 2026-05-20 23:25:42.043 - [main] - XxlJobExecutor#183 - INFO:>>>>>>>>>>> xxl-job register jobhandler success, name:callCulRankJob, jobHandler:com.xxl.job.core.handler.impl.MethodJobHandler@77936f79[class com.ljsd.jieling.xxl.jobhandler.CallCulRankJobHandler#callCulRankJob]
[INFO] - 2026-05-20 23:25:42.044 - [main] - XxlJobExecutor#183 - INFO:>>>>>>>>>>> xxl-job register jobhandler success, name:refTrainingRankRewardJob, jobHandler:com.xxl.job.core.handler.impl.MethodJobHandler@59f91ee8[class com.ljsd.jieling.xxl.jobhandler.DefTrainingRankRewardJobHandler#refTrainingRankRewardJobHandler]
[INFO] - 2026-05-20 23:25:42.044 - [main] - XxlJobExecutor#183 - INFO:>>>>>>>>>>> xxl-job register jobhandler success, name:foreverMemberRewardJob, jobHandler:com.xxl.job.core.handler.impl.MethodJobHandler@56a57da3[class com.ljsd.jieling.xxl.jobhandler.ForeverMemberRewardJobHandler#foreverMemberRewardJobHandler]
[INFO] - 2026-05-20 23:25:42.044 - [main] - XxlJobExecutor#183 - INFO:>>>>>>>>>>> xxl-job register jobhandler success, name:globalDataManagerJob, jobHandler:com.xxl.job.core.handler.impl.MethodJobHandler@62590e21[class com.ljsd.jieling.xxl.jobhandler.GlobalDataManagerJobHandler#globalDataManager]
[INFO] - 2026-05-20 23:25:42.044 - [main] - XxlJobExecutor#183 - INFO:>>>>>>>>>>> xxl-job register jobhandler success, name:GuildChairManImpeachJob, jobHandler:com.xxl.job.core.handler.impl.MethodJobHandler@e5d4db4[class com.ljsd.jieling.xxl.jobhandler.GuildChairManImpeachJobHandler#impeach]
[INFO] - 2026-05-20 23:25:42.044 - [main] - XxlJobExecutor#183 - INFO:>>>>>>>>>>> xxl-job register jobhandler success, name:guildRedPackageRankJob, jobHandler:com.xxl.job.core.handler.impl.MethodJobHandler@1f420cc9[class com.ljsd.jieling.xxl.jobhandler.GuildRedPackageRankJobHandler#guildRedPackageRankClearJob]
[INFO] - 2026-05-20 23:25:42.044 - [main] - XxlJobExecutor#183 - INFO:>>>>>>>>>>> xxl-job register jobhandler success, name:morningStarJob, jobHandler:com.xxl.job.core.handler.impl.MethodJobHandler@62f732e7[class com.ljsd.jieling.xxl.jobhandler.MorningStarJobHandler#morningStarJobHandler]
[INFO] - 2026-05-20 23:25:42.044 - [main] - XxlJobExecutor#183 - INFO:>>>>>>>>>>> xxl-job register jobhandler success, name:demoJobHandler, jobHandler:com.xxl.job.core.handler.impl.MethodJobHandler@4875109e[class com.ljsd.jieling.xxl.jobhandler.SampleXxlJob#demoJobHandler]
[INFO] - 2026-05-20 23:25:42.045 - [main] - XxlJobExecutor#183 - INFO:>>>>>>>>>>> xxl-job register jobhandler success, name:shardingJobHandler, jobHandler:com.xxl.job.core.handler.impl.MethodJobHandler@2c21d4c9[class com.ljsd.jieling.xxl.jobhandler.SampleXxlJob#shardingJobHandler]
[INFO] - 2026-05-20 23:25:42.045 - [main] - XxlJobExecutor#183 - INFO:>>>>>>>>>>> xxl-job register jobhandler success, name:commandJobHandler, jobHandler:com.xxl.job.core.handler.impl.MethodJobHandler@238aa1c0[class com.ljsd.jieling.xxl.jobhandler.SampleXxlJob#commandJobHandler]
[INFO] - 2026-05-20 23:25:42.045 - [main] - XxlJobExecutor#183 - INFO:>>>>>>>>>>> xxl-job register jobhandler success, name:httpJobHandler, jobHandler:com.xxl.job.core.handler.impl.MethodJobHandler@7831cf5c[class com.ljsd.jieling.xxl.jobhandler.SampleXxlJob#httpJobHandler]
[INFO] - 2026-05-20 23:25:42.045 - [main] - XxlJobExecutor#183 - INFO:>>>>>>>>>>> xxl-job register jobhandler success, name:demoJobHandler2, jobHandler:com.xxl.job.core.handler.impl.MethodJobHandler@18a0c124[class com.ljsd.jieling.xxl.jobhandler.SampleXxlJob#demoJobHandler2]
[INFO] - 2026-05-20 23:25:42.045 - [main] - XxlJobExecutor#183 - INFO:>>>>>>>>>>> xxl-job register jobhandler success, name:shejiClearJob, jobHandler:com.xxl.job.core.handler.impl.MethodJobHandler@3a85c965[class com.ljsd.jieling.xxl.jobhandler.ShejiClearJobHandler#shejiClearJobHandler]
[INFO] - 2026-05-20 23:25:42.078 - [main] - AnnotationMBeanExporter#431 - INFO:Registering beans for JMX exposure on startup
[INFO] - 2026-05-20 23:25:42.094 - [main] - GameApplication#57 - INFO:Started GameApplication in 5.13 seconds (JVM running for 5.38)
[INFO] - 2026-05-20 23:25:42.096 - [main] - GameApplication#56 - INFO:ServerProperties ->ServerProperties{id=10001, plat='null', channel='null', isLAN=0, openTime='20190101000102', num=1, sendlog37=false, guildFight=false, areaId=0, autoOpen=true, debug=true, logDir='../logs', appId='null'},coreIp=>{}
[INFO] - 2026-05-20 23:25:42.168 - [main] - connection#71 - INFO:Opened connection [connectionId{localValue:9, serverValue:146}] to 127.0.0.1:27017
[INFO] - 2026-05-20 23:25:42.194 - [Thread-10] - EmbedServer#82 - INFO:>>>>>>>>>>> xxl-job remoting server start success, nettype = class com.xxl.job.core.server.EmbedServer, port = 9999
[ERROR] - 2026-05-20 23:25:42.205 - [xxl-job, executor ExecutorRegistryThread] - XxlJobRemotingUtil#143 - INFO:Connection refused (Connection refused)
java.net.ConnectException: Connection refused (Connection refused)
	at java.net.PlainSocketImpl.socketConnect(Native Method)
	at java.net.AbstractPlainSocketImpl.doConnect(AbstractPlainSocketImpl.java:350)
	at java.net.AbstractPlainSocketImpl.connectToAddress(AbstractPlainSocketImpl.java:206)
	at java.net.AbstractPlainSocketImpl.connect(AbstractPlainSocketImpl.java:188)
	at java.net.SocksSocketImpl.connect(SocksSocketImpl.java:392)
	at java.net.Socket.connect(Socket.java:607)
	at sun.net.NetworkClient.doConnect(NetworkClient.java:175)
	at sun.net.www.http.HttpClient.openServer(HttpClient.java:465)
	at sun.net.www.http.HttpClient.openServer(HttpClient.java:560)
	at sun.net.www.http.HttpClient.<init>(HttpClient.java:246)
	at sun.net.www.http.HttpClient.New(HttpClient.java:341)
	at sun.net.www.http.HttpClient.New(HttpClient.java:359)
	at sun.net.www.protocol.http.HttpURLConnection.getNewHttpClient(HttpURLConnection.java:1245)
	at sun.net.www.protocol.http.HttpURLConnection.plainConnect0(HttpURLConnection.java:1179)
	at sun.net.www.protocol.http.HttpURLConnection.plainConnect(HttpURLConnection.java:1073)
	at sun.net.www.protocol.http.HttpURLConnection.connect(HttpURLConnection.java:1007)
	at com.xxl.job.core.util.XxlJobRemotingUtil.postBody(XxlJobRemotingUtil.java:99)
	at com.xxl.job.core.biz.client.AdminBizClient.registry(AdminBizClient.java:42)
	at com.xxl.job.core.thread.ExecutorRegistryThread$1.run(ExecutorRegistryThread.java:48)
	at java.lang.Thread.run(Thread.java:750)
[INFO] - 2026-05-20 23:25:42.206 - [xxl-job, executor ExecutorRegistryThread] - ExecutorRegistryThread#54 - INFO:>>>>>>>>>>> xxl-job registry fail, registryParam:RegistryParam{registryGroup='EXECUTOR', registryKey='other10001', registryValue='http://192.168.3.166:9999/'}, registryResult:ReturnT [code=500, msg=xxl-job remoting error(Connection refused (Connection refused)), for url : http://127.0.0.1:83/xxl-job-admin/api/registry, content=null]
[INFO] - 2026-05-20 23:25:42.284 - [main] - connection#71 - INFO:Opened connection [connectionId{localValue:10, serverValue:147}] to 127.0.0.1:27017
[INFO] - 2026-05-20 23:25:42.349 - [main] - Poster#53 - INFO:------ccc 杩涘叆001------
[INFO] - 2026-05-20 23:25:42.349 - [main] - Poster#59 - INFO:------ccc 杩涘叆002------
[INFO] - 2026-05-20 23:25:42.349 - [main] - Poster#66 - INFO:------ccc 杩涘叆003------
[INFO] - 2026-05-20 23:25:42.697 - [main] - GlobleSystemLogic#215 - INFO:鎬讳汉鏁帮細0锛岃绠椾簡涓�娆′笘鐣岀瓑绾�->1
[ERROR] - 2026-05-20 23:25:43.577 - [main] - STableManager#198 - INFO:file not find /home/java/gameserver/conf/server/MapPointConfig.txt,  do not find sheet with MapPointConfig  you need rebuild all sheet by gen sheet tool!
[ERROR] - 2026-05-20 23:25:43.591 - [main] - STableManager#198 - INFO:file not find /home/java/gameserver/conf/server/AccomplishmentConfig.txt,  do not find sheet with AccomplishmentConfig  you need rebuild all sheet by gen sheet tool!
[ERROR] - 2026-05-20 23:25:43.604 - [main] - STableManager#198 - INFO:file not find /home/java/gameserver/conf/server/AchievementConfig.txt,  do not find sheet with AchievementConfig  you need rebuild all sheet by gen sheet tool!
[ERROR] - 2026-05-20 23:25:43.616 - [main] - STableManager#198 - INFO:file not find /home/java/gameserver/conf/server/ActivityChapterConfig.txt,  do not find sheet with ActivityChapterConfig  you need rebuild all sheet by gen sheet tool!
[ERROR] - 2026-05-20 23:25:43.629 - [main] - STableManager#198 - INFO:file not find /home/java/gameserver/conf/server/ActivityDropReward.txt,  do not find sheet with ActivityDropReward  you need rebuild all sheet by gen sheet tool!
[ERROR] - 2026-05-20 23:25:43.642 - [main] - STableManager#198 - INFO:file not find /home/java/gameserver/conf/server/ActivityLevelConfig.txt,  do not find sheet with ActivityLevelConfig  you need rebuild all sheet by gen sheet tool!
[ERROR] - 2026-05-20 23:25:43.655 - [main] - STableManager#198 - INFO:file not find /home/java/gameserver/conf/server/ActivityRankingReward.txt,  do not find sheet with ActivityRankingReward  you need rebuild all sheet by gen sheet tool!
[ERROR] - 2026-05-20 23:25:43.669 - [main] - STableManager#198 - INFO:file not find /home/java/gameserver/conf/server/ActivityRewardConfig.txt,  do not find sheet with ActivityRewardConfig  you need rebuild all sheet by gen sheet tool!
[ERROR] - 2026-05-20 23:25:43.682 - [main] - STableManager#198 - INFO:file not find /home/java/gameserver/conf/server/AdjustConfig.txt,  do not find sheet with AdjustConfig  you need rebuild all sheet by gen sheet tool!
[ERROR] - 2026-05-20 23:25:43.695 - [main] - STableManager#198 - INFO:file not find /home/java/gameserver/conf/server/AdjutantChatConfig.txt,  do not find sheet with AdjutantChatConfig  you need rebuild all sheet by gen sheet tool!
[ERROR] - 2026-05-20 23:25:43.708 - [main] - STableManager#198 - INFO:file not find /home/java/gameserver/conf/server/AdjutantConfig.txt,  do not find sheet with AdjutantConfig  you need rebuild all sheet by gen sheet tool!
[ERROR] - 2026-05-20 23:25:43.722 - [main] - STableManager#198 - INFO:file not find /home/java/gameserver/conf/server/AdjutantHandselConfig.txt,  do not find sheet with AdjutantHandselConfig  you need rebuild all sheet by gen sheet tool!
[ERROR] - 2026-05-20 23:25:43.735 - [main] - STableManager#198 - INFO:file not find /home/java/gameserver/conf/server/AdjutantSkillConfig.txt,  do not find sheet with AdjutantSkillConfig  you need rebuild all sheet by gen sheet tool!
[ERROR] - 2026-05-20 23:25:43.748 - [main] - STableManager#198 - INFO:file not find /home/java/gameserver/conf/server/AdjutantTeachConfig.txt,  do not find sheet with AdjutantTeachConfig  you need rebuild all sheet by gen sheet tool!
[ERROR] - 2026-05-20 23:25:43.760 - [main] - STableManager#198 - INFO:file not find /home/java/gameserver/conf/server/AlameinChapter.txt,  do not find sheet with AlameinChapter  you need rebuild all sheet by gen sheet tool!
[ERROR] - 2026-05-20 23:25:43.774 - [main] - STableManager#198 - INFO:file not find /home/java/gameserver/conf/server/AlameinLevel.txt,  do not find sheet with AlameinLevel  you need rebuild all sheet by gen sheet tool!
[ERROR] - 2026-05-20 23:25:43.788 - [main] - STableManager#198 - INFO:file not find /home/java/gameserver/conf/server/ArenaRobotConfig.txt,  do not find sheet with ArenaRobotConfig  you need rebuild all sheet by gen sheet tool!
[ERROR] - 2026-05-20 23:25:43.801 - [main] - STableManager#198 - INFO:file not find /home/java/gameserver/conf/server/ArenaSetting.txt,  do not find sheet with ArenaSetting  you need rebuild all sheet by gen sheet tool!
[ERROR] - 2026-05-20 23:25:43.815 - [main] - STableManager#198 - INFO:file not find /home/java/gameserver/conf/server/ArroGantFly.txt,  do not find sheet with ArroGantFly  you need rebuild all sheet by gen sheet tool!
[ERROR] - 2026-05-20 23:25:43.828 - [main] - STableManager#198 - INFO:file not find /home/java/gameserver/conf/server/ArtifactConfig.txt,  do not find sheet with ArtifactConfig  you need rebuild all sheet by gen sheet tool!
[ERROR] - 2026-05-20 23:25:43.842 - [main] - STableManager#198 - INFO:file not find /home/java/gameserver/conf/server/ArtifactLevelConfig.txt,  do not find sheet with ArtifactLevelConfig  you need rebuild all sheet by gen sheet tool!
[ERROR] - 2026-05-20 23:25:43.855 - [main] - STableManager#198 - INFO:file not find /home/java/gameserver/conf/server/ArtifactRefineConfig.txt,  do not find sheet with ArtifactRefineConfig  you need rebuild all sheet by gen sheet tool!
[ERROR] - 2026-05-20 23:25:43.868 - [main] - STableManager#198 - INFO:file not find /home/java/gameserver/conf/server/ArtifactSkillConfig.txt,  do not find sheet with ArtifactSkillConfig  you need rebuild all sheet by gen sheet tool!
[ERROR] - 2026-05-20 23:25:43.881 - [main] - STableManager#198 - INFO:file not find /home/java/gameserver/conf/server/ArtifactSoulConfig.txt,  do not find sheet with ArtifactSoulConfig  you need rebuild all sheet by gen sheet tool!
[ERROR] - 2026-05-20 23:25:43.894 - [main] - STableManager#198 - INFO:file not find /home/java/gameserver/conf/server/BattlePassReward.txt,  do not find sheet with BattlePassReward  you need rebuild all sheet by gen sheet tool!
[ERROR] - 2026-05-20 23:25:43.907 - [main] - STableManager#198 - INFO:file not find /home/java/gameserver/conf/server/BattlePassTask.txt,  do not find sheet with BattlePassTask  you need rebuild all sheet by gen sheet tool!
[ERROR] - 2026-05-20 23:25:43.919 - [main] - STableManager#198 - INFO:file not find /home/java/gameserver/conf/server/BeginnerTask.txt,  do not find sheet with BeginnerTask  you need rebuild all sheet by gen sheet tool!
[ERROR] - 2026-05-20 23:25:43.932 - [main] - STableManager#198 - INFO:file not find /home/java/gameserver/conf/server/BlessingConfig.txt,  do not find sheet with BlessingConfig  you need rebuild all sheet by gen sheet tool!
[ERROR] - 2026-05-20 23:25:43.945 - [main] - STableManager#198 - INFO:file not find /home/java/gameserver/conf/server/BlessingConfigNew.txt,  do not find sheet with BlessingConfigNew  you need rebuild all sheet by gen sheet tool!
[ERROR] - 2026-05-20 23:25:43.958 - [main] - STableManager#198 - INFO:file not find /home/java/gameserver/conf/server/BlessingRewardPoolNew.txt,  do not find sheet with BlessingRewardPoolNew  you need rebuild all sheet by gen sheet tool!
[ERROR] - 2026-05-20 23:25:43.970 - [main] - STableManager#198 - INFO:file not find /home/java/gameserver/conf/server/BlitzBoxAwards.txt,  do not find sheet with BlitzBoxAwards  you need rebuild all sheet by gen sheet tool!
[ERROR] - 2026-05-20 23:25:43.983 - [main] - STableManager#198 - INFO:file not find /home/java/gameserver/conf/server/BlitzConfig.txt,  do not find sheet with BlitzConfig  you need rebuild all sheet by gen sheet tool!
[ERROR] - 2026-05-20 23:25:43.996 - [main] - STableManager#198 - INFO:file not find /home/java/gameserver/conf/server/BlitzType.txt,  do not find sheet with BlitzType  you need rebuild all sheet by gen sheet tool!
[ERROR] - 2026-05-20 23:25:44.009 - [main] - STableManager#198 - INFO:file not find /home/java/gameserver/conf/server/BloodyBattleSetting.txt,  do not find sheet with BloodyBattleSetting  you need rebuild all sheet by gen sheet tool!
[ERROR] - 2026-05-20 23:26:12.216 - [xxl-job, executor ExecutorRegistryThread] - XxlJobRemotingUtil#143 - INFO:Connection refused (Connection refused)
java.net.ConnectException: Connection refused (Connection refused)
	at java.net.PlainSocketImpl.socketConnect(Native Method)
	at java.net.AbstractPlainSocketImpl.doConnect(AbstractPlainSocketImpl.java:350)
	at java.net.AbstractPlainSocketImpl.connectToAddress(AbstractPlainSocketImpl.java:206)
	at java.net.AbstractPlainSocketImpl.connect(AbstractPlainSocketImpl.java:188)
	at java.net.SocksSocketImpl.connect(SocksSocketImpl.java:392)
	at java.net.Socket.connect(Socket.java:607)
	at sun.net.NetworkClient.doConnect(NetworkClient.java:175)
	at sun.net.www.http.HttpClient.openServer(HttpClient.java:465)
	at sun.net.www.http.HttpClient.openServer(HttpClient.java:560)
	at sun.net.www.http.HttpClient.<init>(HttpClient.java:246)
	at sun.net.www.http.HttpClient.New(HttpClient.java:341)
	at sun.net.www.http.HttpClient.New(HttpClient.java:359)
	at sun.net.www.protocol.http.HttpURLConnection.getNewHttpClient(HttpURLConnection.java:1245)
	at sun.net.www.protocol.http.HttpURLConnection.plainConnect0(HttpURLConnection.java:1179)
	at sun.net.www.protocol.http.HttpURLConnection.plainConnect(HttpURLConnection.java:1073)
	at sun.net.www.protocol.http.HttpURLConnection.connect(HttpURLConnection.java:1007)
	at com.xxl.job.core.util.XxlJobRemotingUtil.postBody(XxlJobRemotingUtil.java:99)
	at com.xxl.job.core.biz.client.AdminBizClient.registry(AdminBizClient.java:42)
	at com.xxl.job.core.thread.ExecutorRegistryThread$1.run(ExecutorRegistryThread.java:48)
	at java.lang.Thread.run(Thread.java:750)
[INFO] - 2026-05-20 23:26:12.216 - [xxl-job, executor ExecutorRegistryThread] - ExecutorRegistryThread#54 - INFO:>>>>>>>>>>> xxl-job registry fail, registryParam:RegistryParam{registryGroup='EXECUTOR', registryKey='other10001', registryValue='http://192.168.3.166:9999/'}, registryResult:ReturnT [code=500, msg=xxl-job remoting error(Connection refused (Connection refused)), for url : http://127.0.0.1:83/xxl-job-admin/api/registry, content=null]
[ERROR] - 2026-05-20 23:26:42.227 - [xxl-job, executor ExecutorRegistryThread] - XxlJobRemotingUtil#143 - INFO:Connection refused (Connection refused)
java.net.ConnectException: Connection refused (Connection refused)
	at java.net.PlainSocketImpl.socketConnect(Native Method)
	at java.net.AbstractPlainSocketImpl.doConnect(AbstractPlainSocketImpl.java:350)
	at java.net.AbstractPlainSocketImpl.connectToAddress(AbstractPlainSocketImpl.java:206)
	at java.net.AbstractPlainSocketImpl.connect(AbstractPlainSocketImpl.java:188)
	at java.net.SocksSocketImpl.connect(SocksSocketImpl.java:392)
	at java.net.Socket.connect(Socket.java:607)
	at sun.net.NetworkClient.doConnect(NetworkClient.java:175)
	at sun.net.www.http.HttpClient.openServer(HttpClient.java:465)
	at sun.net.www.http.HttpClient.openServer(HttpClient.java:560)
	at sun.net.www.http.HttpClient.<init>(HttpClient.java:246)
	at sun.net.www.http.HttpClient.New(HttpClient.java:341)
	at sun.net.www.http.HttpClient.New(HttpClient.java:359)
	at sun.net.www.protocol.http.HttpURLConnection.getNewHttpClient(HttpURLConnection.java:1245)
	at sun.net.www.protocol.http.HttpURLConnection.plainConnect0(HttpURLConnection.java:1179)
	at sun.net.www.protocol.http.HttpURLConnection.plainConnect(HttpURLConnection.java:1073)
	at sun.net.www.protocol.http.HttpURLConnection.connect(HttpURLConnection.java:1007)
	at com.xxl.job.core.util.XxlJobRemotingUtil.postBody(XxlJobRemotingUtil.java:99)
	at com.xxl.job.core.biz.client.AdminBizClient.registry(AdminBizClient.java:42)
	at com.xxl.job.core.thread.ExecutorRegistryThread$1.run(ExecutorRegistryThread.java:48)
	at java.lang.Thread.run(Thread.java:750)
[INFO] - 2026-05-20 23:26:42.227 - [xxl-job, executor ExecutorRegistryThread] - ExecutorRegistryThread#54 - INFO:>>>>>>>>>>> xxl-job registry fail, registryParam:RegistryParam{registryGroup='EXECUTOR', registryKey='other10001', registryValue='http://192.168.3.166:9999/'}, registryResult:ReturnT [code=500, msg=xxl-job remoting error(Connection refused (Connection refused)), for url : http://127.0.0.1:83/xxl-job-admin/api/registry, content=null]
[ERROR] - 2026-05-20 23:27:12.232 - [xxl-job, executor ExecutorRegistryThread] - XxlJobRemotingUtil#143 - INFO:Connection refused (Connection refused)
java.net.ConnectException: Connection refused (Connection refused)
	at java.net.PlainSocketImpl.socketConnect(Native Method)
	at java.net.AbstractPlainSocketImpl.doConnect(AbstractPlainSocketImpl.java:350)
	at java.net.AbstractPlainSocketImpl.connectToAddress(AbstractPlainSocketImpl.java:206)
	at java.net.AbstractPlainSocketImpl.connect(AbstractPlainSocketImpl.java:188)
	at java.net.SocksSocketImpl.connect(SocksSocketImpl.java:392)
	at java.net.Socket.connect(Socket.java:607)
	at sun.net.NetworkClient.doConnect(NetworkClient.java:175)
	at sun.net.www.http.HttpClient.openServer(HttpClient.java:465)
	at sun.net.www.http.HttpClient.openServer(HttpClient.java:560)
	at sun.net.www.http.HttpClient.<init>(HttpClient.java:246)
	at sun.net.www.http.HttpClient.New(HttpClient.java:341)
	at sun.net.www.http.HttpClient.New(HttpClient.java:359)
	at sun.net.www.protocol.http.HttpURLConnection.getNewHttpClient(HttpURLConnection.java:1245)
	at sun.net.www.protocol.http.HttpURLConnection.plainConnect0(HttpURLConnection.java:1179)
	at sun.net.www.protocol.http.HttpURLConnection.plainConnect(HttpURLConnection.java:1073)
	at sun.net.www.protocol.http.HttpURLConnection.connect(HttpURLConnection.java:1007)
	at com.xxl.job.core.util.XxlJobRemotingUtil.postBody(XxlJobRemotingUtil.java:99)
	at com.xxl.job.core.biz.client.AdminBizClient.registry(AdminBizClient.java:42)
	at com.xxl.job.core.thread.ExecutorRegistryThread$1.run(ExecutorRegistryThread.java:48)
	at java.lang.Thread.run(Thread.java:750)
[INFO] - 2026-05-20 23:27:12.233 - [xxl-job, executor ExecutorRegistryThread] - ExecutorRegistryThread#54 - INFO:>>>>>>>>>>> xxl-job registry fail, registryParam:RegistryParam{registryGroup='EXECUTOR', registryKey='other10001', registryValue='http://192.168.3.166:9999/'}, registryResult:ReturnT [code=500, msg=xxl-job remoting error(Connection refused (Connection refused)), for url : http://127.0.0.1:83/xxl-job-admin/api/registry, content=null]
[ERROR] - 2026-05-20 23:27:42.238 - [xxl-job, executor ExecutorRegistryThread] - XxlJobRemotingUtil#143 - INFO:Connection refused (Connection refused)
java.net.ConnectException: Connection refused (Connection refused)
	at java.net.PlainSocketImpl.socketConnect(Native Method)
	at java.net.AbstractPlainSocketImpl.doConnect(AbstractPlainSocketImpl.java:350)
	at java.net.AbstractPlainSocketImpl.connectToAddress(AbstractPlainSocketImpl.java:206)
	at java.net.AbstractPlainSocketImpl.connect(AbstractPlainSocketImpl.java:188)
	at java.net.SocksSocketImpl.connect(SocksSocketImpl.java:392)
	at java.net.Socket.connect(Socket.java:607)
	at sun.net.NetworkClient.doConnect(NetworkClient.java:175)
	at sun.net.www.http.HttpClient.openServer(HttpClient.java:465)
	at sun.net.www.http.HttpClient.openServer(HttpClient.java:560)
	at sun.net.www.http.HttpClient.<init>(HttpClient.java:246)
	at sun.net.www.http.HttpClient.New(HttpClient.java:341)
	at sun.net.www.http.HttpClient.New(HttpClient.java:359)
	at sun.net.www.protocol.http.HttpURLConnection.getNewHttpClient(HttpURLConnection.java:1245)
	at sun.net.www.protocol.http.HttpURLConnection.plainConnect0(HttpURLConnection.java:1179)
	at sun.net.www.protocol.http.HttpURLConnection.plainConnect(HttpURLConnection.java:1073)
	at sun.net.www.protocol.http.HttpURLConnection.connect(HttpURLConnection.java:1007)
	at com.xxl.job.core.util.XxlJobRemotingUtil.postBody(XxlJobRemotingUtil.java:99)
	at com.xxl.job.core.biz.client.AdminBizClient.registry(AdminBizClient.java:42)
	at com.xxl.job.core.thread.ExecutorRegistryThread$1.run(ExecutorRegistryThread.java:48)
	at java.lang.Thread.run(Thread.java:750)
[INFO] - 2026-05-20 23:27:42.238 - [xxl-job, executor ExecutorRegistryThread] - ExecutorRegistryThread#54 - INFO:>>>>>>>>>>> xxl-job registry fail, registryParam:RegistryParam{registryGroup='EXECUTOR', registryKey='other10001', registryValue='http://192.168.3.166:9999/'}, registryResult:ReturnT [code=500, msg=xxl-job remoting error(Connection refused (Connection refused)), for url : http://127.0.0.1:83/xxl-job-admin/api/registry, content=null]
[ERROR] - 2026-05-20 23:28:12.243 - [xxl-job, executor ExecutorRegistryThread] - XxlJobRemotingUtil#143 - INFO:Connection refused (Connection refused)
java.net.ConnectException: Connection refused (Connection refused)
	at java.net.PlainSocketImpl.socketConnect(Native Method)
	at java.net.AbstractPlainSocketImpl.doConnect(AbstractPlainSocketImpl.java:350)
	at java.net.AbstractPlainSocketImpl.connectToAddress(AbstractPlainSocketImpl.java:206)
	at java.net.AbstractPlainSocketImpl.connect(AbstractPlainSocketImpl.java:188)
	at java.net.SocksSocketImpl.connect(SocksSocketImpl.java:392)
	at java.net.Socket.connect(Socket.java:607)
	at sun.net.NetworkClient.doConnect(NetworkClient.java:175)
	at sun.net.www.http.HttpClient.openServer(HttpClient.java:465)
	at sun.net.www.http.HttpClient.openServer(HttpClient.java:560)
	at sun.net.www.http.HttpClient.<init>(HttpClient.java:246)
	at sun.net.www.http.HttpClient.New(HttpClient.java:341)
	at sun.net.www.http.HttpClient.New(HttpClient.java:359)
	at sun.net.www.protocol.http.HttpURLConnection.getNewHttpClient(HttpURLConnection.java:1245)
	at sun.net.www.protocol.http.HttpURLConnection.plainConnect0(HttpURLConnection.java:1179)
	at sun.net.www.protocol.http.HttpURLConnection.plainConnect(HttpURLConnection.java:1073)
	at sun.net.www.protocol.http.HttpURLConnection.connect(HttpURLConnection.java:1007)
	at com.xxl.job.core.util.XxlJobRemotingUtil.postBody(XxlJobRemotingUtil.java:99)
	at com.xxl.job.core.biz.client.AdminBizClient.registry(AdminBizClient.java:42)
	at com.xxl.job.core.thread.ExecutorRegistryThread$1.run(ExecutorRegistryThread.java:48)
	at java.lang.Thread.run(Thread.java:750)
[INFO] - 2026-05-20 23:28:12.244 - [xxl-job, executor ExecutorRegistryThread] - ExecutorRegistryThread#54 - INFO:>>>>>>>>>>> xxl-job registry fail, registryParam:RegistryParam{registryGroup='EXECUTOR', registryKey='other10001', registryValue='http://192.168.3.166:9999/'}, registryResult:ReturnT [code=500, msg=xxl-job remoting error(Connection refused (Connection refused)), for url : http://127.0.0.1:83/xxl-job-admin/api/registry, content=null]
[ERROR] - 2026-05-20 23:28:42.245 - [xxl-job, executor ExecutorRegistryThread] - XxlJobRemotingUtil#143 - INFO:Connection refused (Connection refused)
java.net.ConnectException: Connection refused (Connection refused)
	at java.net.PlainSocketImpl.socketConnect(Native Method)
	at java.net.AbstractPlainSocketImpl.doConnect(AbstractPlainSocketImpl.java:350)
	at java.net.AbstractPlainSocketImpl.connectToAddress(AbstractPlainSocketImpl.java:206)
	at java.net.AbstractPlainSocketImpl.connect(AbstractPlainSocketImpl.java:188)
	at java.net.SocksSocketImpl.connect(SocksSocketImpl.java:392)
	at java.net.Socket.connect(Socket.java:607)
	at sun.net.NetworkClient.doConnect(NetworkClient.java:175)
	at sun.net.www.http.HttpClient.openServer(HttpClient.java:465)
	at sun.net.www.http.HttpClient.openServer(HttpClient.java:560)
	at sun.net.www.http.HttpClient.<init>(HttpClient.java:246)
	at sun.net.www.http.HttpClient.New(HttpClient.java:341)
	at sun.net.www.http.HttpClient.New(HttpClient.java:359)
	at sun.net.www.protocol.http.HttpURLConnection.getNewHttpClient(HttpURLConnection.java:1245)
	at sun.net.www.protocol.http.HttpURLConnection.plainConnect0(HttpURLConnection.java:1179)
	at sun.net.www.protocol.http.HttpURLConnection.plainConnect(HttpURLConnection.java:1073)
	at sun.net.www.protocol.http.HttpURLConnection.connect(HttpURLConnection.java:1007)
	at com.xxl.job.core.util.XxlJobRemotingUtil.postBody(XxlJobRemotingUtil.java:99)
	at com.xxl.job.core.biz.client.AdminBizClient.registry(AdminBizClient.java:42)
	at com.xxl.job.core.thread.ExecutorRegistryThread$1.run(ExecutorRegistryThread.java:48)
	at java.lang.Thread.run(Thread.java:750)
[INFO] - 2026-05-20 23:28:42.245 - [xxl-job, executor ExecutorRegistryThread] - ExecutorRegistryThread#54 - INFO:>>>>>>>>>>> xxl-job registry fail, registryParam:RegistryParam{registryGroup='EXECUTOR', registryKey='other10001', registryValue='http://192.168.3.166:9999/'}, registryResult:ReturnT [code=500, msg=xxl-job remoting error(Connection refused (Connection refused)), for url : http://127.0.0.1:83/xxl-job-admin/api/registry, content=null]
[ERROR] - 2026-05-20 23:29:12.249 - [xxl-job, executor ExecutorRegistryThread] - XxlJobRemotingUtil#143 - INFO:Connection refused (Connection refused)
java.net.ConnectException: Connection refused (Connection refused)
	at java.net.PlainSocketImpl.socketConnect(Native Method)
	at java.net.AbstractPlainSocketImpl.doConnect(AbstractPlainSocketImpl.java:350)
	at java.net.AbstractPlainSocketImpl.connectToAddress(AbstractPlainSocketImpl.java:206)
	at java.net.AbstractPlainSocketImpl.connect(AbstractPlainSocketImpl.java:188)
	at java.net.SocksSocketImpl.connect(SocksSocketImpl.java:392)
	at java.net.Socket.connect(Socket.java:607)
	at sun.net.NetworkClient.doConnect(NetworkClient.java:175)
	at sun.net.www.http.HttpClient.openServer(HttpClient.java:465)
	at sun.net.www.http.HttpClient.openServer(HttpClient.java:560)
	at sun.net.www.http.HttpClient.<init>(HttpClient.java:246)
	at sun.net.www.http.HttpClient.New(HttpClient.java:341)
	at sun.net.www.http.HttpClient.New(HttpClient.java:359)
	at sun.net.www.protocol.http.HttpURLConnection.getNewHttpClient(HttpURLConnection.java:1245)
	at sun.net.www.protocol.http.HttpURLConnection.plainConnect0(HttpURLConnection.java:1179)
	at sun.net.www.protocol.http.HttpURLConnection.plainConnect(HttpURLConnection.java:1073)
	at sun.net.www.protocol.http.HttpURLConnection.connect(HttpURLConnection.java:1007)
	at com.xxl.job.core.util.XxlJobRemotingUtil.postBody(XxlJobRemotingUtil.java:99)
	at com.xxl.job.core.biz.client.AdminBizClient.registry(AdminBizClient.java:42)
	at com.xxl.job.core.thread.ExecutorRegistryThread$1.run(ExecutorRegistryThread.java:48)
	at java.lang.Thread.run(Thread.java:750)
[INFO] - 2026-05-20 23:29:12.250 - [xxl-job, executor ExecutorRegistryThread] - ExecutorRegistryThread#54 - INFO:>>>>>>>>>>> xxl-job registry fail, registryParam:RegistryParam{registryGroup='EXECUTOR', registryKey='other10001', registryValue='http://192.168.3.166:9999/'}, registryResult:ReturnT [code=500, msg=xxl-job remoting error(Connection refused (Connection refused)), for url : http://127.0.0.1:83/xxl-job-admin/api/registry, content=null]
[ERROR] - 2026-05-20 23:29:42.251 - [xxl-job, executor ExecutorRegistryThread] - XxlJobRemotingUtil#143 - INFO:Connection refused (Connection refused)
java.net.ConnectException: Connection refused (Connection refused)
	at java.net.PlainSocketImpl.socketConnect(Native Method)
	at java.net.AbstractPlainSocketImpl.doConnect(AbstractPlainSocketImpl.java:350)
	at java.net.AbstractPlainSocketImpl.connectToAddress(AbstractPlainSocketImpl.java:206)
	at java.net.AbstractPlainSocketImpl.connect(AbstractPlainSocketImpl.java:188)
	at java.net.SocksSocketImpl.connect(SocksSocketImpl.java:392)
	at java.net.Socket.connect(Socket.java:607)
	at sun.net.NetworkClient.doConnect(NetworkClient.java:175)
	at sun.net.www.http.HttpClient.openServer(HttpClient.java:465)
	at sun.net.www.http.HttpClient.openServer(HttpClient.java:560)
	at sun.net.www.http.HttpClient.<init>(HttpClient.java:246)
	at sun.net.www.http.HttpClient.New(HttpClient.java:341)
	at sun.net.www.http.HttpClient.New(HttpClient.java:359)
	at sun.net.www.protocol.http.HttpURLConnection.getNewHttpClient(HttpURLConnection.java:1245)
	at sun.net.www.protocol.http.HttpURLConnection.plainConnect0(HttpURLConnection.java:1179)
	at sun.net.www.protocol.http.HttpURLConnection.plainConnect(HttpURLConnection.java:1073)
	at sun.net.www.protocol.http.HttpURLConnection.connect(HttpURLConnection.java:1007)
	at com.xxl.job.core.util.XxlJobRemotingUtil.postBody(XxlJobRemotingUtil.java:99)
	at com.xxl.job.core.biz.client.AdminBizClient.registry(AdminBizClient.java:42)
	at com.xxl.job.core.thread.ExecutorRegistryThread$1.run(ExecutorRegistryThread.java:48)
	at java.lang.Thread.run(Thread.java:750)
[INFO] - 2026-05-20 23:29:42.252 - [xxl-job, executor ExecutorRegistryThread] - ExecutorRegistryThread#54 - INFO:>>>>>>>>>>> xxl-job registry fail, registryParam:RegistryParam{registryGroup='EXECUTOR', registryKey='other10001', registryValue='http://192.168.3.166:9999/'}, registryResult:ReturnT [code=500, msg=xxl-job remoting error(Connection refused (Connection refused)), for url : http://127.0.0.1:83/xxl-job-admin/api/registry, content=null]
[ERROR] - 2026-05-20 23:30:12.256 - [xxl-job, executor ExecutorRegistryThread] - XxlJobRemotingUtil#143 - INFO:Connection refused (Connection refused)
java.net.ConnectException: Connection refused (Connection refused)
	at java.net.PlainSocketImpl.socketConnect(Native Method)
	at java.net.AbstractPlainSocketImpl.doConnect(AbstractPlainSocketImpl.java:350)
	at java.net.AbstractPlainSocketImpl.connectToAddress(AbstractPlainSocketImpl.java:206)
	at java.net.AbstractPlainSocketImpl.connect(AbstractPlainSocketImpl.java:188)
	at java.net.SocksSocketImpl.connect(SocksSocketImpl.java:392)
	at java.net.Socket.connect(Socket.java:607)
	at sun.net.NetworkClient.doConnect(NetworkClient.java:175)
	at sun.net.www.http.HttpClient.openServer(HttpClient.java:465)
	at sun.net.www.http.HttpClient.openServer(HttpClient.java:560)
	at sun.net.www.http.HttpClient.<init>(HttpClient.java:246)
	at sun.net.www.http.HttpClient.New(HttpClient.java:341)
	at sun.net.www.http.HttpClient.New(HttpClient.java:359)
	at sun.net.www.protocol.http.HttpURLConnection.getNewHttpClient(HttpURLConnection.java:1245)
	at sun.net.www.protocol.http.HttpURLConnection.plainConnect0(HttpURLConnection.java:1179)
	at sun.net.www.protocol.http.HttpURLConnection.plainConnect(HttpURLConnection.java:1073)
	at sun.net.www.protocol.http.HttpURLConnection.connect(HttpURLConnection.java:1007)
	at com.xxl.job.core.util.XxlJobRemotingUtil.postBody(XxlJobRemotingUtil.java:99)
	at com.xxl.job.core.biz.client.AdminBizClient.registry(AdminBizClient.java:42)
	at com.xxl.job.core.thread.ExecutorRegistryThread$1.run(ExecutorRegistryThread.java:48)
	at java.lang.Thread.run(Thread.java:750)
[INFO] - 2026-05-20 23:30:12.257 - [xxl-job, executor ExecutorRegistryThread] - ExecutorRegistryThread#54 - INFO:>>>>>>>>>>> xxl-job registry fail, registryParam:RegistryParam{registryGroup='EXECUTOR', registryKey='other10001', registryValue='http://192.168.3.166:9999/'}, registryResult:ReturnT [code=500, msg=xxl-job remoting error(Connection refused (Connection refused)), for url : http://127.0.0.1:83/xxl-job-admin/api/registry, content=null]
[ERROR] - 2026-05-20 23:30:42.262 - [xxl-job, executor ExecutorRegistryThread] - XxlJobRemotingUtil#143 - INFO:Connection refused (Connection refused)
java.net.ConnectException: Connection refused (Connection refused)
	at java.net.PlainSocketImpl.socketConnect(Native Method)
	at java.net.AbstractPlainSocketImpl.doConnect(AbstractPlainSocketImpl.java:350)
	at java.net.AbstractPlainSocketImpl.connectToAddress(AbstractPlainSocketImpl.java:206)
	at java.net.AbstractPlainSocketImpl.connect(AbstractPlainSocketImpl.java:188)
	at java.net.SocksSocketImpl.connect(SocksSocketImpl.java:392)
	at java.net.Socket.connect(Socket.java:607)
	at sun.net.NetworkClient.doConnect(NetworkClient.java:175)
	at sun.net.www.http.HttpClient.openServer(HttpClient.java:465)
	at sun.net.www.http.HttpClient.openServer(HttpClient.java:560)
	at sun.net.www.http.HttpClient.<init>(HttpClient.java:246)
	at sun.net.www.http.HttpClient.New(HttpClient.java:341)
	at sun.net.www.http.HttpClient.New(HttpClient.java:359)
	at sun.net.www.protocol.http.HttpURLConnection.getNewHttpClient(HttpURLConnection.java:1245)
	at sun.net.www.protocol.http.HttpURLConnection.plainConnect0(HttpURLConnection.java:1179)
	at sun.net.www.protocol.http.HttpURLConnection.plainConnect(HttpURLConnection.java:1073)
	at sun.net.www.protocol.http.HttpURLConnection.connect(HttpURLConnection.java:1007)
	at com.xxl.job.core.util.XxlJobRemotingUtil.postBody(XxlJobRemotingUtil.java:99)
	at com.xxl.job.core.biz.client.AdminBizClient.registry(AdminBizClient.java:42)
	at com.xxl.job.core.thread.ExecutorRegistryThread$1.run(ExecutorRegistryThread.java:48)
	at java.lang.Thread.run(Thread.java:750)
[INFO] - 2026-05-20 23:30:42.263 - [xxl-job, executor ExecutorRegistryThread] - ExecutorRegistryThread#54 - INFO:>>>>>>>>>>> xxl-job registry fail, registryParam:RegistryParam{registryGroup='EXECUTOR', registryKey='other10001', registryValue='http://192.168.3.166:9999/'}, registryResult:ReturnT [code=500, msg=xxl-job remoting error(Connection refused (Connection refused)), for url : http://127.0.0.1:83/xxl-job-admin/api/registry, content=null]
[ERROR] - 2026-05-20 23:31:12.268 - [xxl-job, executor ExecutorRegistryThread] - XxlJobRemotingUtil#143 - INFO:Connection refused (Connection refused)
java.net.ConnectException: Connection refused (Connection refused)
	at java.net.PlainSocketImpl.socketConnect(Native Method)
	at java.net.AbstractPlainSocketImpl.doConnect(AbstractPlainSocketImpl.java:350)
	at java.net.AbstractPlainSocketImpl.connectToAddress(AbstractPlainSocketImpl.java:206)
	at java.net.AbstractPlainSocketImpl.connect(AbstractPlainSocketImpl.java:188)
	at java.net.SocksSocketImpl.connect(SocksSocketImpl.java:392)
	at java.net.Socket.connect(Socket.java:607)
	at sun.net.NetworkClient.doConnect(NetworkClient.java:175)
	at sun.net.www.http.HttpClient.openServer(HttpClient.java:465)
	at sun.net.www.http.HttpClient.openServer(HttpClient.java:560)
	at sun.net.www.http.HttpClient.<init>(HttpClient.java:246)
	at sun.net.www.http.HttpClient.New(HttpClient.java:341)
	at sun.net.www.http.HttpClient.New(HttpClient.java:359)
	at sun.net.www.protocol.http.HttpURLConnection.getNewHttpClient(HttpURLConnection.java:1245)
	at sun.net.www.protocol.http.HttpURLConnection.plainConnect0(HttpURLConnection.java:1179)
	at sun.net.www.protocol.http.HttpURLConnection.plainConnect(HttpURLConnection.java:1073)
	at sun.net.www.protocol.http.HttpURLConnection.connect(HttpURLConnection.java:1007)
	at com.xxl.job.core.util.XxlJobRemotingUtil.postBody(XxlJobRemotingUtil.java:99)
	at com.xxl.job.core.biz.client.AdminBizClient.registry(AdminBizClient.java:42)
	at com.xxl.job.core.thread.ExecutorRegistryThread$1.run(ExecutorRegistryThread.java:48)
	at java.lang.Thread.run(Thread.java:750)
[INFO] - 2026-05-20 23:31:12.268 - [xxl-job, executor ExecutorRegistryThread] - ExecutorRegistryThread#54 - INFO:>>>>>>>>>>> xxl-job registry fail, registryParam:RegistryParam{registryGroup='EXECUTOR', registryKey='other10001', registryValue='http://192.168.3.166:9999/'}, registryResult:ReturnT [code=500, msg=xxl-job remoting error(Connection refused (Connection refused)), for url : http://127.0.0.1:83/xxl-job-admin/api/registry, content=null]
[ERROR] - 2026-05-20 23:31:42.272 - [xxl-job, executor ExecutorRegistryThread] - XxlJobRemotingUtil#143 - INFO:Connection refused (Connection refused)
java.net.ConnectException: Connection refused (Connection refused)
	at java.net.PlainSocketImpl.socketConnect(Native Method)
	at java.net.AbstractPlainSocketImpl.doConnect(AbstractPlainSocketImpl.java:350)
	at java.net.AbstractPlainSocketImpl.connectToAddress(AbstractPlainSocketImpl.java:206)
	at java.net.AbstractPlainSocketImpl.connect(AbstractPlainSocketImpl.java:188)
	at java.net.SocksSocketImpl.connect(SocksSocketImpl.java:392)
	at java.net.Socket.connect(Socket.java:607)
	at sun.net.NetworkClient.doConnect(NetworkClient.java:175)
	at sun.net.www.http.HttpClient.openServer(HttpClient.java:465)
	at sun.net.www.http.HttpClient.openServer(HttpClient.java:560)
	at sun.net.www.http.HttpClient.<init>(HttpClient.java:246)
	at sun.net.www.http.HttpClient.New(HttpClient.java:341)
	at sun.net.www.http.HttpClient.New(HttpClient.java:359)
	at sun.net.www.protocol.http.HttpURLConnection.getNewHttpClient(HttpURLConnection.java:1245)
	at sun.net.www.protocol.http.HttpURLConnection.plainConnect0(HttpURLConnection.java:1179)
	at sun.net.www.protocol.http.HttpURLConnection.plainConnect(HttpURLConnection.java:1073)
	at sun.net.www.protocol.http.HttpURLConnection.connect(HttpURLConnection.java:1007)
	at com.xxl.job.core.util.XxlJobRemotingUtil.postBody(XxlJobRemotingUtil.java:99)
	at com.xxl.job.core.biz.client.AdminBizClient.registry(AdminBizClient.java:42)
	at com.xxl.job.core.thread.ExecutorRegistryThread$1.run(ExecutorRegistryThread.java:48)
	at java.lang.Thread.run(Thread.java:750)
[INFO] - 2026-05-20 23:31:42.273 - [xxl-job, executor ExecutorRegistryThread] - ExecutorRegistryThread#54 - INFO:>>>>>>>>>>> xxl-job registry fail, registryParam:RegistryParam{registryGroup='EXECUTOR', registryKey='other10001', registryValue='http://192.168.3.166:9999/'}, registryResult:ReturnT [code=500, msg=xxl-job remoting error(Connection refused (Connection refused)), for url : http://127.0.0.1:83/xxl-job-admin/api/registry, content=null]
[ERROR] - 2026-05-20 23:32:12.278 - [xxl-job, executor ExecutorRegistryThread] - XxlJobRemotingUtil#143 - INFO:Connection refused (Connection refused)
java.net.ConnectException: Connection refused (Connection refused)
	at java.net.PlainSocketImpl.socketConnect(Native Method)
	at java.net.AbstractPlainSocketImpl.doConnect(AbstractPlainSocketImpl.java:350)
	at java.net.AbstractPlainSocketImpl.connectToAddress(AbstractPlainSocketImpl.java:206)
	at java.net.AbstractPlainSocketImpl.connect(AbstractPlainSocketImpl.java:188)
	at java.net.SocksSocketImpl.connect(SocksSocketImpl.java:392)
	at java.net.Socket.connect(Socket.java:607)
	at sun.net.NetworkClient.doConnect(NetworkClient.java:175)
	at sun.net.www.http.HttpClient.openServer(HttpClient.java:465)
	at sun.net.www.http.HttpClient.openServer(HttpClient.java:560)
	at sun.net.www.http.HttpClient.<init>(HttpClient.java:246)
	at sun.net.www.http.HttpClient.New(HttpClient.java:341)
	at sun.net.www.http.HttpClient.New(HttpClient.java:359)
	at sun.net.www.protocol.http.HttpURLConnection.getNewHttpClient(HttpURLConnection.java:1245)
	at sun.net.www.protocol.http.HttpURLConnection.plainConnect0(HttpURLConnection.java:1179)
	at sun.net.www.protocol.http.HttpURLConnection.plainConnect(HttpURLConnection.java:1073)
	at sun.net.www.protocol.http.HttpURLConnection.connect(HttpURLConnection.java:1007)
	at com.xxl.job.core.util.XxlJobRemotingUtil.postBody(XxlJobRemotingUtil.java:99)
	at com.xxl.job.core.biz.client.AdminBizClient.registry(AdminBizClient.java:42)
	at com.xxl.job.core.thread.ExecutorRegistryThread$1.run(ExecutorRegistryThread.java:48)
	at java.lang.Thread.run(Thread.java:750)
[INFO] - 2026-05-20 23:32:12.279 - [xxl-job, executor ExecutorRegistryThread] - ExecutorRegistryThread#54 - INFO:>>>>>>>>>>> xxl-job registry fail, registryParam:RegistryParam{registryGroup='EXECUTOR', registryKey='other10001', registryValue='http://192.168.3.166:9999/'}, registryResult:ReturnT [code=500, msg=xxl-job remoting error(Connection refused (Connection refused)), for url : http://127.0.0.1:83/xxl-job-admin/api/registry, content=null]
[ERROR] - 2026-05-20 23:32:42.282 - [xxl-job, executor ExecutorRegistryThread] - XxlJobRemotingUtil#143 - INFO:Connection refused (Connection refused)
java.net.ConnectException: Connection refused (Connection refused)
	at java.net.PlainSocketImpl.socketConnect(Native Method)
	at java.net.AbstractPlainSocketImpl.doConnect(AbstractPlainSocketImpl.java:350)
	at java.net.AbstractPlainSocketImpl.connectToAddress(AbstractPlainSocketImpl.java:206)
	at java.net.AbstractPlainSocketImpl.connect(AbstractPlainSocketImpl.java:188)
	at java.net.SocksSocketImpl.connect(SocksSocketImpl.java:392)
	at java.net.Socket.connect(Socket.java:607)
	at sun.net.NetworkClient.doConnect(NetworkClient.java:175)
	at sun.net.www.http.HttpClient.openServer(HttpClient.java:465)
	at sun.net.www.http.HttpClient.openServer(HttpClient.java:560)
	at sun.net.www.http.HttpClient.<init>(HttpClient.java:246)
	at sun.net.www.http.HttpClient.New(HttpClient.java:341)
	at sun.net.www.http.HttpClient.New(HttpClient.java:359)
	at sun.net.www.protocol.http.HttpURLConnection.getNewHttpClient(HttpURLConnection.java:1245)
	at sun.net.www.protocol.http.HttpURLConnection.plainConnect0(HttpURLConnection.java:1179)
	at sun.net.www.protocol.http.HttpURLConnection.plainConnect(HttpURLConnection.java:1073)
	at sun.net.www.protocol.http.HttpURLConnection.connect(HttpURLConnection.java:1007)
	at com.xxl.job.core.util.XxlJobRemotingUtil.postBody(XxlJobRemotingUtil.java:99)
	at com.xxl.job.core.biz.client.AdminBizClient.registry(AdminBizClient.java:42)
	at com.xxl.job.core.thread.ExecutorRegistryThread$1.run(ExecutorRegistryThread.java:48)
	at java.lang.Thread.run(Thread.java:750)
[INFO] - 2026-05-20 23:32:42.282 - [xxl-job, executor ExecutorRegistryThread] - ExecutorRegistryThread#54 - INFO:>>>>>>>>>>> xxl-job registry fail, registryParam:RegistryParam{registryGroup='EXECUTOR', registryKey='other10001', registryValue='http://192.168.3.166:9999/'}, registryResult:ReturnT [code=500, msg=xxl-job remoting error(Connection refused (Connection refused)), for url : http://127.0.0.1:83/xxl-job-admin/api/registry, content=null]
[ERROR] - 2026-05-20 23:33:12.292 - [xxl-job, executor ExecutorRegistryThread] - XxlJobRemotingUtil#143 - INFO:Connection refused (Connection refused)
java.net.ConnectException: Connection refused (Connection refused)
	at java.net.PlainSocketImpl.socketConnect(Native Method)
	at java.net.AbstractPlainSocketImpl.doConnect(AbstractPlainSocketImpl.java:350)
	at java.net.AbstractPlainSocketImpl.connectToAddress(AbstractPlainSocketImpl.java:206)
	at java.net.AbstractPlainSocketImpl.connect(AbstractPlainSocketImpl.java:188)
	at java.net.SocksSocketImpl.connect(SocksSocketImpl.java:392)
	at java.net.Socket.connect(Socket.java:607)
	at sun.net.NetworkClient.doConnect(NetworkClient.java:175)
	at sun.net.www.http.HttpClient.openServer(HttpClient.java:465)
	at sun.net.www.http.HttpClient.openServer(HttpClient.java:560)
	at sun.net.www.http.HttpClient.<init>(HttpClient.java:246)
	at sun.net.www.http.HttpClient.New(HttpClient.java:341)
	at sun.net.www.http.HttpClient.New(HttpClient.java:359)
	at sun.net.www.protocol.http.HttpURLConnection.getNewHttpClient(HttpURLConnection.java:1245)
	at sun.net.www.protocol.http.HttpURLConnection.plainConnect0(HttpURLConnection.java:1179)
	at sun.net.www.protocol.http.HttpURLConnection.plainConnect(HttpURLConnection.java:1073)
	at sun.net.www.protocol.http.HttpURLConnection.connect(HttpURLConnection.java:1007)
	at com.xxl.job.core.util.XxlJobRemotingUtil.postBody(XxlJobRemotingUtil.java:99)
	at com.xxl.job.core.biz.client.AdminBizClient.registry(AdminBizClient.java:42)
	at com.xxl.job.core.thread.ExecutorRegistryThread$1.run(ExecutorRegistryThread.java:48)
	at java.lang.Thread.run(Thread.java:750)
[INFO] - 2026-05-20 23:33:12.293 - [xxl-job, executor ExecutorRegistryThread] - ExecutorRegistryThread#54 - INFO:>>>>>>>>>>> xxl-job registry fail, registryParam:RegistryParam{registryGroup='EXECUTOR', registryKey='other10001', registryValue='http://192.168.3.166:9999/'}, registryResult:ReturnT [code=500, msg=xxl-job remoting error(Connection refused (Connection refused)), for url : http://127.0.0.1:83/xxl-job-admin/api/registry, content=null]
[ERROR] - 2026-05-20 23:33:42.302 - [xxl-job, executor ExecutorRegistryThread] - XxlJobRemotingUtil#143 - INFO:Connection refused (Connection refused)
java.net.ConnectException: Connection refused (Connection refused)
	at java.net.PlainSocketImpl.socketConnect(Native Method)
	at java.net.AbstractPlainSocketImpl.doConnect(AbstractPlainSocketImpl.java:350)
	at java.net.AbstractPlainSocketImpl.connectToAddress(AbstractPlainSocketImpl.java:206)
	at java.net.AbstractPlainSocketImpl.connect(AbstractPlainSocketImpl.java:188)
	at java.net.SocksSocketImpl.connect(SocksSocketImpl.java:392)
	at java.net.Socket.connect(Socket.java:607)
	at sun.net.NetworkClient.doConnect(NetworkClient.java:175)
	at sun.net.www.http.HttpClient.openServer(HttpClient.java:465)
	at sun.net.www.http.HttpClient.openServer(HttpClient.java:560)
	at sun.net.www.http.HttpClient.<init>(HttpClient.java:246)
	at sun.net.www.http.HttpClient.New(HttpClient.java:341)
	at sun.net.www.http.HttpClient.New(HttpClient.java:359)
	at sun.net.www.protocol.http.HttpURLConnection.getNewHttpClient(HttpURLConnection.java:1245)
	at sun.net.www.protocol.http.HttpURLConnection.plainConnect0(HttpURLConnection.java:1179)
	at sun.net.www.protocol.http.HttpURLConnection.plainConnect(HttpURLConnection.java:1073)
	at sun.net.www.protocol.http.HttpURLConnection.connect(HttpURLConnection.java:1007)
	at com.xxl.job.core.util.XxlJobRemotingUtil.postBody(XxlJobRemotingUtil.java:99)
	at com.xxl.job.core.biz.client.AdminBizClient.registry(AdminBizClient.java:42)
	at com.xxl.job.core.thread.ExecutorRegistryThread$1.run(ExecutorRegistryThread.java:48)
	at java.lang.Thread.run(Thread.java:750)
[INFO] - 2026-05-20 23:33:42.303 - [xxl-job, executor ExecutorRegistryThread] - ExecutorRegistryThread#54 - INFO:>>>>>>>>>>> xxl-job registry fail, registryParam:RegistryParam{registryGroup='EXECUTOR', registryKey='other10001', registryValue='http://192.168.3.166:9999/'}, registryResult:ReturnT [code=500, msg=xxl-job remoting error(Connection refused (Connection refused)), for url : http://127.0.0.1:83/xxl-job-admin/api/registry, content=null]
[ERROR] - 2026-05-20 23:34:12.307 - [xxl-job, executor ExecutorRegistryThread] - XxlJobRemotingUtil#143 - INFO:Connection refused (Connection refused)
java.net.ConnectException: Connection refused (Connection refused)
	at java.net.PlainSocketImpl.socketConnect(Native Method)
	at java.net.AbstractPlainSocketImpl.doConnect(AbstractPlainSocketImpl.java:350)
	at java.net.AbstractPlainSocketImpl.connectToAddress(AbstractPlainSocketImpl.java:206)
	at java.net.AbstractPlainSocketImpl.connect(AbstractPlainSocketImpl.java:188)
	at java.net.SocksSocketImpl.connect(SocksSocketImpl.java:392)
	at java.net.Socket.connect(Socket.java:607)
	at sun.net.NetworkClient.doConnect(NetworkClient.java:175)
	at sun.net.www.http.HttpClient.openServer(HttpClient.java:465)
	at sun.net.www.http.HttpClient.openServer(HttpClient.java:560)
	at sun.net.www.http.HttpClient.<init>(HttpClient.java:246)
	at sun.net.www.http.HttpClient.New(HttpClient.java:341)
	at sun.net.www.http.HttpClient.New(HttpClient.java:359)
	at sun.net.www.protocol.http.HttpURLConnection.getNewHttpClient(HttpURLConnection.java:1245)
	at sun.net.www.protocol.http.HttpURLConnection.plainConnect0(HttpURLConnection.java:1179)
	at sun.net.www.protocol.http.HttpURLConnection.plainConnect(HttpURLConnection.java:1073)
	at sun.net.www.protocol.http.HttpURLConnection.connect(HttpURLConnection.java:1007)
	at com.xxl.job.core.util.XxlJobRemotingUtil.postBody(XxlJobRemotingUtil.java:99)
	at com.xxl.job.core.biz.client.AdminBizClient.registry(AdminBizClient.java:42)
	at com.xxl.job.core.thread.ExecutorRegistryThread$1.run(ExecutorRegistryThread.java:48)
	at java.lang.Thread.run(Thread.java:750)
[INFO] - 2026-05-20 23:34:12.308 - [xxl-job, executor ExecutorRegistryThread] - ExecutorRegistryThread#54 - INFO:>>>>>>>>>>> xxl-job registry fail, registryParam:RegistryParam{registryGroup='EXECUTOR', registryKey='other10001', registryValue='http://192.168.3.166:9999/'}, registryResult:ReturnT [code=500, msg=xxl-job remoting error(Connection refused (Connection refused)), for url : http://127.0.0.1:83/xxl-job-admin/api/registry, content=null]
[ERROR] - 2026-05-20 23:34:42.317 - [xxl-job, executor ExecutorRegistryThread] - XxlJobRemotingUtil#143 - INFO:Connection refused (Connection refused)
java.net.ConnectException: Connection refused (Connection refused)
	at java.net.PlainSocketImpl.socketConnect(Native Method)
	at java.net.AbstractPlainSocketImpl.doConnect(AbstractPlainSocketImpl.java:350)
	at java.net.AbstractPlainSocketImpl.connectToAddress(AbstractPlainSocketImpl.java:206)
	at java.net.AbstractPlainSocketImpl.connect(AbstractPlainSocketImpl.java:188)
	at java.net.SocksSocketImpl.connect(SocksSocketImpl.java:392)
	at java.net.Socket.connect(Socket.java:607)
	at sun.net.NetworkClient.doConnect(NetworkClient.java:175)
	at sun.net.www.http.HttpClient.openServer(HttpClient.java:465)
	at sun.net.www.http.HttpClient.openServer(HttpClient.java:560)
	at sun.net.www.http.HttpClient.<init>(HttpClient.java:246)
	at sun.net.www.http.HttpClient.New(HttpClient.java:341)
	at sun.net.www.http.HttpClient.New(HttpClient.java:359)
	at sun.net.www.protocol.http.HttpURLConnection.getNewHttpClient(HttpURLConnection.java:1245)
	at sun.net.www.protocol.http.HttpURLConnection.plainConnect0(HttpURLConnection.java:1179)
	at sun.net.www.protocol.http.HttpURLConnection.plainConnect(HttpURLConnection.java:1073)
	at sun.net.www.protocol.http.HttpURLConnection.connect(HttpURLConnection.java:1007)
	at com.xxl.job.core.util.XxlJobRemotingUtil.postBody(XxlJobRemotingUtil.java:99)
	at com.xxl.job.core.biz.client.AdminBizClient.registry(AdminBizClient.java:42)
	at com.xxl.job.core.thread.ExecutorRegistryThread$1.run(ExecutorRegistryThread.java:48)
	at java.lang.Thread.run(Thread.java:750)
[INFO] - 2026-05-20 23:34:42.318 - [xxl-job, executor ExecutorRegistryThread] - ExecutorRegistryThread#54 - INFO:>>>>>>>>>>> xxl-job registry fail, registryParam:RegistryParam{registryGroup='EXECUTOR', registryKey='other10001', registryValue='http://192.168.3.166:9999/'}, registryResult:ReturnT [code=500, msg=xxl-job remoting error(Connection refused (Connection refused)), for url : http://127.0.0.1:83/xxl-job-admin/api/registry, content=null]
[ERROR] - 2026-05-20 23:35:12.327 - [xxl-job, executor ExecutorRegistryThread] - XxlJobRemotingUtil#143 - INFO:Connection refused (Connection refused)
java.net.ConnectException: Connection refused (Connection refused)
	at java.net.PlainSocketImpl.socketConnect(Native Method)
	at java.net.AbstractPlainSocketImpl.doConnect(AbstractPlainSocketImpl.java:350)
	at java.net.AbstractPlainSocketImpl.connectToAddress(AbstractPlainSocketImpl.java:206)
	at java.net.AbstractPlainSocketImpl.connect(AbstractPlainSocketImpl.java:188)
	at java.net.SocksSocketImpl.connect(SocksSocketImpl.java:392)
	at java.net.Socket.connect(Socket.java:607)
	at sun.net.NetworkClient.doConnect(NetworkClient.java:175)
	at sun.net.www.http.HttpClient.openServer(HttpClient.java:465)
	at sun.net.www.http.HttpClient.openServer(HttpClient.java:560)
	at sun.net.www.http.HttpClient.<init>(HttpClient.java:246)
	at sun.net.www.http.HttpClient.New(HttpClient.java:341)
	at sun.net.www.http.HttpClient.New(HttpClient.java:359)
	at sun.net.www.protocol.http.HttpURLConnection.getNewHttpClient(HttpURLConnection.java:1245)
	at sun.net.www.protocol.http.HttpURLConnection.plainConnect0(HttpURLConnection.java:1179)
	at sun.net.www.protocol.http.HttpURLConnection.plainConnect(HttpURLConnection.java:1073)
	at sun.net.www.protocol.http.HttpURLConnection.connect(HttpURLConnection.java:1007)
	at com.xxl.job.core.util.XxlJobRemotingUtil.postBody(XxlJobRemotingUtil.java:99)
	at com.xxl.job.core.biz.client.AdminBizClient.registry(AdminBizClient.java:42)
	at com.xxl.job.core.thread.ExecutorRegistryThread$1.run(ExecutorRegistryThread.java:48)
	at java.lang.Thread.run(Thread.java:750)
[INFO] - 2026-05-20 23:35:12.327 - [xxl-job, executor ExecutorRegistryThread] - ExecutorRegistryThread#54 - INFO:>>>>>>>>>>> xxl-job registry fail, registryParam:RegistryParam{registryGroup='EXECUTOR', registryKey='other10001', registryValue='http://192.168.3.166:9999/'}, registryResult:ReturnT [code=500, msg=xxl-job remoting error(Connection refused (Connection refused)), for url : http://127.0.0.1:83/xxl-job-admin/api/registry, content=null]
[ERROR] - 2026-05-20 23:35:42.337 - [xxl-job, executor ExecutorRegistryThread] - XxlJobRemotingUtil#143 - INFO:Connection refused (Connection refused)
java.net.ConnectException: Connection refused (Connection refused)
	at java.net.PlainSocketImpl.socketConnect(Native Method)
	at java.net.AbstractPlainSocketImpl.doConnect(AbstractPlainSocketImpl.java:350)
	at java.net.AbstractPlainSocketImpl.connectToAddress(AbstractPlainSocketImpl.java:206)
	at java.net.AbstractPlainSocketImpl.connect(AbstractPlainSocketImpl.java:188)
	at java.net.SocksSocketImpl.connect(SocksSocketImpl.java:392)
	at java.net.Socket.connect(Socket.java:607)
	at sun.net.NetworkClient.doConnect(NetworkClient.java:175)
	at sun.net.www.http.HttpClient.openServer(HttpClient.java:465)
	at sun.net.www.http.HttpClient.openServer(HttpClient.java:560)
	at sun.net.www.http.HttpClient.<init>(HttpClient.java:246)
	at sun.net.www.http.HttpClient.New(HttpClient.java:341)
	at sun.net.www.http.HttpClient.New(HttpClient.java:359)
	at sun.net.www.protocol.http.HttpURLConnection.getNewHttpClient(HttpURLConnection.java:1245)
	at sun.net.www.protocol.http.HttpURLConnection.plainConnect0(HttpURLConnection.java:1179)
	at sun.net.www.protocol.http.HttpURLConnection.plainConnect(HttpURLConnection.java:1073)
	at sun.net.www.protocol.http.HttpURLConnection.connect(HttpURLConnection.java:1007)
	at com.xxl.job.core.util.XxlJobRemotingUtil.postBody(XxlJobRemotingUtil.java:99)
	at com.xxl.job.core.biz.client.AdminBizClient.registry(AdminBizClient.java:42)
	at com.xxl.job.core.thread.ExecutorRegistryThread$1.run(ExecutorRegistryThread.java:48)
	at java.lang.Thread.run(Thread.java:750)
[INFO] - 2026-05-20 23:35:42.338 - [xxl-job, executor ExecutorRegistryThread] - ExecutorRegistryThread#54 - INFO:>>>>>>>>>>> xxl-job registry fail, registryParam:RegistryParam{registryGroup='EXECUTOR', registryKey='other10001', registryValue='http://192.168.3.166:9999/'}, registryResult:ReturnT [code=500, msg=xxl-job remoting error(Connection refused (Connection refused)), for url : http://127.0.0.1:83/xxl-job-admin/api/registry, content=null]
[ERROR] - 2026-05-20 23:36:12.347 - [xxl-job, executor ExecutorRegistryThread] - XxlJobRemotingUtil#143 - INFO:Connection refused (Connection refused)
java.net.ConnectException: Connection refused (Connection refused)
	at java.net.PlainSocketImpl.socketConnect(Native Method)
	at java.net.AbstractPlainSocketImpl.doConnect(AbstractPlainSocketImpl.java:350)
	at java.net.AbstractPlainSocketImpl.connectToAddress(AbstractPlainSocketImpl.java:206)
	at java.net.AbstractPlainSocketImpl.connect(AbstractPlainSocketImpl.java:188)
	at java.net.SocksSocketImpl.connect(SocksSocketImpl.java:392)
	at java.net.Socket.connect(Socket.java:607)
	at sun.net.NetworkClient.doConnect(NetworkClient.java:175)
	at sun.net.www.http.HttpClient.openServer(HttpClient.java:465)
	at sun.net.www.http.HttpClient.openServer(HttpClient.java:560)
	at sun.net.www.http.HttpClient.<init>(HttpClient.java:246)
	at sun.net.www.http.HttpClient.New(HttpClient.java:341)
	at sun.net.www.http.HttpClient.New(HttpClient.java:359)
	at sun.net.www.protocol.http.HttpURLConnection.getNewHttpClient(HttpURLConnection.java:1245)
	at sun.net.www.protocol.http.HttpURLConnection.plainConnect0(HttpURLConnection.java:1179)
	at sun.net.www.protocol.http.HttpURLConnection.plainConnect(HttpURLConnection.java:1073)
	at sun.net.www.protocol.http.HttpURLConnection.connect(HttpURLConnection.java:1007)
	at com.xxl.job.core.util.XxlJobRemotingUtil.postBody(XxlJobRemotingUtil.java:99)
	at com.xxl.job.core.biz.client.AdminBizClient.registry(AdminBizClient.java:42)
	at com.xxl.job.core.thread.ExecutorRegistryThread$1.run(ExecutorRegistryThread.java:48)
	at java.lang.Thread.run(Thread.java:750)
[INFO] - 2026-05-20 23:36:12.348 - [xxl-job, executor ExecutorRegistryThread] - ExecutorRegistryThread#54 - INFO:>>>>>>>>>>> xxl-job registry fail, registryParam:RegistryParam{registryGroup='EXECUTOR', registryKey='other10001', registryValue='http://192.168.3.166:9999/'}, registryResult:ReturnT [code=500, msg=xxl-job remoting error(Connection refused (Connection refused)), for url : http://127.0.0.1:83/xxl-job-admin/api/registry, content=null]
[ERROR] - 2026-05-20 23:36:42.355 - [xxl-job, executor ExecutorRegistryThread] - XxlJobRemotingUtil#143 - INFO:Connection refused (Connection refused)
java.net.ConnectException: Connection refused (Connection refused)
	at java.net.PlainSocketImpl.socketConnect(Native Method)
	at java.net.AbstractPlainSocketImpl.doConnect(AbstractPlainSocketImpl.java:350)
	at java.net.AbstractPlainSocketImpl.connectToAddress(AbstractPlainSocketImpl.java:206)
	at java.net.AbstractPlainSocketImpl.connect(AbstractPlainSocketImpl.java:188)
	at java.net.SocksSocketImpl.connect(SocksSocketImpl.java:392)
	at java.net.Socket.connect(Socket.java:607)
	at sun.net.NetworkClient.doConnect(NetworkClient.java:175)
	at sun.net.www.http.HttpClient.openServer(HttpClient.java:465)
	at sun.net.www.http.HttpClient.openServer(HttpClient.java:560)
	at sun.net.www.http.HttpClient.<init>(HttpClient.java:246)
	at sun.net.www.http.HttpClient.New(HttpClient.java:341)
	at sun.net.www.http.HttpClient.New(HttpClient.java:359)
	at sun.net.www.protocol.http.HttpURLConnection.getNewHttpClient(HttpURLConnection.java:1245)
	at sun.net.www.protocol.http.HttpURLConnection.plainConnect0(HttpURLConnection.java:1179)
	at sun.net.www.protocol.http.HttpURLConnection.plainConnect(HttpURLConnection.java:1073)
	at sun.net.www.protocol.http.HttpURLConnection.connect(HttpURLConnection.java:1007)
	at com.xxl.job.core.util.XxlJobRemotingUtil.postBody(XxlJobRemotingUtil.java:99)
	at com.xxl.job.core.biz.client.AdminBizClient.registry(AdminBizClient.java:42)
	at com.xxl.job.core.thread.ExecutorRegistryThread$1.run(ExecutorRegistryThread.java:48)
	at java.lang.Thread.run(Thread.java:750)
[INFO] - 2026-05-20 23:36:42.356 - [xxl-job, executor ExecutorRegistryThread] - ExecutorRegistryThread#54 - INFO:>>>>>>>>>>> xxl-job registry fail, registryParam:RegistryParam{registryGroup='EXECUTOR', registryKey='other10001', registryValue='http://192.168.3.166:9999/'}, registryResult:ReturnT [code=500, msg=xxl-job remoting error(Connection refused (Connection refused)), for url : http://127.0.0.1:83/xxl-job-admin/api/registry, content=null]
[ERROR] - 2026-05-20 23:37:12.365 - [xxl-job, executor ExecutorRegistryThread] - XxlJobRemotingUtil#143 - INFO:Connection refused (Connection refused)
java.net.ConnectException: Connection refused (Connection refused)
	at java.net.PlainSocketImpl.socketConnect(Native Method)
	at java.net.AbstractPlainSocketImpl.doConnect(AbstractPlainSocketImpl.java:350)
	at java.net.AbstractPlainSocketImpl.connectToAddress(AbstractPlainSocketImpl.java:206)
	at java.net.AbstractPlainSocketImpl.connect(AbstractPlainSocketImpl.java:188)
	at java.net.SocksSocketImpl.connect(SocksSocketImpl.java:392)
	at java.net.Socket.connect(Socket.java:607)
	at sun.net.NetworkClient.doConnect(NetworkClient.java:175)
	at sun.net.www.http.HttpClient.openServer(HttpClient.java:465)
	at sun.net.www.http.HttpClient.openServer(HttpClient.java:560)
	at sun.net.www.http.HttpClient.<init>(HttpClient.java:246)
	at sun.net.www.http.HttpClient.New(HttpClient.java:341)
	at sun.net.www.http.HttpClient.New(HttpClient.java:359)
	at sun.net.www.protocol.http.HttpURLConnection.getNewHttpClient(HttpURLConnection.java:1245)
	at sun.net.www.protocol.http.HttpURLConnection.plainConnect0(HttpURLConnection.java:1179)
	at sun.net.www.protocol.http.HttpURLConnection.plainConnect(HttpURLConnection.java:1073)
	at sun.net.www.protocol.http.HttpURLConnection.connect(HttpURLConnection.java:1007)
	at com.xxl.job.core.util.XxlJobRemotingUtil.postBody(XxlJobRemotingUtil.java:99)
	at com.xxl.job.core.biz.client.AdminBizClient.registry(AdminBizClient.java:42)
	at com.xxl.job.core.thread.ExecutorRegistryThread$1.run(ExecutorRegistryThread.java:48)
	at java.lang.Thread.run(Thread.java:750)
[INFO] - 2026-05-20 23:37:12.366 - [xxl-job, executor ExecutorRegistryThread] - ExecutorRegistryThread#54 - INFO:>>>>>>>>>>> xxl-job registry fail, registryParam:RegistryParam{registryGroup='EXECUTOR', registryKey='other10001', registryValue='http://192.168.3.166:9999/'}, registryResult:ReturnT [code=500, msg=xxl-job remoting error(Connection refused (Connection refused)), for url : http://127.0.0.1:83/xxl-job-admin/api/registry, content=null]
[ERROR] - 2026-05-20 23:37:42.376 - [xxl-job, executor ExecutorRegistryThread] - XxlJobRemotingUtil#143 - INFO:Connection refused (Connection refused)
java.net.ConnectException: Connection refused (Connection refused)
	at java.net.PlainSocketImpl.socketConnect(Native Method)
	at java.net.AbstractPlainSocketImpl.doConnect(AbstractPlainSocketImpl.java:350)
	at java.net.AbstractPlainSocketImpl.connectToAddress(AbstractPlainSocketImpl.java:206)
	at java.net.AbstractPlainSocketImpl.connect(AbstractPlainSocketImpl.java:188)
	at java.net.SocksSocketImpl.connect(SocksSocketImpl.java:392)
	at java.net.Socket.connect(Socket.java:607)
	at sun.net.NetworkClient.doConnect(NetworkClient.java:175)
	at sun.net.www.http.HttpClient.openServer(HttpClient.java:465)
	at sun.net.www.http.HttpClient.openServer(HttpClient.java:560)
	at sun.net.www.http.HttpClient.<init>(HttpClient.java:246)
	at sun.net.www.http.HttpClient.New(HttpClient.java:341)
	at sun.net.www.http.HttpClient.New(HttpClient.java:359)
	at sun.net.www.protocol.http.HttpURLConnection.getNewHttpClient(HttpURLConnection.java:1245)
	at sun.net.www.protocol.http.HttpURLConnection.plainConnect0(HttpURLConnection.java:1179)
	at sun.net.www.protocol.http.HttpURLConnection.plainConnect(HttpURLConnection.java:1073)
	at sun.net.www.protocol.http.HttpURLConnection.connect(HttpURLConnection.java:1007)
	at com.xxl.job.core.util.XxlJobRemotingUtil.postBody(XxlJobRemotingUtil.java:99)
	at com.xxl.job.core.biz.client.AdminBizClient.registry(AdminBizClient.java:42)
	at com.xxl.job.core.thread.ExecutorRegistryThread$1.run(ExecutorRegistryThread.java:48)
	at java.lang.Thread.run(Thread.java:750)
[INFO] - 2026-05-20 23:37:42.377 - [xxl-job, executor ExecutorRegistryThread] - ExecutorRegistryThread#54 - INFO:>>>>>>>>>>> xxl-job registry fail, registryParam:RegistryParam{registryGroup='EXECUTOR', registryKey='other10001', registryValue='http://192.168.3.166:9999/'}, registryResult:ReturnT [code=500, msg=xxl-job remoting error(Connection refused (Connection refused)), for url : http://127.0.0.1:83/xxl-job-admin/api/registry, content=null]
[ERROR] - 2026-05-20 23:38:12.386 - [xxl-job, executor ExecutorRegistryThread] - XxlJobRemotingUtil#143 - INFO:Connection refused (Connection refused)
java.net.ConnectException: Connection refused (Connection refused)
	at java.net.PlainSocketImpl.socketConnect(Native Method)
	at java.net.AbstractPlainSocketImpl.doConnect(AbstractPlainSocketImpl.java:350)
	at java.net.AbstractPlainSocketImpl.connectToAddress(AbstractPlainSocketImpl.java:206)
	at java.net.AbstractPlainSocketImpl.connect(AbstractPlainSocketImpl.java:188)
	at java.net.SocksSocketImpl.connect(SocksSocketImpl.java:392)
	at java.net.Socket.connect(Socket.java:607)
	at sun.net.NetworkClient.doConnect(NetworkClient.java:175)
	at sun.net.www.http.HttpClient.openServer(HttpClient.java:465)
	at sun.net.www.http.HttpClient.openServer(HttpClient.java:560)
	at sun.net.www.http.HttpClient.<init>(HttpClient.java:246)
	at sun.net.www.http.HttpClient.New(HttpClient.java:341)
	at sun.net.www.http.HttpClient.New(HttpClient.java:359)
	at sun.net.www.protocol.http.HttpURLConnection.getNewHttpClient(HttpURLConnection.java:1245)
	at sun.net.www.protocol.http.HttpURLConnection.plainConnect0(HttpURLConnection.java:1179)
	at sun.net.www.protocol.http.HttpURLConnection.plainConnect(HttpURLConnection.java:1073)
	at sun.net.www.protocol.http.HttpURLConnection.connect(HttpURLConnection.java:1007)
	at com.xxl.job.core.util.XxlJobRemotingUtil.postBody(XxlJobRemotingUtil.java:99)
	at com.xxl.job.core.biz.client.AdminBizClient.registry(AdminBizClient.java:42)
	at com.xxl.job.core.thread.ExecutorRegistryThread$1.run(ExecutorRegistryThread.java:48)
	at java.lang.Thread.run(Thread.java:750)
[INFO] - 2026-05-20 23:38:12.387 - [xxl-job, executor ExecutorRegistryThread] - ExecutorRegistryThread#54 - INFO:>>>>>>>>>>> xxl-job registry fail, registryParam:RegistryParam{registryGroup='EXECUTOR', registryKey='other10001', registryValue='http://192.168.3.166:9999/'}, registryResult:ReturnT [code=500, msg=xxl-job remoting error(Connection refused (Connection refused)), for url : http://127.0.0.1:83/xxl-job-admin/api/registry, content=null]
[ERROR] - 2026-05-20 23:38:42.396 - [xxl-job, executor ExecutorRegistryThread] - XxlJobRemotingUtil#143 - INFO:Connection refused (Connection refused)
java.net.ConnectException: Connection refused (Connection refused)
	at java.net.PlainSocketImpl.socketConnect(Native Method)
	at java.net.AbstractPlainSocketImpl.doConnect(AbstractPlainSocketImpl.java:350)
	at java.net.AbstractPlainSocketImpl.connectToAddress(AbstractPlainSocketImpl.java:206)
	at java.net.AbstractPlainSocketImpl.connect(AbstractPlainSocketImpl.java:188)
	at java.net.SocksSocketImpl.connect(SocksSocketImpl.java:392)
	at java.net.Socket.connect(Socket.java:607)
	at sun.net.NetworkClient.doConnect(NetworkClient.java:175)
	at sun.net.www.http.HttpClient.openServer(HttpClient.java:465)
	at sun.net.www.http.HttpClient.openServer(HttpClient.java:560)
	at sun.net.www.http.HttpClient.<init>(HttpClient.java:246)
	at sun.net.www.http.HttpClient.New(HttpClient.java:341)
	at sun.net.www.http.HttpClient.New(HttpClient.java:359)
	at sun.net.www.protocol.http.HttpURLConnection.getNewHttpClient(HttpURLConnection.java:1245)
	at sun.net.www.protocol.http.HttpURLConnection.plainConnect0(HttpURLConnection.java:1179)
	at sun.net.www.protocol.http.HttpURLConnection.plainConnect(HttpURLConnection.java:1073)
	at sun.net.www.protocol.http.HttpURLConnection.connect(HttpURLConnection.java:1007)
	at com.xxl.job.core.util.XxlJobRemotingUtil.postBody(XxlJobRemotingUtil.java:99)
	at com.xxl.job.core.biz.client.AdminBizClient.registry(AdminBizClient.java:42)
	at com.xxl.job.core.thread.ExecutorRegistryThread$1.run(ExecutorRegistryThread.java:48)
	at java.lang.Thread.run(Thread.java:750)
[INFO] - 2026-05-20 23:38:42.397 - [xxl-job, executor ExecutorRegistryThread] - ExecutorRegistryThread#54 - INFO:>>>>>>>>>>> xxl-job registry fail, registryParam:RegistryParam{registryGroup='EXECUTOR', registryKey='other10001', registryValue='http://192.168.3.166:9999/'}, registryResult:ReturnT [code=500, msg=xxl-job remoting error(Connection refused (Connection refused)), for url : http://127.0.0.1:83/xxl-job-admin/api/registry, content=null]
[ERROR] - 2026-05-20 23:39:12.406 - [xxl-job, executor ExecutorRegistryThread] - XxlJobRemotingUtil#143 - INFO:Connection refused (Connection refused)
java.net.ConnectException: Connection refused (Connection refused)
	at java.net.PlainSocketImpl.socketConnect(Native Method)
	at java.net.AbstractPlainSocketImpl.doConnect(AbstractPlainSocketImpl.java:350)
	at java.net.AbstractPlainSocketImpl.connectToAddress(AbstractPlainSocketImpl.java:206)
	at java.net.AbstractPlainSocketImpl.connect(AbstractPlainSocketImpl.java:188)
	at java.net.SocksSocketImpl.connect(SocksSocketImpl.java:392)
	at java.net.Socket.connect(Socket.java:607)
	at sun.net.NetworkClient.doConnect(NetworkClient.java:175)
	at sun.net.www.http.HttpClient.openServer(HttpClient.java:465)
	at sun.net.www.http.HttpClient.openServer(HttpClient.java:560)
	at sun.net.www.http.HttpClient.<init>(HttpClient.java:246)
	at sun.net.www.http.HttpClient.New(HttpClient.java:341)
	at sun.net.www.http.HttpClient.New(HttpClient.java:359)
	at sun.net.www.protocol.http.HttpURLConnection.getNewHttpClient(HttpURLConnection.java:1245)
	at sun.net.www.protocol.http.HttpURLConnection.plainConnect0(HttpURLConnection.java:1179)
	at sun.net.www.protocol.http.HttpURLConnection.plainConnect(HttpURLConnection.java:1073)
	at sun.net.www.protocol.http.HttpURLConnection.connect(HttpURLConnection.java:1007)
	at com.xxl.job.core.util.XxlJobRemotingUtil.postBody(XxlJobRemotingUtil.java:99)
	at com.xxl.job.core.biz.client.AdminBizClient.registry(AdminBizClient.java:42)
	at com.xxl.job.core.thread.ExecutorRegistryThread$1.run(ExecutorRegistryThread.java:48)
	at java.lang.Thread.run(Thread.java:750)
[INFO] - 2026-05-20 23:39:12.406 - [xxl-job, executor ExecutorRegistryThread] - ExecutorRegistryThread#54 - INFO:>>>>>>>>>>> xxl-job registry fail, registryParam:RegistryParam{registryGroup='EXECUTOR', registryKey='other10001', registryValue='http://192.168.3.166:9999/'}, registryResult:ReturnT [code=500, msg=xxl-job remoting error(Connection refused (Connection refused)), for url : http://127.0.0.1:83/xxl-job-admin/api/registry, content=null]
[ERROR] - 2026-05-20 23:39:42.409 - [xxl-job, executor ExecutorRegistryThread] - XxlJobRemotingUtil#143 - INFO:Connection refused (Connection refused)
java.net.ConnectException: Connection refused (Connection refused)
	at java.net.PlainSocketImpl.socketConnect(Native Method)
	at java.net.AbstractPlainSocketImpl.doConnect(AbstractPlainSocketImpl.java:350)
	at java.net.AbstractPlainSocketImpl.connectToAddress(AbstractPlainSocketImpl.java:206)
	at java.net.AbstractPlainSocketImpl.connect(AbstractPlainSocketImpl.java:188)
	at java.net.SocksSocketImpl.connect(SocksSocketImpl.java:392)
	at java.net.Socket.connect(Socket.java:607)
	at sun.net.NetworkClient.doConnect(NetworkClient.java:175)
	at sun.net.www.http.HttpClient.openServer(HttpClient.java:465)
	at sun.net.www.http.HttpClient.openServer(HttpClient.java:560)
	at sun.net.www.http.HttpClient.<init>(HttpClient.java:246)
	at sun.net.www.http.HttpClient.New(HttpClient.java:341)
	at sun.net.www.http.HttpClient.New(HttpClient.java:359)
	at sun.net.www.protocol.http.HttpURLConnection.getNewHttpClient(HttpURLConnection.java:1245)
	at sun.net.www.protocol.http.HttpURLConnection.plainConnect0(HttpURLConnection.java:1179)
	at sun.net.www.protocol.http.HttpURLConnection.plainConnect(HttpURLConnection.java:1073)
	at sun.net.www.protocol.http.HttpURLConnection.connect(HttpURLConnection.java:1007)
	at com.xxl.job.core.util.XxlJobRemotingUtil.postBody(XxlJobRemotingUtil.java:99)
	at com.xxl.job.core.biz.client.AdminBizClient.registry(AdminBizClient.java:42)
	at com.xxl.job.core.thread.ExecutorRegistryThread$1.run(ExecutorRegistryThread.java:48)
	at java.lang.Thread.run(Thread.java:750)
[INFO] - 2026-05-20 23:39:42.409 - [xxl-job, executor ExecutorRegistryThread] - ExecutorRegistryThread#54 - INFO:>>>>>>>>>>> xxl-job registry fail, registryParam:RegistryParam{registryGroup='EXECUTOR', registryKey='other10001', registryValue='http://192.168.3.166:9999/'}, registryResult:ReturnT [code=500, msg=xxl-job remoting error(Connection refused (Connection refused)), for url : http://127.0.0.1:83/xxl-job-admin/api/registry, content=null]
[ERROR] - 2026-05-20 23:40:12.419 - [xxl-job, executor ExecutorRegistryThread] - XxlJobRemotingUtil#143 - INFO:Connection refused (Connection refused)
java.net.ConnectException: Connection refused (Connection refused)
	at java.net.PlainSocketImpl.socketConnect(Native Method)
	at java.net.AbstractPlainSocketImpl.doConnect(AbstractPlainSocketImpl.java:350)
	at java.net.AbstractPlainSocketImpl.connectToAddress(AbstractPlainSocketImpl.java:206)
	at java.net.AbstractPlainSocketImpl.connect(AbstractPlainSocketImpl.java:188)
	at java.net.SocksSocketImpl.connect(SocksSocketImpl.java:392)
	at java.net.Socket.connect(Socket.java:607)
	at sun.net.NetworkClient.doConnect(NetworkClient.java:175)
	at sun.net.www.http.HttpClient.openServer(HttpClient.java:465)
	at sun.net.www.http.HttpClient.openServer(HttpClient.java:560)
	at sun.net.www.http.HttpClient.<init>(HttpClient.java:246)
	at sun.net.www.http.HttpClient.New(HttpClient.java:341)
	at sun.net.www.http.HttpClient.New(HttpClient.java:359)
	at sun.net.www.protocol.http.HttpURLConnection.getNewHttpClient(HttpURLConnection.java:1245)
	at sun.net.www.protocol.http.HttpURLConnection.plainConnect0(HttpURLConnection.java:1179)
	at sun.net.www.protocol.http.HttpURLConnection.plainConnect(HttpURLConnection.java:1073)
	at sun.net.www.protocol.http.HttpURLConnection.connect(HttpURLConnection.java:1007)
	at com.xxl.job.core.util.XxlJobRemotingUtil.postBody(XxlJobRemotingUtil.java:99)
	at com.xxl.job.core.biz.client.AdminBizClient.registry(AdminBizClient.java:42)
	at com.xxl.job.core.thread.ExecutorRegistryThread$1.run(ExecutorRegistryThread.java:48)
	at java.lang.Thread.run(Thread.java:750)
[INFO] - 2026-05-20 23:40:12.420 - [xxl-job, executor ExecutorRegistryThread] - ExecutorRegistryThread#54 - INFO:>>>>>>>>>>> xxl-job registry fail, registryParam:RegistryParam{registryGroup='EXECUTOR', registryKey='other10001', registryValue='http://192.168.3.166:9999/'}, registryResult:ReturnT [code=500, msg=xxl-job remoting error(Connection refused (Connection refused)), for url : http://127.0.0.1:83/xxl-job-admin/api/registry, content=null]
[ERROR] - 2026-05-20 23:40:42.429 - [xxl-job, executor ExecutorRegistryThread] - XxlJobRemotingUtil#143 - INFO:Connection refused (Connection refused)
java.net.ConnectException: Connection refused (Connection refused)
	at java.net.PlainSocketImpl.socketConnect(Native Method)
	at java.net.AbstractPlainSocketImpl.doConnect(AbstractPlainSocketImpl.java:350)
	at java.net.AbstractPlainSocketImpl.connectToAddress(AbstractPlainSocketImpl.java:206)
	at java.net.AbstractPlainSocketImpl.connect(AbstractPlainSocketImpl.java:188)
	at java.net.SocksSocketImpl.connect(SocksSocketImpl.java:392)
	at java.net.Socket.connect(Socket.java:607)
	at sun.net.NetworkClient.doConnect(NetworkClient.java:175)
	at sun.net.www.http.HttpClient.openServer(HttpClient.java:465)
	at sun.net.www.http.HttpClient.openServer(HttpClient.java:560)
	at sun.net.www.http.HttpClient.<init>(HttpClient.java:246)
	at sun.net.www.http.HttpClient.New(HttpClient.java:341)
	at sun.net.www.http.HttpClient.New(HttpClient.java:359)
	at sun.net.www.protocol.http.HttpURLConnection.getNewHttpClient(HttpURLConnection.java:1245)
	at sun.net.www.protocol.http.HttpURLConnection.plainConnect0(HttpURLConnection.java:1179)
	at sun.net.www.protocol.http.HttpURLConnection.plainConnect(HttpURLConnection.java:1073)
	at sun.net.www.protocol.http.HttpURLConnection.connect(HttpURLConnection.java:1007)
	at com.xxl.job.core.util.XxlJobRemotingUtil.postBody(XxlJobRemotingUtil.java:99)
	at com.xxl.job.core.biz.client.AdminBizClient.registry(AdminBizClient.java:42)
	at com.xxl.job.core.thread.ExecutorRegistryThread$1.run(ExecutorRegistryThread.java:48)
	at java.lang.Thread.run(Thread.java:750)
[INFO] - 2026-05-20 23:40:42.430 - [xxl-job, executor ExecutorRegistryThread] - ExecutorRegistryThread#54 - INFO:>>>>>>>>>>> xxl-job registry fail, registryParam:RegistryParam{registryGroup='EXECUTOR', registryKey='other10001', registryValue='http://192.168.3.166:9999/'}, registryResult:ReturnT [code=500, msg=xxl-job remoting error(Connection refused (Connection refused)), for url : http://127.0.0.1:83/xxl-job-admin/api/registry, content=null]
[ERROR] - 2026-05-20 23:41:12.439 - [xxl-job, executor ExecutorRegistryThread] - XxlJobRemotingUtil#143 - INFO:Connection refused (Connection refused)
java.net.ConnectException: Connection refused (Connection refused)
	at java.net.PlainSocketImpl.socketConnect(Native Method)
	at java.net.AbstractPlainSocketImpl.doConnect(AbstractPlainSocketImpl.java:350)
	at java.net.AbstractPlainSocketImpl.connectToAddress(AbstractPlainSocketImpl.java:206)
	at java.net.AbstractPlainSocketImpl.connect(AbstractPlainSocketImpl.java:188)
	at java.net.SocksSocketImpl.connect(SocksSocketImpl.java:392)
	at java.net.Socket.connect(Socket.java:607)
	at sun.net.NetworkClient.doConnect(NetworkClient.java:175)
	at sun.net.www.http.HttpClient.openServer(HttpClient.java:465)
	at sun.net.www.http.HttpClient.openServer(HttpClient.java:560)
	at sun.net.www.http.HttpClient.<init>(HttpClient.java:246)
	at sun.net.www.http.HttpClient.New(HttpClient.java:341)
	at sun.net.www.http.HttpClient.New(HttpClient.java:359)
	at sun.net.www.protocol.http.HttpURLConnection.getNewHttpClient(HttpURLConnection.java:1245)
	at sun.net.www.protocol.http.HttpURLConnection.plainConnect0(HttpURLConnection.java:1179)
	at sun.net.www.protocol.http.HttpURLConnection.plainConnect(HttpURLConnection.java:1073)
	at sun.net.www.protocol.http.HttpURLConnection.connect(HttpURLConnection.java:1007)
	at com.xxl.job.core.util.XxlJobRemotingUtil.postBody(XxlJobRemotingUtil.java:99)
	at com.xxl.job.core.biz.client.AdminBizClient.registry(AdminBizClient.java:42)
	at com.xxl.job.core.thread.ExecutorRegistryThread$1.run(ExecutorRegistryThread.java:48)
	at java.lang.Thread.run(Thread.java:750)
[INFO] - 2026-05-20 23:41:12.440 - [xxl-job, executor ExecutorRegistryThread] - ExecutorRegistryThread#54 - INFO:>>>>>>>>>>> xxl-job registry fail, registryParam:RegistryParam{registryGroup='EXECUTOR', registryKey='other10001', registryValue='http://192.168.3.166:9999/'}, registryResult:ReturnT [code=500, msg=xxl-job remoting error(Connection refused (Connection refused)), for url : http://127.0.0.1:83/xxl-job-admin/api/registry, content=null]
[ERROR] - 2026-05-20 23:41:42.443 - [xxl-job, executor ExecutorRegistryThread] - XxlJobRemotingUtil#143 - INFO:Connection refused (Connection refused)
java.net.ConnectException: Connection refused (Connection refused)
	at java.net.PlainSocketImpl.socketConnect(Native Method)
	at java.net.AbstractPlainSocketImpl.doConnect(AbstractPlainSocketImpl.java:350)
	at java.net.AbstractPlainSocketImpl.connectToAddress(AbstractPlainSocketImpl.java:206)
	at java.net.AbstractPlainSocketImpl.connect(AbstractPlainSocketImpl.java:188)
	at java.net.SocksSocketImpl.connect(SocksSocketImpl.java:392)
	at java.net.Socket.connect(Socket.java:607)
	at sun.net.NetworkClient.doConnect(NetworkClient.java:175)
	at sun.net.www.http.HttpClient.openServer(HttpClient.java:465)
	at sun.net.www.http.HttpClient.openServer(HttpClient.java:560)
	at sun.net.www.http.HttpClient.<init>(HttpClient.java:246)
	at sun.net.www.http.HttpClient.New(HttpClient.java:341)
	at sun.net.www.http.HttpClient.New(HttpClient.java:359)
	at sun.net.www.protocol.http.HttpURLConnection.getNewHttpClient(HttpURLConnection.java:1245)
	at sun.net.www.protocol.http.HttpURLConnection.plainConnect0(HttpURLConnection.java:1179)
	at sun.net.www.protocol.http.HttpURLConnection.plainConnect(HttpURLConnection.java:1073)
	at sun.net.www.protocol.http.HttpURLConnection.connect(HttpURLConnection.java:1007)
	at com.xxl.job.core.util.XxlJobRemotingUtil.postBody(XxlJobRemotingUtil.java:99)
	at com.xxl.job.core.biz.client.AdminBizClient.registry(AdminBizClient.java:42)
	at com.xxl.job.core.thread.ExecutorRegistryThread$1.run(ExecutorRegistryThread.java:48)
	at java.lang.Thread.run(Thread.java:750)
[INFO] - 2026-05-20 23:41:42.444 - [xxl-job, executor ExecutorRegistryThread] - ExecutorRegistryThread#54 - INFO:>>>>>>>>>>> xxl-job registry fail, registryParam:RegistryParam{registryGroup='EXECUTOR', registryKey='other10001', registryValue='http://192.168.3.166:9999/'}, registryResult:ReturnT [code=500, msg=xxl-job remoting error(Connection refused (Connection refused)), for url : http://127.0.0.1:83/xxl-job-admin/api/registry, content=null]
[ERROR] - 2026-05-20 23:42:12.453 - [xxl-job, executor ExecutorRegistryThread] - XxlJobRemotingUtil#143 - INFO:Connection refused (Connection refused)
java.net.ConnectException: Connection refused (Connection refused)
	at java.net.PlainSocketImpl.socketConnect(Native Method)
	at java.net.AbstractPlainSocketImpl.doConnect(AbstractPlainSocketImpl.java:350)
	at java.net.AbstractPlainSocketImpl.connectToAddress(AbstractPlainSocketImpl.java:206)
	at java.net.AbstractPlainSocketImpl.connect(AbstractPlainSocketImpl.java:188)
	at java.net.SocksSocketImpl.connect(SocksSocketImpl.java:392)
	at java.net.Socket.connect(Socket.java:607)
	at sun.net.NetworkClient.doConnect(NetworkClient.java:175)
	at sun.net.www.http.HttpClient.openServer(HttpClient.java:465)
	at sun.net.www.http.HttpClient.openServer(HttpClient.java:560)
	at sun.net.www.http.HttpClient.<init>(HttpClient.java:246)
	at sun.net.www.http.HttpClient.New(HttpClient.java:341)
	at sun.net.www.http.HttpClient.New(HttpClient.java:359)
	at sun.net.www.protocol.http.HttpURLConnection.getNewHttpClient(HttpURLConnection.java:1245)
	at sun.net.www.protocol.http.HttpURLConnection.plainConnect0(HttpURLConnection.java:1179)
	at sun.net.www.protocol.http.HttpURLConnection.plainConnect(HttpURLConnection.java:1073)
	at sun.net.www.protocol.http.HttpURLConnection.connect(HttpURLConnection.java:1007)
	at com.xxl.job.core.util.XxlJobRemotingUtil.postBody(XxlJobRemotingUtil.java:99)
	at com.xxl.job.core.biz.client.AdminBizClient.registry(AdminBizClient.java:42)
	at com.xxl.job.core.thread.ExecutorRegistryThread$1.run(ExecutorRegistryThread.java:48)
	at java.lang.Thread.run(Thread.java:750)
[INFO] - 2026-05-20 23:42:12.454 - [xxl-job, executor ExecutorRegistryThread] - ExecutorRegistryThread#54 - INFO:>>>>>>>>>>> xxl-job registry fail, registryParam:RegistryParam{registryGroup='EXECUTOR', registryKey='other10001', registryValue='http://192.168.3.166:9999/'}, registryResult:ReturnT [code=500, msg=xxl-job remoting error(Connection refused (Connection refused)), for url : http://127.0.0.1:83/xxl-job-admin/api/registry, content=null]
[ERROR] - 2026-05-20 23:42:42.455 - [xxl-job, executor ExecutorRegistryThread] - XxlJobRemotingUtil#143 - INFO:Connection refused (Connection refused)
java.net.ConnectException: Connection refused (Connection refused)
	at java.net.PlainSocketImpl.socketConnect(Native Method)
	at java.net.AbstractPlainSocketImpl.doConnect(AbstractPlainSocketImpl.java:350)
	at java.net.AbstractPlainSocketImpl.connectToAddress(AbstractPlainSocketImpl.java:206)
	at java.net.AbstractPlainSocketImpl.connect(AbstractPlainSocketImpl.java:188)
	at java.net.SocksSocketImpl.connect(SocksSocketImpl.java:392)
	at java.net.Socket.connect(Socket.java:607)
	at sun.net.NetworkClient.doConnect(NetworkClient.java:175)
	at sun.net.www.http.HttpClient.openServer(HttpClient.java:465)
	at sun.net.www.http.HttpClient.openServer(HttpClient.java:560)
	at sun.net.www.http.HttpClient.<init>(HttpClient.java:246)
	at sun.net.www.http.HttpClient.New(HttpClient.java:341)
	at sun.net.www.http.HttpClient.New(HttpClient.java:359)
	at sun.net.www.protocol.http.HttpURLConnection.getNewHttpClient(HttpURLConnection.java:1245)
	at sun.net.www.protocol.http.HttpURLConnection.plainConnect0(HttpURLConnection.java:1179)
	at sun.net.www.protocol.http.HttpURLConnection.plainConnect(HttpURLConnection.java:1073)
	at sun.net.www.protocol.http.HttpURLConnection.connect(HttpURLConnection.java:1007)
	at com.xxl.job.core.util.XxlJobRemotingUtil.postBody(XxlJobRemotingUtil.java:99)
	at com.xxl.job.core.biz.client.AdminBizClient.registry(AdminBizClient.java:42)
	at com.xxl.job.core.thread.ExecutorRegistryThread$1.run(ExecutorRegistryThread.java:48)
	at java.lang.Thread.run(Thread.java:750)
[INFO] - 2026-05-20 23:42:42.455 - [xxl-job, executor ExecutorRegistryThread] - ExecutorRegistryThread#54 - INFO:>>>>>>>>>>> xxl-job registry fail, registryParam:RegistryParam{registryGroup='EXECUTOR', registryKey='other10001', registryValue='http://192.168.3.166:9999/'}, registryResult:ReturnT [code=500, msg=xxl-job remoting error(Connection refused (Connection refused)), for url : http://127.0.0.1:83/xxl-job-admin/api/registry, content=null]
[ERROR] - 2026-05-20 23:43:12.465 - [xxl-job, executor ExecutorRegistryThread] - XxlJobRemotingUtil#143 - INFO:Connection refused (Connection refused)
java.net.ConnectException: Connection refused (Connection refused)
	at java.net.PlainSocketImpl.socketConnect(Native Method)
	at java.net.AbstractPlainSocketImpl.doConnect(AbstractPlainSocketImpl.java:350)
	at java.net.AbstractPlainSocketImpl.connectToAddress(AbstractPlainSocketImpl.java:206)
	at java.net.AbstractPlainSocketImpl.connect(AbstractPlainSocketImpl.java:188)
	at java.net.SocksSocketImpl.connect(SocksSocketImpl.java:392)
	at java.net.Socket.connect(Socket.java:607)
	at sun.net.NetworkClient.doConnect(NetworkClient.java:175)
	at sun.net.www.http.HttpClient.openServer(HttpClient.java:465)
	at sun.net.www.http.HttpClient.openServer(HttpClient.java:560)
	at sun.net.www.http.HttpClient.<init>(HttpClient.java:246)
	at sun.net.www.http.HttpClient.New(HttpClient.java:341)
	at sun.net.www.http.HttpClient.New(HttpClient.java:359)
	at sun.net.www.protocol.http.HttpURLConnection.getNewHttpClient(HttpURLConnection.java:1245)
	at sun.net.www.protocol.http.HttpURLConnection.plainConnect0(HttpURLConnection.java:1179)
	at sun.net.www.protocol.http.HttpURLConnection.plainConnect(HttpURLConnection.java:1073)
	at sun.net.www.protocol.http.HttpURLConnection.connect(HttpURLConnection.java:1007)
	at com.xxl.job.core.util.XxlJobRemotingUtil.postBody(XxlJobRemotingUtil.java:99)
	at com.xxl.job.core.biz.client.AdminBizClient.registry(AdminBizClient.java:42)
	at com.xxl.job.core.thread.ExecutorRegistryThread$1.run(ExecutorRegistryThread.java:48)
	at java.lang.Thread.run(Thread.java:750)
[INFO] - 2026-05-20 23:43:12.466 - [xxl-job, executor ExecutorRegistryThread] - ExecutorRegistryThread#54 - INFO:>>>>>>>>>>> xxl-job registry fail, registryParam:RegistryParam{registryGroup='EXECUTOR', registryKey='other10001', registryValue='http://192.168.3.166:9999/'}, registryResult:ReturnT [code=500, msg=xxl-job remoting error(Connection refused (Connection refused)), for url : http://127.0.0.1:83/xxl-job-admin/api/registry, content=null]
[ERROR] - 2026-05-20 23:43:42.475 - [xxl-job, executor ExecutorRegistryThread] - XxlJobRemotingUtil#143 - INFO:Connection refused (Connection refused)
java.net.ConnectException: Connection refused (Connection refused)
	at java.net.PlainSocketImpl.socketConnect(Native Method)
	at java.net.AbstractPlainSocketImpl.doConnect(AbstractPlainSocketImpl.java:350)
	at java.net.AbstractPlainSocketImpl.connectToAddress(AbstractPlainSocketImpl.java:206)
	at java.net.AbstractPlainSocketImpl.connect(AbstractPlainSocketImpl.java:188)
	at java.net.SocksSocketImpl.connect(SocksSocketImpl.java:392)
	at java.net.Socket.connect(Socket.java:607)
	at sun.net.NetworkClient.doConnect(NetworkClient.java:175)
	at sun.net.www.http.HttpClient.openServer(HttpClient.java:465)
	at sun.net.www.http.HttpClient.openServer(HttpClient.java:560)
	at sun.net.www.http.HttpClient.<init>(HttpClient.java:246)
	at sun.net.www.http.HttpClient.New(HttpClient.java:341)
	at sun.net.www.http.HttpClient.New(HttpClient.java:359)
	at sun.net.www.protocol.http.HttpURLConnection.getNewHttpClient(HttpURLConnection.java:1245)
	at sun.net.www.protocol.http.HttpURLConnection.plainConnect0(HttpURLConnection.java:1179)
	at sun.net.www.protocol.http.HttpURLConnection.plainConnect(HttpURLConnection.java:1073)
	at sun.net.www.protocol.http.HttpURLConnection.connect(HttpURLConnection.java:1007)
	at com.xxl.job.core.util.XxlJobRemotingUtil.postBody(XxlJobRemotingUtil.java:99)
	at com.xxl.job.core.biz.client.AdminBizClient.registry(AdminBizClient.java:42)
	at com.xxl.job.core.thread.ExecutorRegistryThread$1.run(ExecutorRegistryThread.java:48)
	at java.lang.Thread.run(Thread.java:750)
[INFO] - 2026-05-20 23:43:42.477 - [xxl-job, executor ExecutorRegistryThread] - ExecutorRegistryThread#54 - INFO:>>>>>>>>>>> xxl-job registry fail, registryParam:RegistryParam{registryGroup='EXECUTOR', registryKey='other10001', registryValue='http://192.168.3.166:9999/'}, registryResult:ReturnT [code=500, msg=xxl-job remoting error(Connection refused (Connection refused)), for url : http://127.0.0.1:83/xxl-job-admin/api/registry, content=null]
[ERROR] - 2026-05-20 23:44:12.486 - [xxl-job, executor ExecutorRegistryThread] - XxlJobRemotingUtil#143 - INFO:Connection refused (Connection refused)
java.net.ConnectException: Connection refused (Connection refused)
	at java.net.PlainSocketImpl.socketConnect(Native Method)
	at java.net.AbstractPlainSocketImpl.doConnect(AbstractPlainSocketImpl.java:350)
	at java.net.AbstractPlainSocketImpl.connectToAddress(AbstractPlainSocketImpl.java:206)
	at java.net.AbstractPlainSocketImpl.connect(AbstractPlainSocketImpl.java:188)
	at java.net.SocksSocketImpl.connect(SocksSocketImpl.java:392)
	at java.net.Socket.connect(Socket.java:607)
	at sun.net.NetworkClient.doConnect(NetworkClient.java:175)
	at sun.net.www.http.HttpClient.openServer(HttpClient.java:465)
	at sun.net.www.http.HttpClient.openServer(HttpClient.java:560)
	at sun.net.www.http.HttpClient.<init>(HttpClient.java:246)
	at sun.net.www.http.HttpClient.New(HttpClient.java:341)
	at sun.net.www.http.HttpClient.New(HttpClient.java:359)
	at sun.net.www.protocol.http.HttpURLConnection.getNewHttpClient(HttpURLConnection.java:1245)
	at sun.net.www.protocol.http.HttpURLConnection.plainConnect0(HttpURLConnection.java:1179)
	at sun.net.www.protocol.http.HttpURLConnection.plainConnect(HttpURLConnection.java:1073)
	at sun.net.www.protocol.http.HttpURLConnection.connect(HttpURLConnection.java:1007)
	at com.xxl.job.core.util.XxlJobRemotingUtil.postBody(XxlJobRemotingUtil.java:99)
	at com.xxl.job.core.biz.client.AdminBizClient.registry(AdminBizClient.java:42)
	at com.xxl.job.core.thread.ExecutorRegistryThread$1.run(ExecutorRegistryThread.java:48)
	at java.lang.Thread.run(Thread.java:750)
[INFO] - 2026-05-20 23:44:12.487 - [xxl-job, executor ExecutorRegistryThread] - ExecutorRegistryThread#54 - INFO:>>>>>>>>>>> xxl-job registry fail, registryParam:RegistryParam{registryGroup='EXECUTOR', registryKey='other10001', registryValue='http://192.168.3.166:9999/'}, registryResult:ReturnT [code=500, msg=xxl-job remoting error(Connection refused (Connection refused)), for url : http://127.0.0.1:83/xxl-job-admin/api/registry, content=null]
[ERROR] - 2026-05-20 23:44:42.495 - [xxl-job, executor ExecutorRegistryThread] - XxlJobRemotingUtil#143 - INFO:Connection refused (Connection refused)
java.net.ConnectException: Connection refused (Connection refused)
	at java.net.PlainSocketImpl.socketConnect(Native Method)
	at java.net.AbstractPlainSocketImpl.doConnect(AbstractPlainSocketImpl.java:350)
	at java.net.AbstractPlainSocketImpl.connectToAddress(AbstractPlainSocketImpl.java:206)
	at java.net.AbstractPlainSocketImpl.connect(AbstractPlainSocketImpl.java:188)
	at java.net.SocksSocketImpl.connect(SocksSocketImpl.java:392)
	at java.net.Socket.connect(Socket.java:607)
	at sun.net.NetworkClient.doConnect(NetworkClient.java:175)
	at sun.net.www.http.HttpClient.openServer(HttpClient.java:465)
	at sun.net.www.http.HttpClient.openServer(HttpClient.java:560)
	at sun.net.www.http.HttpClient.<init>(HttpClient.java:246)
	at sun.net.www.http.HttpClient.New(HttpClient.java:341)
	at sun.net.www.http.HttpClient.New(HttpClient.java:359)
	at sun.net.www.protocol.http.HttpURLConnection.getNewHttpClient(HttpURLConnection.java:1245)
	at sun.net.www.protocol.http.HttpURLConnection.plainConnect0(HttpURLConnection.java:1179)
	at sun.net.www.protocol.http.HttpURLConnection.plainConnect(HttpURLConnection.java:1073)
	at sun.net.www.protocol.http.HttpURLConnection.connect(HttpURLConnection.java:1007)
	at com.xxl.job.core.util.XxlJobRemotingUtil.postBody(XxlJobRemotingUtil.java:99)
	at com.xxl.job.core.biz.client.AdminBizClient.registry(AdminBizClient.java:42)
	at com.xxl.job.core.thread.ExecutorRegistryThread$1.run(ExecutorRegistryThread.java:48)
	at java.lang.Thread.run(Thread.java:750)
[INFO] - 2026-05-20 23:44:42.496 - [xxl-job, executor ExecutorRegistryThread] - ExecutorRegistryThread#54 - INFO:>>>>>>>>>>> xxl-job registry fail, registryParam:RegistryParam{registryGroup='EXECUTOR', registryKey='other10001', registryValue='http://192.168.3.166:9999/'}, registryResult:ReturnT [code=500, msg=xxl-job remoting error(Connection refused (Connection refused)), for url : http://127.0.0.1:83/xxl-job-admin/api/registry, content=null]
[ERROR] - 2026-05-20 23:45:12.505 - [xxl-job, executor ExecutorRegistryThread] - XxlJobRemotingUtil#143 - INFO:Connection refused (Connection refused)
java.net.ConnectException: Connection refused (Connection refused)
	at java.net.PlainSocketImpl.socketConnect(Native Method)
	at java.net.AbstractPlainSocketImpl.doConnect(AbstractPlainSocketImpl.java:350)
	at java.net.AbstractPlainSocketImpl.connectToAddress(AbstractPlainSocketImpl.java:206)
	at java.net.AbstractPlainSocketImpl.connect(AbstractPlainSocketImpl.java:188)
	at java.net.SocksSocketImpl.connect(SocksSocketImpl.java:392)
	at java.net.Socket.connect(Socket.java:607)
	at sun.net.NetworkClient.doConnect(NetworkClient.java:175)
	at sun.net.www.http.HttpClient.openServer(HttpClient.java:465)
	at sun.net.www.http.HttpClient.openServer(HttpClient.java:560)
	at sun.net.www.http.HttpClient.<init>(HttpClient.java:246)
	at sun.net.www.http.HttpClient.New(HttpClient.java:341)
	at sun.net.www.http.HttpClient.New(HttpClient.java:359)
	at sun.net.www.protocol.http.HttpURLConnection.getNewHttpClient(HttpURLConnection.java:1245)
	at sun.net.www.protocol.http.HttpURLConnection.plainConnect0(HttpURLConnection.java:1179)
	at sun.net.www.protocol.http.HttpURLConnection.plainConnect(HttpURLConnection.java:1073)
	at sun.net.www.protocol.http.HttpURLConnection.connect(HttpURLConnection.java:1007)
	at com.xxl.job.core.util.XxlJobRemotingUtil.postBody(XxlJobRemotingUtil.java:99)
	at com.xxl.job.core.biz.client.AdminBizClient.registry(AdminBizClient.java:42)
	at com.xxl.job.core.thread.ExecutorRegistryThread$1.run(ExecutorRegistryThread.java:48)
	at java.lang.Thread.run(Thread.java:750)
[INFO] - 2026-05-20 23:45:12.506 - [xxl-job, executor ExecutorRegistryThread] - ExecutorRegistryThread#54 - INFO:>>>>>>>>>>> xxl-job registry fail, registryParam:RegistryParam{registryGroup='EXECUTOR', registryKey='other10001', registryValue='http://192.168.3.166:9999/'}, registryResult:ReturnT [code=500, msg=xxl-job remoting error(Connection refused (Connection refused)), for url : http://127.0.0.1:83/xxl-job-admin/api/registry, content=null]
[ERROR] - 2026-05-20 23:45:42.511 - [xxl-job, executor ExecutorRegistryThread] - XxlJobRemotingUtil#143 - INFO:Connection refused (Connection refused)
java.net.ConnectException: Connection refused (Connection refused)
	at java.net.PlainSocketImpl.socketConnect(Native Method)
	at java.net.AbstractPlainSocketImpl.doConnect(AbstractPlainSocketImpl.java:350)
	at java.net.AbstractPlainSocketImpl.connectToAddress(AbstractPlainSocketImpl.java:206)
	at java.net.AbstractPlainSocketImpl.connect(AbstractPlainSocketImpl.java:188)
	at java.net.SocksSocketImpl.connect(SocksSocketImpl.java:392)
	at java.net.Socket.connect(Socket.java:607)
	at sun.net.NetworkClient.doConnect(NetworkClient.java:175)
	at sun.net.www.http.HttpClient.openServer(HttpClient.java:465)
	at sun.net.www.http.HttpClient.openServer(HttpClient.java:560)
	at sun.net.www.http.HttpClient.<init>(HttpClient.java:246)
	at sun.net.www.http.HttpClient.New(HttpClient.java:341)
	at sun.net.www.http.HttpClient.New(HttpClient.java:359)
	at sun.net.www.protocol.http.HttpURLConnection.getNewHttpClient(HttpURLConnection.java:1245)
	at sun.net.www.protocol.http.HttpURLConnection.plainConnect0(HttpURLConnection.java:1179)
	at sun.net.www.protocol.http.HttpURLConnection.plainConnect(HttpURLConnection.java:1073)
	at sun.net.www.protocol.http.HttpURLConnection.connect(HttpURLConnection.java:1007)
	at com.xxl.job.core.util.XxlJobRemotingUtil.postBody(XxlJobRemotingUtil.java:99)
	at com.xxl.job.core.biz.client.AdminBizClient.registry(AdminBizClient.java:42)
	at com.xxl.job.core.thread.ExecutorRegistryThread$1.run(ExecutorRegistryThread.java:48)
	at java.lang.Thread.run(Thread.java:750)
[INFO] - 2026-05-20 23:45:42.511 - [xxl-job, executor ExecutorRegistryThread] - ExecutorRegistryThread#54 - INFO:>>>>>>>>>>> xxl-job registry fail, registryParam:RegistryParam{registryGroup='EXECUTOR', registryKey='other10001', registryValue='http://192.168.3.166:9999/'}, registryResult:ReturnT [code=500, msg=xxl-job remoting error(Connection refused (Connection refused)), for url : http://127.0.0.1:83/xxl-job-admin/api/registry, content=null]
[ERROR] - 2026-05-20 23:46:12.515 - [xxl-job, executor ExecutorRegistryThread] - XxlJobRemotingUtil#143 - INFO:Connection refused (Connection refused)
java.net.ConnectException: Connection refused (Connection refused)
	at java.net.PlainSocketImpl.socketConnect(Native Method)
	at java.net.AbstractPlainSocketImpl.doConnect(AbstractPlainSocketImpl.java:350)
	at java.net.AbstractPlainSocketImpl.connectToAddress(AbstractPlainSocketImpl.java:206)
	at java.net.AbstractPlainSocketImpl.connect(AbstractPlainSocketImpl.java:188)
	at java.net.SocksSocketImpl.connect(SocksSocketImpl.java:392)
	at java.net.Socket.connect(Socket.java:607)
	at sun.net.NetworkClient.doConnect(NetworkClient.java:175)
	at sun.net.www.http.HttpClient.openServer(HttpClient.java:465)
	at sun.net.www.http.HttpClient.openServer(HttpClient.java:560)
	at sun.net.www.http.HttpClient.<init>(HttpClient.java:246)
	at sun.net.www.http.HttpClient.New(HttpClient.java:341)
	at sun.net.www.http.HttpClient.New(HttpClient.java:359)
	at sun.net.www.protocol.http.HttpURLConnection.getNewHttpClient(HttpURLConnection.java:1245)
	at sun.net.www.protocol.http.HttpURLConnection.plainConnect0(HttpURLConnection.java:1179)
	at sun.net.www.protocol.http.HttpURLConnection.plainConnect(HttpURLConnection.java:1073)
	at sun.net.www.protocol.http.HttpURLConnection.connect(HttpURLConnection.java:1007)
	at com.xxl.job.core.util.XxlJobRemotingUtil.postBody(XxlJobRemotingUtil.java:99)
	at com.xxl.job.core.biz.client.AdminBizClient.registry(AdminBizClient.java:42)
	at com.xxl.job.core.thread.ExecutorRegistryThread$1.run(ExecutorRegistryThread.java:48)
	at java.lang.Thread.run(Thread.java:750)
[INFO] - 2026-05-20 23:46:12.516 - [xxl-job, executor ExecutorRegistryThread] - ExecutorRegistryThread#54 - INFO:>>>>>>>>>>> xxl-job registry fail, registryParam:RegistryParam{registryGroup='EXECUTOR', registryKey='other10001', registryValue='http://192.168.3.166:9999/'}, registryResult:ReturnT [code=500, msg=xxl-job remoting error(Connection refused (Connection refused)), for url : http://127.0.0.1:83/xxl-job-admin/api/registry, content=null]
[ERROR] - 2026-05-20 23:46:42.518 - [xxl-job, executor ExecutorRegistryThread] - XxlJobRemotingUtil#143 - INFO:Connection refused (Connection refused)
java.net.ConnectException: Connection refused (Connection refused)
	at java.net.PlainSocketImpl.socketConnect(Native Method)
	at java.net.AbstractPlainSocketImpl.doConnect(AbstractPlainSocketImpl.java:350)
	at java.net.AbstractPlainSocketImpl.connectToAddress(AbstractPlainSocketImpl.java:206)
	at java.net.AbstractPlainSocketImpl.connect(AbstractPlainSocketImpl.java:188)
	at java.net.SocksSocketImpl.connect(SocksSocketImpl.java:392)
	at java.net.Socket.connect(Socket.java:607)
	at sun.net.NetworkClient.doConnect(NetworkClient.java:175)
	at sun.net.www.http.HttpClient.openServer(HttpClient.java:465)
	at sun.net.www.http.HttpClient.openServer(HttpClient.java:560)
	at sun.net.www.http.HttpClient.<init>(HttpClient.java:246)
	at sun.net.www.http.HttpClient.New(HttpClient.java:341)
	at sun.net.www.http.HttpClient.New(HttpClient.java:359)
	at sun.net.www.protocol.http.HttpURLConnection.getNewHttpClient(HttpURLConnection.java:1245)
	at sun.net.www.protocol.http.HttpURLConnection.plainConnect0(HttpURLConnection.java:1179)
	at sun.net.www.protocol.http.HttpURLConnection.plainConnect(HttpURLConnection.java:1073)
	at sun.net.www.protocol.http.HttpURLConnection.connect(HttpURLConnection.java:1007)
	at com.xxl.job.core.util.XxlJobRemotingUtil.postBody(XxlJobRemotingUtil.java:99)
	at com.xxl.job.core.biz.client.AdminBizClient.registry(AdminBizClient.java:42)
	at com.xxl.job.core.thread.ExecutorRegistryThread$1.run(ExecutorRegistryThread.java:48)
	at java.lang.Thread.run(Thread.java:750)
[INFO] - 2026-05-20 23:46:42.518 - [xxl-job, executor ExecutorRegistryThread] - ExecutorRegistryThread#54 - INFO:>>>>>>>>>>> xxl-job registry fail, registryParam:RegistryParam{registryGroup='EXECUTOR', registryKey='other10001', registryValue='http://192.168.3.166:9999/'}, registryResult:ReturnT [code=500, msg=xxl-job remoting error(Connection refused (Connection refused)), for url : http://127.0.0.1:83/xxl-job-admin/api/registry, content=null]
[ERROR] - 2026-05-20 23:47:12.523 - [xxl-job, executor ExecutorRegistryThread] - XxlJobRemotingUtil#143 - INFO:Connection refused (Connection refused)
java.net.ConnectException: Connection refused (Connection refused)
	at java.net.PlainSocketImpl.socketConnect(Native Method)
	at java.net.AbstractPlainSocketImpl.doConnect(AbstractPlainSocketImpl.java:350)
	at java.net.AbstractPlainSocketImpl.connectToAddress(AbstractPlainSocketImpl.java:206)
	at java.net.AbstractPlainSocketImpl.connect(AbstractPlainSocketImpl.java:188)
	at java.net.SocksSocketImpl.connect(SocksSocketImpl.java:392)
	at java.net.Socket.connect(Socket.java:607)
	at sun.net.NetworkClient.doConnect(NetworkClient.java:175)
	at sun.net.www.http.HttpClient.openServer(HttpClient.java:465)
	at sun.net.www.http.HttpClient.openServer(HttpClient.java:560)
	at sun.net.www.http.HttpClient.<init>(HttpClient.java:246)
	at sun.net.www.http.HttpClient.New(HttpClient.java:341)
	at sun.net.www.http.HttpClient.New(HttpClient.java:359)
	at sun.net.www.protocol.http.HttpURLConnection.getNewHttpClient(HttpURLConnection.java:1245)
	at sun.net.www.protocol.http.HttpURLConnection.plainConnect0(HttpURLConnection.java:1179)
	at sun.net.www.protocol.http.HttpURLConnection.plainConnect(HttpURLConnection.java:1073)
	at sun.net.www.protocol.http.HttpURLConnection.connect(HttpURLConnection.java:1007)
	at com.xxl.job.core.util.XxlJobRemotingUtil.postBody(XxlJobRemotingUtil.java:99)
	at com.xxl.job.core.biz.client.AdminBizClient.registry(AdminBizClient.java:42)
	at com.xxl.job.core.thread.ExecutorRegistryThread$1.run(ExecutorRegistryThread.java:48)
	at java.lang.Thread.run(Thread.java:750)
[INFO] - 2026-05-20 23:47:12.524 - [xxl-job, executor ExecutorRegistryThread] - ExecutorRegistryThread#54 - INFO:>>>>>>>>>>> xxl-job registry fail, registryParam:RegistryParam{registryGroup='EXECUTOR', registryKey='other10001', registryValue='http://192.168.3.166:9999/'}, registryResult:ReturnT [code=500, msg=xxl-job remoting error(Connection refused (Connection refused)), for url : http://127.0.0.1:83/xxl-job-admin/api/registry, content=null]
[ERROR] - 2026-05-20 23:47:42.528 - [xxl-job, executor ExecutorRegistryThread] - XxlJobRemotingUtil#143 - INFO:Connection refused (Connection refused)
java.net.ConnectException: Connection refused (Connection refused)
	at java.net.PlainSocketImpl.socketConnect(Native Method)
	at java.net.AbstractPlainSocketImpl.doConnect(AbstractPlainSocketImpl.java:350)
	at java.net.AbstractPlainSocketImpl.connectToAddress(AbstractPlainSocketImpl.java:206)
	at java.net.AbstractPlainSocketImpl.connect(AbstractPlainSocketImpl.java:188)
	at java.net.SocksSocketImpl.connect(SocksSocketImpl.java:392)
	at java.net.Socket.connect(Socket.java:607)
	at sun.net.NetworkClient.doConnect(NetworkClient.java:175)
	at sun.net.www.http.HttpClient.openServer(HttpClient.java:465)
	at sun.net.www.http.HttpClient.openServer(HttpClient.java:560)
	at sun.net.www.http.HttpClient.<init>(HttpClient.java:246)
	at sun.net.www.http.HttpClient.New(HttpClient.java:341)
	at sun.net.www.http.HttpClient.New(HttpClient.java:359)
	at sun.net.www.protocol.http.HttpURLConnection.getNewHttpClient(HttpURLConnection.java:1245)
	at sun.net.www.protocol.http.HttpURLConnection.plainConnect0(HttpURLConnection.java:1179)
	at sun.net.www.protocol.http.HttpURLConnection.plainConnect(HttpURLConnection.java:1073)
	at sun.net.www.protocol.http.HttpURLConnection.connect(HttpURLConnection.java:1007)
	at com.xxl.job.core.util.XxlJobRemotingUtil.postBody(XxlJobRemotingUtil.java:99)
	at com.xxl.job.core.biz.client.AdminBizClient.registry(AdminBizClient.java:42)
	at com.xxl.job.core.thread.ExecutorRegistryThread$1.run(ExecutorRegistryThread.java:48)
	at java.lang.Thread.run(Thread.java:750)
[INFO] - 2026-05-20 23:47:42.529 - [xxl-job, executor ExecutorRegistryThread] - ExecutorRegistryThread#54 - INFO:>>>>>>>>>>> xxl-job registry fail, registryParam:RegistryParam{registryGroup='EXECUTOR', registryKey='other10001', registryValue='http://192.168.3.166:9999/'}, registryResult:ReturnT [code=500, msg=xxl-job remoting error(Connection refused (Connection refused)), for url : http://127.0.0.1:83/xxl-job-admin/api/registry, content=null]
[ERROR] - 2026-05-20 23:48:12.534 - [xxl-job, executor ExecutorRegistryThread] - XxlJobRemotingUtil#143 - INFO:Connection refused (Connection refused)
java.net.ConnectException: Connection refused (Connection refused)
	at java.net.PlainSocketImpl.socketConnect(Native Method)
	at java.net.AbstractPlainSocketImpl.doConnect(AbstractPlainSocketImpl.java:350)
	at java.net.AbstractPlainSocketImpl.connectToAddress(AbstractPlainSocketImpl.java:206)
	at java.net.AbstractPlainSocketImpl.connect(AbstractPlainSocketImpl.java:188)
	at java.net.SocksSocketImpl.connect(SocksSocketImpl.java:392)
	at java.net.Socket.connect(Socket.java:607)
	at sun.net.NetworkClient.doConnect(NetworkClient.java:175)
	at sun.net.www.http.HttpClient.openServer(HttpClient.java:465)
	at sun.net.www.http.HttpClient.openServer(HttpClient.java:560)
	at sun.net.www.http.HttpClient.<init>(HttpClient.java:246)
	at sun.net.www.http.HttpClient.New(HttpClient.java:341)
	at sun.net.www.http.HttpClient.New(HttpClient.java:359)
	at sun.net.www.protocol.http.HttpURLConnection.getNewHttpClient(HttpURLConnection.java:1245)
	at sun.net.www.protocol.http.HttpURLConnection.plainConnect0(HttpURLConnection.java:1179)
	at sun.net.www.protocol.http.HttpURLConnection.plainConnect(HttpURLConnection.java:1073)
	at sun.net.www.protocol.http.HttpURLConnection.connect(HttpURLConnection.java:1007)
	at com.xxl.job.core.util.XxlJobRemotingUtil.postBody(XxlJobRemotingUtil.java:99)
	at com.xxl.job.core.biz.client.AdminBizClient.registry(AdminBizClient.java:42)
	at com.xxl.job.core.thread.ExecutorRegistryThread$1.run(ExecutorRegistryThread.java:48)
	at java.lang.Thread.run(Thread.java:750)
[INFO] - 2026-05-20 23:48:12.534 - [xxl-job, executor ExecutorRegistryThread] - ExecutorRegistryThread#54 - INFO:>>>>>>>>>>> xxl-job registry fail, registryParam:RegistryParam{registryGroup='EXECUTOR', registryKey='other10001', registryValue='http://192.168.3.166:9999/'}, registryResult:ReturnT [code=500, msg=xxl-job remoting error(Connection refused (Connection refused)), for url : http://127.0.0.1:83/xxl-job-admin/api/registry, content=null]
[ERROR] - 2026-05-20 23:48:42.539 - [xxl-job, executor ExecutorRegistryThread] - XxlJobRemotingUtil#143 - INFO:Connection refused (Connection refused)
java.net.ConnectException: Connection refused (Connection refused)
	at java.net.PlainSocketImpl.socketConnect(Native Method)
	at java.net.AbstractPlainSocketImpl.doConnect(AbstractPlainSocketImpl.java:350)
	at java.net.AbstractPlainSocketImpl.connectToAddress(AbstractPlainSocketImpl.java:206)
	at java.net.AbstractPlainSocketImpl.connect(AbstractPlainSocketImpl.java:188)
	at java.net.SocksSocketImpl.connect(SocksSocketImpl.java:392)
	at java.net.Socket.connect(Socket.java:607)
	at sun.net.NetworkClient.doConnect(NetworkClient.java:175)
	at sun.net.www.http.HttpClient.openServer(HttpClient.java:465)
	at sun.net.www.http.HttpClient.openServer(HttpClient.java:560)
	at sun.net.www.http.HttpClient.<init>(HttpClient.java:246)
	at sun.net.www.http.HttpClient.New(HttpClient.java:341)
	at sun.net.www.http.HttpClient.New(HttpClient.java:359)
	at sun.net.www.protocol.http.HttpURLConnection.getNewHttpClient(HttpURLConnection.java:1245)
	at sun.net.www.protocol.http.HttpURLConnection.plainConnect0(HttpURLConnection.java:1179)
	at sun.net.www.protocol.http.HttpURLConnection.plainConnect(HttpURLConnection.java:1073)
	at sun.net.www.protocol.http.HttpURLConnection.connect(HttpURLConnection.java:1007)
	at com.xxl.job.core.util.XxlJobRemotingUtil.postBody(XxlJobRemotingUtil.java:99)
	at com.xxl.job.core.biz.client.AdminBizClient.registry(AdminBizClient.java:42)
	at com.xxl.job.core.thread.ExecutorRegistryThread$1.run(ExecutorRegistryThread.java:48)
	at java.lang.Thread.run(Thread.java:750)
[INFO] - 2026-05-20 23:48:42.539 - [xxl-job, executor ExecutorRegistryThread] - ExecutorRegistryThread#54 - INFO:>>>>>>>>>>> xxl-job registry fail, registryParam:RegistryParam{registryGroup='EXECUTOR', registryKey='other10001', registryValue='http://192.168.3.166:9999/'}, registryResult:ReturnT [code=500, msg=xxl-job remoting error(Connection refused (Connection refused)), for url : http://127.0.0.1:83/xxl-job-admin/api/registry, content=null]
[ERROR] - 2026-05-20 23:49:12.544 - [xxl-job, executor ExecutorRegistryThread] - XxlJobRemotingUtil#143 - INFO:Connection refused (Connection refused)
java.net.ConnectException: Connection refused (Connection refused)
	at java.net.PlainSocketImpl.socketConnect(Native Method)
	at java.net.AbstractPlainSocketImpl.doConnect(AbstractPlainSocketImpl.java:350)
	at java.net.AbstractPlainSocketImpl.connectToAddress(AbstractPlainSocketImpl.java:206)
	at java.net.AbstractPlainSocketImpl.connect(AbstractPlainSocketImpl.java:188)
	at java.net.SocksSocketImpl.connect(SocksSocketImpl.java:392)
	at java.net.Socket.connect(Socket.java:607)
	at sun.net.NetworkClient.doConnect(NetworkClient.java:175)
	at sun.net.www.http.HttpClient.openServer(HttpClient.java:465)
	at sun.net.www.http.HttpClient.openServer(HttpClient.java:560)
	at sun.net.www.http.HttpClient.<init>(HttpClient.java:246)
	at sun.net.www.http.HttpClient.New(HttpClient.java:341)
	at sun.net.www.http.HttpClient.New(HttpClient.java:359)
	at sun.net.www.protocol.http.HttpURLConnection.getNewHttpClient(HttpURLConnection.java:1245)
	at sun.net.www.protocol.http.HttpURLConnection.plainConnect0(HttpURLConnection.java:1179)
	at sun.net.www.protocol.http.HttpURLConnection.plainConnect(HttpURLConnection.java:1073)
	at sun.net.www.protocol.http.HttpURLConnection.connect(HttpURLConnection.java:1007)
	at com.xxl.job.core.util.XxlJobRemotingUtil.postBody(XxlJobRemotingUtil.java:99)
	at com.xxl.job.core.biz.client.AdminBizClient.registry(AdminBizClient.java:42)
	at com.xxl.job.core.thread.ExecutorRegistryThread$1.run(ExecutorRegistryThread.java:48)
	at java.lang.Thread.run(Thread.java:750)
[INFO] - 2026-05-20 23:49:12.545 - [xxl-job, executor ExecutorRegistryThread] - ExecutorRegistryThread#54 - INFO:>>>>>>>>>>> xxl-job registry fail, registryParam:RegistryParam{registryGroup='EXECUTOR', registryKey='other10001', registryValue='http://192.168.3.166:9999/'}, registryResult:ReturnT [code=500, msg=xxl-job remoting error(Connection refused (Connection refused)), for url : http://127.0.0.1:83/xxl-job-admin/api/registry, content=null]
[ERROR] - 2026-05-20 23:49:42.549 - [xxl-job, executor ExecutorRegistryThread] - XxlJobRemotingUtil#143 - INFO:Connection refused (Connection refused)
java.net.ConnectException: Connection refused (Connection refused)
	at java.net.PlainSocketImpl.socketConnect(Native Method)
	at java.net.AbstractPlainSocketImpl.doConnect(AbstractPlainSocketImpl.java:350)
	at java.net.AbstractPlainSocketImpl.connectToAddress(AbstractPlainSocketImpl.java:206)
	at java.net.AbstractPlainSocketImpl.connect(AbstractPlainSocketImpl.java:188)
	at java.net.SocksSocketImpl.connect(SocksSocketImpl.java:392)
	at java.net.Socket.connect(Socket.java:607)
	at sun.net.NetworkClient.doConnect(NetworkClient.java:175)
	at sun.net.www.http.HttpClient.openServer(HttpClient.java:465)
	at sun.net.www.http.HttpClient.openServer(HttpClient.java:560)
	at sun.net.www.http.HttpClient.<init>(HttpClient.java:246)
	at sun.net.www.http.HttpClient.New(HttpClient.java:341)
	at sun.net.www.http.HttpClient.New(HttpClient.java:359)
	at sun.net.www.protocol.http.HttpURLConnection.getNewHttpClient(HttpURLConnection.java:1245)
	at sun.net.www.protocol.http.HttpURLConnection.plainConnect0(HttpURLConnection.java:1179)
	at sun.net.www.protocol.http.HttpURLConnection.plainConnect(HttpURLConnection.java:1073)
	at sun.net.www.protocol.http.HttpURLConnection.connect(HttpURLConnection.java:1007)
	at com.xxl.job.core.util.XxlJobRemotingUtil.postBody(XxlJobRemotingUtil.java:99)
	at com.xxl.job.core.biz.client.AdminBizClient.registry(AdminBizClient.java:42)
	at com.xxl.job.core.thread.ExecutorRegistryThread$1.run(ExecutorRegistryThread.java:48)
	at java.lang.Thread.run(Thread.java:750)
[INFO] - 2026-05-20 23:49:42.550 - [xxl-job, executor ExecutorRegistryThread] - ExecutorRegistryThread#54 - INFO:>>>>>>>>>>> xxl-job registry fail, registryParam:RegistryParam{registryGroup='EXECUTOR', registryKey='other10001', registryValue='http://192.168.3.166:9999/'}, registryResult:ReturnT [code=500, msg=xxl-job remoting error(Connection refused (Connection refused)), for url : http://127.0.0.1:83/xxl-job-admin/api/registry, content=null]
[ERROR] - 2026-05-20 23:50:12.555 - [xxl-job, executor ExecutorRegistryThread] - XxlJobRemotingUtil#143 - INFO:Connection refused (Connection refused)
java.net.ConnectException: Connection refused (Connection refused)
	at java.net.PlainSocketImpl.socketConnect(Native Method)
	at java.net.AbstractPlainSocketImpl.doConnect(AbstractPlainSocketImpl.java:350)
	at java.net.AbstractPlainSocketImpl.connectToAddress(AbstractPlainSocketImpl.java:206)
	at java.net.AbstractPlainSocketImpl.connect(AbstractPlainSocketImpl.java:188)
	at java.net.SocksSocketImpl.connect(SocksSocketImpl.java:392)
	at java.net.Socket.connect(Socket.java:607)
	at sun.net.NetworkClient.doConnect(NetworkClient.java:175)
	at sun.net.www.http.HttpClient.openServer(HttpClient.java:465)
	at sun.net.www.http.HttpClient.openServer(HttpClient.java:560)
	at sun.net.www.http.HttpClient.<init>(HttpClient.java:246)
	at sun.net.www.http.HttpClient.New(HttpClient.java:341)
	at sun.net.www.http.HttpClient.New(HttpClient.java:359)
	at sun.net.www.protocol.http.HttpURLConnection.getNewHttpClient(HttpURLConnection.java:1245)
	at sun.net.www.protocol.http.HttpURLConnection.plainConnect0(HttpURLConnection.java:1179)
	at sun.net.www.protocol.http.HttpURLConnection.plainConnect(HttpURLConnection.java:1073)
	at sun.net.www.protocol.http.HttpURLConnection.connect(HttpURLConnection.java:1007)
	at com.xxl.job.core.util.XxlJobRemotingUtil.postBody(XxlJobRemotingUtil.java:99)
	at com.xxl.job.core.biz.client.AdminBizClient.registry(AdminBizClient.java:42)
	at com.xxl.job.core.thread.ExecutorRegistryThread$1.run(ExecutorRegistryThread.java:48)
	at java.lang.Thread.run(Thread.java:750)
[INFO] - 2026-05-20 23:50:12.555 - [xxl-job, executor ExecutorRegistryThread] - ExecutorRegistryThread#54 - INFO:>>>>>>>>>>> xxl-job registry fail, registryParam:RegistryParam{registryGroup='EXECUTOR', registryKey='other10001', registryValue='http://192.168.3.166:9999/'}, registryResult:ReturnT [code=500, msg=xxl-job remoting error(Connection refused (Connection refused)), for url : http://127.0.0.1:83/xxl-job-admin/api/registry, content=null]
[ERROR] - 2026-05-20 23:50:42.560 - [xxl-job, executor ExecutorRegistryThread] - XxlJobRemotingUtil#143 - INFO:Connection refused (Connection refused)
java.net.ConnectException: Connection refused (Connection refused)
	at java.net.PlainSocketImpl.socketConnect(Native Method)
	at java.net.AbstractPlainSocketImpl.doConnect(AbstractPlainSocketImpl.java:350)
	at java.net.AbstractPlainSocketImpl.connectToAddress(AbstractPlainSocketImpl.java:206)
	at java.net.AbstractPlainSocketImpl.connect(AbstractPlainSocketImpl.java:188)
	at java.net.SocksSocketImpl.connect(SocksSocketImpl.java:392)
	at java.net.Socket.connect(Socket.java:607)
	at sun.net.NetworkClient.doConnect(NetworkClient.java:175)
	at sun.net.www.http.HttpClient.openServer(HttpClient.java:465)
	at sun.net.www.http.HttpClient.openServer(HttpClient.java:560)
	at sun.net.www.http.HttpClient.<init>(HttpClient.java:246)
	at sun.net.www.http.HttpClient.New(HttpClient.java:341)
	at sun.net.www.http.HttpClient.New(HttpClient.java:359)
	at sun.net.www.protocol.http.HttpURLConnection.getNewHttpClient(HttpURLConnection.java:1245)
	at sun.net.www.protocol.http.HttpURLConnection.plainConnect0(HttpURLConnection.java:1179)
	at sun.net.www.protocol.http.HttpURLConnection.plainConnect(HttpURLConnection.java:1073)
	at sun.net.www.protocol.http.HttpURLConnection.connect(HttpURLConnection.java:1007)
	at com.xxl.job.core.util.XxlJobRemotingUtil.postBody(XxlJobRemotingUtil.java:99)
	at com.xxl.job.core.biz.client.AdminBizClient.registry(AdminBizClient.java:42)
	at com.xxl.job.core.thread.ExecutorRegistryThread$1.run(ExecutorRegistryThread.java:48)
	at java.lang.Thread.run(Thread.java:750)
[INFO] - 2026-05-20 23:50:42.561 - [xxl-job, executor ExecutorRegistryThread] - ExecutorRegistryThread#54 - INFO:>>>>>>>>>>> xxl-job registry fail, registryParam:RegistryParam{registryGroup='EXECUTOR', registryKey='other10001', registryValue='http://192.168.3.166:9999/'}, registryResult:ReturnT [code=500, msg=xxl-job remoting error(Connection refused (Connection refused)), for url : http://127.0.0.1:83/xxl-job-admin/api/registry, content=null]
[ERROR] - 2026-05-20 23:51:12.566 - [xxl-job, executor ExecutorRegistryThread] - XxlJobRemotingUtil#143 - INFO:Connection refused (Connection refused)
java.net.ConnectException: Connection refused (Connection refused)
	at java.net.PlainSocketImpl.socketConnect(Native Method)
	at java.net.AbstractPlainSocketImpl.doConnect(AbstractPlainSocketImpl.java:350)
	at java.net.AbstractPlainSocketImpl.connectToAddress(AbstractPlainSocketImpl.java:206)
	at java.net.AbstractPlainSocketImpl.connect(AbstractPlainSocketImpl.java:188)
	at java.net.SocksSocketImpl.connect(SocksSocketImpl.java:392)
	at java.net.Socket.connect(Socket.java:607)
	at sun.net.NetworkClient.doConnect(NetworkClient.java:175)
	at sun.net.www.http.HttpClient.openServer(HttpClient.java:465)
	at sun.net.www.http.HttpClient.openServer(HttpClient.java:560)
	at sun.net.www.http.HttpClient.<init>(HttpClient.java:246)
	at sun.net.www.http.HttpClient.New(HttpClient.java:341)
	at sun.net.www.http.HttpClient.New(HttpClient.java:359)
	at sun.net.www.protocol.http.HttpURLConnection.getNewHttpClient(HttpURLConnection.java:1245)
	at sun.net.www.protocol.http.HttpURLConnection.plainConnect0(HttpURLConnection.java:1179)
	at sun.net.www.protocol.http.HttpURLConnection.plainConnect(HttpURLConnection.java:1073)
	at sun.net.www.protocol.http.HttpURLConnection.connect(HttpURLConnection.java:1007)
	at com.xxl.job.core.util.XxlJobRemotingUtil.postBody(XxlJobRemotingUtil.java:99)
	at com.xxl.job.core.biz.client.AdminBizClient.registry(AdminBizClient.java:42)
	at com.xxl.job.core.thread.ExecutorRegistryThread$1.run(ExecutorRegistryThread.java:48)
	at java.lang.Thread.run(Thread.java:750)
[INFO] - 2026-05-20 23:51:12.566 - [xxl-job, executor ExecutorRegistryThread] - ExecutorRegistryThread#54 - INFO:>>>>>>>>>>> xxl-job registry fail, registryParam:RegistryParam{registryGroup='EXECUTOR', registryKey='other10001', registryValue='http://192.168.3.166:9999/'}, registryResult:ReturnT [code=500, msg=xxl-job remoting error(Connection refused (Connection refused)), for url : http://127.0.0.1:83/xxl-job-admin/api/registry, content=null]
[ERROR] - 2026-05-20 23:51:42.571 - [xxl-job, executor ExecutorRegistryThread] - XxlJobRemotingUtil#143 - INFO:Connection refused (Connection refused)
java.net.ConnectException: Connection refused (Connection refused)
	at java.net.PlainSocketImpl.socketConnect(Native Method)
	at java.net.AbstractPlainSocketImpl.doConnect(AbstractPlainSocketImpl.java:350)
	at java.net.AbstractPlainSocketImpl.connectToAddress(AbstractPlainSocketImpl.java:206)
	at java.net.AbstractPlainSocketImpl.connect(AbstractPlainSocketImpl.java:188)
	at java.net.SocksSocketImpl.connect(SocksSocketImpl.java:392)
	at java.net.Socket.connect(Socket.java:607)
	at sun.net.NetworkClient.doConnect(NetworkClient.java:175)
	at sun.net.www.http.HttpClient.openServer(HttpClient.java:465)
	at sun.net.www.http.HttpClient.openServer(HttpClient.java:560)
	at sun.net.www.http.HttpClient.<init>(HttpClient.java:246)
	at sun.net.www.http.HttpClient.New(HttpClient.java:341)
	at sun.net.www.http.HttpClient.New(HttpClient.java:359)
	at sun.net.www.protocol.http.HttpURLConnection.getNewHttpClient(HttpURLConnection.java:1245)
	at sun.net.www.protocol.http.HttpURLConnection.plainConnect0(HttpURLConnection.java:1179)
	at sun.net.www.protocol.http.HttpURLConnection.plainConnect(HttpURLConnection.java:1073)
	at sun.net.www.protocol.http.HttpURLConnection.connect(HttpURLConnection.java:1007)
	at com.xxl.job.core.util.XxlJobRemotingUtil.postBody(XxlJobRemotingUtil.java:99)
	at com.xxl.job.core.biz.client.AdminBizClient.registry(AdminBizClient.java:42)
	at com.xxl.job.core.thread.ExecutorRegistryThread$1.run(ExecutorRegistryThread.java:48)
	at java.lang.Thread.run(Thread.java:750)
[INFO] - 2026-05-20 23:51:42.572 - [xxl-job, executor ExecutorRegistryThread] - ExecutorRegistryThread#54 - INFO:>>>>>>>>>>> xxl-job registry fail, registryParam:RegistryParam{registryGroup='EXECUTOR', registryKey='other10001', registryValue='http://192.168.3.166:9999/'}, registryResult:ReturnT [code=500, msg=xxl-job remoting error(Connection refused (Connection refused)), for url : http://127.0.0.1:83/xxl-job-admin/api/registry, content=null]
[ERROR] - 2026-05-20 23:52:12.577 - [xxl-job, executor ExecutorRegistryThread] - XxlJobRemotingUtil#143 - INFO:Connection refused (Connection refused)
java.net.ConnectException: Connection refused (Connection refused)
	at java.net.PlainSocketImpl.socketConnect(Native Method)
	at java.net.AbstractPlainSocketImpl.doConnect(AbstractPlainSocketImpl.java:350)
	at java.net.AbstractPlainSocketImpl.connectToAddress(AbstractPlainSocketImpl.java:206)
	at java.net.AbstractPlainSocketImpl.connect(AbstractPlainSocketImpl.java:188)
	at java.net.SocksSocketImpl.connect(SocksSocketImpl.java:392)
	at java.net.Socket.connect(Socket.java:607)
	at sun.net.NetworkClient.doConnect(NetworkClient.java:175)
	at sun.net.www.http.HttpClient.openServer(HttpClient.java:465)
	at sun.net.www.http.HttpClient.openServer(HttpClient.java:560)
	at sun.net.www.http.HttpClient.<init>(HttpClient.java:246)
	at sun.net.www.http.HttpClient.New(HttpClient.java:341)
	at sun.net.www.http.HttpClient.New(HttpClient.java:359)
	at sun.net.www.protocol.http.HttpURLConnection.getNewHttpClient(HttpURLConnection.java:1245)
	at sun.net.www.protocol.http.HttpURLConnection.plainConnect0(HttpURLConnection.java:1179)
	at sun.net.www.protocol.http.HttpURLConnection.plainConnect(HttpURLConnection.java:1073)
	at sun.net.www.protocol.http.HttpURLConnection.connect(HttpURLConnection.java:1007)
	at com.xxl.job.core.util.XxlJobRemotingUtil.postBody(XxlJobRemotingUtil.java:99)
	at com.xxl.job.core.biz.client.AdminBizClient.registry(AdminBizClient.java:42)
	at com.xxl.job.core.thread.ExecutorRegistryThread$1.run(ExecutorRegistryThread.java:48)
	at java.lang.Thread.run(Thread.java:750)
[INFO] - 2026-05-20 23:52:12.578 - [xxl-job, executor ExecutorRegistryThread] - ExecutorRegistryThread#54 - INFO:>>>>>>>>>>> xxl-job registry fail, registryParam:RegistryParam{registryGroup='EXECUTOR', registryKey='other10001', registryValue='http://192.168.3.166:9999/'}, registryResult:ReturnT [code=500, msg=xxl-job remoting error(Connection refused (Connection refused)), for url : http://127.0.0.1:83/xxl-job-admin/api/registry, content=null]
