2026-05-20 23:24:44.630 [xxl-job, executor ExecutorRegistryThread] ERROR XxlJobRemotingUtil - Connection refused (Connection refused)
java.net.ConnectException: Connection refused (Connection refused)
	at java.net.PlainSocketImpl.socketConnect(Native Method)
	at java.net.AbstractPlainSocketImpl.doConnect(AbstractPlainSocketImpl.java:350)
	at java.net.AbstractPlainSocketImpl.connectToAddress(AbstractPlainSocketImpl.java:206)
	at java.net.AbstractPlainSocketImpl.connect(AbstractPlainSocketImpl.java:188)
	at java.net.SocksSocketImpl.connect(SocksSocketImpl.java:392)
	at java.net.Socket.connect(Socket.java:607)
	at sun.net.NetworkClient.doConnect(NetworkClient.java:175)
	at sun.net.www.http.HttpClient.openServer(HttpClient.java:465)
	at sun.net.www.http.HttpClient.openServer(HttpClient.java:560)
	at sun.net.www.http.HttpClient.<init>(HttpClient.java:246)
	at sun.net.www.http.HttpClient.New(HttpClient.java:341)
	at sun.net.www.http.HttpClient.New(HttpClient.java:359)
	at sun.net.www.protocol.http.HttpURLConnection.getNewHttpClient(HttpURLConnection.java:1245)
	at sun.net.www.protocol.http.HttpURLConnection.plainConnect0(HttpURLConnection.java:1179)
	at sun.net.www.protocol.http.HttpURLConnection.plainConnect(HttpURLConnection.java:1073)
	at sun.net.www.protocol.http.HttpURLConnection.connect(HttpURLConnection.java:1007)
	at com.xxl.job.core.util.XxlJobRemotingUtil.postBody(XxlJobRemotingUtil.java:99)
	at com.xxl.job.core.biz.client.AdminBizClient.registry(AdminBizClient.java:42)
	at com.xxl.job.core.thread.ExecutorRegistryThread$1.run(ExecutorRegistryThread.java:48)
	at java.lang.Thread.run(Thread.java:750)
2026-05-20 23:25:14.581 [main] ERROR AreaManager - the exception {}
org.springframework.dao.DataAccessResourceFailureException: Timed out after 30000 ms while waiting for a server that matches ReadPreferenceServerSelector{readPreference=primary}. Client view of cluster state is {type=UNKNOWN, servers=[{address=127.0.0.1:27017, type=UNKNOWN, state=CONNECTING, exception={com.mongodb.MongoSecurityException: Exception authenticating MongoCredential{mechanism=null, userName='a772616239', source='admin', password=<hidden>, mechanismProperties={}}}, caused by {com.mongodb.MongoCommandException: Command failed with error 18: 'Authentication failed.' on server 127.0.0.1:27017. The full response is { "ok" : 0.0, "errmsg" : "Authentication failed.", "code" : 18, "codeName" : "AuthenticationFailed" }}}]; nested exception is com.mongodb.MongoTimeoutException: Timed out after 30000 ms while waiting for a server that matches ReadPreferenceServerSelector{readPreference=primary}. Client view of cluster state is {type=UNKNOWN, servers=[{address=127.0.0.1:27017, type=UNKNOWN, state=CONNECTING, exception={com.mongodb.MongoSecurityException: Exception authenticating MongoCredential{mechanism=null, userName='a772616239', source='admin', password=<hidden>, mechanismProperties={}}}, caused by {com.mongodb.MongoCommandException: Command failed with error 18: 'Authentication failed.' on server 127.0.0.1:27017. The full response is { "ok" : 0.0, "errmsg" : "Authentication failed.", "code" : 18, "codeName" : "AuthenticationFailed" }}}]
	at org.springframework.data.mongodb.core.MongoExceptionTranslator.translateExceptionIfPossible(MongoExceptionTranslator.java:77)
	at org.springframework.data.mongodb.core.MongoTemplate.potentiallyConvertRuntimeException(MongoTemplate.java:2146)
	at org.springframework.data.mongodb.core.MongoTemplate.executeFindOneInternal(MongoTemplate.java:1928)
	at org.springframework.data.mongodb.core.MongoTemplate.doFindOne(MongoTemplate.java:1736)
	at org.springframework.data.mongodb.core.MongoTemplate.findById(MongoTemplate.java:656)
	at org.springframework.data.mongodb.core.MongoTemplate.findById(MongoTemplate.java:649)
	at com.ljsd.jieling.core.CoreLogic.findServerArenaInfoManager(CoreLogic.java:34)
	at com.ljsd.jieling.db.mongo.AreaManager.initParm(AreaManager.java:79)
	at com.ljsd.jieling.db.mongo.AreaManager.init(AreaManager.java:51)
	at com.ljsd.jieling.db.mongo.MongoUtil.init(MongoUtil.java:77)
	at com.ljsd.GameApplication.main(GameApplication.java:57)
Caused by: com.mongodb.MongoTimeoutException: Timed out after 30000 ms while waiting for a server that matches ReadPreferenceServerSelector{readPreference=primary}. Client view of cluster state is {type=UNKNOWN, servers=[{address=127.0.0.1:27017, type=UNKNOWN, state=CONNECTING, exception={com.mongodb.MongoSecurityException: Exception authenticating MongoCredential{mechanism=null, userName='a772616239', source='admin', password=<hidden>, mechanismProperties={}}}, caused by {com.mongodb.MongoCommandException: Command failed with error 18: 'Authentication failed.' on server 127.0.0.1:27017. The full response is { "ok" : 0.0, "errmsg" : "Authentication failed.", "code" : 18, "codeName" : "AuthenticationFailed" }}}]
	at com.mongodb.connection.BaseCluster.createTimeoutException(BaseCluster.java:377)
	at com.mongodb.connection.BaseCluster.selectServer(BaseCluster.java:104)
	at com.mongodb.binding.ClusterBinding$ClusterBindingConnectionSource.<init>(ClusterBinding.java:75)
	at com.mongodb.binding.ClusterBinding$ClusterBindingConnectionSource.<init>(ClusterBinding.java:71)
	at com.mongodb.binding.ClusterBinding.getReadConnectionSource(ClusterBinding.java:63)
	at com.mongodb.operation.OperationHelper.withConnection(OperationHelper.java:406)
	at com.mongodb.operation.FindOperation.execute(FindOperation.java:510)
	at com.mongodb.operation.FindOperation.execute(FindOperation.java:81)
	at com.mongodb.Mongo.execute(Mongo.java:836)
	at com.mongodb.Mongo$2.execute(Mongo.java:823)
	at com.mongodb.DBCursor.initializeCursor(DBCursor.java:870)
	at com.mongodb.DBCursor.hasNext(DBCursor.java:142)
	at com.mongodb.DBCursor.one(DBCursor.java:679)
	at com.mongodb.DBCollection.findOne(DBCollection.java:833)
	at com.mongodb.DBCollection.findOne(DBCollection.java:796)
	at com.mongodb.DBCollection.findOne(DBCollection.java:743)
	at org.springframework.data.mongodb.core.MongoTemplate$FindOneCallback.doInCollection(MongoTemplate.java:2197)
	at org.springframework.data.mongodb.core.MongoTemplate$FindOneCallback.doInCollection(MongoTemplate.java:2181)
	at org.springframework.data.mongodb.core.MongoTemplate.executeFindOneInternal(MongoTemplate.java:1925)
	... 8 common frames omitted
2026-05-20 23:25:14.634 [xxl-job, executor ExecutorRegistryThread] ERROR XxlJobRemotingUtil - Connection refused (Connection refused)
java.net.ConnectException: Connection refused (Connection refused)
	at java.net.PlainSocketImpl.socketConnect(Native Method)
	at java.net.AbstractPlainSocketImpl.doConnect(AbstractPlainSocketImpl.java:350)
	at java.net.AbstractPlainSocketImpl.connectToAddress(AbstractPlainSocketImpl.java:206)
	at java.net.AbstractPlainSocketImpl.connect(AbstractPlainSocketImpl.java:188)
	at java.net.SocksSocketImpl.connect(SocksSocketImpl.java:392)
	at java.net.Socket.connect(Socket.java:607)
	at sun.net.NetworkClient.doConnect(NetworkClient.java:175)
	at sun.net.www.http.HttpClient.openServer(HttpClient.java:465)
	at sun.net.www.http.HttpClient.openServer(HttpClient.java:560)
	at sun.net.www.http.HttpClient.<init>(HttpClient.java:246)
	at sun.net.www.http.HttpClient.New(HttpClient.java:341)
	at sun.net.www.http.HttpClient.New(HttpClient.java:359)
	at sun.net.www.protocol.http.HttpURLConnection.getNewHttpClient(HttpURLConnection.java:1245)
	at sun.net.www.protocol.http.HttpURLConnection.plainConnect0(HttpURLConnection.java:1179)
	at sun.net.www.protocol.http.HttpURLConnection.plainConnect(HttpURLConnection.java:1073)
	at sun.net.www.protocol.http.HttpURLConnection.connect(HttpURLConnection.java:1007)
	at com.xxl.job.core.util.XxlJobRemotingUtil.postBody(XxlJobRemotingUtil.java:99)
	at com.xxl.job.core.biz.client.AdminBizClient.registry(AdminBizClient.java:42)
	at com.xxl.job.core.thread.ExecutorRegistryThread$1.run(ExecutorRegistryThread.java:48)
	at java.lang.Thread.run(Thread.java:750)
2026-05-20 23:25:42.205 [xxl-job, executor ExecutorRegistryThread] ERROR XxlJobRemotingUtil - Connection refused (Connection refused)
java.net.ConnectException: Connection refused (Connection refused)
	at java.net.PlainSocketImpl.socketConnect(Native Method)
	at java.net.AbstractPlainSocketImpl.doConnect(AbstractPlainSocketImpl.java:350)
	at java.net.AbstractPlainSocketImpl.connectToAddress(AbstractPlainSocketImpl.java:206)
	at java.net.AbstractPlainSocketImpl.connect(AbstractPlainSocketImpl.java:188)
	at java.net.SocksSocketImpl.connect(SocksSocketImpl.java:392)
	at java.net.Socket.connect(Socket.java:607)
	at sun.net.NetworkClient.doConnect(NetworkClient.java:175)
	at sun.net.www.http.HttpClient.openServer(HttpClient.java:465)
	at sun.net.www.http.HttpClient.openServer(HttpClient.java:560)
	at sun.net.www.http.HttpClient.<init>(HttpClient.java:246)
	at sun.net.www.http.HttpClient.New(HttpClient.java:341)
	at sun.net.www.http.HttpClient.New(HttpClient.java:359)
	at sun.net.www.protocol.http.HttpURLConnection.getNewHttpClient(HttpURLConnection.java:1245)
	at sun.net.www.protocol.http.HttpURLConnection.plainConnect0(HttpURLConnection.java:1179)
	at sun.net.www.protocol.http.HttpURLConnection.plainConnect(HttpURLConnection.java:1073)
	at sun.net.www.protocol.http.HttpURLConnection.connect(HttpURLConnection.java:1007)
	at com.xxl.job.core.util.XxlJobRemotingUtil.postBody(XxlJobRemotingUtil.java:99)
	at com.xxl.job.core.biz.client.AdminBizClient.registry(AdminBizClient.java:42)
	at com.xxl.job.core.thread.ExecutorRegistryThread$1.run(ExecutorRegistryThread.java:48)
	at java.lang.Thread.run(Thread.java:750)
2026-05-20 23:25:43.577 [main] ERROR STableManager - file not find /home/java/gameserver/conf/server/MapPointConfig.txt,  do not find sheet with MapPointConfig  you need rebuild all sheet by gen sheet tool!
2026-05-20 23:25:43.591 [main] ERROR STableManager - file not find /home/java/gameserver/conf/server/AccomplishmentConfig.txt,  do not find sheet with AccomplishmentConfig  you need rebuild all sheet by gen sheet tool!
2026-05-20 23:25:43.604 [main] ERROR STableManager - file not find /home/java/gameserver/conf/server/AchievementConfig.txt,  do not find sheet with AchievementConfig  you need rebuild all sheet by gen sheet tool!
2026-05-20 23:25:43.616 [main] ERROR STableManager - file not find /home/java/gameserver/conf/server/ActivityChapterConfig.txt,  do not find sheet with ActivityChapterConfig  you need rebuild all sheet by gen sheet tool!
2026-05-20 23:25:43.629 [main] ERROR STableManager - file not find /home/java/gameserver/conf/server/ActivityDropReward.txt,  do not find sheet with ActivityDropReward  you need rebuild all sheet by gen sheet tool!
2026-05-20 23:25:43.642 [main] ERROR STableManager - file not find /home/java/gameserver/conf/server/ActivityLevelConfig.txt,  do not find sheet with ActivityLevelConfig  you need rebuild all sheet by gen sheet tool!
2026-05-20 23:25:43.655 [main] ERROR STableManager - file not find /home/java/gameserver/conf/server/ActivityRankingReward.txt,  do not find sheet with ActivityRankingReward  you need rebuild all sheet by gen sheet tool!
2026-05-20 23:25:43.669 [main] ERROR STableManager - file not find /home/java/gameserver/conf/server/ActivityRewardConfig.txt,  do not find sheet with ActivityRewardConfig  you need rebuild all sheet by gen sheet tool!
2026-05-20 23:25:43.682 [main] ERROR STableManager - file not find /home/java/gameserver/conf/server/AdjustConfig.txt,  do not find sheet with AdjustConfig  you need rebuild all sheet by gen sheet tool!
2026-05-20 23:25:43.695 [main] ERROR STableManager - file not find /home/java/gameserver/conf/server/AdjutantChatConfig.txt,  do not find sheet with AdjutantChatConfig  you need rebuild all sheet by gen sheet tool!
2026-05-20 23:25:43.708 [main] ERROR STableManager - file not find /home/java/gameserver/conf/server/AdjutantConfig.txt,  do not find sheet with AdjutantConfig  you need rebuild all sheet by gen sheet tool!
2026-05-20 23:25:43.722 [main] ERROR STableManager - file not find /home/java/gameserver/conf/server/AdjutantHandselConfig.txt,  do not find sheet with AdjutantHandselConfig  you need rebuild all sheet by gen sheet tool!
2026-05-20 23:25:43.735 [main] ERROR STableManager - file not find /home/java/gameserver/conf/server/AdjutantSkillConfig.txt,  do not find sheet with AdjutantSkillConfig  you need rebuild all sheet by gen sheet tool!
2026-05-20 23:25:43.748 [main] ERROR STableManager - file not find /home/java/gameserver/conf/server/AdjutantTeachConfig.txt,  do not find sheet with AdjutantTeachConfig  you need rebuild all sheet by gen sheet tool!
2026-05-20 23:25:43.760 [main] ERROR STableManager - file not find /home/java/gameserver/conf/server/AlameinChapter.txt,  do not find sheet with AlameinChapter  you need rebuild all sheet by gen sheet tool!
2026-05-20 23:25:43.774 [main] ERROR STableManager - file not find /home/java/gameserver/conf/server/AlameinLevel.txt,  do not find sheet with AlameinLevel  you need rebuild all sheet by gen sheet tool!
2026-05-20 23:25:43.788 [main] ERROR STableManager - file not find /home/java/gameserver/conf/server/ArenaRobotConfig.txt,  do not find sheet with ArenaRobotConfig  you need rebuild all sheet by gen sheet tool!
2026-05-20 23:25:43.801 [main] ERROR STableManager - file not find /home/java/gameserver/conf/server/ArenaSetting.txt,  do not find sheet with ArenaSetting  you need rebuild all sheet by gen sheet tool!
2026-05-20 23:25:43.815 [main] ERROR STableManager - file not find /home/java/gameserver/conf/server/ArroGantFly.txt,  do not find sheet with ArroGantFly  you need rebuild all sheet by gen sheet tool!
2026-05-20 23:25:43.828 [main] ERROR STableManager - file not find /home/java/gameserver/conf/server/ArtifactConfig.txt,  do not find sheet with ArtifactConfig  you need rebuild all sheet by gen sheet tool!
2026-05-20 23:25:43.842 [main] ERROR STableManager - file not find /home/java/gameserver/conf/server/ArtifactLevelConfig.txt,  do not find sheet with ArtifactLevelConfig  you need rebuild all sheet by gen sheet tool!
2026-05-20 23:25:43.855 [main] ERROR STableManager - file not find /home/java/gameserver/conf/server/ArtifactRefineConfig.txt,  do not find sheet with ArtifactRefineConfig  you need rebuild all sheet by gen sheet tool!
2026-05-20 23:25:43.868 [main] ERROR STableManager - file not find /home/java/gameserver/conf/server/ArtifactSkillConfig.txt,  do not find sheet with ArtifactSkillConfig  you need rebuild all sheet by gen sheet tool!
2026-05-20 23:25:43.881 [main] ERROR STableManager - file not find /home/java/gameserver/conf/server/ArtifactSoulConfig.txt,  do not find sheet with ArtifactSoulConfig  you need rebuild all sheet by gen sheet tool!
2026-05-20 23:25:43.894 [main] ERROR STableManager - file not find /home/java/gameserver/conf/server/BattlePassReward.txt,  do not find sheet with BattlePassReward  you need rebuild all sheet by gen sheet tool!
2026-05-20 23:25:43.907 [main] ERROR STableManager - file not find /home/java/gameserver/conf/server/BattlePassTask.txt,  do not find sheet with BattlePassTask  you need rebuild all sheet by gen sheet tool!
2026-05-20 23:25:43.919 [main] ERROR STableManager - file not find /home/java/gameserver/conf/server/BeginnerTask.txt,  do not find sheet with BeginnerTask  you need rebuild all sheet by gen sheet tool!
2026-05-20 23:25:43.932 [main] ERROR STableManager - file not find /home/java/gameserver/conf/server/BlessingConfig.txt,  do not find sheet with BlessingConfig  you need rebuild all sheet by gen sheet tool!
2026-05-20 23:25:43.945 [main] ERROR STableManager - file not find /home/java/gameserver/conf/server/BlessingConfigNew.txt,  do not find sheet with BlessingConfigNew  you need rebuild all sheet by gen sheet tool!
2026-05-20 23:25:43.958 [main] ERROR STableManager - file not find /home/java/gameserver/conf/server/BlessingRewardPoolNew.txt,  do not find sheet with BlessingRewardPoolNew  you need rebuild all sheet by gen sheet tool!
2026-05-20 23:25:43.970 [main] ERROR STableManager - file not find /home/java/gameserver/conf/server/BlitzBoxAwards.txt,  do not find sheet with BlitzBoxAwards  you need rebuild all sheet by gen sheet tool!
2026-05-20 23:25:43.983 [main] ERROR STableManager - file not find /home/java/gameserver/conf/server/BlitzConfig.txt,  do not find sheet with BlitzConfig  you need rebuild all sheet by gen sheet tool!
2026-05-20 23:25:43.996 [main] ERROR STableManager - file not find /home/java/gameserver/conf/server/BlitzType.txt,  do not find sheet with BlitzType  you need rebuild all sheet by gen sheet tool!
2026-05-20 23:25:44.009 [main] ERROR STableManager - file not find /home/java/gameserver/conf/server/BloodyBattleSetting.txt,  do not find sheet with BloodyBattleSetting  you need rebuild all sheet by gen sheet tool!
2026-05-20 23:26:12.216 [xxl-job, executor ExecutorRegistryThread] ERROR XxlJobRemotingUtil - Connection refused (Connection refused)
java.net.ConnectException: Connection refused (Connection refused)
	at java.net.PlainSocketImpl.socketConnect(Native Method)
	at java.net.AbstractPlainSocketImpl.doConnect(AbstractPlainSocketImpl.java:350)
	at java.net.AbstractPlainSocketImpl.connectToAddress(AbstractPlainSocketImpl.java:206)
	at java.net.AbstractPlainSocketImpl.connect(AbstractPlainSocketImpl.java:188)
	at java.net.SocksSocketImpl.connect(SocksSocketImpl.java:392)
	at java.net.Socket.connect(Socket.java:607)
	at sun.net.NetworkClient.doConnect(NetworkClient.java:175)
	at sun.net.www.http.HttpClient.openServer(HttpClient.java:465)
	at sun.net.www.http.HttpClient.openServer(HttpClient.java:560)
	at sun.net.www.http.HttpClient.<init>(HttpClient.java:246)
	at sun.net.www.http.HttpClient.New(HttpClient.java:341)
	at sun.net.www.http.HttpClient.New(HttpClient.java:359)
	at sun.net.www.protocol.http.HttpURLConnection.getNewHttpClient(HttpURLConnection.java:1245)
	at sun.net.www.protocol.http.HttpURLConnection.plainConnect0(HttpURLConnection.java:1179)
	at sun.net.www.protocol.http.HttpURLConnection.plainConnect(HttpURLConnection.java:1073)
	at sun.net.www.protocol.http.HttpURLConnection.connect(HttpURLConnection.java:1007)
	at com.xxl.job.core.util.XxlJobRemotingUtil.postBody(XxlJobRemotingUtil.java:99)
	at com.xxl.job.core.biz.client.AdminBizClient.registry(AdminBizClient.java:42)
	at com.xxl.job.core.thread.ExecutorRegistryThread$1.run(ExecutorRegistryThread.java:48)
	at java.lang.Thread.run(Thread.java:750)
2026-05-20 23:26:42.227 [xxl-job, executor ExecutorRegistryThread] ERROR XxlJobRemotingUtil - Connection refused (Connection refused)
java.net.ConnectException: Connection refused (Connection refused)
	at java.net.PlainSocketImpl.socketConnect(Native Method)
	at java.net.AbstractPlainSocketImpl.doConnect(AbstractPlainSocketImpl.java:350)
	at java.net.AbstractPlainSocketImpl.connectToAddress(AbstractPlainSocketImpl.java:206)
	at java.net.AbstractPlainSocketImpl.connect(AbstractPlainSocketImpl.java:188)
	at java.net.SocksSocketImpl.connect(SocksSocketImpl.java:392)
	at java.net.Socket.connect(Socket.java:607)
	at sun.net.NetworkClient.doConnect(NetworkClient.java:175)
	at sun.net.www.http.HttpClient.openServer(HttpClient.java:465)
	at sun.net.www.http.HttpClient.openServer(HttpClient.java:560)
	at sun.net.www.http.HttpClient.<init>(HttpClient.java:246)
	at sun.net.www.http.HttpClient.New(HttpClient.java:341)
	at sun.net.www.http.HttpClient.New(HttpClient.java:359)
	at sun.net.www.protocol.http.HttpURLConnection.getNewHttpClient(HttpURLConnection.java:1245)
	at sun.net.www.protocol.http.HttpURLConnection.plainConnect0(HttpURLConnection.java:1179)
	at sun.net.www.protocol.http.HttpURLConnection.plainConnect(HttpURLConnection.java:1073)
	at sun.net.www.protocol.http.HttpURLConnection.connect(HttpURLConnection.java:1007)
	at com.xxl.job.core.util.XxlJobRemotingUtil.postBody(XxlJobRemotingUtil.java:99)
	at com.xxl.job.core.biz.client.AdminBizClient.registry(AdminBizClient.java:42)
	at com.xxl.job.core.thread.ExecutorRegistryThread$1.run(ExecutorRegistryThread.java:48)
	at java.lang.Thread.run(Thread.java:750)
2026-05-20 23:27:12.232 [xxl-job, executor ExecutorRegistryThread] ERROR XxlJobRemotingUtil - Connection refused (Connection refused)
java.net.ConnectException: Connection refused (Connection refused)
	at java.net.PlainSocketImpl.socketConnect(Native Method)
	at java.net.AbstractPlainSocketImpl.doConnect(AbstractPlainSocketImpl.java:350)
	at java.net.AbstractPlainSocketImpl.connectToAddress(AbstractPlainSocketImpl.java:206)
	at java.net.AbstractPlainSocketImpl.connect(AbstractPlainSocketImpl.java:188)
	at java.net.SocksSocketImpl.connect(SocksSocketImpl.java:392)
	at java.net.Socket.connect(Socket.java:607)
	at sun.net.NetworkClient.doConnect(NetworkClient.java:175)
	at sun.net.www.http.HttpClient.openServer(HttpClient.java:465)
	at sun.net.www.http.HttpClient.openServer(HttpClient.java:560)
	at sun.net.www.http.HttpClient.<init>(HttpClient.java:246)
	at sun.net.www.http.HttpClient.New(HttpClient.java:341)
	at sun.net.www.http.HttpClient.New(HttpClient.java:359)
	at sun.net.www.protocol.http.HttpURLConnection.getNewHttpClient(HttpURLConnection.java:1245)
	at sun.net.www.protocol.http.HttpURLConnection.plainConnect0(HttpURLConnection.java:1179)
	at sun.net.www.protocol.http.HttpURLConnection.plainConnect(HttpURLConnection.java:1073)
	at sun.net.www.protocol.http.HttpURLConnection.connect(HttpURLConnection.java:1007)
	at com.xxl.job.core.util.XxlJobRemotingUtil.postBody(XxlJobRemotingUtil.java:99)
	at com.xxl.job.core.biz.client.AdminBizClient.registry(AdminBizClient.java:42)
	at com.xxl.job.core.thread.ExecutorRegistryThread$1.run(ExecutorRegistryThread.java:48)
	at java.lang.Thread.run(Thread.java:750)
2026-05-20 23:27:42.238 [xxl-job, executor ExecutorRegistryThread] ERROR XxlJobRemotingUtil - Connection refused (Connection refused)
java.net.ConnectException: Connection refused (Connection refused)
	at java.net.PlainSocketImpl.socketConnect(Native Method)
	at java.net.AbstractPlainSocketImpl.doConnect(AbstractPlainSocketImpl.java:350)
	at java.net.AbstractPlainSocketImpl.connectToAddress(AbstractPlainSocketImpl.java:206)
	at java.net.AbstractPlainSocketImpl.connect(AbstractPlainSocketImpl.java:188)
	at java.net.SocksSocketImpl.connect(SocksSocketImpl.java:392)
	at java.net.Socket.connect(Socket.java:607)
	at sun.net.NetworkClient.doConnect(NetworkClient.java:175)
	at sun.net.www.http.HttpClient.openServer(HttpClient.java:465)
	at sun.net.www.http.HttpClient.openServer(HttpClient.java:560)
	at sun.net.www.http.HttpClient.<init>(HttpClient.java:246)
	at sun.net.www.http.HttpClient.New(HttpClient.java:341)
	at sun.net.www.http.HttpClient.New(HttpClient.java:359)
	at sun.net.www.protocol.http.HttpURLConnection.getNewHttpClient(HttpURLConnection.java:1245)
	at sun.net.www.protocol.http.HttpURLConnection.plainConnect0(HttpURLConnection.java:1179)
	at sun.net.www.protocol.http.HttpURLConnection.plainConnect(HttpURLConnection.java:1073)
	at sun.net.www.protocol.http.HttpURLConnection.connect(HttpURLConnection.java:1007)
	at com.xxl.job.core.util.XxlJobRemotingUtil.postBody(XxlJobRemotingUtil.java:99)
	at com.xxl.job.core.biz.client.AdminBizClient.registry(AdminBizClient.java:42)
	at com.xxl.job.core.thread.ExecutorRegistryThread$1.run(ExecutorRegistryThread.java:48)
	at java.lang.Thread.run(Thread.java:750)
2026-05-20 23:28:12.243 [xxl-job, executor ExecutorRegistryThread] ERROR XxlJobRemotingUtil - Connection refused (Connection refused)
java.net.ConnectException: Connection refused (Connection refused)
	at java.net.PlainSocketImpl.socketConnect(Native Method)
	at java.net.AbstractPlainSocketImpl.doConnect(AbstractPlainSocketImpl.java:350)
	at java.net.AbstractPlainSocketImpl.connectToAddress(AbstractPlainSocketImpl.java:206)
	at java.net.AbstractPlainSocketImpl.connect(AbstractPlainSocketImpl.java:188)
	at java.net.SocksSocketImpl.connect(SocksSocketImpl.java:392)
	at java.net.Socket.connect(Socket.java:607)
	at sun.net.NetworkClient.doConnect(NetworkClient.java:175)
	at sun.net.www.http.HttpClient.openServer(HttpClient.java:465)
	at sun.net.www.http.HttpClient.openServer(HttpClient.java:560)
	at sun.net.www.http.HttpClient.<init>(HttpClient.java:246)
	at sun.net.www.http.HttpClient.New(HttpClient.java:341)
	at sun.net.www.http.HttpClient.New(HttpClient.java:359)
	at sun.net.www.protocol.http.HttpURLConnection.getNewHttpClient(HttpURLConnection.java:1245)
	at sun.net.www.protocol.http.HttpURLConnection.plainConnect0(HttpURLConnection.java:1179)
	at sun.net.www.protocol.http.HttpURLConnection.plainConnect(HttpURLConnection.java:1073)
	at sun.net.www.protocol.http.HttpURLConnection.connect(HttpURLConnection.java:1007)
	at com.xxl.job.core.util.XxlJobRemotingUtil.postBody(XxlJobRemotingUtil.java:99)
	at com.xxl.job.core.biz.client.AdminBizClient.registry(AdminBizClient.java:42)
	at com.xxl.job.core.thread.ExecutorRegistryThread$1.run(ExecutorRegistryThread.java:48)
	at java.lang.Thread.run(Thread.java:750)
2026-05-20 23:28:42.245 [xxl-job, executor ExecutorRegistryThread] ERROR XxlJobRemotingUtil - Connection refused (Connection refused)
java.net.ConnectException: Connection refused (Connection refused)
	at java.net.PlainSocketImpl.socketConnect(Native Method)
	at java.net.AbstractPlainSocketImpl.doConnect(AbstractPlainSocketImpl.java:350)
	at java.net.AbstractPlainSocketImpl.connectToAddress(AbstractPlainSocketImpl.java:206)
	at java.net.AbstractPlainSocketImpl.connect(AbstractPlainSocketImpl.java:188)
	at java.net.SocksSocketImpl.connect(SocksSocketImpl.java:392)
	at java.net.Socket.connect(Socket.java:607)
	at sun.net.NetworkClient.doConnect(NetworkClient.java:175)
	at sun.net.www.http.HttpClient.openServer(HttpClient.java:465)
	at sun.net.www.http.HttpClient.openServer(HttpClient.java:560)
	at sun.net.www.http.HttpClient.<init>(HttpClient.java:246)
	at sun.net.www.http.HttpClient.New(HttpClient.java:341)
	at sun.net.www.http.HttpClient.New(HttpClient.java:359)
	at sun.net.www.protocol.http.HttpURLConnection.getNewHttpClient(HttpURLConnection.java:1245)
	at sun.net.www.protocol.http.HttpURLConnection.plainConnect0(HttpURLConnection.java:1179)
	at sun.net.www.protocol.http.HttpURLConnection.plainConnect(HttpURLConnection.java:1073)
	at sun.net.www.protocol.http.HttpURLConnection.connect(HttpURLConnection.java:1007)
	at com.xxl.job.core.util.XxlJobRemotingUtil.postBody(XxlJobRemotingUtil.java:99)
	at com.xxl.job.core.biz.client.AdminBizClient.registry(AdminBizClient.java:42)
	at com.xxl.job.core.thread.ExecutorRegistryThread$1.run(ExecutorRegistryThread.java:48)
	at java.lang.Thread.run(Thread.java:750)
2026-05-20 23:29:12.249 [xxl-job, executor ExecutorRegistryThread] ERROR XxlJobRemotingUtil - Connection refused (Connection refused)
java.net.ConnectException: Connection refused (Connection refused)
	at java.net.PlainSocketImpl.socketConnect(Native Method)
	at java.net.AbstractPlainSocketImpl.doConnect(AbstractPlainSocketImpl.java:350)
	at java.net.AbstractPlainSocketImpl.connectToAddress(AbstractPlainSocketImpl.java:206)
	at java.net.AbstractPlainSocketImpl.connect(AbstractPlainSocketImpl.java:188)
	at java.net.SocksSocketImpl.connect(SocksSocketImpl.java:392)
	at java.net.Socket.connect(Socket.java:607)
	at sun.net.NetworkClient.doConnect(NetworkClient.java:175)
	at sun.net.www.http.HttpClient.openServer(HttpClient.java:465)
	at sun.net.www.http.HttpClient.openServer(HttpClient.java:560)
	at sun.net.www.http.HttpClient.<init>(HttpClient.java:246)
	at sun.net.www.http.HttpClient.New(HttpClient.java:341)
	at sun.net.www.http.HttpClient.New(HttpClient.java:359)
	at sun.net.www.protocol.http.HttpURLConnection.getNewHttpClient(HttpURLConnection.java:1245)
	at sun.net.www.protocol.http.HttpURLConnection.plainConnect0(HttpURLConnection.java:1179)
	at sun.net.www.protocol.http.HttpURLConnection.plainConnect(HttpURLConnection.java:1073)
	at sun.net.www.protocol.http.HttpURLConnection.connect(HttpURLConnection.java:1007)
	at com.xxl.job.core.util.XxlJobRemotingUtil.postBody(XxlJobRemotingUtil.java:99)
	at com.xxl.job.core.biz.client.AdminBizClient.registry(AdminBizClient.java:42)
	at com.xxl.job.core.thread.ExecutorRegistryThread$1.run(ExecutorRegistryThread.java:48)
	at java.lang.Thread.run(Thread.java:750)
2026-05-20 23:29:42.251 [xxl-job, executor ExecutorRegistryThread] ERROR XxlJobRemotingUtil - Connection refused (Connection refused)
java.net.ConnectException: Connection refused (Connection refused)
	at java.net.PlainSocketImpl.socketConnect(Native Method)
	at java.net.AbstractPlainSocketImpl.doConnect(AbstractPlainSocketImpl.java:350)
	at java.net.AbstractPlainSocketImpl.connectToAddress(AbstractPlainSocketImpl.java:206)
	at java.net.AbstractPlainSocketImpl.connect(AbstractPlainSocketImpl.java:188)
	at java.net.SocksSocketImpl.connect(SocksSocketImpl.java:392)
	at java.net.Socket.connect(Socket.java:607)
	at sun.net.NetworkClient.doConnect(NetworkClient.java:175)
	at sun.net.www.http.HttpClient.openServer(HttpClient.java:465)
	at sun.net.www.http.HttpClient.openServer(HttpClient.java:560)
	at sun.net.www.http.HttpClient.<init>(HttpClient.java:246)
	at sun.net.www.http.HttpClient.New(HttpClient.java:341)
	at sun.net.www.http.HttpClient.New(HttpClient.java:359)
	at sun.net.www.protocol.http.HttpURLConnection.getNewHttpClient(HttpURLConnection.java:1245)
	at sun.net.www.protocol.http.HttpURLConnection.plainConnect0(HttpURLConnection.java:1179)
	at sun.net.www.protocol.http.HttpURLConnection.plainConnect(HttpURLConnection.java:1073)
	at sun.net.www.protocol.http.HttpURLConnection.connect(HttpURLConnection.java:1007)
	at com.xxl.job.core.util.XxlJobRemotingUtil.postBody(XxlJobRemotingUtil.java:99)
	at com.xxl.job.core.biz.client.AdminBizClient.registry(AdminBizClient.java:42)
	at com.xxl.job.core.thread.ExecutorRegistryThread$1.run(ExecutorRegistryThread.java:48)
	at java.lang.Thread.run(Thread.java:750)
2026-05-20 23:30:12.256 [xxl-job, executor ExecutorRegistryThread] ERROR XxlJobRemotingUtil - Connection refused (Connection refused)
java.net.ConnectException: Connection refused (Connection refused)
	at java.net.PlainSocketImpl.socketConnect(Native Method)
	at java.net.AbstractPlainSocketImpl.doConnect(AbstractPlainSocketImpl.java:350)
	at java.net.AbstractPlainSocketImpl.connectToAddress(AbstractPlainSocketImpl.java:206)
	at java.net.AbstractPlainSocketImpl.connect(AbstractPlainSocketImpl.java:188)
	at java.net.SocksSocketImpl.connect(SocksSocketImpl.java:392)
	at java.net.Socket.connect(Socket.java:607)
	at sun.net.NetworkClient.doConnect(NetworkClient.java:175)
	at sun.net.www.http.HttpClient.openServer(HttpClient.java:465)
	at sun.net.www.http.HttpClient.openServer(HttpClient.java:560)
	at sun.net.www.http.HttpClient.<init>(HttpClient.java:246)
	at sun.net.www.http.HttpClient.New(HttpClient.java:341)
	at sun.net.www.http.HttpClient.New(HttpClient.java:359)
	at sun.net.www.protocol.http.HttpURLConnection.getNewHttpClient(HttpURLConnection.java:1245)
	at sun.net.www.protocol.http.HttpURLConnection.plainConnect0(HttpURLConnection.java:1179)
	at sun.net.www.protocol.http.HttpURLConnection.plainConnect(HttpURLConnection.java:1073)
	at sun.net.www.protocol.http.HttpURLConnection.connect(HttpURLConnection.java:1007)
	at com.xxl.job.core.util.XxlJobRemotingUtil.postBody(XxlJobRemotingUtil.java:99)
	at com.xxl.job.core.biz.client.AdminBizClient.registry(AdminBizClient.java:42)
	at com.xxl.job.core.thread.ExecutorRegistryThread$1.run(ExecutorRegistryThread.java:48)
	at java.lang.Thread.run(Thread.java:750)
2026-05-20 23:30:42.262 [xxl-job, executor ExecutorRegistryThread] ERROR XxlJobRemotingUtil - Connection refused (Connection refused)
java.net.ConnectException: Connection refused (Connection refused)
	at java.net.PlainSocketImpl.socketConnect(Native Method)
	at java.net.AbstractPlainSocketImpl.doConnect(AbstractPlainSocketImpl.java:350)
	at java.net.AbstractPlainSocketImpl.connectToAddress(AbstractPlainSocketImpl.java:206)
	at java.net.AbstractPlainSocketImpl.connect(AbstractPlainSocketImpl.java:188)
	at java.net.SocksSocketImpl.connect(SocksSocketImpl.java:392)
	at java.net.Socket.connect(Socket.java:607)
	at sun.net.NetworkClient.doConnect(NetworkClient.java:175)
	at sun.net.www.http.HttpClient.openServer(HttpClient.java:465)
	at sun.net.www.http.HttpClient.openServer(HttpClient.java:560)
	at sun.net.www.http.HttpClient.<init>(HttpClient.java:246)
	at sun.net.www.http.HttpClient.New(HttpClient.java:341)
	at sun.net.www.http.HttpClient.New(HttpClient.java:359)
	at sun.net.www.protocol.http.HttpURLConnection.getNewHttpClient(HttpURLConnection.java:1245)
	at sun.net.www.protocol.http.HttpURLConnection.plainConnect0(HttpURLConnection.java:1179)
	at sun.net.www.protocol.http.HttpURLConnection.plainConnect(HttpURLConnection.java:1073)
	at sun.net.www.protocol.http.HttpURLConnection.connect(HttpURLConnection.java:1007)
	at com.xxl.job.core.util.XxlJobRemotingUtil.postBody(XxlJobRemotingUtil.java:99)
	at com.xxl.job.core.biz.client.AdminBizClient.registry(AdminBizClient.java:42)
	at com.xxl.job.core.thread.ExecutorRegistryThread$1.run(ExecutorRegistryThread.java:48)
	at java.lang.Thread.run(Thread.java:750)
2026-05-20 23:31:12.268 [xxl-job, executor ExecutorRegistryThread] ERROR XxlJobRemotingUtil - Connection refused (Connection refused)
java.net.ConnectException: Connection refused (Connection refused)
	at java.net.PlainSocketImpl.socketConnect(Native Method)
	at java.net.AbstractPlainSocketImpl.doConnect(AbstractPlainSocketImpl.java:350)
	at java.net.AbstractPlainSocketImpl.connectToAddress(AbstractPlainSocketImpl.java:206)
	at java.net.AbstractPlainSocketImpl.connect(AbstractPlainSocketImpl.java:188)
	at java.net.SocksSocketImpl.connect(SocksSocketImpl.java:392)
	at java.net.Socket.connect(Socket.java:607)
	at sun.net.NetworkClient.doConnect(NetworkClient.java:175)
	at sun.net.www.http.HttpClient.openServer(HttpClient.java:465)
	at sun.net.www.http.HttpClient.openServer(HttpClient.java:560)
	at sun.net.www.http.HttpClient.<init>(HttpClient.java:246)
	at sun.net.www.http.HttpClient.New(HttpClient.java:341)
	at sun.net.www.http.HttpClient.New(HttpClient.java:359)
	at sun.net.www.protocol.http.HttpURLConnection.getNewHttpClient(HttpURLConnection.java:1245)
	at sun.net.www.protocol.http.HttpURLConnection.plainConnect0(HttpURLConnection.java:1179)
	at sun.net.www.protocol.http.HttpURLConnection.plainConnect(HttpURLConnection.java:1073)
	at sun.net.www.protocol.http.HttpURLConnection.connect(HttpURLConnection.java:1007)
	at com.xxl.job.core.util.XxlJobRemotingUtil.postBody(XxlJobRemotingUtil.java:99)
	at com.xxl.job.core.biz.client.AdminBizClient.registry(AdminBizClient.java:42)
	at com.xxl.job.core.thread.ExecutorRegistryThread$1.run(ExecutorRegistryThread.java:48)
	at java.lang.Thread.run(Thread.java:750)
2026-05-20 23:31:42.272 [xxl-job, executor ExecutorRegistryThread] ERROR XxlJobRemotingUtil - Connection refused (Connection refused)
java.net.ConnectException: Connection refused (Connection refused)
	at java.net.PlainSocketImpl.socketConnect(Native Method)
	at java.net.AbstractPlainSocketImpl.doConnect(AbstractPlainSocketImpl.java:350)
	at java.net.AbstractPlainSocketImpl.connectToAddress(AbstractPlainSocketImpl.java:206)
	at java.net.AbstractPlainSocketImpl.connect(AbstractPlainSocketImpl.java:188)
	at java.net.SocksSocketImpl.connect(SocksSocketImpl.java:392)
	at java.net.Socket.connect(Socket.java:607)
	at sun.net.NetworkClient.doConnect(NetworkClient.java:175)
	at sun.net.www.http.HttpClient.openServer(HttpClient.java:465)
	at sun.net.www.http.HttpClient.openServer(HttpClient.java:560)
	at sun.net.www.http.HttpClient.<init>(HttpClient.java:246)
	at sun.net.www.http.HttpClient.New(HttpClient.java:341)
	at sun.net.www.http.HttpClient.New(HttpClient.java:359)
	at sun.net.www.protocol.http.HttpURLConnection.getNewHttpClient(HttpURLConnection.java:1245)
	at sun.net.www.protocol.http.HttpURLConnection.plainConnect0(HttpURLConnection.java:1179)
	at sun.net.www.protocol.http.HttpURLConnection.plainConnect(HttpURLConnection.java:1073)
	at sun.net.www.protocol.http.HttpURLConnection.connect(HttpURLConnection.java:1007)
	at com.xxl.job.core.util.XxlJobRemotingUtil.postBody(XxlJobRemotingUtil.java:99)
	at com.xxl.job.core.biz.client.AdminBizClient.registry(AdminBizClient.java:42)
	at com.xxl.job.core.thread.ExecutorRegistryThread$1.run(ExecutorRegistryThread.java:48)
	at java.lang.Thread.run(Thread.java:750)
2026-05-20 23:32:12.278 [xxl-job, executor ExecutorRegistryThread] ERROR XxlJobRemotingUtil - Connection refused (Connection refused)
java.net.ConnectException: Connection refused (Connection refused)
	at java.net.PlainSocketImpl.socketConnect(Native Method)
	at java.net.AbstractPlainSocketImpl.doConnect(AbstractPlainSocketImpl.java:350)
	at java.net.AbstractPlainSocketImpl.connectToAddress(AbstractPlainSocketImpl.java:206)
	at java.net.AbstractPlainSocketImpl.connect(AbstractPlainSocketImpl.java:188)
	at java.net.SocksSocketImpl.connect(SocksSocketImpl.java:392)
	at java.net.Socket.connect(Socket.java:607)
	at sun.net.NetworkClient.doConnect(NetworkClient.java:175)
	at sun.net.www.http.HttpClient.openServer(HttpClient.java:465)
	at sun.net.www.http.HttpClient.openServer(HttpClient.java:560)
	at sun.net.www.http.HttpClient.<init>(HttpClient.java:246)
	at sun.net.www.http.HttpClient.New(HttpClient.java:341)
	at sun.net.www.http.HttpClient.New(HttpClient.java:359)
	at sun.net.www.protocol.http.HttpURLConnection.getNewHttpClient(HttpURLConnection.java:1245)
	at sun.net.www.protocol.http.HttpURLConnection.plainConnect0(HttpURLConnection.java:1179)
	at sun.net.www.protocol.http.HttpURLConnection.plainConnect(HttpURLConnection.java:1073)
	at sun.net.www.protocol.http.HttpURLConnection.connect(HttpURLConnection.java:1007)
	at com.xxl.job.core.util.XxlJobRemotingUtil.postBody(XxlJobRemotingUtil.java:99)
	at com.xxl.job.core.biz.client.AdminBizClient.registry(AdminBizClient.java:42)
	at com.xxl.job.core.thread.ExecutorRegistryThread$1.run(ExecutorRegistryThread.java:48)
	at java.lang.Thread.run(Thread.java:750)
2026-05-20 23:32:42.282 [xxl-job, executor ExecutorRegistryThread] ERROR XxlJobRemotingUtil - Connection refused (Connection refused)
java.net.ConnectException: Connection refused (Connection refused)
	at java.net.PlainSocketImpl.socketConnect(Native Method)
	at java.net.AbstractPlainSocketImpl.doConnect(AbstractPlainSocketImpl.java:350)
	at java.net.AbstractPlainSocketImpl.connectToAddress(AbstractPlainSocketImpl.java:206)
	at java.net.AbstractPlainSocketImpl.connect(AbstractPlainSocketImpl.java:188)
	at java.net.SocksSocketImpl.connect(SocksSocketImpl.java:392)
	at java.net.Socket.connect(Socket.java:607)
	at sun.net.NetworkClient.doConnect(NetworkClient.java:175)
	at sun.net.www.http.HttpClient.openServer(HttpClient.java:465)
	at sun.net.www.http.HttpClient.openServer(HttpClient.java:560)
	at sun.net.www.http.HttpClient.<init>(HttpClient.java:246)
	at sun.net.www.http.HttpClient.New(HttpClient.java:341)
	at sun.net.www.http.HttpClient.New(HttpClient.java:359)
	at sun.net.www.protocol.http.HttpURLConnection.getNewHttpClient(HttpURLConnection.java:1245)
	at sun.net.www.protocol.http.HttpURLConnection.plainConnect0(HttpURLConnection.java:1179)
	at sun.net.www.protocol.http.HttpURLConnection.plainConnect(HttpURLConnection.java:1073)
	at sun.net.www.protocol.http.HttpURLConnection.connect(HttpURLConnection.java:1007)
	at com.xxl.job.core.util.XxlJobRemotingUtil.postBody(XxlJobRemotingUtil.java:99)
	at com.xxl.job.core.biz.client.AdminBizClient.registry(AdminBizClient.java:42)
	at com.xxl.job.core.thread.ExecutorRegistryThread$1.run(ExecutorRegistryThread.java:48)
	at java.lang.Thread.run(Thread.java:750)
2026-05-20 23:33:12.292 [xxl-job, executor ExecutorRegistryThread] ERROR XxlJobRemotingUtil - Connection refused (Connection refused)
java.net.ConnectException: Connection refused (Connection refused)
	at java.net.PlainSocketImpl.socketConnect(Native Method)
	at java.net.AbstractPlainSocketImpl.doConnect(AbstractPlainSocketImpl.java:350)
	at java.net.AbstractPlainSocketImpl.connectToAddress(AbstractPlainSocketImpl.java:206)
	at java.net.AbstractPlainSocketImpl.connect(AbstractPlainSocketImpl.java:188)
	at java.net.SocksSocketImpl.connect(SocksSocketImpl.java:392)
	at java.net.Socket.connect(Socket.java:607)
	at sun.net.NetworkClient.doConnect(NetworkClient.java:175)
	at sun.net.www.http.HttpClient.openServer(HttpClient.java:465)
	at sun.net.www.http.HttpClient.openServer(HttpClient.java:560)
	at sun.net.www.http.HttpClient.<init>(HttpClient.java:246)
	at sun.net.www.http.HttpClient.New(HttpClient.java:341)
	at sun.net.www.http.HttpClient.New(HttpClient.java:359)
	at sun.net.www.protocol.http.HttpURLConnection.getNewHttpClient(HttpURLConnection.java:1245)
	at sun.net.www.protocol.http.HttpURLConnection.plainConnect0(HttpURLConnection.java:1179)
	at sun.net.www.protocol.http.HttpURLConnection.plainConnect(HttpURLConnection.java:1073)
	at sun.net.www.protocol.http.HttpURLConnection.connect(HttpURLConnection.java:1007)
	at com.xxl.job.core.util.XxlJobRemotingUtil.postBody(XxlJobRemotingUtil.java:99)
	at com.xxl.job.core.biz.client.AdminBizClient.registry(AdminBizClient.java:42)
	at com.xxl.job.core.thread.ExecutorRegistryThread$1.run(ExecutorRegistryThread.java:48)
	at java.lang.Thread.run(Thread.java:750)
2026-05-20 23:33:42.302 [xxl-job, executor ExecutorRegistryThread] ERROR XxlJobRemotingUtil - Connection refused (Connection refused)
java.net.ConnectException: Connection refused (Connection refused)
	at java.net.PlainSocketImpl.socketConnect(Native Method)
	at java.net.AbstractPlainSocketImpl.doConnect(AbstractPlainSocketImpl.java:350)
	at java.net.AbstractPlainSocketImpl.connectToAddress(AbstractPlainSocketImpl.java:206)
	at java.net.AbstractPlainSocketImpl.connect(AbstractPlainSocketImpl.java:188)
	at java.net.SocksSocketImpl.connect(SocksSocketImpl.java:392)
	at java.net.Socket.connect(Socket.java:607)
	at sun.net.NetworkClient.doConnect(NetworkClient.java:175)
	at sun.net.www.http.HttpClient.openServer(HttpClient.java:465)
	at sun.net.www.http.HttpClient.openServer(HttpClient.java:560)
	at sun.net.www.http.HttpClient.<init>(HttpClient.java:246)
	at sun.net.www.http.HttpClient.New(HttpClient.java:341)
	at sun.net.www.http.HttpClient.New(HttpClient.java:359)
	at sun.net.www.protocol.http.HttpURLConnection.getNewHttpClient(HttpURLConnection.java:1245)
	at sun.net.www.protocol.http.HttpURLConnection.plainConnect0(HttpURLConnection.java:1179)
	at sun.net.www.protocol.http.HttpURLConnection.plainConnect(HttpURLConnection.java:1073)
	at sun.net.www.protocol.http.HttpURLConnection.connect(HttpURLConnection.java:1007)
	at com.xxl.job.core.util.XxlJobRemotingUtil.postBody(XxlJobRemotingUtil.java:99)
	at com.xxl.job.core.biz.client.AdminBizClient.registry(AdminBizClient.java:42)
	at com.xxl.job.core.thread.ExecutorRegistryThread$1.run(ExecutorRegistryThread.java:48)
	at java.lang.Thread.run(Thread.java:750)
2026-05-20 23:34:12.307 [xxl-job, executor ExecutorRegistryThread] ERROR XxlJobRemotingUtil - Connection refused (Connection refused)
java.net.ConnectException: Connection refused (Connection refused)
	at java.net.PlainSocketImpl.socketConnect(Native Method)
	at java.net.AbstractPlainSocketImpl.doConnect(AbstractPlainSocketImpl.java:350)
	at java.net.AbstractPlainSocketImpl.connectToAddress(AbstractPlainSocketImpl.java:206)
	at java.net.AbstractPlainSocketImpl.connect(AbstractPlainSocketImpl.java:188)
	at java.net.SocksSocketImpl.connect(SocksSocketImpl.java:392)
	at java.net.Socket.connect(Socket.java:607)
	at sun.net.NetworkClient.doConnect(NetworkClient.java:175)
	at sun.net.www.http.HttpClient.openServer(HttpClient.java:465)
	at sun.net.www.http.HttpClient.openServer(HttpClient.java:560)
	at sun.net.www.http.HttpClient.<init>(HttpClient.java:246)
	at sun.net.www.http.HttpClient.New(HttpClient.java:341)
	at sun.net.www.http.HttpClient.New(HttpClient.java:359)
	at sun.net.www.protocol.http.HttpURLConnection.getNewHttpClient(HttpURLConnection.java:1245)
	at sun.net.www.protocol.http.HttpURLConnection.plainConnect0(HttpURLConnection.java:1179)
	at sun.net.www.protocol.http.HttpURLConnection.plainConnect(HttpURLConnection.java:1073)
	at sun.net.www.protocol.http.HttpURLConnection.connect(HttpURLConnection.java:1007)
	at com.xxl.job.core.util.XxlJobRemotingUtil.postBody(XxlJobRemotingUtil.java:99)
	at com.xxl.job.core.biz.client.AdminBizClient.registry(AdminBizClient.java:42)
	at com.xxl.job.core.thread.ExecutorRegistryThread$1.run(ExecutorRegistryThread.java:48)
	at java.lang.Thread.run(Thread.java:750)
2026-05-20 23:34:42.317 [xxl-job, executor ExecutorRegistryThread] ERROR XxlJobRemotingUtil - Connection refused (Connection refused)
java.net.ConnectException: Connection refused (Connection refused)
	at java.net.PlainSocketImpl.socketConnect(Native Method)
	at java.net.AbstractPlainSocketImpl.doConnect(AbstractPlainSocketImpl.java:350)
	at java.net.AbstractPlainSocketImpl.connectToAddress(AbstractPlainSocketImpl.java:206)
	at java.net.AbstractPlainSocketImpl.connect(AbstractPlainSocketImpl.java:188)
	at java.net.SocksSocketImpl.connect(SocksSocketImpl.java:392)
	at java.net.Socket.connect(Socket.java:607)
	at sun.net.NetworkClient.doConnect(NetworkClient.java:175)
	at sun.net.www.http.HttpClient.openServer(HttpClient.java:465)
	at sun.net.www.http.HttpClient.openServer(HttpClient.java:560)
	at sun.net.www.http.HttpClient.<init>(HttpClient.java:246)
	at sun.net.www.http.HttpClient.New(HttpClient.java:341)
	at sun.net.www.http.HttpClient.New(HttpClient.java:359)
	at sun.net.www.protocol.http.HttpURLConnection.getNewHttpClient(HttpURLConnection.java:1245)
	at sun.net.www.protocol.http.HttpURLConnection.plainConnect0(HttpURLConnection.java:1179)
	at sun.net.www.protocol.http.HttpURLConnection.plainConnect(HttpURLConnection.java:1073)
	at sun.net.www.protocol.http.HttpURLConnection.connect(HttpURLConnection.java:1007)
	at com.xxl.job.core.util.XxlJobRemotingUtil.postBody(XxlJobRemotingUtil.java:99)
	at com.xxl.job.core.biz.client.AdminBizClient.registry(AdminBizClient.java:42)
	at com.xxl.job.core.thread.ExecutorRegistryThread$1.run(ExecutorRegistryThread.java:48)
	at java.lang.Thread.run(Thread.java:750)
2026-05-20 23:35:12.327 [xxl-job, executor ExecutorRegistryThread] ERROR XxlJobRemotingUtil - Connection refused (Connection refused)
java.net.ConnectException: Connection refused (Connection refused)
	at java.net.PlainSocketImpl.socketConnect(Native Method)
	at java.net.AbstractPlainSocketImpl.doConnect(AbstractPlainSocketImpl.java:350)
	at java.net.AbstractPlainSocketImpl.connectToAddress(AbstractPlainSocketImpl.java:206)
	at java.net.AbstractPlainSocketImpl.connect(AbstractPlainSocketImpl.java:188)
	at java.net.SocksSocketImpl.connect(SocksSocketImpl.java:392)
	at java.net.Socket.connect(Socket.java:607)
	at sun.net.NetworkClient.doConnect(NetworkClient.java:175)
	at sun.net.www.http.HttpClient.openServer(HttpClient.java:465)
	at sun.net.www.http.HttpClient.openServer(HttpClient.java:560)
	at sun.net.www.http.HttpClient.<init>(HttpClient.java:246)
	at sun.net.www.http.HttpClient.New(HttpClient.java:341)
	at sun.net.www.http.HttpClient.New(HttpClient.java:359)
	at sun.net.www.protocol.http.HttpURLConnection.getNewHttpClient(HttpURLConnection.java:1245)
	at sun.net.www.protocol.http.HttpURLConnection.plainConnect0(HttpURLConnection.java:1179)
	at sun.net.www.protocol.http.HttpURLConnection.plainConnect(HttpURLConnection.java:1073)
	at sun.net.www.protocol.http.HttpURLConnection.connect(HttpURLConnection.java:1007)
	at com.xxl.job.core.util.XxlJobRemotingUtil.postBody(XxlJobRemotingUtil.java:99)
	at com.xxl.job.core.biz.client.AdminBizClient.registry(AdminBizClient.java:42)
	at com.xxl.job.core.thread.ExecutorRegistryThread$1.run(ExecutorRegistryThread.java:48)
	at java.lang.Thread.run(Thread.java:750)
2026-05-20 23:35:42.337 [xxl-job, executor ExecutorRegistryThread] ERROR XxlJobRemotingUtil - Connection refused (Connection refused)
java.net.ConnectException: Connection refused (Connection refused)
	at java.net.PlainSocketImpl.socketConnect(Native Method)
	at java.net.AbstractPlainSocketImpl.doConnect(AbstractPlainSocketImpl.java:350)
	at java.net.AbstractPlainSocketImpl.connectToAddress(AbstractPlainSocketImpl.java:206)
	at java.net.AbstractPlainSocketImpl.connect(AbstractPlainSocketImpl.java:188)
	at java.net.SocksSocketImpl.connect(SocksSocketImpl.java:392)
	at java.net.Socket.connect(Socket.java:607)
	at sun.net.NetworkClient.doConnect(NetworkClient.java:175)
	at sun.net.www.http.HttpClient.openServer(HttpClient.java:465)
	at sun.net.www.http.HttpClient.openServer(HttpClient.java:560)
	at sun.net.www.http.HttpClient.<init>(HttpClient.java:246)
	at sun.net.www.http.HttpClient.New(HttpClient.java:341)
	at sun.net.www.http.HttpClient.New(HttpClient.java:359)
	at sun.net.www.protocol.http.HttpURLConnection.getNewHttpClient(HttpURLConnection.java:1245)
	at sun.net.www.protocol.http.HttpURLConnection.plainConnect0(HttpURLConnection.java:1179)
	at sun.net.www.protocol.http.HttpURLConnection.plainConnect(HttpURLConnection.java:1073)
	at sun.net.www.protocol.http.HttpURLConnection.connect(HttpURLConnection.java:1007)
	at com.xxl.job.core.util.XxlJobRemotingUtil.postBody(XxlJobRemotingUtil.java:99)
	at com.xxl.job.core.biz.client.AdminBizClient.registry(AdminBizClient.java:42)
	at com.xxl.job.core.thread.ExecutorRegistryThread$1.run(ExecutorRegistryThread.java:48)
	at java.lang.Thread.run(Thread.java:750)
2026-05-20 23:36:12.347 [xxl-job, executor ExecutorRegistryThread] ERROR XxlJobRemotingUtil - Connection refused (Connection refused)
java.net.ConnectException: Connection refused (Connection refused)
	at java.net.PlainSocketImpl.socketConnect(Native Method)
	at java.net.AbstractPlainSocketImpl.doConnect(AbstractPlainSocketImpl.java:350)
	at java.net.AbstractPlainSocketImpl.connectToAddress(AbstractPlainSocketImpl.java:206)
	at java.net.AbstractPlainSocketImpl.connect(AbstractPlainSocketImpl.java:188)
	at java.net.SocksSocketImpl.connect(SocksSocketImpl.java:392)
	at java.net.Socket.connect(Socket.java:607)
	at sun.net.NetworkClient.doConnect(NetworkClient.java:175)
	at sun.net.www.http.HttpClient.openServer(HttpClient.java:465)
	at sun.net.www.http.HttpClient.openServer(HttpClient.java:560)
	at sun.net.www.http.HttpClient.<init>(HttpClient.java:246)
	at sun.net.www.http.HttpClient.New(HttpClient.java:341)
	at sun.net.www.http.HttpClient.New(HttpClient.java:359)
	at sun.net.www.protocol.http.HttpURLConnection.getNewHttpClient(HttpURLConnection.java:1245)
	at sun.net.www.protocol.http.HttpURLConnection.plainConnect0(HttpURLConnection.java:1179)
	at sun.net.www.protocol.http.HttpURLConnection.plainConnect(HttpURLConnection.java:1073)
	at sun.net.www.protocol.http.HttpURLConnection.connect(HttpURLConnection.java:1007)
	at com.xxl.job.core.util.XxlJobRemotingUtil.postBody(XxlJobRemotingUtil.java:99)
	at com.xxl.job.core.biz.client.AdminBizClient.registry(AdminBizClient.java:42)
	at com.xxl.job.core.thread.ExecutorRegistryThread$1.run(ExecutorRegistryThread.java:48)
	at java.lang.Thread.run(Thread.java:750)
2026-05-20 23:36:42.355 [xxl-job, executor ExecutorRegistryThread] ERROR XxlJobRemotingUtil - Connection refused (Connection refused)
java.net.ConnectException: Connection refused (Connection refused)
	at java.net.PlainSocketImpl.socketConnect(Native Method)
	at java.net.AbstractPlainSocketImpl.doConnect(AbstractPlainSocketImpl.java:350)
	at java.net.AbstractPlainSocketImpl.connectToAddress(AbstractPlainSocketImpl.java:206)
	at java.net.AbstractPlainSocketImpl.connect(AbstractPlainSocketImpl.java:188)
	at java.net.SocksSocketImpl.connect(SocksSocketImpl.java:392)
	at java.net.Socket.connect(Socket.java:607)
	at sun.net.NetworkClient.doConnect(NetworkClient.java:175)
	at sun.net.www.http.HttpClient.openServer(HttpClient.java:465)
	at sun.net.www.http.HttpClient.openServer(HttpClient.java:560)
	at sun.net.www.http.HttpClient.<init>(HttpClient.java:246)
	at sun.net.www.http.HttpClient.New(HttpClient.java:341)
	at sun.net.www.http.HttpClient.New(HttpClient.java:359)
	at sun.net.www.protocol.http.HttpURLConnection.getNewHttpClient(HttpURLConnection.java:1245)
	at sun.net.www.protocol.http.HttpURLConnection.plainConnect0(HttpURLConnection.java:1179)
	at sun.net.www.protocol.http.HttpURLConnection.plainConnect(HttpURLConnection.java:1073)
	at sun.net.www.protocol.http.HttpURLConnection.connect(HttpURLConnection.java:1007)
	at com.xxl.job.core.util.XxlJobRemotingUtil.postBody(XxlJobRemotingUtil.java:99)
	at com.xxl.job.core.biz.client.AdminBizClient.registry(AdminBizClient.java:42)
	at com.xxl.job.core.thread.ExecutorRegistryThread$1.run(ExecutorRegistryThread.java:48)
	at java.lang.Thread.run(Thread.java:750)
2026-05-20 23:37:12.365 [xxl-job, executor ExecutorRegistryThread] ERROR XxlJobRemotingUtil - Connection refused (Connection refused)
java.net.ConnectException: Connection refused (Connection refused)
	at java.net.PlainSocketImpl.socketConnect(Native Method)
	at java.net.AbstractPlainSocketImpl.doConnect(AbstractPlainSocketImpl.java:350)
	at java.net.AbstractPlainSocketImpl.connectToAddress(AbstractPlainSocketImpl.java:206)
	at java.net.AbstractPlainSocketImpl.connect(AbstractPlainSocketImpl.java:188)
	at java.net.SocksSocketImpl.connect(SocksSocketImpl.java:392)
	at java.net.Socket.connect(Socket.java:607)
	at sun.net.NetworkClient.doConnect(NetworkClient.java:175)
	at sun.net.www.http.HttpClient.openServer(HttpClient.java:465)
	at sun.net.www.http.HttpClient.openServer(HttpClient.java:560)
	at sun.net.www.http.HttpClient.<init>(HttpClient.java:246)
	at sun.net.www.http.HttpClient.New(HttpClient.java:341)
	at sun.net.www.http.HttpClient.New(HttpClient.java:359)
	at sun.net.www.protocol.http.HttpURLConnection.getNewHttpClient(HttpURLConnection.java:1245)
	at sun.net.www.protocol.http.HttpURLConnection.plainConnect0(HttpURLConnection.java:1179)
	at sun.net.www.protocol.http.HttpURLConnection.plainConnect(HttpURLConnection.java:1073)
	at sun.net.www.protocol.http.HttpURLConnection.connect(HttpURLConnection.java:1007)
	at com.xxl.job.core.util.XxlJobRemotingUtil.postBody(XxlJobRemotingUtil.java:99)
	at com.xxl.job.core.biz.client.AdminBizClient.registry(AdminBizClient.java:42)
	at com.xxl.job.core.thread.ExecutorRegistryThread$1.run(ExecutorRegistryThread.java:48)
	at java.lang.Thread.run(Thread.java:750)
2026-05-20 23:37:42.376 [xxl-job, executor ExecutorRegistryThread] ERROR XxlJobRemotingUtil - Connection refused (Connection refused)
java.net.ConnectException: Connection refused (Connection refused)
	at java.net.PlainSocketImpl.socketConnect(Native Method)
	at java.net.AbstractPlainSocketImpl.doConnect(AbstractPlainSocketImpl.java:350)
	at java.net.AbstractPlainSocketImpl.connectToAddress(AbstractPlainSocketImpl.java:206)
	at java.net.AbstractPlainSocketImpl.connect(AbstractPlainSocketImpl.java:188)
	at java.net.SocksSocketImpl.connect(SocksSocketImpl.java:392)
	at java.net.Socket.connect(Socket.java:607)
	at sun.net.NetworkClient.doConnect(NetworkClient.java:175)
	at sun.net.www.http.HttpClient.openServer(HttpClient.java:465)
	at sun.net.www.http.HttpClient.openServer(HttpClient.java:560)
	at sun.net.www.http.HttpClient.<init>(HttpClient.java:246)
	at sun.net.www.http.HttpClient.New(HttpClient.java:341)
	at sun.net.www.http.HttpClient.New(HttpClient.java:359)
	at sun.net.www.protocol.http.HttpURLConnection.getNewHttpClient(HttpURLConnection.java:1245)
	at sun.net.www.protocol.http.HttpURLConnection.plainConnect0(HttpURLConnection.java:1179)
	at sun.net.www.protocol.http.HttpURLConnection.plainConnect(HttpURLConnection.java:1073)
	at sun.net.www.protocol.http.HttpURLConnection.connect(HttpURLConnection.java:1007)
	at com.xxl.job.core.util.XxlJobRemotingUtil.postBody(XxlJobRemotingUtil.java:99)
	at com.xxl.job.core.biz.client.AdminBizClient.registry(AdminBizClient.java:42)
	at com.xxl.job.core.thread.ExecutorRegistryThread$1.run(ExecutorRegistryThread.java:48)
	at java.lang.Thread.run(Thread.java:750)
2026-05-20 23:38:12.386 [xxl-job, executor ExecutorRegistryThread] ERROR XxlJobRemotingUtil - Connection refused (Connection refused)
java.net.ConnectException: Connection refused (Connection refused)
	at java.net.PlainSocketImpl.socketConnect(Native Method)
	at java.net.AbstractPlainSocketImpl.doConnect(AbstractPlainSocketImpl.java:350)
	at java.net.AbstractPlainSocketImpl.connectToAddress(AbstractPlainSocketImpl.java:206)
	at java.net.AbstractPlainSocketImpl.connect(AbstractPlainSocketImpl.java:188)
	at java.net.SocksSocketImpl.connect(SocksSocketImpl.java:392)
	at java.net.Socket.connect(Socket.java:607)
	at sun.net.NetworkClient.doConnect(NetworkClient.java:175)
	at sun.net.www.http.HttpClient.openServer(HttpClient.java:465)
	at sun.net.www.http.HttpClient.openServer(HttpClient.java:560)
	at sun.net.www.http.HttpClient.<init>(HttpClient.java:246)
	at sun.net.www.http.HttpClient.New(HttpClient.java:341)
	at sun.net.www.http.HttpClient.New(HttpClient.java:359)
	at sun.net.www.protocol.http.HttpURLConnection.getNewHttpClient(HttpURLConnection.java:1245)
	at sun.net.www.protocol.http.HttpURLConnection.plainConnect0(HttpURLConnection.java:1179)
	at sun.net.www.protocol.http.HttpURLConnection.plainConnect(HttpURLConnection.java:1073)
	at sun.net.www.protocol.http.HttpURLConnection.connect(HttpURLConnection.java:1007)
	at com.xxl.job.core.util.XxlJobRemotingUtil.postBody(XxlJobRemotingUtil.java:99)
	at com.xxl.job.core.biz.client.AdminBizClient.registry(AdminBizClient.java:42)
	at com.xxl.job.core.thread.ExecutorRegistryThread$1.run(ExecutorRegistryThread.java:48)
	at java.lang.Thread.run(Thread.java:750)
2026-05-20 23:38:42.396 [xxl-job, executor ExecutorRegistryThread] ERROR XxlJobRemotingUtil - Connection refused (Connection refused)
java.net.ConnectException: Connection refused (Connection refused)
	at java.net.PlainSocketImpl.socketConnect(Native Method)
	at java.net.AbstractPlainSocketImpl.doConnect(AbstractPlainSocketImpl.java:350)
	at java.net.AbstractPlainSocketImpl.connectToAddress(AbstractPlainSocketImpl.java:206)
	at java.net.AbstractPlainSocketImpl.connect(AbstractPlainSocketImpl.java:188)
	at java.net.SocksSocketImpl.connect(SocksSocketImpl.java:392)
	at java.net.Socket.connect(Socket.java:607)
	at sun.net.NetworkClient.doConnect(NetworkClient.java:175)
	at sun.net.www.http.HttpClient.openServer(HttpClient.java:465)
	at sun.net.www.http.HttpClient.openServer(HttpClient.java:560)
	at sun.net.www.http.HttpClient.<init>(HttpClient.java:246)
	at sun.net.www.http.HttpClient.New(HttpClient.java:341)
	at sun.net.www.http.HttpClient.New(HttpClient.java:359)
	at sun.net.www.protocol.http.HttpURLConnection.getNewHttpClient(HttpURLConnection.java:1245)
	at sun.net.www.protocol.http.HttpURLConnection.plainConnect0(HttpURLConnection.java:1179)
	at sun.net.www.protocol.http.HttpURLConnection.plainConnect(HttpURLConnection.java:1073)
	at sun.net.www.protocol.http.HttpURLConnection.connect(HttpURLConnection.java:1007)
	at com.xxl.job.core.util.XxlJobRemotingUtil.postBody(XxlJobRemotingUtil.java:99)
	at com.xxl.job.core.biz.client.AdminBizClient.registry(AdminBizClient.java:42)
	at com.xxl.job.core.thread.ExecutorRegistryThread$1.run(ExecutorRegistryThread.java:48)
	at java.lang.Thread.run(Thread.java:750)
2026-05-20 23:39:12.406 [xxl-job, executor ExecutorRegistryThread] ERROR XxlJobRemotingUtil - Connection refused (Connection refused)
java.net.ConnectException: Connection refused (Connection refused)
	at java.net.PlainSocketImpl.socketConnect(Native Method)
	at java.net.AbstractPlainSocketImpl.doConnect(AbstractPlainSocketImpl.java:350)
	at java.net.AbstractPlainSocketImpl.connectToAddress(AbstractPlainSocketImpl.java:206)
	at java.net.AbstractPlainSocketImpl.connect(AbstractPlainSocketImpl.java:188)
	at java.net.SocksSocketImpl.connect(SocksSocketImpl.java:392)
	at java.net.Socket.connect(Socket.java:607)
	at sun.net.NetworkClient.doConnect(NetworkClient.java:175)
	at sun.net.www.http.HttpClient.openServer(HttpClient.java:465)
	at sun.net.www.http.HttpClient.openServer(HttpClient.java:560)
	at sun.net.www.http.HttpClient.<init>(HttpClient.java:246)
	at sun.net.www.http.HttpClient.New(HttpClient.java:341)
	at sun.net.www.http.HttpClient.New(HttpClient.java:359)
	at sun.net.www.protocol.http.HttpURLConnection.getNewHttpClient(HttpURLConnection.java:1245)
	at sun.net.www.protocol.http.HttpURLConnection.plainConnect0(HttpURLConnection.java:1179)
	at sun.net.www.protocol.http.HttpURLConnection.plainConnect(HttpURLConnection.java:1073)
	at sun.net.www.protocol.http.HttpURLConnection.connect(HttpURLConnection.java:1007)
	at com.xxl.job.core.util.XxlJobRemotingUtil.postBody(XxlJobRemotingUtil.java:99)
	at com.xxl.job.core.biz.client.AdminBizClient.registry(AdminBizClient.java:42)
	at com.xxl.job.core.thread.ExecutorRegistryThread$1.run(ExecutorRegistryThread.java:48)
	at java.lang.Thread.run(Thread.java:750)
2026-05-20 23:39:42.409 [xxl-job, executor ExecutorRegistryThread] ERROR XxlJobRemotingUtil - Connection refused (Connection refused)
java.net.ConnectException: Connection refused (Connection refused)
	at java.net.PlainSocketImpl.socketConnect(Native Method)
	at java.net.AbstractPlainSocketImpl.doConnect(AbstractPlainSocketImpl.java:350)
	at java.net.AbstractPlainSocketImpl.connectToAddress(AbstractPlainSocketImpl.java:206)
	at java.net.AbstractPlainSocketImpl.connect(AbstractPlainSocketImpl.java:188)
	at java.net.SocksSocketImpl.connect(SocksSocketImpl.java:392)
	at java.net.Socket.connect(Socket.java:607)
	at sun.net.NetworkClient.doConnect(NetworkClient.java:175)
	at sun.net.www.http.HttpClient.openServer(HttpClient.java:465)
	at sun.net.www.http.HttpClient.openServer(HttpClient.java:560)
	at sun.net.www.http.HttpClient.<init>(HttpClient.java:246)
	at sun.net.www.http.HttpClient.New(HttpClient.java:341)
	at sun.net.www.http.HttpClient.New(HttpClient.java:359)
	at sun.net.www.protocol.http.HttpURLConnection.getNewHttpClient(HttpURLConnection.java:1245)
	at sun.net.www.protocol.http.HttpURLConnection.plainConnect0(HttpURLConnection.java:1179)
	at sun.net.www.protocol.http.HttpURLConnection.plainConnect(HttpURLConnection.java:1073)
	at sun.net.www.protocol.http.HttpURLConnection.connect(HttpURLConnection.java:1007)
	at com.xxl.job.core.util.XxlJobRemotingUtil.postBody(XxlJobRemotingUtil.java:99)
	at com.xxl.job.core.biz.client.AdminBizClient.registry(AdminBizClient.java:42)
	at com.xxl.job.core.thread.ExecutorRegistryThread$1.run(ExecutorRegistryThread.java:48)
	at java.lang.Thread.run(Thread.java:750)
2026-05-20 23:40:12.419 [xxl-job, executor ExecutorRegistryThread] ERROR XxlJobRemotingUtil - Connection refused (Connection refused)
java.net.ConnectException: Connection refused (Connection refused)
	at java.net.PlainSocketImpl.socketConnect(Native Method)
	at java.net.AbstractPlainSocketImpl.doConnect(AbstractPlainSocketImpl.java:350)
	at java.net.AbstractPlainSocketImpl.connectToAddress(AbstractPlainSocketImpl.java:206)
	at java.net.AbstractPlainSocketImpl.connect(AbstractPlainSocketImpl.java:188)
	at java.net.SocksSocketImpl.connect(SocksSocketImpl.java:392)
	at java.net.Socket.connect(Socket.java:607)
	at sun.net.NetworkClient.doConnect(NetworkClient.java:175)
	at sun.net.www.http.HttpClient.openServer(HttpClient.java:465)
	at sun.net.www.http.HttpClient.openServer(HttpClient.java:560)
	at sun.net.www.http.HttpClient.<init>(HttpClient.java:246)
	at sun.net.www.http.HttpClient.New(HttpClient.java:341)
	at sun.net.www.http.HttpClient.New(HttpClient.java:359)
	at sun.net.www.protocol.http.HttpURLConnection.getNewHttpClient(HttpURLConnection.java:1245)
	at sun.net.www.protocol.http.HttpURLConnection.plainConnect0(HttpURLConnection.java:1179)
	at sun.net.www.protocol.http.HttpURLConnection.plainConnect(HttpURLConnection.java:1073)
	at sun.net.www.protocol.http.HttpURLConnection.connect(HttpURLConnection.java:1007)
	at com.xxl.job.core.util.XxlJobRemotingUtil.postBody(XxlJobRemotingUtil.java:99)
	at com.xxl.job.core.biz.client.AdminBizClient.registry(AdminBizClient.java:42)
	at com.xxl.job.core.thread.ExecutorRegistryThread$1.run(ExecutorRegistryThread.java:48)
	at java.lang.Thread.run(Thread.java:750)
2026-05-20 23:40:42.429 [xxl-job, executor ExecutorRegistryThread] ERROR XxlJobRemotingUtil - Connection refused (Connection refused)
java.net.ConnectException: Connection refused (Connection refused)
	at java.net.PlainSocketImpl.socketConnect(Native Method)
	at java.net.AbstractPlainSocketImpl.doConnect(AbstractPlainSocketImpl.java:350)
	at java.net.AbstractPlainSocketImpl.connectToAddress(AbstractPlainSocketImpl.java:206)
	at java.net.AbstractPlainSocketImpl.connect(AbstractPlainSocketImpl.java:188)
	at java.net.SocksSocketImpl.connect(SocksSocketImpl.java:392)
	at java.net.Socket.connect(Socket.java:607)
	at sun.net.NetworkClient.doConnect(NetworkClient.java:175)
	at sun.net.www.http.HttpClient.openServer(HttpClient.java:465)
	at sun.net.www.http.HttpClient.openServer(HttpClient.java:560)
	at sun.net.www.http.HttpClient.<init>(HttpClient.java:246)
	at sun.net.www.http.HttpClient.New(HttpClient.java:341)
	at sun.net.www.http.HttpClient.New(HttpClient.java:359)
	at sun.net.www.protocol.http.HttpURLConnection.getNewHttpClient(HttpURLConnection.java:1245)
	at sun.net.www.protocol.http.HttpURLConnection.plainConnect0(HttpURLConnection.java:1179)
	at sun.net.www.protocol.http.HttpURLConnection.plainConnect(HttpURLConnection.java:1073)
	at sun.net.www.protocol.http.HttpURLConnection.connect(HttpURLConnection.java:1007)
	at com.xxl.job.core.util.XxlJobRemotingUtil.postBody(XxlJobRemotingUtil.java:99)
	at com.xxl.job.core.biz.client.AdminBizClient.registry(AdminBizClient.java:42)
	at com.xxl.job.core.thread.ExecutorRegistryThread$1.run(ExecutorRegistryThread.java:48)
	at java.lang.Thread.run(Thread.java:750)
2026-05-20 23:41:12.439 [xxl-job, executor ExecutorRegistryThread] ERROR XxlJobRemotingUtil - Connection refused (Connection refused)
java.net.ConnectException: Connection refused (Connection refused)
	at java.net.PlainSocketImpl.socketConnect(Native Method)
	at java.net.AbstractPlainSocketImpl.doConnect(AbstractPlainSocketImpl.java:350)
	at java.net.AbstractPlainSocketImpl.connectToAddress(AbstractPlainSocketImpl.java:206)
	at java.net.AbstractPlainSocketImpl.connect(AbstractPlainSocketImpl.java:188)
	at java.net.SocksSocketImpl.connect(SocksSocketImpl.java:392)
	at java.net.Socket.connect(Socket.java:607)
	at sun.net.NetworkClient.doConnect(NetworkClient.java:175)
	at sun.net.www.http.HttpClient.openServer(HttpClient.java:465)
	at sun.net.www.http.HttpClient.openServer(HttpClient.java:560)
	at sun.net.www.http.HttpClient.<init>(HttpClient.java:246)
	at sun.net.www.http.HttpClient.New(HttpClient.java:341)
	at sun.net.www.http.HttpClient.New(HttpClient.java:359)
	at sun.net.www.protocol.http.HttpURLConnection.getNewHttpClient(HttpURLConnection.java:1245)
	at sun.net.www.protocol.http.HttpURLConnection.plainConnect0(HttpURLConnection.java:1179)
	at sun.net.www.protocol.http.HttpURLConnection.plainConnect(HttpURLConnection.java:1073)
	at sun.net.www.protocol.http.HttpURLConnection.connect(HttpURLConnection.java:1007)
	at com.xxl.job.core.util.XxlJobRemotingUtil.postBody(XxlJobRemotingUtil.java:99)
	at com.xxl.job.core.biz.client.AdminBizClient.registry(AdminBizClient.java:42)
	at com.xxl.job.core.thread.ExecutorRegistryThread$1.run(ExecutorRegistryThread.java:48)
	at java.lang.Thread.run(Thread.java:750)
2026-05-20 23:41:42.443 [xxl-job, executor ExecutorRegistryThread] ERROR XxlJobRemotingUtil - Connection refused (Connection refused)
java.net.ConnectException: Connection refused (Connection refused)
	at java.net.PlainSocketImpl.socketConnect(Native Method)
	at java.net.AbstractPlainSocketImpl.doConnect(AbstractPlainSocketImpl.java:350)
	at java.net.AbstractPlainSocketImpl.connectToAddress(AbstractPlainSocketImpl.java:206)
	at java.net.AbstractPlainSocketImpl.connect(AbstractPlainSocketImpl.java:188)
	at java.net.SocksSocketImpl.connect(SocksSocketImpl.java:392)
	at java.net.Socket.connect(Socket.java:607)
	at sun.net.NetworkClient.doConnect(NetworkClient.java:175)
	at sun.net.www.http.HttpClient.openServer(HttpClient.java:465)
	at sun.net.www.http.HttpClient.openServer(HttpClient.java:560)
	at sun.net.www.http.HttpClient.<init>(HttpClient.java:246)
	at sun.net.www.http.HttpClient.New(HttpClient.java:341)
	at sun.net.www.http.HttpClient.New(HttpClient.java:359)
	at sun.net.www.protocol.http.HttpURLConnection.getNewHttpClient(HttpURLConnection.java:1245)
	at sun.net.www.protocol.http.HttpURLConnection.plainConnect0(HttpURLConnection.java:1179)
	at sun.net.www.protocol.http.HttpURLConnection.plainConnect(HttpURLConnection.java:1073)
	at sun.net.www.protocol.http.HttpURLConnection.connect(HttpURLConnection.java:1007)
	at com.xxl.job.core.util.XxlJobRemotingUtil.postBody(XxlJobRemotingUtil.java:99)
	at com.xxl.job.core.biz.client.AdminBizClient.registry(AdminBizClient.java:42)
	at com.xxl.job.core.thread.ExecutorRegistryThread$1.run(ExecutorRegistryThread.java:48)
	at java.lang.Thread.run(Thread.java:750)
2026-05-20 23:42:12.453 [xxl-job, executor ExecutorRegistryThread] ERROR XxlJobRemotingUtil - Connection refused (Connection refused)
java.net.ConnectException: Connection refused (Connection refused)
	at java.net.PlainSocketImpl.socketConnect(Native Method)
	at java.net.AbstractPlainSocketImpl.doConnect(AbstractPlainSocketImpl.java:350)
	at java.net.AbstractPlainSocketImpl.connectToAddress(AbstractPlainSocketImpl.java:206)
	at java.net.AbstractPlainSocketImpl.connect(AbstractPlainSocketImpl.java:188)
	at java.net.SocksSocketImpl.connect(SocksSocketImpl.java:392)
	at java.net.Socket.connect(Socket.java:607)
	at sun.net.NetworkClient.doConnect(NetworkClient.java:175)
	at sun.net.www.http.HttpClient.openServer(HttpClient.java:465)
	at sun.net.www.http.HttpClient.openServer(HttpClient.java:560)
	at sun.net.www.http.HttpClient.<init>(HttpClient.java:246)
	at sun.net.www.http.HttpClient.New(HttpClient.java:341)
	at sun.net.www.http.HttpClient.New(HttpClient.java:359)
	at sun.net.www.protocol.http.HttpURLConnection.getNewHttpClient(HttpURLConnection.java:1245)
	at sun.net.www.protocol.http.HttpURLConnection.plainConnect0(HttpURLConnection.java:1179)
	at sun.net.www.protocol.http.HttpURLConnection.plainConnect(HttpURLConnection.java:1073)
	at sun.net.www.protocol.http.HttpURLConnection.connect(HttpURLConnection.java:1007)
	at com.xxl.job.core.util.XxlJobRemotingUtil.postBody(XxlJobRemotingUtil.java:99)
	at com.xxl.job.core.biz.client.AdminBizClient.registry(AdminBizClient.java:42)
	at com.xxl.job.core.thread.ExecutorRegistryThread$1.run(ExecutorRegistryThread.java:48)
	at java.lang.Thread.run(Thread.java:750)
2026-05-20 23:42:42.455 [xxl-job, executor ExecutorRegistryThread] ERROR XxlJobRemotingUtil - Connection refused (Connection refused)
java.net.ConnectException: Connection refused (Connection refused)
	at java.net.PlainSocketImpl.socketConnect(Native Method)
	at java.net.AbstractPlainSocketImpl.doConnect(AbstractPlainSocketImpl.java:350)
	at java.net.AbstractPlainSocketImpl.connectToAddress(AbstractPlainSocketImpl.java:206)
	at java.net.AbstractPlainSocketImpl.connect(AbstractPlainSocketImpl.java:188)
	at java.net.SocksSocketImpl.connect(SocksSocketImpl.java:392)
	at java.net.Socket.connect(Socket.java:607)
	at sun.net.NetworkClient.doConnect(NetworkClient.java:175)
	at sun.net.www.http.HttpClient.openServer(HttpClient.java:465)
	at sun.net.www.http.HttpClient.openServer(HttpClient.java:560)
	at sun.net.www.http.HttpClient.<init>(HttpClient.java:246)
	at sun.net.www.http.HttpClient.New(HttpClient.java:341)
	at sun.net.www.http.HttpClient.New(HttpClient.java:359)
	at sun.net.www.protocol.http.HttpURLConnection.getNewHttpClient(HttpURLConnection.java:1245)
	at sun.net.www.protocol.http.HttpURLConnection.plainConnect0(HttpURLConnection.java:1179)
	at sun.net.www.protocol.http.HttpURLConnection.plainConnect(HttpURLConnection.java:1073)
	at sun.net.www.protocol.http.HttpURLConnection.connect(HttpURLConnection.java:1007)
	at com.xxl.job.core.util.XxlJobRemotingUtil.postBody(XxlJobRemotingUtil.java:99)
	at com.xxl.job.core.biz.client.AdminBizClient.registry(AdminBizClient.java:42)
	at com.xxl.job.core.thread.ExecutorRegistryThread$1.run(ExecutorRegistryThread.java:48)
	at java.lang.Thread.run(Thread.java:750)
2026-05-20 23:43:12.465 [xxl-job, executor ExecutorRegistryThread] ERROR XxlJobRemotingUtil - Connection refused (Connection refused)
java.net.ConnectException: Connection refused (Connection refused)
	at java.net.PlainSocketImpl.socketConnect(Native Method)
	at java.net.AbstractPlainSocketImpl.doConnect(AbstractPlainSocketImpl.java:350)
	at java.net.AbstractPlainSocketImpl.connectToAddress(AbstractPlainSocketImpl.java:206)
	at java.net.AbstractPlainSocketImpl.connect(AbstractPlainSocketImpl.java:188)
	at java.net.SocksSocketImpl.connect(SocksSocketImpl.java:392)
	at java.net.Socket.connect(Socket.java:607)
	at sun.net.NetworkClient.doConnect(NetworkClient.java:175)
	at sun.net.www.http.HttpClient.openServer(HttpClient.java:465)
	at sun.net.www.http.HttpClient.openServer(HttpClient.java:560)
	at sun.net.www.http.HttpClient.<init>(HttpClient.java:246)
	at sun.net.www.http.HttpClient.New(HttpClient.java:341)
	at sun.net.www.http.HttpClient.New(HttpClient.java:359)
	at sun.net.www.protocol.http.HttpURLConnection.getNewHttpClient(HttpURLConnection.java:1245)
	at sun.net.www.protocol.http.HttpURLConnection.plainConnect0(HttpURLConnection.java:1179)
	at sun.net.www.protocol.http.HttpURLConnection.plainConnect(HttpURLConnection.java:1073)
	at sun.net.www.protocol.http.HttpURLConnection.connect(HttpURLConnection.java:1007)
	at com.xxl.job.core.util.XxlJobRemotingUtil.postBody(XxlJobRemotingUtil.java:99)
	at com.xxl.job.core.biz.client.AdminBizClient.registry(AdminBizClient.java:42)
	at com.xxl.job.core.thread.ExecutorRegistryThread$1.run(ExecutorRegistryThread.java:48)
	at java.lang.Thread.run(Thread.java:750)
2026-05-20 23:43:42.475 [xxl-job, executor ExecutorRegistryThread] ERROR XxlJobRemotingUtil - Connection refused (Connection refused)
java.net.ConnectException: Connection refused (Connection refused)
	at java.net.PlainSocketImpl.socketConnect(Native Method)
	at java.net.AbstractPlainSocketImpl.doConnect(AbstractPlainSocketImpl.java:350)
	at java.net.AbstractPlainSocketImpl.connectToAddress(AbstractPlainSocketImpl.java:206)
	at java.net.AbstractPlainSocketImpl.connect(AbstractPlainSocketImpl.java:188)
	at java.net.SocksSocketImpl.connect(SocksSocketImpl.java:392)
	at java.net.Socket.connect(Socket.java:607)
	at sun.net.NetworkClient.doConnect(NetworkClient.java:175)
	at sun.net.www.http.HttpClient.openServer(HttpClient.java:465)
	at sun.net.www.http.HttpClient.openServer(HttpClient.java:560)
	at sun.net.www.http.HttpClient.<init>(HttpClient.java:246)
	at sun.net.www.http.HttpClient.New(HttpClient.java:341)
	at sun.net.www.http.HttpClient.New(HttpClient.java:359)
	at sun.net.www.protocol.http.HttpURLConnection.getNewHttpClient(HttpURLConnection.java:1245)
	at sun.net.www.protocol.http.HttpURLConnection.plainConnect0(HttpURLConnection.java:1179)
	at sun.net.www.protocol.http.HttpURLConnection.plainConnect(HttpURLConnection.java:1073)
	at sun.net.www.protocol.http.HttpURLConnection.connect(HttpURLConnection.java:1007)
	at com.xxl.job.core.util.XxlJobRemotingUtil.postBody(XxlJobRemotingUtil.java:99)
	at com.xxl.job.core.biz.client.AdminBizClient.registry(AdminBizClient.java:42)
	at com.xxl.job.core.thread.ExecutorRegistryThread$1.run(ExecutorRegistryThread.java:48)
	at java.lang.Thread.run(Thread.java:750)
2026-05-20 23:44:12.486 [xxl-job, executor ExecutorRegistryThread] ERROR XxlJobRemotingUtil - Connection refused (Connection refused)
java.net.ConnectException: Connection refused (Connection refused)
	at java.net.PlainSocketImpl.socketConnect(Native Method)
	at java.net.AbstractPlainSocketImpl.doConnect(AbstractPlainSocketImpl.java:350)
	at java.net.AbstractPlainSocketImpl.connectToAddress(AbstractPlainSocketImpl.java:206)
	at java.net.AbstractPlainSocketImpl.connect(AbstractPlainSocketImpl.java:188)
	at java.net.SocksSocketImpl.connect(SocksSocketImpl.java:392)
	at java.net.Socket.connect(Socket.java:607)
	at sun.net.NetworkClient.doConnect(NetworkClient.java:175)
	at sun.net.www.http.HttpClient.openServer(HttpClient.java:465)
	at sun.net.www.http.HttpClient.openServer(HttpClient.java:560)
	at sun.net.www.http.HttpClient.<init>(HttpClient.java:246)
	at sun.net.www.http.HttpClient.New(HttpClient.java:341)
	at sun.net.www.http.HttpClient.New(HttpClient.java:359)
	at sun.net.www.protocol.http.HttpURLConnection.getNewHttpClient(HttpURLConnection.java:1245)
	at sun.net.www.protocol.http.HttpURLConnection.plainConnect0(HttpURLConnection.java:1179)
	at sun.net.www.protocol.http.HttpURLConnection.plainConnect(HttpURLConnection.java:1073)
	at sun.net.www.protocol.http.HttpURLConnection.connect(HttpURLConnection.java:1007)
	at com.xxl.job.core.util.XxlJobRemotingUtil.postBody(XxlJobRemotingUtil.java:99)
	at com.xxl.job.core.biz.client.AdminBizClient.registry(AdminBizClient.java:42)
	at com.xxl.job.core.thread.ExecutorRegistryThread$1.run(ExecutorRegistryThread.java:48)
	at java.lang.Thread.run(Thread.java:750)
2026-05-20 23:44:42.495 [xxl-job, executor ExecutorRegistryThread] ERROR XxlJobRemotingUtil - Connection refused (Connection refused)
java.net.ConnectException: Connection refused (Connection refused)
	at java.net.PlainSocketImpl.socketConnect(Native Method)
	at java.net.AbstractPlainSocketImpl.doConnect(AbstractPlainSocketImpl.java:350)
	at java.net.AbstractPlainSocketImpl.connectToAddress(AbstractPlainSocketImpl.java:206)
	at java.net.AbstractPlainSocketImpl.connect(AbstractPlainSocketImpl.java:188)
	at java.net.SocksSocketImpl.connect(SocksSocketImpl.java:392)
	at java.net.Socket.connect(Socket.java:607)
	at sun.net.NetworkClient.doConnect(NetworkClient.java:175)
	at sun.net.www.http.HttpClient.openServer(HttpClient.java:465)
	at sun.net.www.http.HttpClient.openServer(HttpClient.java:560)
	at sun.net.www.http.HttpClient.<init>(HttpClient.java:246)
	at sun.net.www.http.HttpClient.New(HttpClient.java:341)
	at sun.net.www.http.HttpClient.New(HttpClient.java:359)
	at sun.net.www.protocol.http.HttpURLConnection.getNewHttpClient(HttpURLConnection.java:1245)
	at sun.net.www.protocol.http.HttpURLConnection.plainConnect0(HttpURLConnection.java:1179)
	at sun.net.www.protocol.http.HttpURLConnection.plainConnect(HttpURLConnection.java:1073)
	at sun.net.www.protocol.http.HttpURLConnection.connect(HttpURLConnection.java:1007)
	at com.xxl.job.core.util.XxlJobRemotingUtil.postBody(XxlJobRemotingUtil.java:99)
	at com.xxl.job.core.biz.client.AdminBizClient.registry(AdminBizClient.java:42)
	at com.xxl.job.core.thread.ExecutorRegistryThread$1.run(ExecutorRegistryThread.java:48)
	at java.lang.Thread.run(Thread.java:750)
2026-05-20 23:45:12.505 [xxl-job, executor ExecutorRegistryThread] ERROR XxlJobRemotingUtil - Connection refused (Connection refused)
java.net.ConnectException: Connection refused (Connection refused)
	at java.net.PlainSocketImpl.socketConnect(Native Method)
	at java.net.AbstractPlainSocketImpl.doConnect(AbstractPlainSocketImpl.java:350)
	at java.net.AbstractPlainSocketImpl.connectToAddress(AbstractPlainSocketImpl.java:206)
	at java.net.AbstractPlainSocketImpl.connect(AbstractPlainSocketImpl.java:188)
	at java.net.SocksSocketImpl.connect(SocksSocketImpl.java:392)
	at java.net.Socket.connect(Socket.java:607)
	at sun.net.NetworkClient.doConnect(NetworkClient.java:175)
	at sun.net.www.http.HttpClient.openServer(HttpClient.java:465)
	at sun.net.www.http.HttpClient.openServer(HttpClient.java:560)
	at sun.net.www.http.HttpClient.<init>(HttpClient.java:246)
	at sun.net.www.http.HttpClient.New(HttpClient.java:341)
	at sun.net.www.http.HttpClient.New(HttpClient.java:359)
	at sun.net.www.protocol.http.HttpURLConnection.getNewHttpClient(HttpURLConnection.java:1245)
	at sun.net.www.protocol.http.HttpURLConnection.plainConnect0(HttpURLConnection.java:1179)
	at sun.net.www.protocol.http.HttpURLConnection.plainConnect(HttpURLConnection.java:1073)
	at sun.net.www.protocol.http.HttpURLConnection.connect(HttpURLConnection.java:1007)
	at com.xxl.job.core.util.XxlJobRemotingUtil.postBody(XxlJobRemotingUtil.java:99)
	at com.xxl.job.core.biz.client.AdminBizClient.registry(AdminBizClient.java:42)
	at com.xxl.job.core.thread.ExecutorRegistryThread$1.run(ExecutorRegistryThread.java:48)
	at java.lang.Thread.run(Thread.java:750)
2026-05-20 23:45:42.511 [xxl-job, executor ExecutorRegistryThread] ERROR XxlJobRemotingUtil - Connection refused (Connection refused)
java.net.ConnectException: Connection refused (Connection refused)
	at java.net.PlainSocketImpl.socketConnect(Native Method)
	at java.net.AbstractPlainSocketImpl.doConnect(AbstractPlainSocketImpl.java:350)
	at java.net.AbstractPlainSocketImpl.connectToAddress(AbstractPlainSocketImpl.java:206)
	at java.net.AbstractPlainSocketImpl.connect(AbstractPlainSocketImpl.java:188)
	at java.net.SocksSocketImpl.connect(SocksSocketImpl.java:392)
	at java.net.Socket.connect(Socket.java:607)
	at sun.net.NetworkClient.doConnect(NetworkClient.java:175)
	at sun.net.www.http.HttpClient.openServer(HttpClient.java:465)
	at sun.net.www.http.HttpClient.openServer(HttpClient.java:560)
	at sun.net.www.http.HttpClient.<init>(HttpClient.java:246)
	at sun.net.www.http.HttpClient.New(HttpClient.java:341)
	at sun.net.www.http.HttpClient.New(HttpClient.java:359)
	at sun.net.www.protocol.http.HttpURLConnection.getNewHttpClient(HttpURLConnection.java:1245)
	at sun.net.www.protocol.http.HttpURLConnection.plainConnect0(HttpURLConnection.java:1179)
	at sun.net.www.protocol.http.HttpURLConnection.plainConnect(HttpURLConnection.java:1073)
	at sun.net.www.protocol.http.HttpURLConnection.connect(HttpURLConnection.java:1007)
	at com.xxl.job.core.util.XxlJobRemotingUtil.postBody(XxlJobRemotingUtil.java:99)
	at com.xxl.job.core.biz.client.AdminBizClient.registry(AdminBizClient.java:42)
	at com.xxl.job.core.thread.ExecutorRegistryThread$1.run(ExecutorRegistryThread.java:48)
	at java.lang.Thread.run(Thread.java:750)
2026-05-20 23:46:12.515 [xxl-job, executor ExecutorRegistryThread] ERROR XxlJobRemotingUtil - Connection refused (Connection refused)
java.net.ConnectException: Connection refused (Connection refused)
	at java.net.PlainSocketImpl.socketConnect(Native Method)
	at java.net.AbstractPlainSocketImpl.doConnect(AbstractPlainSocketImpl.java:350)
	at java.net.AbstractPlainSocketImpl.connectToAddress(AbstractPlainSocketImpl.java:206)
	at java.net.AbstractPlainSocketImpl.connect(AbstractPlainSocketImpl.java:188)
	at java.net.SocksSocketImpl.connect(SocksSocketImpl.java:392)
	at java.net.Socket.connect(Socket.java:607)
	at sun.net.NetworkClient.doConnect(NetworkClient.java:175)
	at sun.net.www.http.HttpClient.openServer(HttpClient.java:465)
	at sun.net.www.http.HttpClient.openServer(HttpClient.java:560)
	at sun.net.www.http.HttpClient.<init>(HttpClient.java:246)
	at sun.net.www.http.HttpClient.New(HttpClient.java:341)
	at sun.net.www.http.HttpClient.New(HttpClient.java:359)
	at sun.net.www.protocol.http.HttpURLConnection.getNewHttpClient(HttpURLConnection.java:1245)
	at sun.net.www.protocol.http.HttpURLConnection.plainConnect0(HttpURLConnection.java:1179)
	at sun.net.www.protocol.http.HttpURLConnection.plainConnect(HttpURLConnection.java:1073)
	at sun.net.www.protocol.http.HttpURLConnection.connect(HttpURLConnection.java:1007)
	at com.xxl.job.core.util.XxlJobRemotingUtil.postBody(XxlJobRemotingUtil.java:99)
	at com.xxl.job.core.biz.client.AdminBizClient.registry(AdminBizClient.java:42)
	at com.xxl.job.core.thread.ExecutorRegistryThread$1.run(ExecutorRegistryThread.java:48)
	at java.lang.Thread.run(Thread.java:750)
2026-05-20 23:46:42.518 [xxl-job, executor ExecutorRegistryThread] ERROR XxlJobRemotingUtil - Connection refused (Connection refused)
java.net.ConnectException: Connection refused (Connection refused)
	at java.net.PlainSocketImpl.socketConnect(Native Method)
	at java.net.AbstractPlainSocketImpl.doConnect(AbstractPlainSocketImpl.java:350)
	at java.net.AbstractPlainSocketImpl.connectToAddress(AbstractPlainSocketImpl.java:206)
	at java.net.AbstractPlainSocketImpl.connect(AbstractPlainSocketImpl.java:188)
	at java.net.SocksSocketImpl.connect(SocksSocketImpl.java:392)
	at java.net.Socket.connect(Socket.java:607)
	at sun.net.NetworkClient.doConnect(NetworkClient.java:175)
	at sun.net.www.http.HttpClient.openServer(HttpClient.java:465)
	at sun.net.www.http.HttpClient.openServer(HttpClient.java:560)
	at sun.net.www.http.HttpClient.<init>(HttpClient.java:246)
	at sun.net.www.http.HttpClient.New(HttpClient.java:341)
	at sun.net.www.http.HttpClient.New(HttpClient.java:359)
	at sun.net.www.protocol.http.HttpURLConnection.getNewHttpClient(HttpURLConnection.java:1245)
	at sun.net.www.protocol.http.HttpURLConnection.plainConnect0(HttpURLConnection.java:1179)
	at sun.net.www.protocol.http.HttpURLConnection.plainConnect(HttpURLConnection.java:1073)
	at sun.net.www.protocol.http.HttpURLConnection.connect(HttpURLConnection.java:1007)
	at com.xxl.job.core.util.XxlJobRemotingUtil.postBody(XxlJobRemotingUtil.java:99)
	at com.xxl.job.core.biz.client.AdminBizClient.registry(AdminBizClient.java:42)
	at com.xxl.job.core.thread.ExecutorRegistryThread$1.run(ExecutorRegistryThread.java:48)
	at java.lang.Thread.run(Thread.java:750)
2026-05-20 23:47:12.523 [xxl-job, executor ExecutorRegistryThread] ERROR XxlJobRemotingUtil - Connection refused (Connection refused)
java.net.ConnectException: Connection refused (Connection refused)
	at java.net.PlainSocketImpl.socketConnect(Native Method)
	at java.net.AbstractPlainSocketImpl.doConnect(AbstractPlainSocketImpl.java:350)
	at java.net.AbstractPlainSocketImpl.connectToAddress(AbstractPlainSocketImpl.java:206)
	at java.net.AbstractPlainSocketImpl.connect(AbstractPlainSocketImpl.java:188)
	at java.net.SocksSocketImpl.connect(SocksSocketImpl.java:392)
	at java.net.Socket.connect(Socket.java:607)
	at sun.net.NetworkClient.doConnect(NetworkClient.java:175)
	at sun.net.www.http.HttpClient.openServer(HttpClient.java:465)
	at sun.net.www.http.HttpClient.openServer(HttpClient.java:560)
	at sun.net.www.http.HttpClient.<init>(HttpClient.java:246)
	at sun.net.www.http.HttpClient.New(HttpClient.java:341)
	at sun.net.www.http.HttpClient.New(HttpClient.java:359)
	at sun.net.www.protocol.http.HttpURLConnection.getNewHttpClient(HttpURLConnection.java:1245)
	at sun.net.www.protocol.http.HttpURLConnection.plainConnect0(HttpURLConnection.java:1179)
	at sun.net.www.protocol.http.HttpURLConnection.plainConnect(HttpURLConnection.java:1073)
	at sun.net.www.protocol.http.HttpURLConnection.connect(HttpURLConnection.java:1007)
	at com.xxl.job.core.util.XxlJobRemotingUtil.postBody(XxlJobRemotingUtil.java:99)
	at com.xxl.job.core.biz.client.AdminBizClient.registry(AdminBizClient.java:42)
	at com.xxl.job.core.thread.ExecutorRegistryThread$1.run(ExecutorRegistryThread.java:48)
	at java.lang.Thread.run(Thread.java:750)
2026-05-20 23:47:42.528 [xxl-job, executor ExecutorRegistryThread] ERROR XxlJobRemotingUtil - Connection refused (Connection refused)
java.net.ConnectException: Connection refused (Connection refused)
	at java.net.PlainSocketImpl.socketConnect(Native Method)
	at java.net.AbstractPlainSocketImpl.doConnect(AbstractPlainSocketImpl.java:350)
	at java.net.AbstractPlainSocketImpl.connectToAddress(AbstractPlainSocketImpl.java:206)
	at java.net.AbstractPlainSocketImpl.connect(AbstractPlainSocketImpl.java:188)
	at java.net.SocksSocketImpl.connect(SocksSocketImpl.java:392)
	at java.net.Socket.connect(Socket.java:607)
	at sun.net.NetworkClient.doConnect(NetworkClient.java:175)
	at sun.net.www.http.HttpClient.openServer(HttpClient.java:465)
	at sun.net.www.http.HttpClient.openServer(HttpClient.java:560)
	at sun.net.www.http.HttpClient.<init>(HttpClient.java:246)
	at sun.net.www.http.HttpClient.New(HttpClient.java:341)
	at sun.net.www.http.HttpClient.New(HttpClient.java:359)
	at sun.net.www.protocol.http.HttpURLConnection.getNewHttpClient(HttpURLConnection.java:1245)
	at sun.net.www.protocol.http.HttpURLConnection.plainConnect0(HttpURLConnection.java:1179)
	at sun.net.www.protocol.http.HttpURLConnection.plainConnect(HttpURLConnection.java:1073)
	at sun.net.www.protocol.http.HttpURLConnection.connect(HttpURLConnection.java:1007)
	at com.xxl.job.core.util.XxlJobRemotingUtil.postBody(XxlJobRemotingUtil.java:99)
	at com.xxl.job.core.biz.client.AdminBizClient.registry(AdminBizClient.java:42)
	at com.xxl.job.core.thread.ExecutorRegistryThread$1.run(ExecutorRegistryThread.java:48)
	at java.lang.Thread.run(Thread.java:750)
2026-05-20 23:48:12.534 [xxl-job, executor ExecutorRegistryThread] ERROR XxlJobRemotingUtil - Connection refused (Connection refused)
java.net.ConnectException: Connection refused (Connection refused)
	at java.net.PlainSocketImpl.socketConnect(Native Method)
	at java.net.AbstractPlainSocketImpl.doConnect(AbstractPlainSocketImpl.java:350)
	at java.net.AbstractPlainSocketImpl.connectToAddress(AbstractPlainSocketImpl.java:206)
	at java.net.AbstractPlainSocketImpl.connect(AbstractPlainSocketImpl.java:188)
	at java.net.SocksSocketImpl.connect(SocksSocketImpl.java:392)
	at java.net.Socket.connect(Socket.java:607)
	at sun.net.NetworkClient.doConnect(NetworkClient.java:175)
	at sun.net.www.http.HttpClient.openServer(HttpClient.java:465)
	at sun.net.www.http.HttpClient.openServer(HttpClient.java:560)
	at sun.net.www.http.HttpClient.<init>(HttpClient.java:246)
	at sun.net.www.http.HttpClient.New(HttpClient.java:341)
	at sun.net.www.http.HttpClient.New(HttpClient.java:359)
	at sun.net.www.protocol.http.HttpURLConnection.getNewHttpClient(HttpURLConnection.java:1245)
	at sun.net.www.protocol.http.HttpURLConnection.plainConnect0(HttpURLConnection.java:1179)
	at sun.net.www.protocol.http.HttpURLConnection.plainConnect(HttpURLConnection.java:1073)
	at sun.net.www.protocol.http.HttpURLConnection.connect(HttpURLConnection.java:1007)
	at com.xxl.job.core.util.XxlJobRemotingUtil.postBody(XxlJobRemotingUtil.java:99)
	at com.xxl.job.core.biz.client.AdminBizClient.registry(AdminBizClient.java:42)
	at com.xxl.job.core.thread.ExecutorRegistryThread$1.run(ExecutorRegistryThread.java:48)
	at java.lang.Thread.run(Thread.java:750)
2026-05-20 23:48:42.539 [xxl-job, executor ExecutorRegistryThread] ERROR XxlJobRemotingUtil - Connection refused (Connection refused)
java.net.ConnectException: Connection refused (Connection refused)
	at java.net.PlainSocketImpl.socketConnect(Native Method)
	at java.net.AbstractPlainSocketImpl.doConnect(AbstractPlainSocketImpl.java:350)
	at java.net.AbstractPlainSocketImpl.connectToAddress(AbstractPlainSocketImpl.java:206)
	at java.net.AbstractPlainSocketImpl.connect(AbstractPlainSocketImpl.java:188)
	at java.net.SocksSocketImpl.connect(SocksSocketImpl.java:392)
	at java.net.Socket.connect(Socket.java:607)
	at sun.net.NetworkClient.doConnect(NetworkClient.java:175)
	at sun.net.www.http.HttpClient.openServer(HttpClient.java:465)
	at sun.net.www.http.HttpClient.openServer(HttpClient.java:560)
	at sun.net.www.http.HttpClient.<init>(HttpClient.java:246)
	at sun.net.www.http.HttpClient.New(HttpClient.java:341)
	at sun.net.www.http.HttpClient.New(HttpClient.java:359)
	at sun.net.www.protocol.http.HttpURLConnection.getNewHttpClient(HttpURLConnection.java:1245)
	at sun.net.www.protocol.http.HttpURLConnection.plainConnect0(HttpURLConnection.java:1179)
	at sun.net.www.protocol.http.HttpURLConnection.plainConnect(HttpURLConnection.java:1073)
	at sun.net.www.protocol.http.HttpURLConnection.connect(HttpURLConnection.java:1007)
	at com.xxl.job.core.util.XxlJobRemotingUtil.postBody(XxlJobRemotingUtil.java:99)
	at com.xxl.job.core.biz.client.AdminBizClient.registry(AdminBizClient.java:42)
	at com.xxl.job.core.thread.ExecutorRegistryThread$1.run(ExecutorRegistryThread.java:48)
	at java.lang.Thread.run(Thread.java:750)
2026-05-20 23:49:12.544 [xxl-job, executor ExecutorRegistryThread] ERROR XxlJobRemotingUtil - Connection refused (Connection refused)
java.net.ConnectException: Connection refused (Connection refused)
	at java.net.PlainSocketImpl.socketConnect(Native Method)
	at java.net.AbstractPlainSocketImpl.doConnect(AbstractPlainSocketImpl.java:350)
	at java.net.AbstractPlainSocketImpl.connectToAddress(AbstractPlainSocketImpl.java:206)
	at java.net.AbstractPlainSocketImpl.connect(AbstractPlainSocketImpl.java:188)
	at java.net.SocksSocketImpl.connect(SocksSocketImpl.java:392)
	at java.net.Socket.connect(Socket.java:607)
	at sun.net.NetworkClient.doConnect(NetworkClient.java:175)
	at sun.net.www.http.HttpClient.openServer(HttpClient.java:465)
	at sun.net.www.http.HttpClient.openServer(HttpClient.java:560)
	at sun.net.www.http.HttpClient.<init>(HttpClient.java:246)
	at sun.net.www.http.HttpClient.New(HttpClient.java:341)
	at sun.net.www.http.HttpClient.New(HttpClient.java:359)
	at sun.net.www.protocol.http.HttpURLConnection.getNewHttpClient(HttpURLConnection.java:1245)
	at sun.net.www.protocol.http.HttpURLConnection.plainConnect0(HttpURLConnection.java:1179)
	at sun.net.www.protocol.http.HttpURLConnection.plainConnect(HttpURLConnection.java:1073)
	at sun.net.www.protocol.http.HttpURLConnection.connect(HttpURLConnection.java:1007)
	at com.xxl.job.core.util.XxlJobRemotingUtil.postBody(XxlJobRemotingUtil.java:99)
	at com.xxl.job.core.biz.client.AdminBizClient.registry(AdminBizClient.java:42)
	at com.xxl.job.core.thread.ExecutorRegistryThread$1.run(ExecutorRegistryThread.java:48)
	at java.lang.Thread.run(Thread.java:750)
2026-05-20 23:49:42.549 [xxl-job, executor ExecutorRegistryThread] ERROR XxlJobRemotingUtil - Connection refused (Connection refused)
java.net.ConnectException: Connection refused (Connection refused)
	at java.net.PlainSocketImpl.socketConnect(Native Method)
	at java.net.AbstractPlainSocketImpl.doConnect(AbstractPlainSocketImpl.java:350)
	at java.net.AbstractPlainSocketImpl.connectToAddress(AbstractPlainSocketImpl.java:206)
	at java.net.AbstractPlainSocketImpl.connect(AbstractPlainSocketImpl.java:188)
	at java.net.SocksSocketImpl.connect(SocksSocketImpl.java:392)
	at java.net.Socket.connect(Socket.java:607)
	at sun.net.NetworkClient.doConnect(NetworkClient.java:175)
	at sun.net.www.http.HttpClient.openServer(HttpClient.java:465)
	at sun.net.www.http.HttpClient.openServer(HttpClient.java:560)
	at sun.net.www.http.HttpClient.<init>(HttpClient.java:246)
	at sun.net.www.http.HttpClient.New(HttpClient.java:341)
	at sun.net.www.http.HttpClient.New(HttpClient.java:359)
	at sun.net.www.protocol.http.HttpURLConnection.getNewHttpClient(HttpURLConnection.java:1245)
	at sun.net.www.protocol.http.HttpURLConnection.plainConnect0(HttpURLConnection.java:1179)
	at sun.net.www.protocol.http.HttpURLConnection.plainConnect(HttpURLConnection.java:1073)
	at sun.net.www.protocol.http.HttpURLConnection.connect(HttpURLConnection.java:1007)
	at com.xxl.job.core.util.XxlJobRemotingUtil.postBody(XxlJobRemotingUtil.java:99)
	at com.xxl.job.core.biz.client.AdminBizClient.registry(AdminBizClient.java:42)
	at com.xxl.job.core.thread.ExecutorRegistryThread$1.run(ExecutorRegistryThread.java:48)
	at java.lang.Thread.run(Thread.java:750)
2026-05-20 23:50:12.555 [xxl-job, executor ExecutorRegistryThread] ERROR XxlJobRemotingUtil - Connection refused (Connection refused)
java.net.ConnectException: Connection refused (Connection refused)
	at java.net.PlainSocketImpl.socketConnect(Native Method)
	at java.net.AbstractPlainSocketImpl.doConnect(AbstractPlainSocketImpl.java:350)
	at java.net.AbstractPlainSocketImpl.connectToAddress(AbstractPlainSocketImpl.java:206)
	at java.net.AbstractPlainSocketImpl.connect(AbstractPlainSocketImpl.java:188)
	at java.net.SocksSocketImpl.connect(SocksSocketImpl.java:392)
	at java.net.Socket.connect(Socket.java:607)
	at sun.net.NetworkClient.doConnect(NetworkClient.java:175)
	at sun.net.www.http.HttpClient.openServer(HttpClient.java:465)
	at sun.net.www.http.HttpClient.openServer(HttpClient.java:560)
	at sun.net.www.http.HttpClient.<init>(HttpClient.java:246)
	at sun.net.www.http.HttpClient.New(HttpClient.java:341)
	at sun.net.www.http.HttpClient.New(HttpClient.java:359)
	at sun.net.www.protocol.http.HttpURLConnection.getNewHttpClient(HttpURLConnection.java:1245)
	at sun.net.www.protocol.http.HttpURLConnection.plainConnect0(HttpURLConnection.java:1179)
	at sun.net.www.protocol.http.HttpURLConnection.plainConnect(HttpURLConnection.java:1073)
	at sun.net.www.protocol.http.HttpURLConnection.connect(HttpURLConnection.java:1007)
	at com.xxl.job.core.util.XxlJobRemotingUtil.postBody(XxlJobRemotingUtil.java:99)
	at com.xxl.job.core.biz.client.AdminBizClient.registry(AdminBizClient.java:42)
	at com.xxl.job.core.thread.ExecutorRegistryThread$1.run(ExecutorRegistryThread.java:48)
	at java.lang.Thread.run(Thread.java:750)
2026-05-20 23:50:42.560 [xxl-job, executor ExecutorRegistryThread] ERROR XxlJobRemotingUtil - Connection refused (Connection refused)
java.net.ConnectException: Connection refused (Connection refused)
	at java.net.PlainSocketImpl.socketConnect(Native Method)
	at java.net.AbstractPlainSocketImpl.doConnect(AbstractPlainSocketImpl.java:350)
	at java.net.AbstractPlainSocketImpl.connectToAddress(AbstractPlainSocketImpl.java:206)
	at java.net.AbstractPlainSocketImpl.connect(AbstractPlainSocketImpl.java:188)
	at java.net.SocksSocketImpl.connect(SocksSocketImpl.java:392)
	at java.net.Socket.connect(Socket.java:607)
	at sun.net.NetworkClient.doConnect(NetworkClient.java:175)
	at sun.net.www.http.HttpClient.openServer(HttpClient.java:465)
	at sun.net.www.http.HttpClient.openServer(HttpClient.java:560)
	at sun.net.www.http.HttpClient.<init>(HttpClient.java:246)
	at sun.net.www.http.HttpClient.New(HttpClient.java:341)
	at sun.net.www.http.HttpClient.New(HttpClient.java:359)
	at sun.net.www.protocol.http.HttpURLConnection.getNewHttpClient(HttpURLConnection.java:1245)
	at sun.net.www.protocol.http.HttpURLConnection.plainConnect0(HttpURLConnection.java:1179)
	at sun.net.www.protocol.http.HttpURLConnection.plainConnect(HttpURLConnection.java:1073)
	at sun.net.www.protocol.http.HttpURLConnection.connect(HttpURLConnection.java:1007)
	at com.xxl.job.core.util.XxlJobRemotingUtil.postBody(XxlJobRemotingUtil.java:99)
	at com.xxl.job.core.biz.client.AdminBizClient.registry(AdminBizClient.java:42)
	at com.xxl.job.core.thread.ExecutorRegistryThread$1.run(ExecutorRegistryThread.java:48)
	at java.lang.Thread.run(Thread.java:750)
2026-05-20 23:51:12.566 [xxl-job, executor ExecutorRegistryThread] ERROR XxlJobRemotingUtil - Connection refused (Connection refused)
java.net.ConnectException: Connection refused (Connection refused)
	at java.net.PlainSocketImpl.socketConnect(Native Method)
	at java.net.AbstractPlainSocketImpl.doConnect(AbstractPlainSocketImpl.java:350)
	at java.net.AbstractPlainSocketImpl.connectToAddress(AbstractPlainSocketImpl.java:206)
	at java.net.AbstractPlainSocketImpl.connect(AbstractPlainSocketImpl.java:188)
	at java.net.SocksSocketImpl.connect(SocksSocketImpl.java:392)
	at java.net.Socket.connect(Socket.java:607)
	at sun.net.NetworkClient.doConnect(NetworkClient.java:175)
	at sun.net.www.http.HttpClient.openServer(HttpClient.java:465)
	at sun.net.www.http.HttpClient.openServer(HttpClient.java:560)
	at sun.net.www.http.HttpClient.<init>(HttpClient.java:246)
	at sun.net.www.http.HttpClient.New(HttpClient.java:341)
	at sun.net.www.http.HttpClient.New(HttpClient.java:359)
	at sun.net.www.protocol.http.HttpURLConnection.getNewHttpClient(HttpURLConnection.java:1245)
	at sun.net.www.protocol.http.HttpURLConnection.plainConnect0(HttpURLConnection.java:1179)
	at sun.net.www.protocol.http.HttpURLConnection.plainConnect(HttpURLConnection.java:1073)
	at sun.net.www.protocol.http.HttpURLConnection.connect(HttpURLConnection.java:1007)
	at com.xxl.job.core.util.XxlJobRemotingUtil.postBody(XxlJobRemotingUtil.java:99)
	at com.xxl.job.core.biz.client.AdminBizClient.registry(AdminBizClient.java:42)
	at com.xxl.job.core.thread.ExecutorRegistryThread$1.run(ExecutorRegistryThread.java:48)
	at java.lang.Thread.run(Thread.java:750)
2026-05-20 23:51:42.571 [xxl-job, executor ExecutorRegistryThread] ERROR XxlJobRemotingUtil - Connection refused (Connection refused)
java.net.ConnectException: Connection refused (Connection refused)
	at java.net.PlainSocketImpl.socketConnect(Native Method)
	at java.net.AbstractPlainSocketImpl.doConnect(AbstractPlainSocketImpl.java:350)
	at java.net.AbstractPlainSocketImpl.connectToAddress(AbstractPlainSocketImpl.java:206)
	at java.net.AbstractPlainSocketImpl.connect(AbstractPlainSocketImpl.java:188)
	at java.net.SocksSocketImpl.connect(SocksSocketImpl.java:392)
	at java.net.Socket.connect(Socket.java:607)
	at sun.net.NetworkClient.doConnect(NetworkClient.java:175)
	at sun.net.www.http.HttpClient.openServer(HttpClient.java:465)
	at sun.net.www.http.HttpClient.openServer(HttpClient.java:560)
	at sun.net.www.http.HttpClient.<init>(HttpClient.java:246)
	at sun.net.www.http.HttpClient.New(HttpClient.java:341)
	at sun.net.www.http.HttpClient.New(HttpClient.java:359)
	at sun.net.www.protocol.http.HttpURLConnection.getNewHttpClient(HttpURLConnection.java:1245)
	at sun.net.www.protocol.http.HttpURLConnection.plainConnect0(HttpURLConnection.java:1179)
	at sun.net.www.protocol.http.HttpURLConnection.plainConnect(HttpURLConnection.java:1073)
	at sun.net.www.protocol.http.HttpURLConnection.connect(HttpURLConnection.java:1007)
	at com.xxl.job.core.util.XxlJobRemotingUtil.postBody(XxlJobRemotingUtil.java:99)
	at com.xxl.job.core.biz.client.AdminBizClient.registry(AdminBizClient.java:42)
	at com.xxl.job.core.thread.ExecutorRegistryThread$1.run(ExecutorRegistryThread.java:48)
	at java.lang.Thread.run(Thread.java:750)
2026-05-20 23:52:12.577 [xxl-job, executor ExecutorRegistryThread] ERROR XxlJobRemotingUtil - Connection refused (Connection refused)
java.net.ConnectException: Connection refused (Connection refused)
	at java.net.PlainSocketImpl.socketConnect(Native Method)
	at java.net.AbstractPlainSocketImpl.doConnect(AbstractPlainSocketImpl.java:350)
	at java.net.AbstractPlainSocketImpl.connectToAddress(AbstractPlainSocketImpl.java:206)
	at java.net.AbstractPlainSocketImpl.connect(AbstractPlainSocketImpl.java:188)
	at java.net.SocksSocketImpl.connect(SocksSocketImpl.java:392)
	at java.net.Socket.connect(Socket.java:607)
	at sun.net.NetworkClient.doConnect(NetworkClient.java:175)
	at sun.net.www.http.HttpClient.openServer(HttpClient.java:465)
	at sun.net.www.http.HttpClient.openServer(HttpClient.java:560)
	at sun.net.www.http.HttpClient.<init>(HttpClient.java:246)
	at sun.net.www.http.HttpClient.New(HttpClient.java:341)
	at sun.net.www.http.HttpClient.New(HttpClient.java:359)
	at sun.net.www.protocol.http.HttpURLConnection.getNewHttpClient(HttpURLConnection.java:1245)
	at sun.net.www.protocol.http.HttpURLConnection.plainConnect0(HttpURLConnection.java:1179)
	at sun.net.www.protocol.http.HttpURLConnection.plainConnect(HttpURLConnection.java:1073)
	at sun.net.www.protocol.http.HttpURLConnection.connect(HttpURLConnection.java:1007)
	at com.xxl.job.core.util.XxlJobRemotingUtil.postBody(XxlJobRemotingUtil.java:99)
	at com.xxl.job.core.biz.client.AdminBizClient.registry(AdminBizClient.java:42)
	at com.xxl.job.core.thread.ExecutorRegistryThread$1.run(ExecutorRegistryThread.java:48)
	at java.lang.Thread.run(Thread.java:750)
