[INFO] - 2023-11-20 15:13:45.965 - [main] - ChatServerApplication#48 - INFO:Starting ChatServerApplication on DESKTOP-PJGVCJC with PID 12384 (E:\HP-20230924\Server_x1tag1.2.2\server_game\chatserver\build\libs\chatserver-1.0.0.jar started by yuan in E:\HP-20230924\Server_x1tag1.2.2\server_game\chatserver\build\libs)
[INFO] - 2023-11-20 15:13:45.968 - [main] - ChatServerApplication#593 - INFO:No active profile set, falling back to default profiles: default
[INFO] - 2023-11-20 15:13:45.998 - [main] - AnnotationConfigApplicationContext#583 - INFO:Refreshing org.springframework.context.annotation.AnnotationConfigApplicationContext@11dc3715: startup date [Mon Nov 20 15:13:45 CST 2023]; root of context hierarchy
[INFO] - 2023-11-20 15:13:46.358 - [main] - RepositoryConfigurationDelegate#165 - INFO:Multiple Spring Data modules found, entering strict repository configuration mode!
[INFO] - 2023-11-20 15:13:46.420 - [main] - RepositoryConfigurationDelegate#165 - INFO:Multiple Spring Data modules found, entering strict repository configuration mode!
[INFO] - 2023-11-20 15:13:48.701 - [main] - cluster#71 - INFO:Cluster created with settings {hosts=[localhost:27017], mode=SINGLE, requiredClusterType=UNKNOWN, serverSelectionTimeout='30000 ms', maxWaitQueueSize=500}
[INFO] - 2023-11-20 15:13:49.011 - [main] - AnnotationMBeanExporter#431 - INFO:Registering beans for JMX exposure on startup
[INFO] - 2023-11-20 15:13:49.024 - [main] - ChatServerApplication#57 - INFO:Started ChatServerApplication in 3.365 seconds (JVM running for 3.666)
[INFO] - 2023-11-20 15:13:49.026 - [main] - ThreadManager#70 - INFO:delayForMinute---->>>>11
[INFO] - 2023-11-20 15:13:49.097 - [main] - ChatServerApplication#55 - INFO:ServerProperties ->CoreSettings{ip='127.0.0.1', port=17181, id=1, weight=5, worldip='null', worldport=0}
[ERROR] - 2023-11-20 15:13:49.099 - [rpc] - RPCServerTask#58 - INFO:run->Could not create ServerSocket on address /127.0.0.1:17181.
org.apache.thrift.transport.TTransportException: Could not create ServerSocket on address /127.0.0.1:17181.
	at org.apache.thrift.transport.TServerSocket.<init>(TServerSocket.java:109)
	at org.apache.thrift.transport.TServerSocket.<init>(TServerSocket.java:91)
	at org.apache.thrift.transport.TServerSocket.<init>(TServerSocket.java:87)
	at com.chat.network.pool.RPCServerTask.run(RPCServerTask.java:38)
[INFO] - 2023-11-20 15:13:50.795 - [cluster-ClusterId{value='655b072c79fa7b3060f60093', description='null'}-localhost:27017] - cluster#76 - INFO:Exception in monitor thread while connecting to server localhost:27017
com.mongodb.MongoSocketOpenException: Exception opening socket
	at com.mongodb.connection.SocketStream.open(SocketStream.java:63)
	at com.mongodb.connection.InternalStreamConnection.open(InternalStreamConnection.java:115)
	at com.mongodb.connection.DefaultServerMonitor$ServerMonitorRunnable.run(DefaultServerMonitor.java:113)
	at java.lang.Thread.run(Unknown Source)
Caused by: java.net.ConnectException: Connection refused: connect
	at java.net.DualStackPlainSocketImpl.waitForConnect(Native Method)
	at java.net.DualStackPlainSocketImpl.socketConnect(Unknown Source)
	at java.net.AbstractPlainSocketImpl.doConnect(Unknown Source)
	at java.net.AbstractPlainSocketImpl.connectToAddress(Unknown Source)
	at java.net.AbstractPlainSocketImpl.connect(Unknown Source)
	at java.net.PlainSocketImpl.connect(Unknown Source)
	at java.net.SocksSocketImpl.connect(Unknown Source)
	at java.net.Socket.connect(Unknown Source)
	at com.mongodb.connection.SocketStreamHelper.initialize(SocketStreamHelper.java:57)
	at com.mongodb.connection.SocketStream.open(SocketStream.java:58)
	... 3 common frames omitted
[INFO] - 2023-11-20 16:22:48.210 - [main] - ChatServerApplication#48 - INFO:Starting ChatServerApplication on VM-8-5-centos with PID 16754 (/home/java/chatserver/chatserver-1.0.0.jar started by root in /home/java/chatserver)
[INFO] - 2023-11-20 16:22:48.214 - [main] - ChatServerApplication#593 - INFO:No active profile set, falling back to default profiles: default
[INFO] - 2023-11-20 16:22:48.258 - [main] - AnnotationConfigApplicationContext#583 - INFO:Refreshing org.springframework.context.annotation.AnnotationConfigApplicationContext@7ea37dbf: startup date [Mon Nov 20 16:22:48 CST 2023]; root of context hierarchy
[INFO] - 2023-11-20 16:22:48.796 - [main] - RepositoryConfigurationDelegate#165 - INFO:Multiple Spring Data modules found, entering strict repository configuration mode!
[INFO] - 2023-11-20 16:22:48.889 - [main] - RepositoryConfigurationDelegate#165 - INFO:Multiple Spring Data modules found, entering strict repository configuration mode!
[INFO] - 2023-11-20 16:22:50.017 - [main] - cluster#71 - INFO:Cluster created with settings {hosts=[localhost:27017], mode=SINGLE, requiredClusterType=UNKNOWN, serverSelectionTimeout='30000 ms', maxWaitQueueSize=500}
[INFO] - 2023-11-20 16:22:50.116 - [cluster-ClusterId{value='655b175afbd43b417259fead', description='null'}-localhost:27017] - connection#71 - INFO:Opened connection [connectionId{localValue:1, serverValue:2}] to localhost:27017
[INFO] - 2023-11-20 16:22:50.118 - [cluster-ClusterId{value='655b175afbd43b417259fead', description='null'}-localhost:27017] - cluster#71 - INFO:Monitor thread successfully connected to server with description ServerDescription{address=localhost:27017, type=STANDALONE, state=CONNECTED, ok=true, version=ServerVersion{versionList=[4, 0, 28]}, minWireVersion=0, maxWireVersion=7, maxDocumentSize=16777216, roundTripTimeNanos=781522}
[INFO] - 2023-11-20 16:22:50.473 - [main] - AnnotationMBeanExporter#431 - INFO:Registering beans for JMX exposure on startup
[INFO] - 2023-11-20 16:22:50.512 - [main] - ChatServerApplication#57 - INFO:Started ChatServerApplication in 2.799 seconds (JVM running for 3.106)
[INFO] - 2023-11-20 16:22:50.514 - [main] - ThreadManager#70 - INFO:delayForMinute---->>>>10
[INFO] - 2023-11-20 16:22:50.589 - [main] - ChatServerApplication#55 - INFO:ServerProperties ->CoreSettings{ip='127.0.0.1', port=17181, id=1, weight=5, worldip='null', worldport=0}
[INFO] - 2023-11-20 16:22:50.591 - [rpc] - RPCServerTask#39 - INFO:run->coreip=127.0.0.1,corePort=17181
[INFO] - 2023-11-20 16:22:50.595 - [rpc] - RPCServerTask#46 - INFO:run->RPC services is starting.
[INFO] - 2023-11-20 16:23:00.516 - [ScheduleThreadPool-test-thread-1] - MinuteTask#24 - INFO:MinuteTask start...
[INFO] - 2023-11-20 16:23:00.517 - [ScheduleThreadPool-test-thread-1] - MinuteTask#25 - INFO:MinuteTask end...
[INFO] - 2023-11-20 16:25:25.253 - [main] - ChatServerApplication#48 - INFO:Starting ChatServerApplication on VM-8-5-centos with PID 20794 (/home/java/chatserver/chatserver-1.0.0.jar started by root in /home/java/chatserver)
[INFO] - 2023-11-20 16:25:25.255 - [main] - ChatServerApplication#593 - INFO:No active profile set, falling back to default profiles: default
[INFO] - 2023-11-20 16:25:25.330 - [main] - AnnotationConfigApplicationContext#583 - INFO:Refreshing org.springframework.context.annotation.AnnotationConfigApplicationContext@7ea37dbf: startup date [Mon Nov 20 16:25:25 CST 2023]; root of context hierarchy
[INFO] - 2023-11-20 16:25:25.856 - [main] - RepositoryConfigurationDelegate#165 - INFO:Multiple Spring Data modules found, entering strict repository configuration mode!
[INFO] - 2023-11-20 16:25:25.965 - [main] - RepositoryConfigurationDelegate#165 - INFO:Multiple Spring Data modules found, entering strict repository configuration mode!
[INFO] - 2023-11-20 16:25:27.128 - [main] - cluster#71 - INFO:Cluster created with settings {hosts=[localhost:27017], mode=SINGLE, requiredClusterType=UNKNOWN, serverSelectionTimeout='30000 ms', maxWaitQueueSize=500}
[INFO] - 2023-11-20 16:25:27.253 - [cluster-ClusterId{value='655b17f7fbd43b513a69f205', description='null'}-localhost:27017] - connection#71 - INFO:Opened connection [connectionId{localValue:1, serverValue:3}] to localhost:27017
[INFO] - 2023-11-20 16:25:27.262 - [cluster-ClusterId{value='655b17f7fbd43b513a69f205', description='null'}-localhost:27017] - cluster#71 - INFO:Monitor thread successfully connected to server with description ServerDescription{address=localhost:27017, type=STANDALONE, state=CONNECTED, ok=true, version=ServerVersion{versionList=[4, 0, 28]}, minWireVersion=0, maxWireVersion=7, maxDocumentSize=16777216, roundTripTimeNanos=6959851}
[INFO] - 2023-11-20 16:25:27.596 - [main] - AnnotationMBeanExporter#431 - INFO:Registering beans for JMX exposure on startup
[INFO] - 2023-11-20 16:25:27.637 - [main] - ChatServerApplication#57 - INFO:Started ChatServerApplication in 2.861 seconds (JVM running for 3.192)
[INFO] - 2023-11-20 16:25:27.638 - [main] - ThreadManager#70 - INFO:delayForMinute---->>>>33
[INFO] - 2023-11-20 16:25:27.724 - [main] - ChatServerApplication#55 - INFO:ServerProperties ->CoreSettings{ip='127.0.0.1', port=17181, id=1, weight=5, worldip='null', worldport=0}
[INFO] - 2023-11-20 16:25:27.726 - [rpc] - RPCServerTask#39 - INFO:run->coreip=127.0.0.1,corePort=17181
[INFO] - 2023-11-20 16:25:27.731 - [rpc] - RPCServerTask#46 - INFO:run->RPC services is starting.
[INFO] - 2023-11-20 16:26:00.640 - [ScheduleThreadPool-test-thread-1] - MinuteTask#24 - INFO:MinuteTask start...
[INFO] - 2023-11-20 16:26:00.641 - [ScheduleThreadPool-test-thread-1] - MinuteTask#25 - INFO:MinuteTask end...
[INFO] - 2023-11-20 16:27:00.640 - [ScheduleThreadPool-test-thread-1] - MinuteTask#24 - INFO:MinuteTask start...
[INFO] - 2023-11-20 16:27:00.641 - [ScheduleThreadPool-test-thread-1] - MinuteTask#25 - INFO:MinuteTask end...
[INFO] - 2023-11-20 16:28:00.640 - [ScheduleThreadPool-test-thread-2] - MinuteTask#24 - INFO:MinuteTask start...
[INFO] - 2023-11-20 16:28:00.641 - [ScheduleThreadPool-test-thread-2] - MinuteTask#25 - INFO:MinuteTask end...
[INFO] - 2023-11-20 16:29:00.640 - [ScheduleThreadPool-test-thread-1] - MinuteTask#24 - INFO:MinuteTask start...
[INFO] - 2023-11-20 16:29:00.640 - [ScheduleThreadPool-test-thread-1] - MinuteTask#25 - INFO:MinuteTask end...
[INFO] - 2023-11-20 16:30:00.640 - [ScheduleThreadPool-test-thread-3] - MinuteTask#24 - INFO:MinuteTask start...
[INFO] - 2023-11-20 16:30:00.641 - [ScheduleThreadPool-test-thread-3] - MinuteTask#25 - INFO:MinuteTask end...
[INFO] - 2023-11-20 16:31:00.640 - [ScheduleThreadPool-test-thread-2] - MinuteTask#24 - INFO:MinuteTask start...
[INFO] - 2023-11-20 16:31:00.640 - [ScheduleThreadPool-test-thread-2] - MinuteTask#25 - INFO:MinuteTask end...
[INFO] - 2023-11-20 16:32:00.640 - [ScheduleThreadPool-test-thread-4] - MinuteTask#24 - INFO:MinuteTask start...
[INFO] - 2023-11-20 16:32:00.641 - [ScheduleThreadPool-test-thread-4] - MinuteTask#25 - INFO:MinuteTask end...
[INFO] - 2023-11-20 16:33:00.640 - [ScheduleThreadPool-test-thread-1] - MinuteTask#24 - INFO:MinuteTask start...
[INFO] - 2023-11-20 16:33:00.640 - [ScheduleThreadPool-test-thread-1] - MinuteTask#25 - INFO:MinuteTask end...
[INFO] - 2023-11-20 16:34:00.640 - [ScheduleThreadPool-test-thread-1] - MinuteTask#24 - INFO:MinuteTask start...
[INFO] - 2023-11-20 16:34:00.640 - [ScheduleThreadPool-test-thread-1] - MinuteTask#25 - INFO:MinuteTask end...
[INFO] - 2023-11-20 16:35:00.640 - [ScheduleThreadPool-test-thread-1] - MinuteTask#24 - INFO:MinuteTask start...
[INFO] - 2023-11-20 16:35:00.640 - [ScheduleThreadPool-test-thread-1] - MinuteTask#25 - INFO:MinuteTask end...
[INFO] - 2023-11-20 16:36:00.640 - [ScheduleThreadPool-test-thread-1] - MinuteTask#24 - INFO:MinuteTask start...
[INFO] - 2023-11-20 16:36:00.640 - [ScheduleThreadPool-test-thread-1] - MinuteTask#25 - INFO:MinuteTask end...
[INFO] - 2023-11-20 16:37:00.640 - [ScheduleThreadPool-test-thread-1] - MinuteTask#24 - INFO:MinuteTask start...
[INFO] - 2023-11-20 16:37:00.640 - [ScheduleThreadPool-test-thread-1] - MinuteTask#25 - INFO:MinuteTask end...
[INFO] - 2023-11-20 16:38:00.640 - [ScheduleThreadPool-test-thread-1] - MinuteTask#24 - INFO:MinuteTask start...
[INFO] - 2023-11-20 16:38:00.640 - [ScheduleThreadPool-test-thread-1] - MinuteTask#25 - INFO:MinuteTask end...
[INFO] - 2023-11-20 16:39:00.640 - [ScheduleThreadPool-test-thread-1] - MinuteTask#24 - INFO:MinuteTask start...
[INFO] - 2023-11-20 16:39:00.640 - [ScheduleThreadPool-test-thread-1] - MinuteTask#25 - INFO:MinuteTask end...
[INFO] - 2023-11-20 16:40:00.640 - [ScheduleThreadPool-test-thread-1] - MinuteTask#24 - INFO:MinuteTask start...
[INFO] - 2023-11-20 16:40:00.640 - [ScheduleThreadPool-test-thread-1] - MinuteTask#25 - INFO:MinuteTask end...
[INFO] - 2023-11-20 16:41:00.640 - [ScheduleThreadPool-test-thread-1] - MinuteTask#24 - INFO:MinuteTask start...
[INFO] - 2023-11-20 16:41:00.640 - [ScheduleThreadPool-test-thread-1] - MinuteTask#25 - INFO:MinuteTask end...
[INFO] - 2023-11-20 16:42:00.640 - [ScheduleThreadPool-test-thread-1] - MinuteTask#24 - INFO:MinuteTask start...
[INFO] - 2023-11-20 16:42:00.640 - [ScheduleThreadPool-test-thread-1] - MinuteTask#25 - INFO:MinuteTask end...
[INFO] - 2023-11-20 16:43:00.640 - [ScheduleThreadPool-test-thread-1] - MinuteTask#24 - INFO:MinuteTask start...
[INFO] - 2023-11-20 16:43:00.640 - [ScheduleThreadPool-test-thread-1] - MinuteTask#25 - INFO:MinuteTask end...
[INFO] - 2023-11-20 16:44:00.640 - [ScheduleThreadPool-test-thread-1] - MinuteTask#24 - INFO:MinuteTask start...
[INFO] - 2023-11-20 16:44:00.640 - [ScheduleThreadPool-test-thread-1] - MinuteTask#25 - INFO:MinuteTask end...
[INFO] - 2023-11-20 16:45:00.640 - [ScheduleThreadPool-test-thread-1] - MinuteTask#24 - INFO:MinuteTask start...
[INFO] - 2023-11-20 16:45:00.640 - [ScheduleThreadPool-test-thread-1] - MinuteTask#25 - INFO:MinuteTask end...
[INFO] - 2023-11-20 16:46:00.640 - [ScheduleThreadPool-test-thread-1] - MinuteTask#24 - INFO:MinuteTask start...
[INFO] - 2023-11-20 16:46:00.640 - [ScheduleThreadPool-test-thread-1] - MinuteTask#25 - INFO:MinuteTask end...
[INFO] - 2023-11-20 16:47:00.640 - [ScheduleThreadPool-test-thread-1] - MinuteTask#24 - INFO:MinuteTask start...
[INFO] - 2023-11-20 16:47:00.640 - [ScheduleThreadPool-test-thread-1] - MinuteTask#25 - INFO:MinuteTask end...
[INFO] - 2023-11-20 16:48:00.640 - [ScheduleThreadPool-test-thread-1] - MinuteTask#24 - INFO:MinuteTask start...
[INFO] - 2023-11-20 16:48:00.641 - [ScheduleThreadPool-test-thread-1] - MinuteTask#25 - INFO:MinuteTask end...
[INFO] - 2023-11-20 16:49:00.640 - [ScheduleThreadPool-test-thread-1] - MinuteTask#24 - INFO:MinuteTask start...
[INFO] - 2023-11-20 16:49:00.640 - [ScheduleThreadPool-test-thread-1] - MinuteTask#25 - INFO:MinuteTask end...
[INFO] - 2023-11-20 16:50:00.640 - [ScheduleThreadPool-test-thread-1] - MinuteTask#24 - INFO:MinuteTask start...
[INFO] - 2023-11-20 16:50:00.640 - [ScheduleThreadPool-test-thread-1] - MinuteTask#25 - INFO:MinuteTask end...
[INFO] - 2023-11-20 16:51:00.640 - [ScheduleThreadPool-test-thread-1] - MinuteTask#24 - INFO:MinuteTask start...
[INFO] - 2023-11-20 16:51:00.640 - [ScheduleThreadPool-test-thread-1] - MinuteTask#25 - INFO:MinuteTask end...
[INFO] - 2023-11-20 16:52:00.640 - [ScheduleThreadPool-test-thread-1] - MinuteTask#24 - INFO:MinuteTask start...
[INFO] - 2023-11-20 16:52:00.640 - [ScheduleThreadPool-test-thread-1] - MinuteTask#25 - INFO:MinuteTask end...
[INFO] - 2023-11-20 16:53:00.640 - [ScheduleThreadPool-test-thread-1] - MinuteTask#24 - INFO:MinuteTask start...
[INFO] - 2023-11-20 16:53:00.640 - [ScheduleThreadPool-test-thread-1] - MinuteTask#25 - INFO:MinuteTask end...
[INFO] - 2023-11-20 16:54:00.640 - [ScheduleThreadPool-test-thread-1] - MinuteTask#24 - INFO:MinuteTask start...
[INFO] - 2023-11-20 16:54:00.640 - [ScheduleThreadPool-test-thread-1] - MinuteTask#25 - INFO:MinuteTask end...
[INFO] - 2023-11-20 16:55:00.640 - [ScheduleThreadPool-test-thread-1] - MinuteTask#24 - INFO:MinuteTask start...
[INFO] - 2023-11-20 16:55:00.640 - [ScheduleThreadPool-test-thread-1] - MinuteTask#25 - INFO:MinuteTask end...
[INFO] - 2023-11-20 16:56:00.640 - [ScheduleThreadPool-test-thread-1] - MinuteTask#24 - INFO:MinuteTask start...
[INFO] - 2023-11-20 16:56:00.640 - [ScheduleThreadPool-test-thread-1] - MinuteTask#25 - INFO:MinuteTask end...
[INFO] - 2023-11-20 16:57:00.646 - [ScheduleThreadPool-test-thread-1] - MinuteTask#24 - INFO:MinuteTask start...
[INFO] - 2023-11-20 16:57:00.647 - [ScheduleThreadPool-test-thread-1] - MinuteTask#25 - INFO:MinuteTask end...
[INFO] - 2023-11-20 16:58:00.640 - [ScheduleThreadPool-test-thread-1] - MinuteTask#24 - INFO:MinuteTask start...
[INFO] - 2023-11-20 16:58:00.640 - [ScheduleThreadPool-test-thread-1] - MinuteTask#25 - INFO:MinuteTask end...
[INFO] - 2023-11-20 16:59:00.640 - [ScheduleThreadPool-test-thread-1] - MinuteTask#24 - INFO:MinuteTask start...
[INFO] - 2023-11-20 16:59:00.641 - [ScheduleThreadPool-test-thread-1] - MinuteTask#25 - INFO:MinuteTask end...
[INFO] - 2023-11-20 17:00:00.640 - [ScheduleThreadPool-test-thread-1] - MinuteTask#24 - INFO:MinuteTask start...
[INFO] - 2023-11-20 17:00:00.640 - [ScheduleThreadPool-test-thread-1] - MinuteTask#25 - INFO:MinuteTask end...
[INFO] - 2023-11-20 17:01:00.640 - [ScheduleThreadPool-test-thread-1] - MinuteTask#24 - INFO:MinuteTask start...
[INFO] - 2023-11-20 17:01:00.640 - [ScheduleThreadPool-test-thread-1] - MinuteTask#25 - INFO:MinuteTask end...
[INFO] - 2023-11-20 17:02:00.640 - [ScheduleThreadPool-test-thread-1] - MinuteTask#24 - INFO:MinuteTask start...
[INFO] - 2023-11-20 17:02:00.640 - [ScheduleThreadPool-test-thread-1] - MinuteTask#25 - INFO:MinuteTask end...
[INFO] - 2023-11-20 17:03:00.640 - [ScheduleThreadPool-test-thread-1] - MinuteTask#24 - INFO:MinuteTask start...
[INFO] - 2023-11-20 17:03:00.640 - [ScheduleThreadPool-test-thread-1] - MinuteTask#25 - INFO:MinuteTask end...
[INFO] - 2023-11-20 17:04:00.640 - [ScheduleThreadPool-test-thread-1] - MinuteTask#24 - INFO:MinuteTask start...
[INFO] - 2023-11-20 17:04:00.640 - [ScheduleThreadPool-test-thread-1] - MinuteTask#25 - INFO:MinuteTask end...
[INFO] - 2023-11-20 17:05:00.640 - [ScheduleThreadPool-test-thread-1] - MinuteTask#24 - INFO:MinuteTask start...
[INFO] - 2023-11-20 17:05:00.640 - [ScheduleThreadPool-test-thread-1] - MinuteTask#25 - INFO:MinuteTask end...
[INFO] - 2023-11-20 17:06:00.640 - [ScheduleThreadPool-test-thread-1] - MinuteTask#24 - INFO:MinuteTask start...
[INFO] - 2023-11-20 17:06:00.640 - [ScheduleThreadPool-test-thread-1] - MinuteTask#25 - INFO:MinuteTask end...
[INFO] - 2023-11-20 17:07:00.640 - [ScheduleThreadPool-test-thread-1] - MinuteTask#24 - INFO:MinuteTask start...
[INFO] - 2023-11-20 17:07:00.640 - [ScheduleThreadPool-test-thread-1] - MinuteTask#25 - INFO:MinuteTask end...
[INFO] - 2023-11-20 17:08:00.640 - [ScheduleThreadPool-test-thread-1] - MinuteTask#24 - INFO:MinuteTask start...
[INFO] - 2023-11-20 17:08:00.640 - [ScheduleThreadPool-test-thread-1] - MinuteTask#25 - INFO:MinuteTask end...
[INFO] - 2023-11-20 17:09:00.640 - [ScheduleThreadPool-test-thread-1] - MinuteTask#24 - INFO:MinuteTask start...
[INFO] - 2023-11-20 17:09:00.640 - [ScheduleThreadPool-test-thread-1] - MinuteTask#25 - INFO:MinuteTask end...
[INFO] - 2023-11-20 17:10:00.640 - [ScheduleThreadPool-test-thread-1] - MinuteTask#24 - INFO:MinuteTask start...
[INFO] - 2023-11-20 17:10:00.640 - [ScheduleThreadPool-test-thread-1] - MinuteTask#25 - INFO:MinuteTask end...
[INFO] - 2023-11-20 17:11:00.640 - [ScheduleThreadPool-test-thread-1] - MinuteTask#24 - INFO:MinuteTask start...
[INFO] - 2023-11-20 17:11:00.640 - [ScheduleThreadPool-test-thread-1] - MinuteTask#25 - INFO:MinuteTask end...
[INFO] - 2023-11-20 17:12:00.640 - [ScheduleThreadPool-test-thread-1] - MinuteTask#24 - INFO:MinuteTask start...
[INFO] - 2023-11-20 17:12:00.640 - [ScheduleThreadPool-test-thread-1] - MinuteTask#25 - INFO:MinuteTask end...
[INFO] - 2023-11-20 17:13:00.640 - [ScheduleThreadPool-test-thread-1] - MinuteTask#24 - INFO:MinuteTask start...
[INFO] - 2023-11-20 17:13:00.640 - [ScheduleThreadPool-test-thread-1] - MinuteTask#25 - INFO:MinuteTask end...
[INFO] - 2023-11-20 17:14:00.640 - [ScheduleThreadPool-test-thread-1] - MinuteTask#24 - INFO:MinuteTask start...
[INFO] - 2023-11-20 17:14:00.640 - [ScheduleThreadPool-test-thread-1] - MinuteTask#25 - INFO:MinuteTask end...
[INFO] - 2023-11-20 17:15:00.640 - [ScheduleThreadPool-test-thread-1] - MinuteTask#24 - INFO:MinuteTask start...
[INFO] - 2023-11-20 17:15:00.640 - [ScheduleThreadPool-test-thread-1] - MinuteTask#25 - INFO:MinuteTask end...
[INFO] - 2023-11-20 17:16:00.640 - [ScheduleThreadPool-test-thread-1] - MinuteTask#24 - INFO:MinuteTask start...
[INFO] - 2023-11-20 17:16:00.640 - [ScheduleThreadPool-test-thread-1] - MinuteTask#25 - INFO:MinuteTask end...
[INFO] - 2023-11-20 17:17:00.640 - [ScheduleThreadPool-test-thread-1] - MinuteTask#24 - INFO:MinuteTask start...
[INFO] - 2023-11-20 17:17:00.640 - [ScheduleThreadPool-test-thread-1] - MinuteTask#25 - INFO:MinuteTask end...
[INFO] - 2023-11-20 17:18:00.640 - [ScheduleThreadPool-test-thread-1] - MinuteTask#24 - INFO:MinuteTask start...
[INFO] - 2023-11-20 17:18:00.640 - [ScheduleThreadPool-test-thread-1] - MinuteTask#25 - INFO:MinuteTask end...
[INFO] - 2023-11-20 17:19:00.640 - [ScheduleThreadPool-test-thread-1] - MinuteTask#24 - INFO:MinuteTask start...
[INFO] - 2023-11-20 17:19:00.640 - [ScheduleThreadPool-test-thread-1] - MinuteTask#25 - INFO:MinuteTask end...
[INFO] - 2023-11-20 17:20:00.640 - [ScheduleThreadPool-test-thread-1] - MinuteTask#24 - INFO:MinuteTask start...
[INFO] - 2023-11-20 17:20:00.640 - [ScheduleThreadPool-test-thread-1] - MinuteTask#25 - INFO:MinuteTask end...
[INFO] - 2023-11-20 17:21:00.640 - [ScheduleThreadPool-test-thread-1] - MinuteTask#24 - INFO:MinuteTask start...
[INFO] - 2023-11-20 17:21:00.640 - [ScheduleThreadPool-test-thread-1] - MinuteTask#25 - INFO:MinuteTask end...
[INFO] - 2023-11-20 17:22:00.640 - [ScheduleThreadPool-test-thread-1] - MinuteTask#24 - INFO:MinuteTask start...
[INFO] - 2023-11-20 17:22:00.640 - [ScheduleThreadPool-test-thread-1] - MinuteTask#25 - INFO:MinuteTask end...
[INFO] - 2023-11-20 17:23:00.640 - [ScheduleThreadPool-test-thread-1] - MinuteTask#24 - INFO:MinuteTask start...
[INFO] - 2023-11-20 17:23:00.640 - [ScheduleThreadPool-test-thread-1] - MinuteTask#25 - INFO:MinuteTask end...
[INFO] - 2023-11-20 17:24:00.640 - [ScheduleThreadPool-test-thread-1] - MinuteTask#24 - INFO:MinuteTask start...
[INFO] - 2023-11-20 17:24:00.640 - [ScheduleThreadPool-test-thread-1] - MinuteTask#25 - INFO:MinuteTask end...
[INFO] - 2023-11-20 17:25:00.640 - [ScheduleThreadPool-test-thread-1] - MinuteTask#24 - INFO:MinuteTask start...
[INFO] - 2023-11-20 17:25:00.640 - [ScheduleThreadPool-test-thread-1] - MinuteTask#25 - INFO:MinuteTask end...
[INFO] - 2023-11-20 17:26:00.640 - [ScheduleThreadPool-test-thread-1] - MinuteTask#24 - INFO:MinuteTask start...
[INFO] - 2023-11-20 17:26:00.640 - [ScheduleThreadPool-test-thread-1] - MinuteTask#25 - INFO:MinuteTask end...
[INFO] - 2023-11-20 17:27:00.640 - [ScheduleThreadPool-test-thread-1] - MinuteTask#24 - INFO:MinuteTask start...
[INFO] - 2023-11-20 17:27:00.640 - [ScheduleThreadPool-test-thread-1] - MinuteTask#25 - INFO:MinuteTask end...
[INFO] - 2023-11-20 17:28:00.640 - [ScheduleThreadPool-test-thread-1] - MinuteTask#24 - INFO:MinuteTask start...
[INFO] - 2023-11-20 17:28:00.640 - [ScheduleThreadPool-test-thread-1] - MinuteTask#25 - INFO:MinuteTask end...
[INFO] - 2023-11-20 17:29:00.640 - [ScheduleThreadPool-test-thread-1] - MinuteTask#24 - INFO:MinuteTask start...
[INFO] - 2023-11-20 17:29:00.640 - [ScheduleThreadPool-test-thread-1] - MinuteTask#25 - INFO:MinuteTask end...
[INFO] - 2023-11-20 17:30:00.640 - [ScheduleThreadPool-test-thread-1] - MinuteTask#24 - INFO:MinuteTask start...
[INFO] - 2023-11-20 17:30:00.640 - [ScheduleThreadPool-test-thread-1] - MinuteTask#25 - INFO:MinuteTask end...
[INFO] - 2023-11-20 17:31:00.640 - [ScheduleThreadPool-test-thread-1] - MinuteTask#24 - INFO:MinuteTask start...
[INFO] - 2023-11-20 17:31:00.640 - [ScheduleThreadPool-test-thread-1] - MinuteTask#25 - INFO:MinuteTask end...
[INFO] - 2023-11-20 17:32:00.640 - [ScheduleThreadPool-test-thread-1] - MinuteTask#24 - INFO:MinuteTask start...
[INFO] - 2023-11-20 17:32:00.640 - [ScheduleThreadPool-test-thread-1] - MinuteTask#25 - INFO:MinuteTask end...
[INFO] - 2023-11-20 17:33:00.640 - [ScheduleThreadPool-test-thread-1] - MinuteTask#24 - INFO:MinuteTask start...
[INFO] - 2023-11-20 17:33:00.640 - [ScheduleThreadPool-test-thread-1] - MinuteTask#25 - INFO:MinuteTask end...
[INFO] - 2023-11-20 17:34:00.640 - [ScheduleThreadPool-test-thread-1] - MinuteTask#24 - INFO:MinuteTask start...
[INFO] - 2023-11-20 17:34:00.640 - [ScheduleThreadPool-test-thread-1] - MinuteTask#25 - INFO:MinuteTask end...
[INFO] - 2023-11-20 17:35:00.640 - [ScheduleThreadPool-test-thread-1] - MinuteTask#24 - INFO:MinuteTask start...
[INFO] - 2023-11-20 17:35:00.640 - [ScheduleThreadPool-test-thread-1] - MinuteTask#25 - INFO:MinuteTask end...
[INFO] - 2023-11-20 17:36:00.640 - [ScheduleThreadPool-test-thread-1] - MinuteTask#24 - INFO:MinuteTask start...
[INFO] - 2023-11-20 17:36:00.640 - [ScheduleThreadPool-test-thread-1] - MinuteTask#25 - INFO:MinuteTask end...
[INFO] - 2023-11-20 17:37:00.640 - [ScheduleThreadPool-test-thread-1] - MinuteTask#24 - INFO:MinuteTask start...
[INFO] - 2023-11-20 17:37:00.640 - [ScheduleThreadPool-test-thread-1] - MinuteTask#25 - INFO:MinuteTask end...
[INFO] - 2023-11-20 17:38:00.640 - [ScheduleThreadPool-test-thread-1] - MinuteTask#24 - INFO:MinuteTask start...
[INFO] - 2023-11-20 17:38:00.640 - [ScheduleThreadPool-test-thread-1] - MinuteTask#25 - INFO:MinuteTask end...
[INFO] - 2023-11-20 17:39:00.640 - [ScheduleThreadPool-test-thread-1] - MinuteTask#24 - INFO:MinuteTask start...
[INFO] - 2023-11-20 17:39:00.640 - [ScheduleThreadPool-test-thread-1] - MinuteTask#25 - INFO:MinuteTask end...
[INFO] - 2023-11-20 17:40:00.640 - [ScheduleThreadPool-test-thread-1] - MinuteTask#24 - INFO:MinuteTask start...
[INFO] - 2023-11-20 17:40:00.640 - [ScheduleThreadPool-test-thread-1] - MinuteTask#25 - INFO:MinuteTask end...
[INFO] - 2023-11-20 17:41:00.640 - [ScheduleThreadPool-test-thread-1] - MinuteTask#24 - INFO:MinuteTask start...
[INFO] - 2023-11-20 17:41:00.640 - [ScheduleThreadPool-test-thread-1] - MinuteTask#25 - INFO:MinuteTask end...
[INFO] - 2023-11-20 17:42:00.640 - [ScheduleThreadPool-test-thread-1] - MinuteTask#24 - INFO:MinuteTask start...
[INFO] - 2023-11-20 17:42:00.640 - [ScheduleThreadPool-test-thread-1] - MinuteTask#25 - INFO:MinuteTask end...
[INFO] - 2023-11-20 17:43:00.640 - [ScheduleThreadPool-test-thread-1] - MinuteTask#24 - INFO:MinuteTask start...
[INFO] - 2023-11-20 17:43:00.640 - [ScheduleThreadPool-test-thread-1] - MinuteTask#25 - INFO:MinuteTask end...
[INFO] - 2023-11-20 17:44:00.640 - [ScheduleThreadPool-test-thread-1] - MinuteTask#24 - INFO:MinuteTask start...
[INFO] - 2023-11-20 17:44:00.640 - [ScheduleThreadPool-test-thread-1] - MinuteTask#25 - INFO:MinuteTask end...
[INFO] - 2023-11-20 17:45:00.640 - [ScheduleThreadPool-test-thread-1] - MinuteTask#24 - INFO:MinuteTask start...
[INFO] - 2023-11-20 17:45:00.640 - [ScheduleThreadPool-test-thread-1] - MinuteTask#25 - INFO:MinuteTask end...
[INFO] - 2023-11-20 17:46:00.640 - [ScheduleThreadPool-test-thread-1] - MinuteTask#24 - INFO:MinuteTask start...
[INFO] - 2023-11-20 17:46:00.640 - [ScheduleThreadPool-test-thread-1] - MinuteTask#25 - INFO:MinuteTask end...
[INFO] - 2023-11-20 17:47:00.640 - [ScheduleThreadPool-test-thread-1] - MinuteTask#24 - INFO:MinuteTask start...
[INFO] - 2023-11-20 17:47:00.640 - [ScheduleThreadPool-test-thread-1] - MinuteTask#25 - INFO:MinuteTask end...
[INFO] - 2023-11-20 17:48:00.640 - [ScheduleThreadPool-test-thread-1] - MinuteTask#24 - INFO:MinuteTask start...
[INFO] - 2023-11-20 17:48:00.640 - [ScheduleThreadPool-test-thread-1] - MinuteTask#25 - INFO:MinuteTask end...
[INFO] - 2023-11-20 17:49:00.641 - [ScheduleThreadPool-test-thread-1] - MinuteTask#24 - INFO:MinuteTask start...
[INFO] - 2023-11-20 17:49:00.641 - [ScheduleThreadPool-test-thread-1] - MinuteTask#25 - INFO:MinuteTask end...
[INFO] - 2023-11-20 17:50:00.640 - [ScheduleThreadPool-test-thread-1] - MinuteTask#24 - INFO:MinuteTask start...
[INFO] - 2023-11-20 17:50:00.640 - [ScheduleThreadPool-test-thread-1] - MinuteTask#25 - INFO:MinuteTask end...
[INFO] - 2023-11-20 17:51:00.640 - [ScheduleThreadPool-test-thread-1] - MinuteTask#24 - INFO:MinuteTask start...
[INFO] - 2023-11-20 17:51:00.640 - [ScheduleThreadPool-test-thread-1] - MinuteTask#25 - INFO:MinuteTask end...
[INFO] - 2023-11-20 17:52:00.640 - [ScheduleThreadPool-test-thread-1] - MinuteTask#24 - INFO:MinuteTask start...
[INFO] - 2023-11-20 17:52:00.640 - [ScheduleThreadPool-test-thread-1] - MinuteTask#25 - INFO:MinuteTask end...
[INFO] - 2023-11-20 17:53:00.640 - [ScheduleThreadPool-test-thread-1] - MinuteTask#24 - INFO:MinuteTask start...
[INFO] - 2023-11-20 17:53:00.640 - [ScheduleThreadPool-test-thread-1] - MinuteTask#25 - INFO:MinuteTask end...
[INFO] - 2023-11-20 17:54:00.640 - [ScheduleThreadPool-test-thread-1] - MinuteTask#24 - INFO:MinuteTask start...
[INFO] - 2023-11-20 17:54:00.640 - [ScheduleThreadPool-test-thread-1] - MinuteTask#25 - INFO:MinuteTask end...
[INFO] - 2023-11-20 17:55:00.640 - [ScheduleThreadPool-test-thread-1] - MinuteTask#24 - INFO:MinuteTask start...
[INFO] - 2023-11-20 17:55:00.641 - [ScheduleThreadPool-test-thread-1] - MinuteTask#25 - INFO:MinuteTask end...
[INFO] - 2023-11-20 17:56:00.640 - [ScheduleThreadPool-test-thread-1] - MinuteTask#24 - INFO:MinuteTask start...
[INFO] - 2023-11-20 17:56:00.640 - [ScheduleThreadPool-test-thread-1] - MinuteTask#25 - INFO:MinuteTask end...
[INFO] - 2023-11-20 17:57:00.650 - [ScheduleThreadPool-test-thread-1] - MinuteTask#24 - INFO:MinuteTask start...
[INFO] - 2023-11-20 17:57:00.650 - [ScheduleThreadPool-test-thread-1] - MinuteTask#25 - INFO:MinuteTask end...
[INFO] - 2023-11-20 17:58:00.640 - [ScheduleThreadPool-test-thread-1] - MinuteTask#24 - INFO:MinuteTask start...
[INFO] - 2023-11-20 17:58:00.640 - [ScheduleThreadPool-test-thread-1] - MinuteTask#25 - INFO:MinuteTask end...
[INFO] - 2023-11-20 17:59:00.641 - [ScheduleThreadPool-test-thread-1] - MinuteTask#24 - INFO:MinuteTask start...
[INFO] - 2023-11-20 17:59:00.641 - [ScheduleThreadPool-test-thread-1] - MinuteTask#25 - INFO:MinuteTask end...
[INFO] - 2023-11-20 18:00:00.640 - [ScheduleThreadPool-test-thread-1] - MinuteTask#24 - INFO:MinuteTask start...
[INFO] - 2023-11-20 18:00:00.640 - [ScheduleThreadPool-test-thread-1] - MinuteTask#25 - INFO:MinuteTask end...
[INFO] - 2023-11-20 18:01:00.640 - [ScheduleThreadPool-test-thread-1] - MinuteTask#24 - INFO:MinuteTask start...
[INFO] - 2023-11-20 18:01:00.640 - [ScheduleThreadPool-test-thread-1] - MinuteTask#25 - INFO:MinuteTask end...
[INFO] - 2023-11-20 18:02:00.640 - [ScheduleThreadPool-test-thread-1] - MinuteTask#24 - INFO:MinuteTask start...
[INFO] - 2023-11-20 18:02:00.640 - [ScheduleThreadPool-test-thread-1] - MinuteTask#25 - INFO:MinuteTask end...
[INFO] - 2023-11-20 18:03:00.640 - [ScheduleThreadPool-test-thread-1] - MinuteTask#24 - INFO:MinuteTask start...
[INFO] - 2023-11-20 18:03:00.640 - [ScheduleThreadPool-test-thread-1] - MinuteTask#25 - INFO:MinuteTask end...
[INFO] - 2023-11-20 18:04:00.661 - [ScheduleThreadPool-test-thread-1] - MinuteTask#24 - INFO:MinuteTask start...
[INFO] - 2023-11-20 18:04:00.661 - [ScheduleThreadPool-test-thread-1] - MinuteTask#25 - INFO:MinuteTask end...
[INFO] - 2023-11-20 18:05:00.640 - [ScheduleThreadPool-test-thread-1] - MinuteTask#24 - INFO:MinuteTask start...
[INFO] - 2023-11-20 18:05:00.640 - [ScheduleThreadPool-test-thread-1] - MinuteTask#25 - INFO:MinuteTask end...
[INFO] - 2023-11-20 18:06:00.649 - [ScheduleThreadPool-test-thread-1] - MinuteTask#24 - INFO:MinuteTask start...
[INFO] - 2023-11-20 18:06:00.649 - [ScheduleThreadPool-test-thread-1] - MinuteTask#25 - INFO:MinuteTask end...
[INFO] - 2023-11-20 18:07:00.640 - [ScheduleThreadPool-test-thread-1] - MinuteTask#24 - INFO:MinuteTask start...
[INFO] - 2023-11-20 18:07:00.640 - [ScheduleThreadPool-test-thread-1] - MinuteTask#25 - INFO:MinuteTask end...
[INFO] - 2023-11-20 18:08:00.640 - [ScheduleThreadPool-test-thread-1] - MinuteTask#24 - INFO:MinuteTask start...
[INFO] - 2023-11-20 18:08:00.640 - [ScheduleThreadPool-test-thread-1] - MinuteTask#25 - INFO:MinuteTask end...
[INFO] - 2023-11-20 18:09:00.640 - [ScheduleThreadPool-test-thread-1] - MinuteTask#24 - INFO:MinuteTask start...
[INFO] - 2023-11-20 18:09:00.640 - [ScheduleThreadPool-test-thread-1] - MinuteTask#25 - INFO:MinuteTask end...
[INFO] - 2023-11-20 18:10:00.640 - [ScheduleThreadPool-test-thread-1] - MinuteTask#24 - INFO:MinuteTask start...
[INFO] - 2023-11-20 18:10:00.640 - [ScheduleThreadPool-test-thread-1] - MinuteTask#25 - INFO:MinuteTask end...
[INFO] - 2023-11-20 18:11:00.640 - [ScheduleThreadPool-test-thread-1] - MinuteTask#24 - INFO:MinuteTask start...
[INFO] - 2023-11-20 18:11:00.640 - [ScheduleThreadPool-test-thread-1] - MinuteTask#25 - INFO:MinuteTask end...
[INFO] - 2023-11-20 18:12:00.640 - [ScheduleThreadPool-test-thread-1] - MinuteTask#24 - INFO:MinuteTask start...
[INFO] - 2023-11-20 18:12:00.640 - [ScheduleThreadPool-test-thread-1] - MinuteTask#25 - INFO:MinuteTask end...
[INFO] - 2023-11-20 18:13:00.640 - [ScheduleThreadPool-test-thread-1] - MinuteTask#24 - INFO:MinuteTask start...
[INFO] - 2023-11-20 18:13:00.640 - [ScheduleThreadPool-test-thread-1] - MinuteTask#25 - INFO:MinuteTask end...
[INFO] - 2023-11-20 18:14:00.640 - [ScheduleThreadPool-test-thread-1] - MinuteTask#24 - INFO:MinuteTask start...
[INFO] - 2023-11-20 18:14:00.640 - [ScheduleThreadPool-test-thread-1] - MinuteTask#25 - INFO:MinuteTask end...
[INFO] - 2023-11-20 18:15:00.640 - [ScheduleThreadPool-test-thread-1] - MinuteTask#24 - INFO:MinuteTask start...
[INFO] - 2023-11-20 18:15:00.640 - [ScheduleThreadPool-test-thread-1] - MinuteTask#25 - INFO:MinuteTask end...
[INFO] - 2023-11-20 18:16:00.640 - [ScheduleThreadPool-test-thread-1] - MinuteTask#24 - INFO:MinuteTask start...
[INFO] - 2023-11-20 18:16:00.640 - [ScheduleThreadPool-test-thread-1] - MinuteTask#25 - INFO:MinuteTask end...
[INFO] - 2023-11-20 18:17:00.640 - [ScheduleThreadPool-test-thread-1] - MinuteTask#24 - INFO:MinuteTask start...
[INFO] - 2023-11-20 18:17:00.640 - [ScheduleThreadPool-test-thread-1] - MinuteTask#25 - INFO:MinuteTask end...
[INFO] - 2023-11-20 18:18:00.640 - [ScheduleThreadPool-test-thread-1] - MinuteTask#24 - INFO:MinuteTask start...
[INFO] - 2023-11-20 18:18:00.640 - [ScheduleThreadPool-test-thread-1] - MinuteTask#25 - INFO:MinuteTask end...
[INFO] - 2023-11-20 18:19:00.640 - [ScheduleThreadPool-test-thread-1] - MinuteTask#24 - INFO:MinuteTask start...
[INFO] - 2023-11-20 18:19:00.640 - [ScheduleThreadPool-test-thread-1] - MinuteTask#25 - INFO:MinuteTask end...
[INFO] - 2023-11-20 18:20:00.640 - [ScheduleThreadPool-test-thread-1] - MinuteTask#24 - INFO:MinuteTask start...
[INFO] - 2023-11-20 18:20:00.640 - [ScheduleThreadPool-test-thread-1] - MinuteTask#25 - INFO:MinuteTask end...
[INFO] - 2023-11-20 18:21:00.640 - [ScheduleThreadPool-test-thread-1] - MinuteTask#24 - INFO:MinuteTask start...
[INFO] - 2023-11-20 18:21:00.640 - [ScheduleThreadPool-test-thread-1] - MinuteTask#25 - INFO:MinuteTask end...
[INFO] - 2023-11-20 18:22:00.640 - [ScheduleThreadPool-test-thread-1] - MinuteTask#24 - INFO:MinuteTask start...
[INFO] - 2023-11-20 18:22:00.640 - [ScheduleThreadPool-test-thread-1] - MinuteTask#25 - INFO:MinuteTask end...
[INFO] - 2023-11-20 18:23:00.640 - [ScheduleThreadPool-test-thread-1] - MinuteTask#24 - INFO:MinuteTask start...
[INFO] - 2023-11-20 18:23:00.640 - [ScheduleThreadPool-test-thread-1] - MinuteTask#25 - INFO:MinuteTask end...
[INFO] - 2023-11-20 18:24:00.640 - [ScheduleThreadPool-test-thread-1] - MinuteTask#24 - INFO:MinuteTask start...
[INFO] - 2023-11-20 18:24:00.640 - [ScheduleThreadPool-test-thread-1] - MinuteTask#25 - INFO:MinuteTask end...
[INFO] - 2023-11-20 18:25:00.640 - [ScheduleThreadPool-test-thread-1] - MinuteTask#24 - INFO:MinuteTask start...
[INFO] - 2023-11-20 18:25:00.640 - [ScheduleThreadPool-test-thread-1] - MinuteTask#25 - INFO:MinuteTask end...
[INFO] - 2023-11-20 18:26:00.649 - [ScheduleThreadPool-test-thread-1] - MinuteTask#24 - INFO:MinuteTask start...
[INFO] - 2023-11-20 18:26:00.649 - [ScheduleThreadPool-test-thread-1] - MinuteTask#25 - INFO:MinuteTask end...
[INFO] - 2023-11-20 18:27:00.640 - [ScheduleThreadPool-test-thread-1] - MinuteTask#24 - INFO:MinuteTask start...
[INFO] - 2023-11-20 18:27:00.640 - [ScheduleThreadPool-test-thread-1] - MinuteTask#25 - INFO:MinuteTask end...
[INFO] - 2023-11-20 18:28:00.640 - [ScheduleThreadPool-test-thread-1] - MinuteTask#24 - INFO:MinuteTask start...
[INFO] - 2023-11-20 18:28:00.640 - [ScheduleThreadPool-test-thread-1] - MinuteTask#25 - INFO:MinuteTask end...
[INFO] - 2023-11-20 18:29:00.640 - [ScheduleThreadPool-test-thread-1] - MinuteTask#24 - INFO:MinuteTask start...
[INFO] - 2023-11-20 18:29:00.640 - [ScheduleThreadPool-test-thread-1] - MinuteTask#25 - INFO:MinuteTask end...
[INFO] - 2023-11-20 18:30:00.640 - [ScheduleThreadPool-test-thread-1] - MinuteTask#24 - INFO:MinuteTask start...
[INFO] - 2023-11-20 18:30:00.640 - [ScheduleThreadPool-test-thread-1] - MinuteTask#25 - INFO:MinuteTask end...
[INFO] - 2023-11-20 18:31:00.640 - [ScheduleThreadPool-test-thread-1] - MinuteTask#24 - INFO:MinuteTask start...
[INFO] - 2023-11-20 18:31:00.640 - [ScheduleThreadPool-test-thread-1] - MinuteTask#25 - INFO:MinuteTask end...
[INFO] - 2023-11-20 18:32:00.640 - [ScheduleThreadPool-test-thread-1] - MinuteTask#24 - INFO:MinuteTask start...
[INFO] - 2023-11-20 18:32:00.640 - [ScheduleThreadPool-test-thread-1] - MinuteTask#25 - INFO:MinuteTask end...
[INFO] - 2023-11-20 18:33:00.640 - [ScheduleThreadPool-test-thread-1] - MinuteTask#24 - INFO:MinuteTask start...
[INFO] - 2023-11-20 18:33:00.640 - [ScheduleThreadPool-test-thread-1] - MinuteTask#25 - INFO:MinuteTask end...
[INFO] - 2023-11-20 18:34:00.640 - [ScheduleThreadPool-test-thread-1] - MinuteTask#24 - INFO:MinuteTask start...
[INFO] - 2023-11-20 18:34:00.640 - [ScheduleThreadPool-test-thread-1] - MinuteTask#25 - INFO:MinuteTask end...
[INFO] - 2023-11-20 18:35:00.640 - [ScheduleThreadPool-test-thread-1] - MinuteTask#24 - INFO:MinuteTask start...
[INFO] - 2023-11-20 18:35:00.640 - [ScheduleThreadPool-test-thread-1] - MinuteTask#25 - INFO:MinuteTask end...
[INFO] - 2023-11-20 18:36:00.640 - [ScheduleThreadPool-test-thread-1] - MinuteTask#24 - INFO:MinuteTask start...
[INFO] - 2023-11-20 18:36:00.640 - [ScheduleThreadPool-test-thread-1] - MinuteTask#25 - INFO:MinuteTask end...
[INFO] - 2023-11-20 18:37:00.640 - [ScheduleThreadPool-test-thread-1] - MinuteTask#24 - INFO:MinuteTask start...
[INFO] - 2023-11-20 18:37:00.640 - [ScheduleThreadPool-test-thread-1] - MinuteTask#25 - INFO:MinuteTask end...
[INFO] - 2023-11-20 18:38:00.640 - [ScheduleThreadPool-test-thread-1] - MinuteTask#24 - INFO:MinuteTask start...
[INFO] - 2023-11-20 18:38:00.640 - [ScheduleThreadPool-test-thread-1] - MinuteTask#25 - INFO:MinuteTask end...
[INFO] - 2023-11-20 18:39:00.640 - [ScheduleThreadPool-test-thread-1] - MinuteTask#24 - INFO:MinuteTask start...
[INFO] - 2023-11-20 18:39:00.640 - [ScheduleThreadPool-test-thread-1] - MinuteTask#25 - INFO:MinuteTask end...
[INFO] - 2023-11-20 18:40:00.640 - [ScheduleThreadPool-test-thread-1] - MinuteTask#24 - INFO:MinuteTask start...
[INFO] - 2023-11-20 18:40:00.640 - [ScheduleThreadPool-test-thread-1] - MinuteTask#25 - INFO:MinuteTask end...
[INFO] - 2023-11-20 18:41:00.640 - [ScheduleThreadPool-test-thread-1] - MinuteTask#24 - INFO:MinuteTask start...
[INFO] - 2023-11-20 18:41:00.640 - [ScheduleThreadPool-test-thread-1] - MinuteTask#25 - INFO:MinuteTask end...
[INFO] - 2023-11-20 18:42:00.640 - [ScheduleThreadPool-test-thread-1] - MinuteTask#24 - INFO:MinuteTask start...
[INFO] - 2023-11-20 18:42:00.640 - [ScheduleThreadPool-test-thread-1] - MinuteTask#25 - INFO:MinuteTask end...
[INFO] - 2023-11-20 18:43:00.640 - [ScheduleThreadPool-test-thread-1] - MinuteTask#24 - INFO:MinuteTask start...
[INFO] - 2023-11-20 18:43:00.640 - [ScheduleThreadPool-test-thread-1] - MinuteTask#25 - INFO:MinuteTask end...
[INFO] - 2023-11-20 18:44:00.640 - [ScheduleThreadPool-test-thread-1] - MinuteTask#24 - INFO:MinuteTask start...
[INFO] - 2023-11-20 18:44:00.640 - [ScheduleThreadPool-test-thread-1] - MinuteTask#25 - INFO:MinuteTask end...
[INFO] - 2023-11-20 18:45:00.640 - [ScheduleThreadPool-test-thread-1] - MinuteTask#24 - INFO:MinuteTask start...
[INFO] - 2023-11-20 18:45:00.640 - [ScheduleThreadPool-test-thread-1] - MinuteTask#25 - INFO:MinuteTask end...
[INFO] - 2023-11-20 18:46:00.640 - [ScheduleThreadPool-test-thread-1] - MinuteTask#24 - INFO:MinuteTask start...
[INFO] - 2023-11-20 18:46:00.640 - [ScheduleThreadPool-test-thread-1] - MinuteTask#25 - INFO:MinuteTask end...
[INFO] - 2023-11-20 18:47:00.640 - [ScheduleThreadPool-test-thread-1] - MinuteTask#24 - INFO:MinuteTask start...
[INFO] - 2023-11-20 18:47:00.640 - [ScheduleThreadPool-test-thread-1] - MinuteTask#25 - INFO:MinuteTask end...
[INFO] - 2023-11-20 18:48:00.640 - [ScheduleThreadPool-test-thread-1] - MinuteTask#24 - INFO:MinuteTask start...
[INFO] - 2023-11-20 18:48:00.640 - [ScheduleThreadPool-test-thread-1] - MinuteTask#25 - INFO:MinuteTask end...
[INFO] - 2023-11-20 18:49:00.640 - [ScheduleThreadPool-test-thread-1] - MinuteTask#24 - INFO:MinuteTask start...
[INFO] - 2023-11-20 18:49:00.640 - [ScheduleThreadPool-test-thread-1] - MinuteTask#25 - INFO:MinuteTask end...
[INFO] - 2023-11-20 18:50:00.640 - [ScheduleThreadPool-test-thread-1] - MinuteTask#24 - INFO:MinuteTask start...
[INFO] - 2023-11-20 18:50:00.640 - [ScheduleThreadPool-test-thread-1] - MinuteTask#25 - INFO:MinuteTask end...
[INFO] - 2023-11-20 18:51:00.640 - [ScheduleThreadPool-test-thread-1] - MinuteTask#24 - INFO:MinuteTask start...
[INFO] - 2023-11-20 18:51:00.640 - [ScheduleThreadPool-test-thread-1] - MinuteTask#25 - INFO:MinuteTask end...
[INFO] - 2023-11-20 18:52:00.640 - [ScheduleThreadPool-test-thread-1] - MinuteTask#24 - INFO:MinuteTask start...
[INFO] - 2023-11-20 18:52:00.640 - [ScheduleThreadPool-test-thread-1] - MinuteTask#25 - INFO:MinuteTask end...
[INFO] - 2023-11-20 18:53:00.640 - [ScheduleThreadPool-test-thread-1] - MinuteTask#24 - INFO:MinuteTask start...
[INFO] - 2023-11-20 18:53:00.640 - [ScheduleThreadPool-test-thread-1] - MinuteTask#25 - INFO:MinuteTask end...
[INFO] - 2023-11-20 18:54:00.640 - [ScheduleThreadPool-test-thread-1] - MinuteTask#24 - INFO:MinuteTask start...
[INFO] - 2023-11-20 18:54:00.640 - [ScheduleThreadPool-test-thread-1] - MinuteTask#25 - INFO:MinuteTask end...
[INFO] - 2023-11-20 18:55:00.640 - [ScheduleThreadPool-test-thread-1] - MinuteTask#24 - INFO:MinuteTask start...
[INFO] - 2023-11-20 18:55:00.640 - [ScheduleThreadPool-test-thread-1] - MinuteTask#25 - INFO:MinuteTask end...
[INFO] - 2023-11-20 18:56:00.640 - [ScheduleThreadPool-test-thread-1] - MinuteTask#24 - INFO:MinuteTask start...
[INFO] - 2023-11-20 18:56:00.640 - [ScheduleThreadPool-test-thread-1] - MinuteTask#25 - INFO:MinuteTask end...
[INFO] - 2023-11-20 18:57:00.640 - [ScheduleThreadPool-test-thread-1] - MinuteTask#24 - INFO:MinuteTask start...
[INFO] - 2023-11-20 18:57:00.640 - [ScheduleThreadPool-test-thread-1] - MinuteTask#25 - INFO:MinuteTask end...
[INFO] - 2023-11-20 18:58:00.640 - [ScheduleThreadPool-test-thread-1] - MinuteTask#24 - INFO:MinuteTask start...
[INFO] - 2023-11-20 18:58:00.640 - [ScheduleThreadPool-test-thread-1] - MinuteTask#25 - INFO:MinuteTask end...
[INFO] - 2023-11-20 18:59:00.640 - [ScheduleThreadPool-test-thread-1] - MinuteTask#24 - INFO:MinuteTask start...
[INFO] - 2023-11-20 18:59:00.640 - [ScheduleThreadPool-test-thread-1] - MinuteTask#25 - INFO:MinuteTask end...
[INFO] - 2023-11-20 19:00:00.640 - [ScheduleThreadPool-test-thread-1] - MinuteTask#24 - INFO:MinuteTask start...
[INFO] - 2023-11-20 19:00:00.640 - [ScheduleThreadPool-test-thread-1] - MinuteTask#25 - INFO:MinuteTask end...
[INFO] - 2023-11-20 19:01:00.640 - [ScheduleThreadPool-test-thread-1] - MinuteTask#24 - INFO:MinuteTask start...
[INFO] - 2023-11-20 19:01:00.640 - [ScheduleThreadPool-test-thread-1] - MinuteTask#25 - INFO:MinuteTask end...
[INFO] - 2023-11-20 19:02:00.640 - [ScheduleThreadPool-test-thread-1] - MinuteTask#24 - INFO:MinuteTask start...
[INFO] - 2023-11-20 19:02:00.640 - [ScheduleThreadPool-test-thread-1] - MinuteTask#25 - INFO:MinuteTask end...
[INFO] - 2023-11-20 19:03:00.640 - [ScheduleThreadPool-test-thread-1] - MinuteTask#24 - INFO:MinuteTask start...
[INFO] - 2023-11-20 19:03:00.640 - [ScheduleThreadPool-test-thread-1] - MinuteTask#25 - INFO:MinuteTask end...
[INFO] - 2023-11-20 19:04:00.640 - [ScheduleThreadPool-test-thread-1] - MinuteTask#24 - INFO:MinuteTask start...
[INFO] - 2023-11-20 19:04:00.640 - [ScheduleThreadPool-test-thread-1] - MinuteTask#25 - INFO:MinuteTask end...
[INFO] - 2023-11-20 19:05:00.640 - [ScheduleThreadPool-test-thread-1] - MinuteTask#24 - INFO:MinuteTask start...
[INFO] - 2023-11-20 19:05:00.640 - [ScheduleThreadPool-test-thread-1] - MinuteTask#25 - INFO:MinuteTask end...
[INFO] - 2023-11-20 19:06:00.640 - [ScheduleThreadPool-test-thread-1] - MinuteTask#24 - INFO:MinuteTask start...
[INFO] - 2023-11-20 19:06:00.640 - [ScheduleThreadPool-test-thread-1] - MinuteTask#25 - INFO:MinuteTask end...
[INFO] - 2023-11-20 19:07:00.640 - [ScheduleThreadPool-test-thread-1] - MinuteTask#24 - INFO:MinuteTask start...
[INFO] - 2023-11-20 19:07:00.640 - [ScheduleThreadPool-test-thread-1] - MinuteTask#25 - INFO:MinuteTask end...
[INFO] - 2023-11-20 19:08:00.640 - [ScheduleThreadPool-test-thread-1] - MinuteTask#24 - INFO:MinuteTask start...
[INFO] - 2023-11-20 19:08:00.640 - [ScheduleThreadPool-test-thread-1] - MinuteTask#25 - INFO:MinuteTask end...
[INFO] - 2023-11-20 19:09:00.640 - [ScheduleThreadPool-test-thread-1] - MinuteTask#24 - INFO:MinuteTask start...
[INFO] - 2023-11-20 19:09:00.640 - [ScheduleThreadPool-test-thread-1] - MinuteTask#25 - INFO:MinuteTask end...
[INFO] - 2023-11-20 19:10:00.640 - [ScheduleThreadPool-test-thread-1] - MinuteTask#24 - INFO:MinuteTask start...
[INFO] - 2023-11-20 19:10:00.640 - [ScheduleThreadPool-test-thread-1] - MinuteTask#25 - INFO:MinuteTask end...
[INFO] - 2023-11-20 19:11:00.640 - [ScheduleThreadPool-test-thread-1] - MinuteTask#24 - INFO:MinuteTask start...
[INFO] - 2023-11-20 19:11:00.640 - [ScheduleThreadPool-test-thread-1] - MinuteTask#25 - INFO:MinuteTask end...
[INFO] - 2023-11-20 19:12:00.640 - [ScheduleThreadPool-test-thread-1] - MinuteTask#24 - INFO:MinuteTask start...
[INFO] - 2023-11-20 19:12:00.640 - [ScheduleThreadPool-test-thread-1] - MinuteTask#25 - INFO:MinuteTask end...
[INFO] - 2023-11-20 19:13:00.640 - [ScheduleThreadPool-test-thread-1] - MinuteTask#24 - INFO:MinuteTask start...
[INFO] - 2023-11-20 19:13:00.640 - [ScheduleThreadPool-test-thread-1] - MinuteTask#25 - INFO:MinuteTask end...
[INFO] - 2023-11-20 19:14:00.640 - [ScheduleThreadPool-test-thread-1] - MinuteTask#24 - INFO:MinuteTask start...
[INFO] - 2023-11-20 19:14:00.640 - [ScheduleThreadPool-test-thread-1] - MinuteTask#25 - INFO:MinuteTask end...
[INFO] - 2023-11-20 19:15:00.640 - [ScheduleThreadPool-test-thread-1] - MinuteTask#24 - INFO:MinuteTask start...
[INFO] - 2023-11-20 19:15:00.640 - [ScheduleThreadPool-test-thread-1] - MinuteTask#25 - INFO:MinuteTask end...
[INFO] - 2023-11-20 19:16:00.640 - [ScheduleThreadPool-test-thread-1] - MinuteTask#24 - INFO:MinuteTask start...
[INFO] - 2023-11-20 19:16:00.640 - [ScheduleThreadPool-test-thread-1] - MinuteTask#25 - INFO:MinuteTask end...
[INFO] - 2023-11-20 19:17:00.641 - [ScheduleThreadPool-test-thread-1] - MinuteTask#24 - INFO:MinuteTask start...
[INFO] - 2023-11-20 19:17:00.641 - [ScheduleThreadPool-test-thread-1] - MinuteTask#25 - INFO:MinuteTask end...
[INFO] - 2023-11-20 19:18:00.640 - [ScheduleThreadPool-test-thread-1] - MinuteTask#24 - INFO:MinuteTask start...
[INFO] - 2023-11-20 19:18:00.640 - [ScheduleThreadPool-test-thread-1] - MinuteTask#25 - INFO:MinuteTask end...
[INFO] - 2023-11-20 19:19:00.640 - [ScheduleThreadPool-test-thread-1] - MinuteTask#24 - INFO:MinuteTask start...
[INFO] - 2023-11-20 19:19:00.640 - [ScheduleThreadPool-test-thread-1] - MinuteTask#25 - INFO:MinuteTask end...
[INFO] - 2023-11-20 19:20:00.640 - [ScheduleThreadPool-test-thread-1] - MinuteTask#24 - INFO:MinuteTask start...
[INFO] - 2023-11-20 19:20:00.642 - [ScheduleThreadPool-test-thread-1] - MinuteTask#25 - INFO:MinuteTask end...
[INFO] - 2023-11-20 19:21:00.640 - [ScheduleThreadPool-test-thread-1] - MinuteTask#24 - INFO:MinuteTask start...
[INFO] - 2023-11-20 19:21:00.640 - [ScheduleThreadPool-test-thread-1] - MinuteTask#25 - INFO:MinuteTask end...
[INFO] - 2023-11-20 19:22:00.640 - [ScheduleThreadPool-test-thread-1] - MinuteTask#24 - INFO:MinuteTask start...
[INFO] - 2023-11-20 19:22:00.640 - [ScheduleThreadPool-test-thread-1] - MinuteTask#25 - INFO:MinuteTask end...
[INFO] - 2023-11-20 19:23:00.640 - [ScheduleThreadPool-test-thread-1] - MinuteTask#24 - INFO:MinuteTask start...
[INFO] - 2023-11-20 19:23:00.640 - [ScheduleThreadPool-test-thread-1] - MinuteTask#25 - INFO:MinuteTask end...
[INFO] - 2023-11-20 19:24:00.640 - [ScheduleThreadPool-test-thread-1] - MinuteTask#24 - INFO:MinuteTask start...
[INFO] - 2023-11-20 19:24:00.640 - [ScheduleThreadPool-test-thread-1] - MinuteTask#25 - INFO:MinuteTask end...
[INFO] - 2023-11-20 19:25:00.640 - [ScheduleThreadPool-test-thread-1] - MinuteTask#24 - INFO:MinuteTask start...
[INFO] - 2023-11-20 19:25:00.640 - [ScheduleThreadPool-test-thread-1] - MinuteTask#25 - INFO:MinuteTask end...
[INFO] - 2023-11-20 19:26:00.640 - [ScheduleThreadPool-test-thread-1] - MinuteTask#24 - INFO:MinuteTask start...
[INFO] - 2023-11-20 19:26:00.640 - [ScheduleThreadPool-test-thread-1] - MinuteTask#25 - INFO:MinuteTask end...
[INFO] - 2023-11-20 19:27:00.640 - [ScheduleThreadPool-test-thread-1] - MinuteTask#24 - INFO:MinuteTask start...
[INFO] - 2023-11-20 19:27:00.640 - [ScheduleThreadPool-test-thread-1] - MinuteTask#25 - INFO:MinuteTask end...
[INFO] - 2023-11-20 19:28:00.640 - [ScheduleThreadPool-test-thread-1] - MinuteTask#24 - INFO:MinuteTask start...
[INFO] - 2023-11-20 19:28:00.640 - [ScheduleThreadPool-test-thread-1] - MinuteTask#25 - INFO:MinuteTask end...
[INFO] - 2023-11-20 19:29:00.640 - [ScheduleThreadPool-test-thread-1] - MinuteTask#24 - INFO:MinuteTask start...
[INFO] - 2023-11-20 19:29:00.640 - [ScheduleThreadPool-test-thread-1] - MinuteTask#25 - INFO:MinuteTask end...
[INFO] - 2023-11-20 19:30:00.640 - [ScheduleThreadPool-test-thread-1] - MinuteTask#24 - INFO:MinuteTask start...
[INFO] - 2023-11-20 19:30:00.640 - [ScheduleThreadPool-test-thread-1] - MinuteTask#25 - INFO:MinuteTask end...
[INFO] - 2023-11-20 19:31:00.640 - [ScheduleThreadPool-test-thread-1] - MinuteTask#24 - INFO:MinuteTask start...
[INFO] - 2023-11-20 19:31:00.640 - [ScheduleThreadPool-test-thread-1] - MinuteTask#25 - INFO:MinuteTask end...
[INFO] - 2023-11-20 19:32:00.640 - [ScheduleThreadPool-test-thread-1] - MinuteTask#24 - INFO:MinuteTask start...
[INFO] - 2023-11-20 19:32:00.640 - [ScheduleThreadPool-test-thread-1] - MinuteTask#25 - INFO:MinuteTask end...
[INFO] - 2023-11-20 19:33:00.640 - [ScheduleThreadPool-test-thread-1] - MinuteTask#24 - INFO:MinuteTask start...
[INFO] - 2023-11-20 19:33:00.640 - [ScheduleThreadPool-test-thread-1] - MinuteTask#25 - INFO:MinuteTask end...
[INFO] - 2023-11-20 19:34:00.640 - [ScheduleThreadPool-test-thread-1] - MinuteTask#24 - INFO:MinuteTask start...
[INFO] - 2023-11-20 19:34:00.640 - [ScheduleThreadPool-test-thread-1] - MinuteTask#25 - INFO:MinuteTask end...
[INFO] - 2023-11-20 19:35:00.640 - [ScheduleThreadPool-test-thread-1] - MinuteTask#24 - INFO:MinuteTask start...
[INFO] - 2023-11-20 19:35:00.640 - [ScheduleThreadPool-test-thread-1] - MinuteTask#25 - INFO:MinuteTask end...
[INFO] - 2023-11-20 19:36:00.640 - [ScheduleThreadPool-test-thread-1] - MinuteTask#24 - INFO:MinuteTask start...
[INFO] - 2023-11-20 19:36:00.768 - [ScheduleThreadPool-test-thread-1] - MinuteTask#25 - INFO:MinuteTask end...
[INFO] - 2023-11-20 19:37:00.640 - [ScheduleThreadPool-test-thread-1] - MinuteTask#24 - INFO:MinuteTask start...
[INFO] - 2023-11-20 19:37:00.640 - [ScheduleThreadPool-test-thread-1] - MinuteTask#25 - INFO:MinuteTask end...
[INFO] - 2023-11-20 19:38:00.640 - [ScheduleThreadPool-test-thread-1] - MinuteTask#24 - INFO:MinuteTask start...
[INFO] - 2023-11-20 19:38:00.640 - [ScheduleThreadPool-test-thread-1] - MinuteTask#25 - INFO:MinuteTask end...
[INFO] - 2023-11-20 19:39:00.640 - [ScheduleThreadPool-test-thread-1] - MinuteTask#24 - INFO:MinuteTask start...
[INFO] - 2023-11-20 19:39:00.640 - [ScheduleThreadPool-test-thread-1] - MinuteTask#25 - INFO:MinuteTask end...
[INFO] - 2023-11-20 19:40:00.640 - [ScheduleThreadPool-test-thread-1] - MinuteTask#24 - INFO:MinuteTask start...
[INFO] - 2023-11-20 19:40:00.640 - [ScheduleThreadPool-test-thread-1] - MinuteTask#25 - INFO:MinuteTask end...
[INFO] - 2023-11-20 19:41:00.640 - [ScheduleThreadPool-test-thread-1] - MinuteTask#24 - INFO:MinuteTask start...
[INFO] - 2023-11-20 19:41:00.640 - [ScheduleThreadPool-test-thread-1] - MinuteTask#25 - INFO:MinuteTask end...
[INFO] - 2023-11-20 19:42:00.640 - [ScheduleThreadPool-test-thread-1] - MinuteTask#24 - INFO:MinuteTask start...
[INFO] - 2023-11-20 19:42:00.640 - [ScheduleThreadPool-test-thread-1] - MinuteTask#25 - INFO:MinuteTask end...
[INFO] - 2023-11-20 19:43:00.640 - [ScheduleThreadPool-test-thread-1] - MinuteTask#24 - INFO:MinuteTask start...
[INFO] - 2023-11-20 19:43:00.641 - [ScheduleThreadPool-test-thread-1] - MinuteTask#25 - INFO:MinuteTask end...
[INFO] - 2023-11-20 19:44:00.640 - [ScheduleThreadPool-test-thread-1] - MinuteTask#24 - INFO:MinuteTask start...
[INFO] - 2023-11-20 19:44:00.640 - [ScheduleThreadPool-test-thread-1] - MinuteTask#25 - INFO:MinuteTask end...
[INFO] - 2023-11-20 19:45:00.640 - [ScheduleThreadPool-test-thread-1] - MinuteTask#24 - INFO:MinuteTask start...
[INFO] - 2023-11-20 19:45:00.640 - [ScheduleThreadPool-test-thread-1] - MinuteTask#25 - INFO:MinuteTask end...
[INFO] - 2023-11-20 19:46:00.640 - [ScheduleThreadPool-test-thread-1] - MinuteTask#24 - INFO:MinuteTask start...
[INFO] - 2023-11-20 19:46:00.640 - [ScheduleThreadPool-test-thread-1] - MinuteTask#25 - INFO:MinuteTask end...
[INFO] - 2023-11-20 19:47:00.640 - [ScheduleThreadPool-test-thread-1] - MinuteTask#24 - INFO:MinuteTask start...
[INFO] - 2023-11-20 19:47:00.640 - [ScheduleThreadPool-test-thread-1] - MinuteTask#25 - INFO:MinuteTask end...
[INFO] - 2023-11-20 19:48:00.640 - [ScheduleThreadPool-test-thread-1] - MinuteTask#24 - INFO:MinuteTask start...
[INFO] - 2023-11-20 19:48:00.640 - [ScheduleThreadPool-test-thread-1] - MinuteTask#25 - INFO:MinuteTask end...
[INFO] - 2023-11-20 19:49:00.640 - [ScheduleThreadPool-test-thread-1] - MinuteTask#24 - INFO:MinuteTask start...
[INFO] - 2023-11-20 19:49:00.640 - [ScheduleThreadPool-test-thread-1] - MinuteTask#25 - INFO:MinuteTask end...
[INFO] - 2023-11-20 19:50:00.640 - [ScheduleThreadPool-test-thread-1] - MinuteTask#24 - INFO:MinuteTask start...
[INFO] - 2023-11-20 19:50:00.640 - [ScheduleThreadPool-test-thread-1] - MinuteTask#25 - INFO:MinuteTask end...
[INFO] - 2023-11-20 19:51:00.640 - [ScheduleThreadPool-test-thread-1] - MinuteTask#24 - INFO:MinuteTask start...
[INFO] - 2023-11-20 19:51:00.640 - [ScheduleThreadPool-test-thread-1] - MinuteTask#25 - INFO:MinuteTask end...
[INFO] - 2023-11-20 19:52:00.640 - [ScheduleThreadPool-test-thread-1] - MinuteTask#24 - INFO:MinuteTask start...
[INFO] - 2023-11-20 19:52:00.640 - [ScheduleThreadPool-test-thread-1] - MinuteTask#25 - INFO:MinuteTask end...
[INFO] - 2023-11-20 19:53:00.640 - [ScheduleThreadPool-test-thread-1] - MinuteTask#24 - INFO:MinuteTask start...
[INFO] - 2023-11-20 19:53:00.640 - [ScheduleThreadPool-test-thread-1] - MinuteTask#25 - INFO:MinuteTask end...
[INFO] - 2023-11-20 19:54:00.640 - [ScheduleThreadPool-test-thread-1] - MinuteTask#24 - INFO:MinuteTask start...
[INFO] - 2023-11-20 19:54:00.640 - [ScheduleThreadPool-test-thread-1] - MinuteTask#25 - INFO:MinuteTask end...
[INFO] - 2023-11-20 19:55:00.640 - [ScheduleThreadPool-test-thread-1] - MinuteTask#24 - INFO:MinuteTask start...
[INFO] - 2023-11-20 19:55:00.640 - [ScheduleThreadPool-test-thread-1] - MinuteTask#25 - INFO:MinuteTask end...
[INFO] - 2023-11-20 19:56:00.640 - [ScheduleThreadPool-test-thread-1] - MinuteTask#24 - INFO:MinuteTask start...
[INFO] - 2023-11-20 19:56:00.640 - [ScheduleThreadPool-test-thread-1] - MinuteTask#25 - INFO:MinuteTask end...
[INFO] - 2023-11-20 19:57:00.640 - [ScheduleThreadPool-test-thread-1] - MinuteTask#24 - INFO:MinuteTask start...
[INFO] - 2023-11-20 19:57:00.640 - [ScheduleThreadPool-test-thread-1] - MinuteTask#25 - INFO:MinuteTask end...
[INFO] - 2023-11-20 19:58:00.640 - [ScheduleThreadPool-test-thread-1] - MinuteTask#24 - INFO:MinuteTask start...
[INFO] - 2023-11-20 19:58:00.640 - [ScheduleThreadPool-test-thread-1] - MinuteTask#25 - INFO:MinuteTask end...
[INFO] - 2023-11-20 19:59:00.640 - [ScheduleThreadPool-test-thread-1] - MinuteTask#24 - INFO:MinuteTask start...
[INFO] - 2023-11-20 19:59:00.640 - [ScheduleThreadPool-test-thread-1] - MinuteTask#25 - INFO:MinuteTask end...
[INFO] - 2023-11-20 20:00:00.640 - [ScheduleThreadPool-test-thread-1] - MinuteTask#24 - INFO:MinuteTask start...
[INFO] - 2023-11-20 20:00:00.640 - [ScheduleThreadPool-test-thread-1] - MinuteTask#25 - INFO:MinuteTask end...
[INFO] - 2023-11-20 20:01:00.640 - [ScheduleThreadPool-test-thread-1] - MinuteTask#24 - INFO:MinuteTask start...
[INFO] - 2023-11-20 20:01:00.640 - [ScheduleThreadPool-test-thread-1] - MinuteTask#25 - INFO:MinuteTask end...
[INFO] - 2023-11-20 20:02:00.640 - [ScheduleThreadPool-test-thread-1] - MinuteTask#24 - INFO:MinuteTask start...
[INFO] - 2023-11-20 20:02:00.640 - [ScheduleThreadPool-test-thread-1] - MinuteTask#25 - INFO:MinuteTask end...
[INFO] - 2023-11-20 20:03:00.640 - [ScheduleThreadPool-test-thread-1] - MinuteTask#24 - INFO:MinuteTask start...
[INFO] - 2023-11-20 20:03:00.640 - [ScheduleThreadPool-test-thread-1] - MinuteTask#25 - INFO:MinuteTask end...
[INFO] - 2023-11-20 20:04:00.640 - [ScheduleThreadPool-test-thread-1] - MinuteTask#24 - INFO:MinuteTask start...
[INFO] - 2023-11-20 20:04:00.640 - [ScheduleThreadPool-test-thread-1] - MinuteTask#25 - INFO:MinuteTask end...
[INFO] - 2023-11-20 20:05:00.640 - [ScheduleThreadPool-test-thread-1] - MinuteTask#24 - INFO:MinuteTask start...
[INFO] - 2023-11-20 20:05:00.640 - [ScheduleThreadPool-test-thread-1] - MinuteTask#25 - INFO:MinuteTask end...
[INFO] - 2023-11-20 20:06:00.640 - [ScheduleThreadPool-test-thread-1] - MinuteTask#24 - INFO:MinuteTask start...
[INFO] - 2023-11-20 20:06:00.640 - [ScheduleThreadPool-test-thread-1] - MinuteTask#25 - INFO:MinuteTask end...
[INFO] - 2023-11-20 20:07:00.640 - [ScheduleThreadPool-test-thread-1] - MinuteTask#24 - INFO:MinuteTask start...
[INFO] - 2023-11-20 20:07:00.640 - [ScheduleThreadPool-test-thread-1] - MinuteTask#25 - INFO:MinuteTask end...
[INFO] - 2023-11-20 20:08:00.640 - [ScheduleThreadPool-test-thread-1] - MinuteTask#24 - INFO:MinuteTask start...
[INFO] - 2023-11-20 20:08:00.640 - [ScheduleThreadPool-test-thread-1] - MinuteTask#25 - INFO:MinuteTask end...
[INFO] - 2023-11-20 20:09:00.640 - [ScheduleThreadPool-test-thread-1] - MinuteTask#24 - INFO:MinuteTask start...
[INFO] - 2023-11-20 20:09:00.640 - [ScheduleThreadPool-test-thread-1] - MinuteTask#25 - INFO:MinuteTask end...
[INFO] - 2023-11-20 20:10:00.640 - [ScheduleThreadPool-test-thread-1] - MinuteTask#24 - INFO:MinuteTask start...
[INFO] - 2023-11-20 20:10:00.640 - [ScheduleThreadPool-test-thread-1] - MinuteTask#25 - INFO:MinuteTask end...
[INFO] - 2023-11-20 20:11:00.640 - [ScheduleThreadPool-test-thread-1] - MinuteTask#24 - INFO:MinuteTask start...
[INFO] - 2023-11-20 20:11:00.640 - [ScheduleThreadPool-test-thread-1] - MinuteTask#25 - INFO:MinuteTask end...
[INFO] - 2023-11-20 20:12:00.640 - [ScheduleThreadPool-test-thread-1] - MinuteTask#24 - INFO:MinuteTask start...
[INFO] - 2023-11-20 20:12:00.640 - [ScheduleThreadPool-test-thread-1] - MinuteTask#25 - INFO:MinuteTask end...
[INFO] - 2023-11-20 20:13:00.640 - [ScheduleThreadPool-test-thread-1] - MinuteTask#24 - INFO:MinuteTask start...
[INFO] - 2023-11-20 20:13:00.640 - [ScheduleThreadPool-test-thread-1] - MinuteTask#25 - INFO:MinuteTask end...
[INFO] - 2023-11-20 20:14:00.640 - [ScheduleThreadPool-test-thread-1] - MinuteTask#24 - INFO:MinuteTask start...
[INFO] - 2023-11-20 20:14:00.640 - [ScheduleThreadPool-test-thread-1] - MinuteTask#25 - INFO:MinuteTask end...
[INFO] - 2023-11-20 20:15:00.640 - [ScheduleThreadPool-test-thread-1] - MinuteTask#24 - INFO:MinuteTask start...
[INFO] - 2023-11-20 20:15:00.640 - [ScheduleThreadPool-test-thread-1] - MinuteTask#25 - INFO:MinuteTask end...
[INFO] - 2023-11-20 20:16:00.640 - [ScheduleThreadPool-test-thread-1] - MinuteTask#24 - INFO:MinuteTask start...
[INFO] - 2023-11-20 20:16:00.640 - [ScheduleThreadPool-test-thread-1] - MinuteTask#25 - INFO:MinuteTask end...
[INFO] - 2023-11-20 20:17:00.640 - [ScheduleThreadPool-test-thread-1] - MinuteTask#24 - INFO:MinuteTask start...
[INFO] - 2023-11-20 20:17:00.640 - [ScheduleThreadPool-test-thread-1] - MinuteTask#25 - INFO:MinuteTask end...
[INFO] - 2023-11-20 20:18:00.640 - [ScheduleThreadPool-test-thread-1] - MinuteTask#24 - INFO:MinuteTask start...
[INFO] - 2023-11-20 20:18:00.640 - [ScheduleThreadPool-test-thread-1] - MinuteTask#25 - INFO:MinuteTask end...
[INFO] - 2023-11-20 20:19:00.640 - [ScheduleThreadPool-test-thread-1] - MinuteTask#24 - INFO:MinuteTask start...
[INFO] - 2023-11-20 20:19:00.640 - [ScheduleThreadPool-test-thread-1] - MinuteTask#25 - INFO:MinuteTask end...
[INFO] - 2023-11-20 20:20:00.640 - [ScheduleThreadPool-test-thread-1] - MinuteTask#24 - INFO:MinuteTask start...
[INFO] - 2023-11-20 20:20:00.640 - [ScheduleThreadPool-test-thread-1] - MinuteTask#25 - INFO:MinuteTask end...
[INFO] - 2023-11-20 20:21:00.640 - [ScheduleThreadPool-test-thread-1] - MinuteTask#24 - INFO:MinuteTask start...
[INFO] - 2023-11-20 20:21:00.640 - [ScheduleThreadPool-test-thread-1] - MinuteTask#25 - INFO:MinuteTask end...
[INFO] - 2023-11-20 20:22:00.640 - [ScheduleThreadPool-test-thread-1] - MinuteTask#24 - INFO:MinuteTask start...
[INFO] - 2023-11-20 20:22:00.640 - [ScheduleThreadPool-test-thread-1] - MinuteTask#25 - INFO:MinuteTask end...
[INFO] - 2023-11-20 20:23:00.646 - [ScheduleThreadPool-test-thread-1] - MinuteTask#24 - INFO:MinuteTask start...
[INFO] - 2023-11-20 20:23:00.646 - [ScheduleThreadPool-test-thread-1] - MinuteTask#25 - INFO:MinuteTask end...
[INFO] - 2023-11-20 20:24:00.640 - [ScheduleThreadPool-test-thread-1] - MinuteTask#24 - INFO:MinuteTask start...
[INFO] - 2023-11-20 20:24:00.640 - [ScheduleThreadPool-test-thread-1] - MinuteTask#25 - INFO:MinuteTask end...
[INFO] - 2023-11-20 20:25:00.640 - [ScheduleThreadPool-test-thread-1] - MinuteTask#24 - INFO:MinuteTask start...
[INFO] - 2023-11-20 20:25:00.640 - [ScheduleThreadPool-test-thread-1] - MinuteTask#25 - INFO:MinuteTask end...
[INFO] - 2023-11-20 20:26:00.640 - [ScheduleThreadPool-test-thread-1] - MinuteTask#24 - INFO:MinuteTask start...
[INFO] - 2023-11-20 20:26:00.640 - [ScheduleThreadPool-test-thread-1] - MinuteTask#25 - INFO:MinuteTask end...
[INFO] - 2023-11-20 20:27:00.640 - [ScheduleThreadPool-test-thread-1] - MinuteTask#24 - INFO:MinuteTask start...
[INFO] - 2023-11-20 20:27:00.640 - [ScheduleThreadPool-test-thread-1] - MinuteTask#25 - INFO:MinuteTask end...
[INFO] - 2023-11-20 20:28:00.640 - [ScheduleThreadPool-test-thread-1] - MinuteTask#24 - INFO:MinuteTask start...
[INFO] - 2023-11-20 20:28:00.640 - [ScheduleThreadPool-test-thread-1] - MinuteTask#25 - INFO:MinuteTask end...
[INFO] - 2023-11-20 20:29:00.640 - [ScheduleThreadPool-test-thread-1] - MinuteTask#24 - INFO:MinuteTask start...
[INFO] - 2023-11-20 20:29:00.640 - [ScheduleThreadPool-test-thread-1] - MinuteTask#25 - INFO:MinuteTask end...
[INFO] - 2023-11-20 20:30:00.640 - [ScheduleThreadPool-test-thread-1] - MinuteTask#24 - INFO:MinuteTask start...
[INFO] - 2023-11-20 20:30:00.640 - [ScheduleThreadPool-test-thread-1] - MinuteTask#25 - INFO:MinuteTask end...
[INFO] - 2023-11-20 20:31:00.640 - [ScheduleThreadPool-test-thread-1] - MinuteTask#24 - INFO:MinuteTask start...
[INFO] - 2023-11-20 20:31:00.640 - [ScheduleThreadPool-test-thread-1] - MinuteTask#25 - INFO:MinuteTask end...
[INFO] - 2023-11-20 20:32:00.640 - [ScheduleThreadPool-test-thread-1] - MinuteTask#24 - INFO:MinuteTask start...
[INFO] - 2023-11-20 20:32:00.640 - [ScheduleThreadPool-test-thread-1] - MinuteTask#25 - INFO:MinuteTask end...
[INFO] - 2023-11-20 20:33:00.651 - [ScheduleThreadPool-test-thread-1] - MinuteTask#24 - INFO:MinuteTask start...
[INFO] - 2023-11-20 20:33:00.651 - [ScheduleThreadPool-test-thread-1] - MinuteTask#25 - INFO:MinuteTask end...
[INFO] - 2023-11-20 20:34:00.640 - [ScheduleThreadPool-test-thread-1] - MinuteTask#24 - INFO:MinuteTask start...
[INFO] - 2023-11-20 20:34:00.640 - [ScheduleThreadPool-test-thread-1] - MinuteTask#25 - INFO:MinuteTask end...
[INFO] - 2023-11-20 20:35:00.640 - [ScheduleThreadPool-test-thread-1] - MinuteTask#24 - INFO:MinuteTask start...
[INFO] - 2023-11-20 20:35:00.640 - [ScheduleThreadPool-test-thread-1] - MinuteTask#25 - INFO:MinuteTask end...
[INFO] - 2023-11-20 20:36:00.640 - [ScheduleThreadPool-test-thread-1] - MinuteTask#24 - INFO:MinuteTask start...
[INFO] - 2023-11-20 20:36:00.640 - [ScheduleThreadPool-test-thread-1] - MinuteTask#25 - INFO:MinuteTask end...
[INFO] - 2023-11-20 20:37:00.640 - [ScheduleThreadPool-test-thread-1] - MinuteTask#24 - INFO:MinuteTask start...
[INFO] - 2023-11-20 20:37:00.640 - [ScheduleThreadPool-test-thread-1] - MinuteTask#25 - INFO:MinuteTask end...
[INFO] - 2023-11-20 20:38:00.640 - [ScheduleThreadPool-test-thread-1] - MinuteTask#24 - INFO:MinuteTask start...
[INFO] - 2023-11-20 20:38:00.640 - [ScheduleThreadPool-test-thread-1] - MinuteTask#25 - INFO:MinuteTask end...
[INFO] - 2023-11-20 20:39:00.640 - [ScheduleThreadPool-test-thread-1] - MinuteTask#24 - INFO:MinuteTask start...
[INFO] - 2023-11-20 20:39:00.640 - [ScheduleThreadPool-test-thread-1] - MinuteTask#25 - INFO:MinuteTask end...
[INFO] - 2023-11-20 20:40:00.640 - [ScheduleThreadPool-test-thread-1] - MinuteTask#24 - INFO:MinuteTask start...
[INFO] - 2023-11-20 20:40:00.640 - [ScheduleThreadPool-test-thread-1] - MinuteTask#25 - INFO:MinuteTask end...
[INFO] - 2023-11-20 20:41:00.640 - [ScheduleThreadPool-test-thread-1] - MinuteTask#24 - INFO:MinuteTask start...
[INFO] - 2023-11-20 20:41:00.640 - [ScheduleThreadPool-test-thread-1] - MinuteTask#25 - INFO:MinuteTask end...
[INFO] - 2023-11-20 20:42:00.640 - [ScheduleThreadPool-test-thread-1] - MinuteTask#24 - INFO:MinuteTask start...
[INFO] - 2023-11-20 20:42:00.640 - [ScheduleThreadPool-test-thread-1] - MinuteTask#25 - INFO:MinuteTask end...
[INFO] - 2023-11-20 20:43:00.640 - [ScheduleThreadPool-test-thread-1] - MinuteTask#24 - INFO:MinuteTask start...
[INFO] - 2023-11-20 20:43:00.640 - [ScheduleThreadPool-test-thread-1] - MinuteTask#25 - INFO:MinuteTask end...
[INFO] - 2023-11-20 20:44:00.640 - [ScheduleThreadPool-test-thread-1] - MinuteTask#24 - INFO:MinuteTask start...
[INFO] - 2023-11-20 20:44:00.640 - [ScheduleThreadPool-test-thread-1] - MinuteTask#25 - INFO:MinuteTask end...
[INFO] - 2023-11-20 20:45:00.640 - [ScheduleThreadPool-test-thread-1] - MinuteTask#24 - INFO:MinuteTask start...
[INFO] - 2023-11-20 20:45:00.640 - [ScheduleThreadPool-test-thread-1] - MinuteTask#25 - INFO:MinuteTask end...
[INFO] - 2023-11-20 20:46:00.640 - [ScheduleThreadPool-test-thread-1] - MinuteTask#24 - INFO:MinuteTask start...
[INFO] - 2023-11-20 20:46:00.640 - [ScheduleThreadPool-test-thread-1] - MinuteTask#25 - INFO:MinuteTask end...
[INFO] - 2023-11-20 20:47:00.640 - [ScheduleThreadPool-test-thread-1] - MinuteTask#24 - INFO:MinuteTask start...
[INFO] - 2023-11-20 20:47:00.640 - [ScheduleThreadPool-test-thread-1] - MinuteTask#25 - INFO:MinuteTask end...
[INFO] - 2023-11-20 20:48:00.640 - [ScheduleThreadPool-test-thread-1] - MinuteTask#24 - INFO:MinuteTask start...
[INFO] - 2023-11-20 20:48:00.640 - [ScheduleThreadPool-test-thread-1] - MinuteTask#25 - INFO:MinuteTask end...
[INFO] - 2023-11-20 20:49:00.640 - [ScheduleThreadPool-test-thread-1] - MinuteTask#24 - INFO:MinuteTask start...
[INFO] - 2023-11-20 20:49:00.640 - [ScheduleThreadPool-test-thread-1] - MinuteTask#25 - INFO:MinuteTask end...
[INFO] - 2023-11-20 20:50:00.640 - [ScheduleThreadPool-test-thread-1] - MinuteTask#24 - INFO:MinuteTask start...
[INFO] - 2023-11-20 20:50:00.640 - [ScheduleThreadPool-test-thread-1] - MinuteTask#25 - INFO:MinuteTask end...
[INFO] - 2023-11-20 20:51:00.640 - [ScheduleThreadPool-test-thread-1] - MinuteTask#24 - INFO:MinuteTask start...
[INFO] - 2023-11-20 20:51:00.640 - [ScheduleThreadPool-test-thread-1] - MinuteTask#25 - INFO:MinuteTask end...
[INFO] - 2023-11-20 20:52:00.640 - [ScheduleThreadPool-test-thread-1] - MinuteTask#24 - INFO:MinuteTask start...
[INFO] - 2023-11-20 20:52:00.640 - [ScheduleThreadPool-test-thread-1] - MinuteTask#25 - INFO:MinuteTask end...
[INFO] - 2023-11-20 20:53:00.640 - [ScheduleThreadPool-test-thread-1] - MinuteTask#24 - INFO:MinuteTask start...
[INFO] - 2023-11-20 20:53:00.640 - [ScheduleThreadPool-test-thread-1] - MinuteTask#25 - INFO:MinuteTask end...
[INFO] - 2023-11-20 20:54:00.640 - [ScheduleThreadPool-test-thread-1] - MinuteTask#24 - INFO:MinuteTask start...
[INFO] - 2023-11-20 20:54:00.640 - [ScheduleThreadPool-test-thread-1] - MinuteTask#25 - INFO:MinuteTask end...
[INFO] - 2023-11-20 20:55:00.640 - [ScheduleThreadPool-test-thread-1] - MinuteTask#24 - INFO:MinuteTask start...
[INFO] - 2023-11-20 20:55:00.640 - [ScheduleThreadPool-test-thread-1] - MinuteTask#25 - INFO:MinuteTask end...
[INFO] - 2023-11-20 20:56:00.640 - [ScheduleThreadPool-test-thread-1] - MinuteTask#24 - INFO:MinuteTask start...
[INFO] - 2023-11-20 20:56:00.640 - [ScheduleThreadPool-test-thread-1] - MinuteTask#25 - INFO:MinuteTask end...
[INFO] - 2023-11-20 20:57:00.640 - [ScheduleThreadPool-test-thread-1] - MinuteTask#24 - INFO:MinuteTask start...
[INFO] - 2023-11-20 20:57:00.640 - [ScheduleThreadPool-test-thread-1] - MinuteTask#25 - INFO:MinuteTask end...
[INFO] - 2023-11-20 20:58:00.640 - [ScheduleThreadPool-test-thread-1] - MinuteTask#24 - INFO:MinuteTask start...
[INFO] - 2023-11-20 20:58:00.640 - [ScheduleThreadPool-test-thread-1] - MinuteTask#25 - INFO:MinuteTask end...
[INFO] - 2023-11-20 20:59:00.640 - [ScheduleThreadPool-test-thread-1] - MinuteTask#24 - INFO:MinuteTask start...
[INFO] - 2023-11-20 20:59:00.640 - [ScheduleThreadPool-test-thread-1] - MinuteTask#25 - INFO:MinuteTask end...
[INFO] - 2023-11-20 21:00:00.640 - [ScheduleThreadPool-test-thread-1] - MinuteTask#24 - INFO:MinuteTask start...
[INFO] - 2023-11-20 21:00:00.640 - [ScheduleThreadPool-test-thread-1] - MinuteTask#25 - INFO:MinuteTask end...
[INFO] - 2023-11-20 21:01:00.640 - [ScheduleThreadPool-test-thread-1] - MinuteTask#24 - INFO:MinuteTask start...
[INFO] - 2023-11-20 21:01:00.640 - [ScheduleThreadPool-test-thread-1] - MinuteTask#25 - INFO:MinuteTask end...
[INFO] - 2023-11-20 21:02:00.640 - [ScheduleThreadPool-test-thread-1] - MinuteTask#24 - INFO:MinuteTask start...
[INFO] - 2023-11-20 21:02:00.640 - [ScheduleThreadPool-test-thread-1] - MinuteTask#25 - INFO:MinuteTask end...
[INFO] - 2023-11-20 21:03:00.640 - [ScheduleThreadPool-test-thread-1] - MinuteTask#24 - INFO:MinuteTask start...
[INFO] - 2023-11-20 21:03:00.640 - [ScheduleThreadPool-test-thread-1] - MinuteTask#25 - INFO:MinuteTask end...
[INFO] - 2023-11-20 21:04:00.640 - [ScheduleThreadPool-test-thread-1] - MinuteTask#24 - INFO:MinuteTask start...
[INFO] - 2023-11-20 21:04:00.640 - [ScheduleThreadPool-test-thread-1] - MinuteTask#25 - INFO:MinuteTask end...
[INFO] - 2023-11-20 21:05:00.640 - [ScheduleThreadPool-test-thread-1] - MinuteTask#24 - INFO:MinuteTask start...
[INFO] - 2023-11-20 21:05:00.640 - [ScheduleThreadPool-test-thread-1] - MinuteTask#25 - INFO:MinuteTask end...
[INFO] - 2023-11-20 21:06:00.640 - [ScheduleThreadPool-test-thread-1] - MinuteTask#24 - INFO:MinuteTask start...
[INFO] - 2023-11-20 21:06:00.640 - [ScheduleThreadPool-test-thread-1] - MinuteTask#25 - INFO:MinuteTask end...
[INFO] - 2023-11-20 21:07:00.640 - [ScheduleThreadPool-test-thread-1] - MinuteTask#24 - INFO:MinuteTask start...
[INFO] - 2023-11-20 21:07:00.640 - [ScheduleThreadPool-test-thread-1] - MinuteTask#25 - INFO:MinuteTask end...
[INFO] - 2023-11-20 21:08:00.640 - [ScheduleThreadPool-test-thread-1] - MinuteTask#24 - INFO:MinuteTask start...
[INFO] - 2023-11-20 21:08:00.640 - [ScheduleThreadPool-test-thread-1] - MinuteTask#25 - INFO:MinuteTask end...
[INFO] - 2023-11-20 21:09:00.640 - [ScheduleThreadPool-test-thread-1] - MinuteTask#24 - INFO:MinuteTask start...
[INFO] - 2023-11-20 21:09:00.640 - [ScheduleThreadPool-test-thread-1] - MinuteTask#25 - INFO:MinuteTask end...
[INFO] - 2023-11-20 21:10:00.640 - [ScheduleThreadPool-test-thread-1] - MinuteTask#24 - INFO:MinuteTask start...
[INFO] - 2023-11-20 21:10:00.640 - [ScheduleThreadPool-test-thread-1] - MinuteTask#25 - INFO:MinuteTask end...
[INFO] - 2023-11-20 21:11:00.640 - [ScheduleThreadPool-test-thread-1] - MinuteTask#24 - INFO:MinuteTask start...
[INFO] - 2023-11-20 21:11:00.640 - [ScheduleThreadPool-test-thread-1] - MinuteTask#25 - INFO:MinuteTask end...
[INFO] - 2023-11-20 21:12:00.640 - [ScheduleThreadPool-test-thread-1] - MinuteTask#24 - INFO:MinuteTask start...
[INFO] - 2023-11-20 21:12:00.640 - [ScheduleThreadPool-test-thread-1] - MinuteTask#25 - INFO:MinuteTask end...
[INFO] - 2023-11-20 21:13:00.640 - [ScheduleThreadPool-test-thread-1] - MinuteTask#24 - INFO:MinuteTask start...
[INFO] - 2023-11-20 21:13:00.640 - [ScheduleThreadPool-test-thread-1] - MinuteTask#25 - INFO:MinuteTask end...
[INFO] - 2023-11-20 21:14:00.640 - [ScheduleThreadPool-test-thread-1] - MinuteTask#24 - INFO:MinuteTask start...
[INFO] - 2023-11-20 21:14:00.640 - [ScheduleThreadPool-test-thread-1] - MinuteTask#25 - INFO:MinuteTask end...
[INFO] - 2023-11-20 21:15:00.640 - [ScheduleThreadPool-test-thread-1] - MinuteTask#24 - INFO:MinuteTask start...
[INFO] - 2023-11-20 21:15:00.640 - [ScheduleThreadPool-test-thread-1] - MinuteTask#25 - INFO:MinuteTask end...
[INFO] - 2023-11-20 21:16:00.640 - [ScheduleThreadPool-test-thread-1] - MinuteTask#24 - INFO:MinuteTask start...
[INFO] - 2023-11-20 21:16:00.640 - [ScheduleThreadPool-test-thread-1] - MinuteTask#25 - INFO:MinuteTask end...
[INFO] - 2023-11-20 21:17:00.640 - [ScheduleThreadPool-test-thread-1] - MinuteTask#24 - INFO:MinuteTask start...
[INFO] - 2023-11-20 21:17:00.640 - [ScheduleThreadPool-test-thread-1] - MinuteTask#25 - INFO:MinuteTask end...
[INFO] - 2023-11-20 21:18:00.640 - [ScheduleThreadPool-test-thread-1] - MinuteTask#24 - INFO:MinuteTask start...
[INFO] - 2023-11-20 21:18:00.640 - [ScheduleThreadPool-test-thread-1] - MinuteTask#25 - INFO:MinuteTask end...
[INFO] - 2023-11-20 21:19:00.640 - [ScheduleThreadPool-test-thread-1] - MinuteTask#24 - INFO:MinuteTask start...
[INFO] - 2023-11-20 21:19:00.640 - [ScheduleThreadPool-test-thread-1] - MinuteTask#25 - INFO:MinuteTask end...
[INFO] - 2023-11-20 21:20:00.640 - [ScheduleThreadPool-test-thread-1] - MinuteTask#24 - INFO:MinuteTask start...
[INFO] - 2023-11-20 21:20:00.640 - [ScheduleThreadPool-test-thread-1] - MinuteTask#25 - INFO:MinuteTask end...
[INFO] - 2023-11-20 21:21:00.640 - [ScheduleThreadPool-test-thread-1] - MinuteTask#24 - INFO:MinuteTask start...
[INFO] - 2023-11-20 21:21:00.640 - [ScheduleThreadPool-test-thread-1] - MinuteTask#25 - INFO:MinuteTask end...
[INFO] - 2023-11-20 21:22:00.640 - [ScheduleThreadPool-test-thread-1] - MinuteTask#24 - INFO:MinuteTask start...
[INFO] - 2023-11-20 21:22:00.640 - [ScheduleThreadPool-test-thread-1] - MinuteTask#25 - INFO:MinuteTask end...
[INFO] - 2023-11-20 21:23:00.640 - [ScheduleThreadPool-test-thread-1] - MinuteTask#24 - INFO:MinuteTask start...
[INFO] - 2023-11-20 21:23:00.640 - [ScheduleThreadPool-test-thread-1] - MinuteTask#25 - INFO:MinuteTask end...
[INFO] - 2023-11-20 21:24:00.640 - [ScheduleThreadPool-test-thread-1] - MinuteTask#24 - INFO:MinuteTask start...
[INFO] - 2023-11-20 21:24:00.640 - [ScheduleThreadPool-test-thread-1] - MinuteTask#25 - INFO:MinuteTask end...
[INFO] - 2023-11-20 21:25:00.640 - [ScheduleThreadPool-test-thread-1] - MinuteTask#24 - INFO:MinuteTask start...
[INFO] - 2023-11-20 21:25:00.640 - [ScheduleThreadPool-test-thread-1] - MinuteTask#25 - INFO:MinuteTask end...
[INFO] - 2023-11-20 21:26:00.640 - [ScheduleThreadPool-test-thread-1] - MinuteTask#24 - INFO:MinuteTask start...
[INFO] - 2023-11-20 21:26:00.640 - [ScheduleThreadPool-test-thread-1] - MinuteTask#25 - INFO:MinuteTask end...
[INFO] - 2023-11-20 21:27:00.640 - [ScheduleThreadPool-test-thread-1] - MinuteTask#24 - INFO:MinuteTask start...
[INFO] - 2023-11-20 21:27:00.640 - [ScheduleThreadPool-test-thread-1] - MinuteTask#25 - INFO:MinuteTask end...
[INFO] - 2023-11-20 21:28:00.640 - [ScheduleThreadPool-test-thread-1] - MinuteTask#24 - INFO:MinuteTask start...
[INFO] - 2023-11-20 21:28:00.640 - [ScheduleThreadPool-test-thread-1] - MinuteTask#25 - INFO:MinuteTask end...
[INFO] - 2023-11-20 21:29:00.640 - [ScheduleThreadPool-test-thread-1] - MinuteTask#24 - INFO:MinuteTask start...
[INFO] - 2023-11-20 21:29:00.640 - [ScheduleThreadPool-test-thread-1] - MinuteTask#25 - INFO:MinuteTask end...
[INFO] - 2023-11-20 21:30:00.640 - [ScheduleThreadPool-test-thread-1] - MinuteTask#24 - INFO:MinuteTask start...
[INFO] - 2023-11-20 21:30:00.640 - [ScheduleThreadPool-test-thread-1] - MinuteTask#25 - INFO:MinuteTask end...
[INFO] - 2023-11-20 21:31:00.640 - [ScheduleThreadPool-test-thread-1] - MinuteTask#24 - INFO:MinuteTask start...
[INFO] - 2023-11-20 21:31:00.640 - [ScheduleThreadPool-test-thread-1] - MinuteTask#25 - INFO:MinuteTask end...
[INFO] - 2023-11-20 21:32:00.640 - [ScheduleThreadPool-test-thread-1] - MinuteTask#24 - INFO:MinuteTask start...
[INFO] - 2023-11-20 21:32:00.640 - [ScheduleThreadPool-test-thread-1] - MinuteTask#25 - INFO:MinuteTask end...
[INFO] - 2023-11-20 21:33:00.640 - [ScheduleThreadPool-test-thread-1] - MinuteTask#24 - INFO:MinuteTask start...
[INFO] - 2023-11-20 21:33:00.640 - [ScheduleThreadPool-test-thread-1] - MinuteTask#25 - INFO:MinuteTask end...
[INFO] - 2023-11-20 21:34:00.640 - [ScheduleThreadPool-test-thread-1] - MinuteTask#24 - INFO:MinuteTask start...
[INFO] - 2023-11-20 21:34:00.640 - [ScheduleThreadPool-test-thread-1] - MinuteTask#25 - INFO:MinuteTask end...
[INFO] - 2023-11-20 21:35:00.640 - [ScheduleThreadPool-test-thread-1] - MinuteTask#24 - INFO:MinuteTask start...
[INFO] - 2023-11-20 21:35:00.640 - [ScheduleThreadPool-test-thread-1] - MinuteTask#25 - INFO:MinuteTask end...
[INFO] - 2023-11-20 21:36:00.640 - [ScheduleThreadPool-test-thread-1] - MinuteTask#24 - INFO:MinuteTask start...
[INFO] - 2023-11-20 21:36:00.640 - [ScheduleThreadPool-test-thread-1] - MinuteTask#25 - INFO:MinuteTask end...
[INFO] - 2023-11-20 21:37:00.640 - [ScheduleThreadPool-test-thread-1] - MinuteTask#24 - INFO:MinuteTask start...
[INFO] - 2023-11-20 21:37:00.640 - [ScheduleThreadPool-test-thread-1] - MinuteTask#25 - INFO:MinuteTask end...
[INFO] - 2023-11-20 21:38:00.640 - [ScheduleThreadPool-test-thread-1] - MinuteTask#24 - INFO:MinuteTask start...
[INFO] - 2023-11-20 21:38:00.640 - [ScheduleThreadPool-test-thread-1] - MinuteTask#25 - INFO:MinuteTask end...
[INFO] - 2023-11-20 21:39:00.640 - [ScheduleThreadPool-test-thread-1] - MinuteTask#24 - INFO:MinuteTask start...
[INFO] - 2023-11-20 21:39:00.640 - [ScheduleThreadPool-test-thread-1] - MinuteTask#25 - INFO:MinuteTask end...
[INFO] - 2023-11-20 21:40:00.640 - [ScheduleThreadPool-test-thread-1] - MinuteTask#24 - INFO:MinuteTask start...
[INFO] - 2023-11-20 21:40:00.640 - [ScheduleThreadPool-test-thread-1] - MinuteTask#25 - INFO:MinuteTask end...
[INFO] - 2023-11-20 21:41:00.640 - [ScheduleThreadPool-test-thread-1] - MinuteTask#24 - INFO:MinuteTask start...
[INFO] - 2023-11-20 21:41:00.640 - [ScheduleThreadPool-test-thread-1] - MinuteTask#25 - INFO:MinuteTask end...
[INFO] - 2023-11-20 21:42:00.640 - [ScheduleThreadPool-test-thread-1] - MinuteTask#24 - INFO:MinuteTask start...
[INFO] - 2023-11-20 21:42:00.640 - [ScheduleThreadPool-test-thread-1] - MinuteTask#25 - INFO:MinuteTask end...
[INFO] - 2023-11-20 21:43:00.640 - [ScheduleThreadPool-test-thread-1] - MinuteTask#24 - INFO:MinuteTask start...
[INFO] - 2023-11-20 21:43:00.640 - [ScheduleThreadPool-test-thread-1] - MinuteTask#25 - INFO:MinuteTask end...
[INFO] - 2023-11-20 21:44:00.640 - [ScheduleThreadPool-test-thread-1] - MinuteTask#24 - INFO:MinuteTask start...
[INFO] - 2023-11-20 21:44:00.640 - [ScheduleThreadPool-test-thread-1] - MinuteTask#25 - INFO:MinuteTask end...
[INFO] - 2023-11-20 21:45:00.640 - [ScheduleThreadPool-test-thread-1] - MinuteTask#24 - INFO:MinuteTask start...
[INFO] - 2023-11-20 21:45:00.640 - [ScheduleThreadPool-test-thread-1] - MinuteTask#25 - INFO:MinuteTask end...
[INFO] - 2023-11-20 21:46:00.640 - [ScheduleThreadPool-test-thread-1] - MinuteTask#24 - INFO:MinuteTask start...
[INFO] - 2023-11-20 21:46:00.640 - [ScheduleThreadPool-test-thread-1] - MinuteTask#25 - INFO:MinuteTask end...
[INFO] - 2023-11-20 21:47:00.640 - [ScheduleThreadPool-test-thread-1] - MinuteTask#24 - INFO:MinuteTask start...
[INFO] - 2023-11-20 21:47:00.640 - [ScheduleThreadPool-test-thread-1] - MinuteTask#25 - INFO:MinuteTask end...
[INFO] - 2023-11-20 21:48:00.641 - [ScheduleThreadPool-test-thread-1] - MinuteTask#24 - INFO:MinuteTask start...
[INFO] - 2023-11-20 21:48:00.641 - [ScheduleThreadPool-test-thread-1] - MinuteTask#25 - INFO:MinuteTask end...
[INFO] - 2023-11-20 21:49:00.640 - [ScheduleThreadPool-test-thread-1] - MinuteTask#24 - INFO:MinuteTask start...
[INFO] - 2023-11-20 21:49:00.640 - [ScheduleThreadPool-test-thread-1] - MinuteTask#25 - INFO:MinuteTask end...
[INFO] - 2023-11-20 21:50:00.640 - [ScheduleThreadPool-test-thread-1] - MinuteTask#24 - INFO:MinuteTask start...
[INFO] - 2023-11-20 21:50:00.640 - [ScheduleThreadPool-test-thread-1] - MinuteTask#25 - INFO:MinuteTask end...
[INFO] - 2023-11-20 21:51:00.640 - [ScheduleThreadPool-test-thread-1] - MinuteTask#24 - INFO:MinuteTask start...
[INFO] - 2023-11-20 21:51:00.640 - [ScheduleThreadPool-test-thread-1] - MinuteTask#25 - INFO:MinuteTask end...
[INFO] - 2023-11-20 21:52:00.640 - [ScheduleThreadPool-test-thread-1] - MinuteTask#24 - INFO:MinuteTask start...
[INFO] - 2023-11-20 21:52:00.640 - [ScheduleThreadPool-test-thread-1] - MinuteTask#25 - INFO:MinuteTask end...
[INFO] - 2023-11-20 21:53:00.640 - [ScheduleThreadPool-test-thread-1] - MinuteTask#24 - INFO:MinuteTask start...
[INFO] - 2023-11-20 21:53:00.640 - [ScheduleThreadPool-test-thread-1] - MinuteTask#25 - INFO:MinuteTask end...
[INFO] - 2023-11-20 21:54:00.640 - [ScheduleThreadPool-test-thread-1] - MinuteTask#24 - INFO:MinuteTask start...
[INFO] - 2023-11-20 21:54:00.640 - [ScheduleThreadPool-test-thread-1] - MinuteTask#25 - INFO:MinuteTask end...
[INFO] - 2023-11-20 21:55:00.640 - [ScheduleThreadPool-test-thread-1] - MinuteTask#24 - INFO:MinuteTask start...
[INFO] - 2023-11-20 21:55:00.640 - [ScheduleThreadPool-test-thread-1] - MinuteTask#25 - INFO:MinuteTask end...
[INFO] - 2023-11-20 21:56:00.640 - [ScheduleThreadPool-test-thread-1] - MinuteTask#24 - INFO:MinuteTask start...
[INFO] - 2023-11-20 21:56:00.640 - [ScheduleThreadPool-test-thread-1] - MinuteTask#25 - INFO:MinuteTask end...
[INFO] - 2023-11-20 21:57:00.640 - [ScheduleThreadPool-test-thread-1] - MinuteTask#24 - INFO:MinuteTask start...
[INFO] - 2023-11-20 21:57:00.640 - [ScheduleThreadPool-test-thread-1] - MinuteTask#25 - INFO:MinuteTask end...
[INFO] - 2023-11-20 21:58:00.640 - [ScheduleThreadPool-test-thread-1] - MinuteTask#24 - INFO:MinuteTask start...
[INFO] - 2023-11-20 21:58:00.640 - [ScheduleThreadPool-test-thread-1] - MinuteTask#25 - INFO:MinuteTask end...
[INFO] - 2023-11-20 21:59:00.640 - [ScheduleThreadPool-test-thread-1] - MinuteTask#24 - INFO:MinuteTask start...
[INFO] - 2023-11-20 21:59:00.640 - [ScheduleThreadPool-test-thread-1] - MinuteTask#25 - INFO:MinuteTask end...
[INFO] - 2023-11-20 22:00:00.640 - [ScheduleThreadPool-test-thread-1] - MinuteTask#24 - INFO:MinuteTask start...
[INFO] - 2023-11-20 22:00:00.640 - [ScheduleThreadPool-test-thread-1] - MinuteTask#25 - INFO:MinuteTask end...
[INFO] - 2023-11-20 22:01:00.640 - [ScheduleThreadPool-test-thread-1] - MinuteTask#24 - INFO:MinuteTask start...
[INFO] - 2023-11-20 22:01:00.640 - [ScheduleThreadPool-test-thread-1] - MinuteTask#25 - INFO:MinuteTask end...
[INFO] - 2023-11-20 22:02:00.640 - [ScheduleThreadPool-test-thread-1] - MinuteTask#24 - INFO:MinuteTask start...
[INFO] - 2023-11-20 22:02:00.640 - [ScheduleThreadPool-test-thread-1] - MinuteTask#25 - INFO:MinuteTask end...
[INFO] - 2023-11-20 22:03:00.640 - [ScheduleThreadPool-test-thread-1] - MinuteTask#24 - INFO:MinuteTask start...
[INFO] - 2023-11-20 22:03:00.640 - [ScheduleThreadPool-test-thread-1] - MinuteTask#25 - INFO:MinuteTask end...
[INFO] - 2023-11-20 22:04:00.640 - [ScheduleThreadPool-test-thread-1] - MinuteTask#24 - INFO:MinuteTask start...
[INFO] - 2023-11-20 22:04:00.640 - [ScheduleThreadPool-test-thread-1] - MinuteTask#25 - INFO:MinuteTask end...
[INFO] - 2023-11-20 22:05:00.640 - [ScheduleThreadPool-test-thread-1] - MinuteTask#24 - INFO:MinuteTask start...
[INFO] - 2023-11-20 22:05:00.640 - [ScheduleThreadPool-test-thread-1] - MinuteTask#25 - INFO:MinuteTask end...
[INFO] - 2023-11-20 22:06:00.640 - [ScheduleThreadPool-test-thread-1] - MinuteTask#24 - INFO:MinuteTask start...
[INFO] - 2023-11-20 22:06:00.640 - [ScheduleThreadPool-test-thread-1] - MinuteTask#25 - INFO:MinuteTask end...
[INFO] - 2023-11-20 22:07:00.640 - [ScheduleThreadPool-test-thread-1] - MinuteTask#24 - INFO:MinuteTask start...
[INFO] - 2023-11-20 22:07:00.640 - [ScheduleThreadPool-test-thread-1] - MinuteTask#25 - INFO:MinuteTask end...
[INFO] - 2023-11-20 22:08:00.640 - [ScheduleThreadPool-test-thread-1] - MinuteTask#24 - INFO:MinuteTask start...
[INFO] - 2023-11-20 22:08:00.640 - [ScheduleThreadPool-test-thread-1] - MinuteTask#25 - INFO:MinuteTask end...
[INFO] - 2023-11-20 22:09:00.640 - [ScheduleThreadPool-test-thread-1] - MinuteTask#24 - INFO:MinuteTask start...
[INFO] - 2023-11-20 22:09:00.640 - [ScheduleThreadPool-test-thread-1] - MinuteTask#25 - INFO:MinuteTask end...
[INFO] - 2023-11-20 22:10:00.640 - [ScheduleThreadPool-test-thread-1] - MinuteTask#24 - INFO:MinuteTask start...
[INFO] - 2023-11-20 22:10:00.640 - [ScheduleThreadPool-test-thread-1] - MinuteTask#25 - INFO:MinuteTask end...
[INFO] - 2023-11-20 22:11:00.640 - [ScheduleThreadPool-test-thread-1] - MinuteTask#24 - INFO:MinuteTask start...
[INFO] - 2023-11-20 22:11:00.640 - [ScheduleThreadPool-test-thread-1] - MinuteTask#25 - INFO:MinuteTask end...
[INFO] - 2023-11-20 22:12:00.640 - [ScheduleThreadPool-test-thread-1] - MinuteTask#24 - INFO:MinuteTask start...
[INFO] - 2023-11-20 22:12:00.640 - [ScheduleThreadPool-test-thread-1] - MinuteTask#25 - INFO:MinuteTask end...
[INFO] - 2023-11-20 22:13:00.640 - [ScheduleThreadPool-test-thread-1] - MinuteTask#24 - INFO:MinuteTask start...
[INFO] - 2023-11-20 22:13:00.640 - [ScheduleThreadPool-test-thread-1] - MinuteTask#25 - INFO:MinuteTask end...
[INFO] - 2023-11-20 22:14:00.640 - [ScheduleThreadPool-test-thread-1] - MinuteTask#24 - INFO:MinuteTask start...
[INFO] - 2023-11-20 22:14:00.640 - [ScheduleThreadPool-test-thread-1] - MinuteTask#25 - INFO:MinuteTask end...
[INFO] - 2023-11-20 22:15:00.640 - [ScheduleThreadPool-test-thread-1] - MinuteTask#24 - INFO:MinuteTask start...
[INFO] - 2023-11-20 22:15:00.640 - [ScheduleThreadPool-test-thread-1] - MinuteTask#25 - INFO:MinuteTask end...
[INFO] - 2023-11-20 22:16:00.640 - [ScheduleThreadPool-test-thread-1] - MinuteTask#24 - INFO:MinuteTask start...
[INFO] - 2023-11-20 22:16:00.640 - [ScheduleThreadPool-test-thread-1] - MinuteTask#25 - INFO:MinuteTask end...
[INFO] - 2023-11-20 22:17:00.640 - [ScheduleThreadPool-test-thread-1] - MinuteTask#24 - INFO:MinuteTask start...
[INFO] - 2023-11-20 22:17:00.640 - [ScheduleThreadPool-test-thread-1] - MinuteTask#25 - INFO:MinuteTask end...
[INFO] - 2023-11-20 22:18:00.640 - [ScheduleThreadPool-test-thread-1] - MinuteTask#24 - INFO:MinuteTask start...
[INFO] - 2023-11-20 22:18:00.640 - [ScheduleThreadPool-test-thread-1] - MinuteTask#25 - INFO:MinuteTask end...
[INFO] - 2023-11-20 22:19:00.640 - [ScheduleThreadPool-test-thread-1] - MinuteTask#24 - INFO:MinuteTask start...
[INFO] - 2023-11-20 22:19:00.640 - [ScheduleThreadPool-test-thread-1] - MinuteTask#25 - INFO:MinuteTask end...
[INFO] - 2023-11-20 22:20:00.640 - [ScheduleThreadPool-test-thread-1] - MinuteTask#24 - INFO:MinuteTask start...
[INFO] - 2023-11-20 22:20:00.640 - [ScheduleThreadPool-test-thread-1] - MinuteTask#25 - INFO:MinuteTask end...
[INFO] - 2023-11-20 22:21:00.640 - [ScheduleThreadPool-test-thread-1] - MinuteTask#24 - INFO:MinuteTask start...
[INFO] - 2023-11-20 22:21:00.640 - [ScheduleThreadPool-test-thread-1] - MinuteTask#25 - INFO:MinuteTask end...
[INFO] - 2023-11-20 22:22:00.640 - [ScheduleThreadPool-test-thread-1] - MinuteTask#24 - INFO:MinuteTask start...
[INFO] - 2023-11-20 22:22:00.640 - [ScheduleThreadPool-test-thread-1] - MinuteTask#25 - INFO:MinuteTask end...
[INFO] - 2023-11-20 22:23:00.640 - [ScheduleThreadPool-test-thread-1] - MinuteTask#24 - INFO:MinuteTask start...
[INFO] - 2023-11-20 22:23:00.640 - [ScheduleThreadPool-test-thread-1] - MinuteTask#25 - INFO:MinuteTask end...
[INFO] - 2023-11-20 22:24:00.640 - [ScheduleThreadPool-test-thread-1] - MinuteTask#24 - INFO:MinuteTask start...
[INFO] - 2023-11-20 22:24:00.640 - [ScheduleThreadPool-test-thread-1] - MinuteTask#25 - INFO:MinuteTask end...
[INFO] - 2023-11-20 22:25:00.640 - [ScheduleThreadPool-test-thread-1] - MinuteTask#24 - INFO:MinuteTask start...
[INFO] - 2023-11-20 22:25:00.640 - [ScheduleThreadPool-test-thread-1] - MinuteTask#25 - INFO:MinuteTask end...
[INFO] - 2023-11-20 22:26:00.640 - [ScheduleThreadPool-test-thread-1] - MinuteTask#24 - INFO:MinuteTask start...
[INFO] - 2023-11-20 22:26:00.640 - [ScheduleThreadPool-test-thread-1] - MinuteTask#25 - INFO:MinuteTask end...
[INFO] - 2023-11-20 22:27:00.640 - [ScheduleThreadPool-test-thread-1] - MinuteTask#24 - INFO:MinuteTask start...
[INFO] - 2023-11-20 22:27:00.640 - [ScheduleThreadPool-test-thread-1] - MinuteTask#25 - INFO:MinuteTask end...
[INFO] - 2023-11-20 22:28:00.640 - [ScheduleThreadPool-test-thread-1] - MinuteTask#24 - INFO:MinuteTask start...
[INFO] - 2023-11-20 22:28:00.640 - [ScheduleThreadPool-test-thread-1] - MinuteTask#25 - INFO:MinuteTask end...
[INFO] - 2023-11-20 22:29:00.640 - [ScheduleThreadPool-test-thread-1] - MinuteTask#24 - INFO:MinuteTask start...
[INFO] - 2023-11-20 22:29:00.640 - [ScheduleThreadPool-test-thread-1] - MinuteTask#25 - INFO:MinuteTask end...
[INFO] - 2023-11-20 22:30:00.648 - [ScheduleThreadPool-test-thread-1] - MinuteTask#24 - INFO:MinuteTask start...
[INFO] - 2023-11-20 22:30:00.648 - [ScheduleThreadPool-test-thread-1] - MinuteTask#25 - INFO:MinuteTask end...
[INFO] - 2023-11-20 22:31:00.640 - [ScheduleThreadPool-test-thread-1] - MinuteTask#24 - INFO:MinuteTask start...
[INFO] - 2023-11-20 22:31:00.640 - [ScheduleThreadPool-test-thread-1] - MinuteTask#25 - INFO:MinuteTask end...
[INFO] - 2023-11-20 22:32:00.640 - [ScheduleThreadPool-test-thread-1] - MinuteTask#24 - INFO:MinuteTask start...
[INFO] - 2023-11-20 22:32:00.640 - [ScheduleThreadPool-test-thread-1] - MinuteTask#25 - INFO:MinuteTask end...
[INFO] - 2023-11-20 22:33:00.640 - [ScheduleThreadPool-test-thread-1] - MinuteTask#24 - INFO:MinuteTask start...
[INFO] - 2023-11-20 22:33:00.640 - [ScheduleThreadPool-test-thread-1] - MinuteTask#25 - INFO:MinuteTask end...
[INFO] - 2023-11-20 22:34:00.640 - [ScheduleThreadPool-test-thread-1] - MinuteTask#24 - INFO:MinuteTask start...
[INFO] - 2023-11-20 22:34:00.640 - [ScheduleThreadPool-test-thread-1] - MinuteTask#25 - INFO:MinuteTask end...
[INFO] - 2023-11-20 22:35:00.640 - [ScheduleThreadPool-test-thread-1] - MinuteTask#24 - INFO:MinuteTask start...
[INFO] - 2023-11-20 22:35:00.640 - [ScheduleThreadPool-test-thread-1] - MinuteTask#25 - INFO:MinuteTask end...
[INFO] - 2023-11-20 22:36:00.640 - [ScheduleThreadPool-test-thread-1] - MinuteTask#24 - INFO:MinuteTask start...
[INFO] - 2023-11-20 22:36:00.640 - [ScheduleThreadPool-test-thread-1] - MinuteTask#25 - INFO:MinuteTask end...
[INFO] - 2023-11-20 22:37:00.640 - [ScheduleThreadPool-test-thread-1] - MinuteTask#24 - INFO:MinuteTask start...
[INFO] - 2023-11-20 22:37:00.640 - [ScheduleThreadPool-test-thread-1] - MinuteTask#25 - INFO:MinuteTask end...
[INFO] - 2023-11-20 22:38:00.640 - [ScheduleThreadPool-test-thread-1] - MinuteTask#24 - INFO:MinuteTask start...
[INFO] - 2023-11-20 22:38:00.640 - [ScheduleThreadPool-test-thread-1] - MinuteTask#25 - INFO:MinuteTask end...
[INFO] - 2023-11-20 22:39:00.640 - [ScheduleThreadPool-test-thread-1] - MinuteTask#24 - INFO:MinuteTask start...
[INFO] - 2023-11-20 22:39:00.640 - [ScheduleThreadPool-test-thread-1] - MinuteTask#25 - INFO:MinuteTask end...
[INFO] - 2023-11-20 22:40:00.640 - [ScheduleThreadPool-test-thread-1] - MinuteTask#24 - INFO:MinuteTask start...
[INFO] - 2023-11-20 22:40:00.640 - [ScheduleThreadPool-test-thread-1] - MinuteTask#25 - INFO:MinuteTask end...
[INFO] - 2023-11-20 22:41:00.640 - [ScheduleThreadPool-test-thread-1] - MinuteTask#24 - INFO:MinuteTask start...
[INFO] - 2023-11-20 22:41:00.640 - [ScheduleThreadPool-test-thread-1] - MinuteTask#25 - INFO:MinuteTask end...
[INFO] - 2023-11-20 22:42:00.640 - [ScheduleThreadPool-test-thread-1] - MinuteTask#24 - INFO:MinuteTask start...
[INFO] - 2023-11-20 22:42:00.640 - [ScheduleThreadPool-test-thread-1] - MinuteTask#25 - INFO:MinuteTask end...
[INFO] - 2023-11-20 22:43:00.640 - [ScheduleThreadPool-test-thread-1] - MinuteTask#24 - INFO:MinuteTask start...
[INFO] - 2023-11-20 22:43:00.640 - [ScheduleThreadPool-test-thread-1] - MinuteTask#25 - INFO:MinuteTask end...
[INFO] - 2023-11-20 22:44:00.640 - [ScheduleThreadPool-test-thread-1] - MinuteTask#24 - INFO:MinuteTask start...
[INFO] - 2023-11-20 22:44:00.640 - [ScheduleThreadPool-test-thread-1] - MinuteTask#25 - INFO:MinuteTask end...
[INFO] - 2023-11-20 22:45:00.640 - [ScheduleThreadPool-test-thread-1] - MinuteTask#24 - INFO:MinuteTask start...
[INFO] - 2023-11-20 22:45:00.640 - [ScheduleThreadPool-test-thread-1] - MinuteTask#25 - INFO:MinuteTask end...
[INFO] - 2023-11-20 22:46:00.640 - [ScheduleThreadPool-test-thread-1] - MinuteTask#24 - INFO:MinuteTask start...
[INFO] - 2023-11-20 22:46:00.640 - [ScheduleThreadPool-test-thread-1] - MinuteTask#25 - INFO:MinuteTask end...
[INFO] - 2023-11-20 22:47:00.640 - [ScheduleThreadPool-test-thread-1] - MinuteTask#24 - INFO:MinuteTask start...
[INFO] - 2023-11-20 22:47:00.640 - [ScheduleThreadPool-test-thread-1] - MinuteTask#25 - INFO:MinuteTask end...
[INFO] - 2023-11-20 22:48:00.640 - [ScheduleThreadPool-test-thread-1] - MinuteTask#24 - INFO:MinuteTask start...
[INFO] - 2023-11-20 22:48:00.640 - [ScheduleThreadPool-test-thread-1] - MinuteTask#25 - INFO:MinuteTask end...
[INFO] - 2023-11-20 22:49:00.640 - [ScheduleThreadPool-test-thread-1] - MinuteTask#24 - INFO:MinuteTask start...
[INFO] - 2023-11-20 22:49:00.640 - [ScheduleThreadPool-test-thread-1] - MinuteTask#25 - INFO:MinuteTask end...
[INFO] - 2023-11-20 22:50:00.640 - [ScheduleThreadPool-test-thread-1] - MinuteTask#24 - INFO:MinuteTask start...
[INFO] - 2023-11-20 22:50:00.640 - [ScheduleThreadPool-test-thread-1] - MinuteTask#25 - INFO:MinuteTask end...
[INFO] - 2023-11-20 22:51:00.640 - [ScheduleThreadPool-test-thread-1] - MinuteTask#24 - INFO:MinuteTask start...
[INFO] - 2023-11-20 22:51:00.640 - [ScheduleThreadPool-test-thread-1] - MinuteTask#25 - INFO:MinuteTask end...
[INFO] - 2023-11-20 22:52:00.640 - [ScheduleThreadPool-test-thread-1] - MinuteTask#24 - INFO:MinuteTask start...
[INFO] - 2023-11-20 22:52:00.640 - [ScheduleThreadPool-test-thread-1] - MinuteTask#25 - INFO:MinuteTask end...
[INFO] - 2023-11-20 22:53:00.640 - [ScheduleThreadPool-test-thread-1] - MinuteTask#24 - INFO:MinuteTask start...
[INFO] - 2023-11-20 22:53:00.640 - [ScheduleThreadPool-test-thread-1] - MinuteTask#25 - INFO:MinuteTask end...
[INFO] - 2023-11-20 22:54:00.640 - [ScheduleThreadPool-test-thread-1] - MinuteTask#24 - INFO:MinuteTask start...
[INFO] - 2023-11-20 22:54:00.640 - [ScheduleThreadPool-test-thread-1] - MinuteTask#25 - INFO:MinuteTask end...
[INFO] - 2023-11-20 22:55:00.640 - [ScheduleThreadPool-test-thread-1] - MinuteTask#24 - INFO:MinuteTask start...
[INFO] - 2023-11-20 22:55:00.640 - [ScheduleThreadPool-test-thread-1] - MinuteTask#25 - INFO:MinuteTask end...
[INFO] - 2023-11-20 22:56:00.640 - [ScheduleThreadPool-test-thread-1] - MinuteTask#24 - INFO:MinuteTask start...
[INFO] - 2023-11-20 22:56:00.640 - [ScheduleThreadPool-test-thread-1] - MinuteTask#25 - INFO:MinuteTask end...
[INFO] - 2023-11-20 22:57:00.640 - [ScheduleThreadPool-test-thread-1] - MinuteTask#24 - INFO:MinuteTask start...
[INFO] - 2023-11-20 22:57:00.640 - [ScheduleThreadPool-test-thread-1] - MinuteTask#25 - INFO:MinuteTask end...
[INFO] - 2023-11-20 22:58:00.640 - [ScheduleThreadPool-test-thread-1] - MinuteTask#24 - INFO:MinuteTask start...
[INFO] - 2023-11-20 22:58:00.640 - [ScheduleThreadPool-test-thread-1] - MinuteTask#25 - INFO:MinuteTask end...
[INFO] - 2023-11-20 22:59:00.640 - [ScheduleThreadPool-test-thread-1] - MinuteTask#24 - INFO:MinuteTask start...
[INFO] - 2023-11-20 22:59:00.640 - [ScheduleThreadPool-test-thread-1] - MinuteTask#25 - INFO:MinuteTask end...
[INFO] - 2023-11-20 23:00:00.640 - [ScheduleThreadPool-test-thread-1] - MinuteTask#24 - INFO:MinuteTask start...
[INFO] - 2023-11-20 23:00:00.640 - [ScheduleThreadPool-test-thread-1] - MinuteTask#25 - INFO:MinuteTask end...
[INFO] - 2023-11-20 23:01:00.640 - [ScheduleThreadPool-test-thread-1] - MinuteTask#24 - INFO:MinuteTask start...
[INFO] - 2023-11-20 23:01:00.640 - [ScheduleThreadPool-test-thread-1] - MinuteTask#25 - INFO:MinuteTask end...
[INFO] - 2023-11-20 23:02:00.640 - [ScheduleThreadPool-test-thread-1] - MinuteTask#24 - INFO:MinuteTask start...
[INFO] - 2023-11-20 23:02:00.640 - [ScheduleThreadPool-test-thread-1] - MinuteTask#25 - INFO:MinuteTask end...
[INFO] - 2023-11-20 23:03:00.640 - [ScheduleThreadPool-test-thread-1] - MinuteTask#24 - INFO:MinuteTask start...
[INFO] - 2023-11-20 23:03:00.640 - [ScheduleThreadPool-test-thread-1] - MinuteTask#25 - INFO:MinuteTask end...
[INFO] - 2023-11-20 23:04:00.640 - [ScheduleThreadPool-test-thread-1] - MinuteTask#24 - INFO:MinuteTask start...
[INFO] - 2023-11-20 23:04:00.640 - [ScheduleThreadPool-test-thread-1] - MinuteTask#25 - INFO:MinuteTask end...
[INFO] - 2023-11-20 23:05:00.640 - [ScheduleThreadPool-test-thread-1] - MinuteTask#24 - INFO:MinuteTask start...
[INFO] - 2023-11-20 23:05:00.640 - [ScheduleThreadPool-test-thread-1] - MinuteTask#25 - INFO:MinuteTask end...
[INFO] - 2023-11-20 23:06:00.640 - [ScheduleThreadPool-test-thread-1] - MinuteTask#24 - INFO:MinuteTask start...
[INFO] - 2023-11-20 23:06:00.640 - [ScheduleThreadPool-test-thread-1] - MinuteTask#25 - INFO:MinuteTask end...
[INFO] - 2023-11-20 23:07:00.640 - [ScheduleThreadPool-test-thread-1] - MinuteTask#24 - INFO:MinuteTask start...
[INFO] - 2023-11-20 23:07:00.640 - [ScheduleThreadPool-test-thread-1] - MinuteTask#25 - INFO:MinuteTask end...
[INFO] - 2023-11-20 23:08:00.640 - [ScheduleThreadPool-test-thread-1] - MinuteTask#24 - INFO:MinuteTask start...
[INFO] - 2023-11-20 23:08:00.640 - [ScheduleThreadPool-test-thread-1] - MinuteTask#25 - INFO:MinuteTask end...
[INFO] - 2023-11-20 23:09:00.640 - [ScheduleThreadPool-test-thread-1] - MinuteTask#24 - INFO:MinuteTask start...
[INFO] - 2023-11-20 23:09:00.640 - [ScheduleThreadPool-test-thread-1] - MinuteTask#25 - INFO:MinuteTask end...
[INFO] - 2023-11-20 23:10:00.640 - [ScheduleThreadPool-test-thread-1] - MinuteTask#24 - INFO:MinuteTask start...
[INFO] - 2023-11-20 23:10:00.640 - [ScheduleThreadPool-test-thread-1] - MinuteTask#25 - INFO:MinuteTask end...
[INFO] - 2023-11-20 23:11:00.640 - [ScheduleThreadPool-test-thread-1] - MinuteTask#24 - INFO:MinuteTask start...
[INFO] - 2023-11-20 23:11:00.640 - [ScheduleThreadPool-test-thread-1] - MinuteTask#25 - INFO:MinuteTask end...
[INFO] - 2023-11-20 23:12:00.640 - [ScheduleThreadPool-test-thread-1] - MinuteTask#24 - INFO:MinuteTask start...
[INFO] - 2023-11-20 23:12:00.640 - [ScheduleThreadPool-test-thread-1] - MinuteTask#25 - INFO:MinuteTask end...
[INFO] - 2023-11-20 23:13:00.640 - [ScheduleThreadPool-test-thread-1] - MinuteTask#24 - INFO:MinuteTask start...
[INFO] - 2023-11-20 23:13:00.640 - [ScheduleThreadPool-test-thread-1] - MinuteTask#25 - INFO:MinuteTask end...
[INFO] - 2023-11-20 23:14:00.640 - [ScheduleThreadPool-test-thread-1] - MinuteTask#24 - INFO:MinuteTask start...
[INFO] - 2023-11-20 23:14:00.640 - [ScheduleThreadPool-test-thread-1] - MinuteTask#25 - INFO:MinuteTask end...
[INFO] - 2023-11-20 23:15:00.640 - [ScheduleThreadPool-test-thread-1] - MinuteTask#24 - INFO:MinuteTask start...
[INFO] - 2023-11-20 23:15:00.640 - [ScheduleThreadPool-test-thread-1] - MinuteTask#25 - INFO:MinuteTask end...
[INFO] - 2023-11-20 23:16:00.640 - [ScheduleThreadPool-test-thread-1] - MinuteTask#24 - INFO:MinuteTask start...
[INFO] - 2023-11-20 23:16:00.640 - [ScheduleThreadPool-test-thread-1] - MinuteTask#25 - INFO:MinuteTask end...
[INFO] - 2023-11-20 23:17:00.640 - [ScheduleThreadPool-test-thread-1] - MinuteTask#24 - INFO:MinuteTask start...
[INFO] - 2023-11-20 23:17:00.640 - [ScheduleThreadPool-test-thread-1] - MinuteTask#25 - INFO:MinuteTask end...
[INFO] - 2023-11-20 23:18:00.640 - [ScheduleThreadPool-test-thread-1] - MinuteTask#24 - INFO:MinuteTask start...
[INFO] - 2023-11-20 23:18:00.640 - [ScheduleThreadPool-test-thread-1] - MinuteTask#25 - INFO:MinuteTask end...
[INFO] - 2023-11-20 23:19:00.640 - [ScheduleThreadPool-test-thread-1] - MinuteTask#24 - INFO:MinuteTask start...
[INFO] - 2023-11-20 23:19:00.640 - [ScheduleThreadPool-test-thread-1] - MinuteTask#25 - INFO:MinuteTask end...
[INFO] - 2023-11-20 23:20:00.640 - [ScheduleThreadPool-test-thread-1] - MinuteTask#24 - INFO:MinuteTask start...
[INFO] - 2023-11-20 23:20:00.640 - [ScheduleThreadPool-test-thread-1] - MinuteTask#25 - INFO:MinuteTask end...
[INFO] - 2023-11-20 23:21:00.640 - [ScheduleThreadPool-test-thread-1] - MinuteTask#24 - INFO:MinuteTask start...
[INFO] - 2023-11-20 23:21:00.640 - [ScheduleThreadPool-test-thread-1] - MinuteTask#25 - INFO:MinuteTask end...
[INFO] - 2023-11-20 23:22:00.640 - [ScheduleThreadPool-test-thread-1] - MinuteTask#24 - INFO:MinuteTask start...
[INFO] - 2023-11-20 23:22:00.640 - [ScheduleThreadPool-test-thread-1] - MinuteTask#25 - INFO:MinuteTask end...
[INFO] - 2023-11-20 23:23:00.640 - [ScheduleThreadPool-test-thread-1] - MinuteTask#24 - INFO:MinuteTask start...
[INFO] - 2023-11-20 23:23:00.640 - [ScheduleThreadPool-test-thread-1] - MinuteTask#25 - INFO:MinuteTask end...
[INFO] - 2023-11-20 23:24:00.640 - [ScheduleThreadPool-test-thread-1] - MinuteTask#24 - INFO:MinuteTask start...
[INFO] - 2023-11-20 23:24:00.640 - [ScheduleThreadPool-test-thread-1] - MinuteTask#25 - INFO:MinuteTask end...
[INFO] - 2023-11-20 23:25:00.640 - [ScheduleThreadPool-test-thread-1] - MinuteTask#24 - INFO:MinuteTask start...
[INFO] - 2023-11-20 23:25:00.640 - [ScheduleThreadPool-test-thread-1] - MinuteTask#25 - INFO:MinuteTask end...
[INFO] - 2023-11-20 23:26:00.640 - [ScheduleThreadPool-test-thread-1] - MinuteTask#24 - INFO:MinuteTask start...
[INFO] - 2023-11-20 23:26:00.640 - [ScheduleThreadPool-test-thread-1] - MinuteTask#25 - INFO:MinuteTask end...
[INFO] - 2023-11-20 23:27:00.640 - [ScheduleThreadPool-test-thread-1] - MinuteTask#24 - INFO:MinuteTask start...
[INFO] - 2023-11-20 23:27:00.641 - [ScheduleThreadPool-test-thread-1] - MinuteTask#25 - INFO:MinuteTask end...
[INFO] - 2023-11-20 23:28:00.640 - [ScheduleThreadPool-test-thread-1] - MinuteTask#24 - INFO:MinuteTask start...
[INFO] - 2023-11-20 23:28:00.640 - [ScheduleThreadPool-test-thread-1] - MinuteTask#25 - INFO:MinuteTask end...
[INFO] - 2023-11-20 23:29:00.640 - [ScheduleThreadPool-test-thread-1] - MinuteTask#24 - INFO:MinuteTask start...
[INFO] - 2023-11-20 23:29:00.640 - [ScheduleThreadPool-test-thread-1] - MinuteTask#25 - INFO:MinuteTask end...
[INFO] - 2023-11-20 23:30:00.640 - [ScheduleThreadPool-test-thread-1] - MinuteTask#24 - INFO:MinuteTask start...
[INFO] - 2023-11-20 23:30:00.640 - [ScheduleThreadPool-test-thread-1] - MinuteTask#25 - INFO:MinuteTask end...
[INFO] - 2023-11-20 23:31:00.640 - [ScheduleThreadPool-test-thread-1] - MinuteTask#24 - INFO:MinuteTask start...
[INFO] - 2023-11-20 23:31:00.640 - [ScheduleThreadPool-test-thread-1] - MinuteTask#25 - INFO:MinuteTask end...
[INFO] - 2023-11-20 23:32:00.640 - [ScheduleThreadPool-test-thread-1] - MinuteTask#24 - INFO:MinuteTask start...
[INFO] - 2023-11-20 23:32:00.640 - [ScheduleThreadPool-test-thread-1] - MinuteTask#25 - INFO:MinuteTask end...
[INFO] - 2023-11-20 23:33:00.640 - [ScheduleThreadPool-test-thread-1] - MinuteTask#24 - INFO:MinuteTask start...
[INFO] - 2023-11-20 23:33:00.640 - [ScheduleThreadPool-test-thread-1] - MinuteTask#25 - INFO:MinuteTask end...
[INFO] - 2023-11-20 23:34:00.640 - [ScheduleThreadPool-test-thread-1] - MinuteTask#24 - INFO:MinuteTask start...
[INFO] - 2023-11-20 23:34:00.640 - [ScheduleThreadPool-test-thread-1] - MinuteTask#25 - INFO:MinuteTask end...
[INFO] - 2023-11-20 23:35:00.640 - [ScheduleThreadPool-test-thread-3] - MinuteTask#24 - INFO:MinuteTask start...
[INFO] - 2023-11-20 23:35:00.640 - [ScheduleThreadPool-test-thread-3] - MinuteTask#25 - INFO:MinuteTask end...
[INFO] - 2023-11-20 23:36:00.640 - [ScheduleThreadPool-test-thread-3] - MinuteTask#24 - INFO:MinuteTask start...
[INFO] - 2023-11-20 23:36:00.640 - [ScheduleThreadPool-test-thread-3] - MinuteTask#25 - INFO:MinuteTask end...
[INFO] - 2023-11-20 23:37:00.640 - [ScheduleThreadPool-test-thread-3] - MinuteTask#24 - INFO:MinuteTask start...
[INFO] - 2023-11-20 23:37:00.640 - [ScheduleThreadPool-test-thread-3] - MinuteTask#25 - INFO:MinuteTask end...
[INFO] - 2023-11-20 23:38:00.640 - [ScheduleThreadPool-test-thread-3] - MinuteTask#24 - INFO:MinuteTask start...
[INFO] - 2023-11-20 23:38:00.640 - [ScheduleThreadPool-test-thread-3] - MinuteTask#25 - INFO:MinuteTask end...
[INFO] - 2023-11-20 23:39:00.640 - [ScheduleThreadPool-test-thread-3] - MinuteTask#24 - INFO:MinuteTask start...
[INFO] - 2023-11-20 23:39:00.640 - [ScheduleThreadPool-test-thread-3] - MinuteTask#25 - INFO:MinuteTask end...
[INFO] - 2023-11-20 23:40:00.640 - [ScheduleThreadPool-test-thread-3] - MinuteTask#24 - INFO:MinuteTask start...
[INFO] - 2023-11-20 23:40:00.640 - [ScheduleThreadPool-test-thread-3] - MinuteTask#25 - INFO:MinuteTask end...
[INFO] - 2023-11-20 23:41:00.640 - [ScheduleThreadPool-test-thread-3] - MinuteTask#24 - INFO:MinuteTask start...
[INFO] - 2023-11-20 23:41:00.640 - [ScheduleThreadPool-test-thread-3] - MinuteTask#25 - INFO:MinuteTask end...
[INFO] - 2023-11-20 23:42:00.640 - [ScheduleThreadPool-test-thread-3] - MinuteTask#24 - INFO:MinuteTask start...
[INFO] - 2023-11-20 23:42:00.640 - [ScheduleThreadPool-test-thread-3] - MinuteTask#25 - INFO:MinuteTask end...
[INFO] - 2023-11-20 23:43:00.640 - [ScheduleThreadPool-test-thread-3] - MinuteTask#24 - INFO:MinuteTask start...
[INFO] - 2023-11-20 23:43:00.640 - [ScheduleThreadPool-test-thread-3] - MinuteTask#25 - INFO:MinuteTask end...
[INFO] - 2023-11-20 23:44:00.640 - [ScheduleThreadPool-test-thread-3] - MinuteTask#24 - INFO:MinuteTask start...
[INFO] - 2023-11-20 23:44:00.641 - [ScheduleThreadPool-test-thread-3] - MinuteTask#25 - INFO:MinuteTask end...
[INFO] - 2023-11-20 23:45:00.640 - [ScheduleThreadPool-test-thread-7] - MinuteTask#24 - INFO:MinuteTask start...
[INFO] - 2023-11-20 23:45:00.640 - [ScheduleThreadPool-test-thread-7] - MinuteTask#25 - INFO:MinuteTask end...
[INFO] - 2023-11-20 23:46:00.640 - [ScheduleThreadPool-test-thread-7] - MinuteTask#24 - INFO:MinuteTask start...
[INFO] - 2023-11-20 23:46:00.640 - [ScheduleThreadPool-test-thread-7] - MinuteTask#25 - INFO:MinuteTask end...
[INFO] - 2023-11-20 23:47:00.640 - [ScheduleThreadPool-test-thread-7] - MinuteTask#24 - INFO:MinuteTask start...
[INFO] - 2023-11-20 23:47:00.640 - [ScheduleThreadPool-test-thread-7] - MinuteTask#25 - INFO:MinuteTask end...
[INFO] - 2023-11-20 23:48:00.640 - [ScheduleThreadPool-test-thread-7] - MinuteTask#24 - INFO:MinuteTask start...
[INFO] - 2023-11-20 23:48:00.640 - [ScheduleThreadPool-test-thread-7] - MinuteTask#25 - INFO:MinuteTask end...
[INFO] - 2023-11-20 23:49:00.640 - [ScheduleThreadPool-test-thread-7] - MinuteTask#24 - INFO:MinuteTask start...
[INFO] - 2023-11-20 23:49:00.640 - [ScheduleThreadPool-test-thread-7] - MinuteTask#25 - INFO:MinuteTask end...
[INFO] - 2023-11-20 23:50:00.640 - [ScheduleThreadPool-test-thread-6] - MinuteTask#24 - INFO:MinuteTask start...
[INFO] - 2023-11-20 23:50:00.640 - [ScheduleThreadPool-test-thread-6] - MinuteTask#25 - INFO:MinuteTask end...
[INFO] - 2023-11-20 23:51:00.640 - [ScheduleThreadPool-test-thread-6] - MinuteTask#24 - INFO:MinuteTask start...
[INFO] - 2023-11-20 23:51:00.640 - [ScheduleThreadPool-test-thread-6] - MinuteTask#25 - INFO:MinuteTask end...
[INFO] - 2023-11-20 23:52:00.640 - [ScheduleThreadPool-test-thread-6] - MinuteTask#24 - INFO:MinuteTask start...
[INFO] - 2023-11-20 23:52:00.640 - [ScheduleThreadPool-test-thread-6] - MinuteTask#25 - INFO:MinuteTask end...
[INFO] - 2023-11-20 23:53:00.640 - [ScheduleThreadPool-test-thread-6] - MinuteTask#24 - INFO:MinuteTask start...
[INFO] - 2023-11-20 23:53:00.640 - [ScheduleThreadPool-test-thread-6] - MinuteTask#25 - INFO:MinuteTask end...
[INFO] - 2023-11-20 23:54:00.640 - [ScheduleThreadPool-test-thread-6] - MinuteTask#24 - INFO:MinuteTask start...
[INFO] - 2023-11-20 23:54:00.640 - [ScheduleThreadPool-test-thread-6] - MinuteTask#25 - INFO:MinuteTask end...
[INFO] - 2023-11-20 23:55:00.640 - [ScheduleThreadPool-test-thread-6] - MinuteTask#24 - INFO:MinuteTask start...
[INFO] - 2023-11-20 23:55:00.640 - [ScheduleThreadPool-test-thread-6] - MinuteTask#25 - INFO:MinuteTask end...
[INFO] - 2023-11-20 23:56:00.640 - [ScheduleThreadPool-test-thread-6] - MinuteTask#24 - INFO:MinuteTask start...
[INFO] - 2023-11-20 23:56:00.640 - [ScheduleThreadPool-test-thread-6] - MinuteTask#25 - INFO:MinuteTask end...
[INFO] - 2023-11-20 23:57:00.640 - [ScheduleThreadPool-test-thread-6] - MinuteTask#24 - INFO:MinuteTask start...
[INFO] - 2023-11-20 23:57:00.640 - [ScheduleThreadPool-test-thread-6] - MinuteTask#25 - INFO:MinuteTask end...
[INFO] - 2023-11-20 23:58:00.640 - [ScheduleThreadPool-test-thread-6] - MinuteTask#24 - INFO:MinuteTask start...
[INFO] - 2023-11-20 23:58:00.640 - [ScheduleThreadPool-test-thread-6] - MinuteTask#25 - INFO:MinuteTask end...
[INFO] - 2023-11-20 23:59:00.640 - [ScheduleThreadPool-test-thread-6] - MinuteTask#24 - INFO:MinuteTask start...
[INFO] - 2023-11-20 23:59:00.640 - [ScheduleThreadPool-test-thread-6] - MinuteTask#25 - INFO:MinuteTask end...
