Id	Name	BackpackOrNot	ItemType	ItemBaseType	PropertyName	Quantity	Isopen	IfResolve	ResolveReward	UseType	RewardGroup	UsePerCount	IsSave	HeroStar	Ifopen	ItemNumlimit	ExtraReward	IsGetShow
int	string	bool	int	int	int	int	bool	int	string	int	mut,int#int,1	int	int	mut,int#int,1	int	long	mut,int#int,2	int
10001	1010001	false	1	0	0	5	false	1	56001	0	0	0	1	10001#5	1	9999999	0|71001#1	1
10002	1010002	false	1	0	0	5	false	1	56001	0	0	0	1	10002#5	1	9999999	0|71002#1	1
10003	1010003	false	1	0	0	5	false	1	56001	0	0	0	1	10003#5	1	9999999	0|71003#1	1
10004	1010004	false	1	0	0	5	false	1	56001	0	0	0	1	10004#5	1	9999999	0|71004#1	1
10005	1010005	false	1	0	0	5	false	1	56001	0	0	0	1	10005#5	1	9999999	0|71005#1	1
10006	1010006	false	1	0	0	5	false	1	56001	0	0	0	1	10006#5	1	9999999	0|71006#1	1
10007	1010007	false	1	0	0	5	false	1	56001	0	0	0	1	10007#5	1	9999999	0|71007#1	1
10008	1010008	false	1	0	0	5	false	1	56001	0	0	0	1	10008#5	1	9999999	0|71008#1	1
10009	1010009	false	1	0	0	5	false	1	56001	0	0	0	1	10009#5	1	9999999	0|71009#1	1
10010	1010010	false	1	0	0	5	false	1	56001	0	0	0	1	10010#5	1	9999999	0|71010#1	1
10011	1010011	false	1	0	0	4	false	1	56002	0	0	0	1	10011#4	1	9999999	0|71011#1	1
10012	1010012	false	1	0	0	4	false	1	56002	0	0	0	1	10012#4	1	9999999	0|71012#1	1
10013	1010013	false	1	0	0	4	false	1	56002	0	0	0	1	10013#4	1	9999999	0|71013#1	1
10014	1010014	false	1	0	0	4	false	1	56002	0	0	0	1	10014#4	1	9999999	0|71014#1	1
10015	1010015	false	1	0	0	4	false	1	56002	0	0	0	1	10015#4	1	9999999	0|71015#1	1
10016	1010016	false	1	0	0	3	false	1	56003	0	0	0	1	10016#3	1	9999999	0|71016#1	1
10017	1010017	false	1	0	0	2	false	1	56004	0	0	0	1	10017#2	1	9999999	0|71017#1	1
10018	1010018	false	1	0	0	1	false	1	56005	0	0	0	1	10018#1	1	9999999	0|71018#1	1
10019	1010019	false	1	0	0	5	false	1	56001	0	0	0	1	10019#5	1	9999999	0|71019#1	1
10020	1010020	false	1	0	0	5	false	1	56001	0	0	0	1	10020#5	1	9999999	0|71020#1	1
10021	1010021	false	1	0	0	5	false	1	56001	0	0	0	1	10021#5	1	9999999	0|71021#1	1
10022	1010022	false	1	0	0	5	false	1	56001	0	0	0	1	10022#5	1	9999999	0|71022#1	1
10023	1010023	false	1	0	0	5	false	1	56001	0	0	0	1	10023#5	1	9999999	0|71023#1	1
10024	1010024	false	1	0	0	5	false	1	56001	0	0	0	1	10024#5	1	9999999	0|71024#1	1
10025	1010025	false	1	0	0	5	false	1	56001	0	0	0	1	10025#5	1	9999999	0|71025#1	1
10026	1010026	false	1	0	0	5	false	1	56001	0	0	0	1	10026#5	1	9999999	0|71026#1	1
10027	1010027	false	1	0	0	5	false	1	56001	0	0	0	1	10027#5	1	9999999	0|71027#1	1
10028	1010028	false	1	0	0	4	false	1	56002	0	0	0	1	10028#4	1	9999999	0|71028#1	1
10029	1010029	false	1	0	0	4	false	1	56002	0	0	0	1	10029#4	1	9999999	0|71029#1	1
10030	1010030	false	1	0	0	4	false	1	56002	0	0	0	1	10030#4	1	9999999	0|71030#1	1
10031	1010031	false	1	0	0	4	false	1	56002	0	0	0	1	10031#4	1	9999999	0|71031#1	1
10032	1010032	false	1	0	0	4	false	1	56002	0	0	0	1	10032#4	1	9999999	0|71032#1	1
10033	1010033	false	1	0	0	3	false	1	56003	0	0	0	1	10033#3	1	9999999	0|71033#1	1
10034	1010034	false	1	0	0	2	false	1	56004	0	0	0	1	10034#2	1	9999999	0|71034#1	1
10035	1010035	false	1	0	0	1	false	1	56005	0	0	0	1	10035#1	1	9999999	0|71035#1	1
10036	1010036	false	1	0	0	5	false	1	56001	0	0	0	1	10036#5	1	9999999	0|71036#1	1
10037	1010037	false	1	0	0	5	false	1	56001	0	0	0	1	10037#5	1	9999999	0|71037#1	1
10038	1010038	false	1	0	0	5	false	1	56001	0	0	0	1	10038#5	1	9999999	0|71038#1	1
10039	1010039	false	1	0	0	5	false	1	56001	0	0	0	1	10039#5	1	9999999	0|71039#1	1
10040	1010040	false	1	0	0	5	false	1	56001	0	0	0	1	10040#5	1	9999999	0|71040#1	1
10041	1010041	false	1	0	0	5	false	1	56001	0	0	0	1	10041#5	1	9999999	0|71041#1	1
10042	1010042	false	1	0	0	5	false	1	56001	0	0	0	1	10042#5	1	9999999	0|71042#1	1
10043	1010043	false	1	0	0	5	false	1	56001	0	0	0	1	10043#5	1	9999999	0|71043#1	1
10044	1010044	false	1	0	0	5	false	1	56001	0	0	0	1	10044#5	1	9999999	0|71044#1	1
10045	1010045	false	1	0	0	5	false	1	56001	0	0	0	1	10045#5	1	9999999	0|71045#1	1
10046	1010046	false	1	0	0	5	false	1	56001	0	0	0	1	10046#5	1	9999999	0|71046#1	1
10047	1010047	false	1	0	0	4	false	1	56002	0	0	0	1	10047#4	1	9999999	0|71047#1	1
10048	1010048	false	1	0	0	4	false	1	56002	0	0	0	1	10048#4	1	9999999	0|71048#1	1
10049	1010049	false	1	0	0	4	false	1	56002	0	0	0	1	10049#4	1	9999999	0|71049#1	1
10050	1010050	false	1	0	0	4	false	1	56002	0	0	0	1	10050#4	1	9999999	0|71050#1	1
10051	1010051	false	1	0	0	4	false	1	56002	0	0	0	1	10051#4	1	9999999	0|71051#1	1
10052	1010052	false	1	0	0	3	false	1	56003	0	0	0	1	10052#3	1	9999999	0|71052#1	1
10053	1010053	false	1	0	0	2	false	1	56004	0	0	0	1	10053#2	1	9999999	0|71053#1	1
10054	1010054	false	1	0	0	1	false	1	56005	0	0	0	1	10054#1	1	9999999	0|71054#1	1
10057	1010055	false	1	0	0	5	false	1	56001	0	0	0	1	10057#5	1	9999999	0|71057#1	1
10058	1010056	false	1	0	0	5	false	1	56001	0	0	0	1	10058#5	1	9999999	0|71058#1	1
10059	1010057	false	1	0	0	5	false	1	56001	0	0	0	1	10059#5	1	9999999	0|71059#1	1
10060	1010058	false	1	0	0	5	false	1	56001	0	0	0	1	10060#5	1	9999999	0|71060#1	1
10061	1010059	false	1	0	0	5	false	1	56001	0	0	0	1	10061#5	1	9999999	0|71061#1	1
10062	1010060	false	1	0	0	5	false	1	56001	0	0	0	1	10062#5	1	9999999	0|71062#1	1
10063	1010061	false	1	0	0	5	false	1	56001	0	0	0	1	10063#5	1	9999999	0|71063#1	1
10064	1010062	false	1	0	0	5	false	1	56001	0	0	0	1	10064#5	1	9999999	0|71064#1	1
10065	1010063	false	1	0	0	5	false	1	56001	0	0	0	1	10065#5	1	9999999	0|71065#1	1
10066	1010064	false	1	0	0	5	false	1	56001	0	0	0	1	10066#5	1	9999999	0|71066#1	1
10067	1010065	false	1	0	0	4	false	1	56002	0	0	0	1	10067#4	1	9999999	0|71067#1	1
10068	1010066	false	1	0	0	4	false	1	56002	0	0	0	1	10068#4	1	9999999	0|71068#1	1
10069	1010067	false	1	0	0	4	false	1	56002	0	0	0	1	10069#4	1	9999999	0|71069#1	1
10070	1010068	false	1	0	0	4	false	1	56002	0	0	0	1	10070#4	1	9999999	0|71070#1	1
10071	1010069	false	1	0	0	3	false	1	56003	0	0	0	1	10071#3	1	9999999	0|71071#1	1
10072	1010070	false	1	0	0	5	false	1	56001	0	0	0	1	10072#5	1	9999999	0|71072#1	1
10073	1010071	false	1	0	0	5	false	1	56001	0	0	0	1	10073#5	1	9999999	0|71073#1	1
10074	1010072	false	1	0	0	5	false	1	56001	0	0	0	1	10074#5	1	9999999	0|71074#1	1
10075	1010073	false	1	0	0	5	false	1	56001	0	0	0	1	10075#5	1	9999999	0|71075#1	1
10076	1010074	false	1	0	0	5	false	1	56001	0	0	0	1	10076#5	1	9999999	0|71076#1	1
10079	1010075	false	1	0	0	5	false	1	56001	0	0	0	1	10079#5	1	9999999	0|71079#1	1
10080	1010076	false	1	0	0	5	false	1	56001	0	0	0	1	10080#5	1	9999999	0|71080#1	1
10081	1010077	false	1	0	0	5	false	1	56001	0	0	0	1	10081#5	1	9999999	0|71081#1	1
10082	1010078	false	1	0	0	5	false	1	56001	0	0	0	1	10082#5	1	9999999	0|71082#1	1
10085	1010079	false	1	0	0	5	false	1	56001	0	0	0	1	10085#5	1	9999999	0|71085#1	1
10086	1010080	false	1	0	0	4	false	1	56002	0	0	0	1	10086#4	1	9999999	0|71086#1	1
10087	1010081	false	1	0	0	4	false	1	56002	0	0	0	1	10087#4	1	9999999	0|71087#1	1
10088	1010082	false	1	0	0	4	false	1	56002	0	0	0	1	10088#4	1	9999999	0|71088#1	1
10089	1010083	false	1	0	0	4	false	1	56002	0	0	0	1	10089#4	1	9999999	0|71089#1	1
10090	1010084	false	1	0	0	3	false	1	56003	0	0	0	1	10090#3	1	9999999	0|71090#1	1
20000	1010085	false	1	0	0	6	false	1	56009	0	0	0	1	20000#9	1	9999999	null	1
11050	1011825	false	1	0	0	5	false	1	56001	0	0	0	1	11050#5	1	9999999	null	1
11051	1011826	false	1	0	0	5	false	1	56001	0	0	0	1	11051#5	1	9999999	null	1
11052	1011827	false	1	0	0	5	false	1	56001	0	0	0	1	11052#5	1	9999999	null	1
11053	1011828	false	1	0	0	5	false	1	56001	0	0	0	1	11053#5	1	9999999	null	1
11054	1011829	false	1	0	0	5	false	1	56001	0	0	0	1	11054#5	1	9999999	null	1
11055	1011830	false	1	0	0	5	false	1	56001	0	0	0	1	11055#5	1	9999999	null	1
11060	1011831	false	1	0	0	6	false	1	56006	0	0	0	1	11060#6	1	9999999	null	1
11061	1011832	false	1	0	0	6	false	1	56006	0	0	0	1	11061#6	1	9999999	null	1
11062	1011833	false	1	0	0	6	false	1	56006	0	0	0	1	11062#6	1	9999999	null	1
11063	1011834	false	1	0	0	6	false	1	56006	0	0	0	1	11063#6	1	9999999	null	1
11064	1011835	false	1	0	0	6	false	1	56006	0	0	0	1	11064#6	1	9999999	null	1
11065	1011836	false	1	0	0	6	false	1	56006	0	0	0	1	11065#6	1	9999999	null	1
11090	1011837	false	1	0	0	6	false	1	56009	0	0	0	1	11090#9	1	9999999	null	1
11091	1011838	false	1	0	0	6	false	1	56009	0	0	0	1	11091#9	1	9999999	null	1
11092	1011839	false	1	0	0	6	false	1	56009	0	0	0	1	11092#9	1	9999999	null	1
11093	1011840	false	1	0	0	6	false	1	56009	0	0	0	1	11093#9	1	9999999	null	1
11094	1011841	false	1	0	0	6	false	1	56009	0	0	0	1	11094#9	1	9999999	null	1
11095	1011842	false	1	0	0	6	false	1	56009	0	0	0	1	11095#9	1	9999999	null	1
11100	1011843	false	1	0	0	6	false	1	56010	0	0	0	1	11100#10	1	9999999	null	1
11101	1011844	false	1	0	0	6	false	1	56010	0	0	0	1	11101#10	1	9999999	null	1
11102	1011845	false	1	0	0	6	false	1	56010	0	0	0	1	11102#10	1	9999999	null	1
11103	1011846	false	1	0	0	6	false	1	56010	0	0	0	1	11103#10	1	9999999	null	1
11104	1011847	false	1	0	0	6	false	1	56010	0	0	0	1	11104#10	1	9999999	null	1
11105	1011848	false	1	0	0	6	false	1	56010	0	0	0	1	11105#10	1	9999999	null	1
1000106	1010001	false	1	0	0	6	false	1	 	0	0	0	1	10001#6	1	9999999	0|71001#1	1
1000206	1010002	false	1	0	0	6	false	1	 	0	0	0	1	10002#6	1	9999999	0|71002#1	1
1000306	1010003	false	1	0	0	6	false	1	 	0	0	0	1	10003#6	1	9999999	0|71003#1	1
1000406	1010004	false	1	0	0	6	false	1	 	0	0	0	1	10004#6	1	9999999	0|71004#1	1
1000506	1010005	false	1	0	0	6	false	1	 	0	0	0	1	10005#6	1	9999999	0|71005#1	1
1000606	1010006	false	1	0	0	6	false	1	 	0	0	0	1	10006#6	1	9999999	0|71006#1	1
1000706	1010007	false	1	0	0	6	false	1	 	0	0	0	1	10007#6	1	9999999	0|71007#1	1
1000806	1010008	false	1	0	0	6	false	1	 	0	0	0	1	10008#6	1	9999999	0|71008#1	1
1000906	1010009	false	1	0	0	6	false	1	 	0	0	0	1	10009#6	1	9999999	0|71009#1	1
1001006	1010010	false	1	0	0	6	false	1	 	0	0	0	1	10010#6	1	9999999	0|71010#1	1
1001906	1010019	false	1	0	0	6	false	1	 	0	0	0	1	10019#6	1	9999999	0|71019#1	1
1002006	1010020	false	1	0	0	6	false	1	 	0	0	0	1	10020#6	1	9999999	0|71020#1	1
1002106	1010021	false	1	0	0	6	false	1	 	0	0	0	1	10021#6	1	9999999	0|71021#1	1
1002206	1010022	false	1	0	0	6	false	1	 	0	0	0	1	10022#6	1	9999999	0|71022#1	1
1002306	1010023	false	1	0	0	6	false	1	 	0	0	0	1	10023#6	1	9999999	0|71023#1	1
1002406	1010024	false	1	0	0	6	false	1	 	0	0	0	1	10024#6	1	9999999	0|71024#1	1
1002506	1010025	false	1	0	0	6	false	1	 	0	0	0	1	10025#6	1	9999999	0|71025#1	1
1002606	1010026	false	1	0	0	6	false	1	 	0	0	0	1	10026#6	1	9999999	0|71026#1	1
1002706	1010027	false	1	0	0	6	false	1	 	0	0	0	1	10027#6	1	9999999	0|71027#1	1
1003606	1010036	false	1	0	0	6	false	1	 	0	0	0	1	10036#6	1	9999999	0|71036#1	1
1003706	1010037	false	1	0	0	6	false	1	 	0	0	0	1	10037#6	1	9999999	0|71037#1	1
1003806	1010038	false	1	0	0	6	false	1	 	0	0	0	1	10038#6	1	9999999	0|71038#1	1
1003906	1010039	false	1	0	0	6	false	1	 	0	0	0	1	10039#6	1	9999999	0|71039#1	1
1004006	1010040	false	1	0	0	6	false	1	 	0	0	0	1	10040#6	1	9999999	0|71040#1	1
1004106	1010041	false	1	0	0	6	false	1	 	0	0	0	1	10041#6	1	9999999	0|71041#1	1
1004206	1010042	false	1	0	0	6	false	1	 	0	0	0	1	10042#6	1	9999999	0|71042#1	1
1004306	1010043	false	1	0	0	6	false	1	 	0	0	0	1	10043#6	1	9999999	0|71043#1	1
1004406	1010044	false	1	0	0	6	false	1	 	0	0	0	1	10044#6	1	9999999	0|71044#1	1
1004506	1010045	false	1	0	0	6	false	1	 	0	0	0	1	10045#6	1	9999999	0|71045#1	1
1004606	1010046	false	1	0	0	6	false	1	 	0	0	0	1	10046#6	1	9999999	0|71046#1	1
1005706	1010055	false	1	0	0	6	false	1	 	0	0	0	1	10057#6	1	9999999	0|71057#1	1
1005806	1010056	false	1	0	0	6	false	1	 	0	0	0	1	10058#6	1	9999999	0|71058#1	1
1005906	1010057	false	1	0	0	6	false	1	 	0	0	0	1	10059#6	1	9999999	0|71059#1	1
1006006	1010058	false	1	0	0	6	false	1	 	0	0	0	1	10060#6	1	9999999	0|71060#1	1
1006106	1010059	false	1	0	0	6	false	1	 	0	0	0	1	10061#6	1	9999999	0|71061#1	1
1006206	1010060	false	1	0	0	6	false	1	 	0	0	0	1	10062#6	1	9999999	0|71062#1	1
1006306	1010061	false	1	0	0	6	false	1	 	0	0	0	1	10063#6	1	9999999	0|71063#1	1
1006406	1010062	false	1	0	0	6	false	1	 	0	0	0	1	10064#6	1	9999999	0|71064#1	1
1006506	1010063	false	1	0	0	6	false	1	 	0	0	0	1	10065#6	1	9999999	0|71065#1	1
1006606	1010064	false	1	0	0	6	false	1	 	0	0	0	1	10066#6	1	9999999	0|71066#1	1
1007206	1010070	false	1	0	0	6	false	1	 	0	0	0	1	10072#6	1	9999999	0|71072#1	1
1007306	1010071	false	1	0	0	6	false	1	 	0	0	0	1	10073#6	1	9999999	0|71073#1	1
1007406	1010072	false	1	0	0	6	false	1	 	0	0	0	1	10074#6	1	9999999	0|71074#1	1
1007506	1010073	false	1	0	0	6	false	1	 	0	0	0	1	10075#6	1	9999999	0|71075#1	1
1007606	1010074	false	1	0	0	6	false	1	 	0	0	0	1	10076#6	1	9999999	0|71076#1	1
1007906	1010075	false	1	0	0	6	false	1	 	0	0	0	1	10079#6	1	9999999	0|71079#1	1
1008006	1010076	false	1	0	0	6	false	1	 	0	0	0	1	10080#6	1	9999999	0|71080#1	1
1008106	1010077	false	1	0	0	6	false	1	 	0	0	0	1	10081#6	1	9999999	0|71081#1	1
1008206	1010078	false	1	0	0	6	false	1	 	0	0	0	1	10082#6	1	9999999	0|71082#1	1
1008506	1010079	false	1	0	0	6	false	1	 	0	0	0	1	10085#6	1	9999999	0|71085#1	1
1001105	1010011	false	1	0	0	5	false	1	 	0	0	0	1	10011#5	1	9999999	0|71011#1	1
1001205	1010012	false	1	0	0	5	false	1	 	0	0	0	1	10012#5	1	9999999	0|71012#1	1
1001305	1010013	false	1	0	0	5	false	1	 	0	0	0	1	10013#5	1	9999999	0|71013#1	1
1001405	1010014	false	1	0	0	5	false	1	 	0	0	0	1	10014#5	1	9999999	0|71014#1	1
1001505	1010015	false	1	0	0	5	false	1	 	0	0	0	1	10015#5	1	9999999	0|71015#1	1
1002805	1010028	false	1	0	0	5	false	1	 	0	0	0	1	10028#5	1	9999999	0|71028#1	1
1002905	1010029	false	1	0	0	5	false	1	 	0	0	0	1	10029#5	1	9999999	0|71029#1	1
1003005	1010030	false	1	0	0	5	false	1	 	0	0	0	1	10030#5	1	9999999	0|71030#1	1
1003105	1010031	false	1	0	0	5	false	1	 	0	0	0	1	10031#5	1	9999999	0|71031#1	1
1003205	1010032	false	1	0	0	5	false	1	 	0	0	0	1	10032#5	1	9999999	0|71032#1	1
1004705	1010047	false	1	0	0	5	false	1	 	0	0	0	1	10047#5	1	9999999	0|71047#1	1
1004805	1010048	false	1	0	0	5	false	1	 	0	0	0	1	10048#5	1	9999999	0|71048#1	1
1004905	1010049	false	1	0	0	5	false	1	 	0	0	0	1	10049#5	1	9999999	0|71049#1	1
1005005	1010050	false	1	0	0	5	false	1	 	0	0	0	1	10050#5	1	9999999	0|71050#1	1
1005105	1010051	false	1	0	0	5	false	1	 	0	0	0	1	10051#5	1	9999999	0|71051#1	1
1006705	1010065	false	1	0	0	5	false	1	 	0	0	0	1	10067#5	1	9999999	0|71067#1	1
1006805	1010066	false	1	0	0	5	false	1	 	0	0	0	1	10068#5	1	9999999	0|71068#1	1
1006905	1010067	false	1	0	0	5	false	1	 	0	0	0	1	10069#5	1	9999999	0|71069#1	1
1007005	1010068	false	1	0	0	5	false	1	 	0	0	0	1	10070#5	1	9999999	0|71070#1	1
1008605	1010080	false	1	0	0	5	false	1	 	0	0	0	1	10086#5	1	9999999	0|71086#1	1
1008705	1010081	false	1	0	0	5	false	1	 	0	0	0	1	10087#5	1	9999999	0|71087#1	1
1008805	1010082	false	1	0	0	5	false	1	 	0	0	0	1	10088#5	1	9999999	0|71088#1	1
1008905	1010083	false	1	0	0	5	false	1	 	0	0	0	1	10089#5	1	9999999	0|71089#1	1
1000809	1010008	false	1	0	0	6	false	1	 	0	0	0	1	10008#9	1	9999999	0|71008#1	1
1002309	1010023	false	1	0	0	6	false	1	 	0	0	0	1	10023#9	1	9999999	0|71023#1	1
1003909	1010039	false	1	0	0	6	false	1	 	0	0	0	1	10039#9	1	9999999	0|71039#1	1
1006209	1010060	false	1	0	0	6	false	1	 	0	0	0	1	10062#9	1	9999999	0|71062#1	1
1008509	1010079	false	1	0	0	6	false	1	 	0	0	0	1	10085#9	1	9999999	0|71085#1	1
70999	1010086	false	15	0	0	0	false	0	 	0	0	0	0	null	1	1	null	1
71000	1010086	false	15	0	0	0	false	0	 	0	0	0	0	null	1	1	null	1
71001	1010001	false	15	0	0	0	false	0	 	0	0	0	0	null	1	1	null	1
71002	1010002	false	15	0	0	0	false	0	 	0	0	0	0	null	1	1	null	1
71003	1010003	false	15	0	0	0	false	0	 	0	0	0	0	null	1	1	null	1
71004	1010004	false	15	0	0	0	false	0	 	0	0	0	0	null	1	1	null	1
71005	1010005	false	15	0	0	0	false	0	 	0	0	0	0	null	1	1	null	1
71006	1010006	false	15	0	0	0	false	0	 	0	0	0	0	null	1	1	null	1
71007	1010007	false	15	0	0	0	false	0	 	0	0	0	0	null	1	1	null	1
71008	1010008	false	15	0	0	0	false	0	 	0	0	0	0	null	1	1	null	1
71009	1010009	false	15	0	0	0	false	0	 	0	0	0	0	null	1	1	null	1
71010	1010010	false	15	0	0	0	false	0	 	0	0	0	0	null	1	1	null	1
71011	1010011	false	15	0	0	0	false	0	 	0	0	0	0	null	1	1	null	1
71012	1010012	false	15	0	0	0	false	0	 	0	0	0	0	null	1	1	null	1
71013	1010013	false	15	0	0	0	false	0	 	0	0	0	0	null	1	1	null	1
71014	1010014	false	15	0	0	0	false	0	 	0	0	0	0	null	1	1	null	1
71015	1010015	false	15	0	0	0	false	0	 	0	0	0	0	null	1	1	null	1
71016	1010016	false	15	0	0	0	false	0	 	0	0	0	0	null	1	1	null	1
71017	1010017	false	15	0	0	0	false	0	 	0	0	0	0	null	1	1	null	1
71018	1010018	false	15	0	0	0	false	0	 	0	0	0	0	null	1	1	null	1
71019	1010019	false	15	0	0	0	false	0	 	0	0	0	0	null	1	1	null	1
71020	1010020	false	15	0	0	0	false	0	 	0	0	0	0	null	1	1	null	1
71021	1010021	false	15	0	0	0	false	0	 	0	0	0	0	null	1	1	null	1
71022	1010022	false	15	0	0	0	false	0	 	0	0	0	0	null	1	1	null	1
71023	1010023	false	15	0	0	0	false	0	 	0	0	0	0	null	1	1	null	1
71024	1010024	false	0	0	0	0	false	0	 	0	0	0	0	null	1	1	null	1
71025	1010025	false	15	0	0	0	false	0	 	0	0	0	0	null	1	1	null	1
71026	1010026	false	15	0	0	0	false	0	 	0	0	0	0	null	1	1	null	1
71027	1010027	false	15	0	0	0	false	0	 	0	0	0	0	null	1	1	null	1
71028	1010028	false	0	0	0	0	false	0	 	0	0	0	0	null	1	1	null	1
71029	1010029	false	15	0	0	0	false	0	 	0	0	0	0	null	1	1	null	1
71030	1010030	false	15	0	0	0	false	0	 	0	0	0	0	null	1	1	null	1
71031	1010031	false	15	0	0	0	false	0	 	0	0	0	0	null	1	1	null	1
71032	1010032	false	15	0	0	0	false	0	 	0	0	0	0	null	1	1	null	1
71033	1010033	false	15	0	0	0	false	0	 	0	0	0	0	null	1	1	null	1
71034	1010034	false	15	0	0	0	false	0	 	0	0	0	0	null	1	1	null	1
71035	1010035	false	15	0	0	0	false	0	 	0	0	0	0	null	1	1	null	1
71036	1010036	false	15	0	0	0	false	0	 	0	0	0	0	null	1	1	null	1
71037	1010037	false	15	0	0	0	false	0	 	0	0	0	0	null	1	1	null	1
71038	1010038	false	15	0	0	0	false	0	 	0	0	0	0	null	1	1	null	1
71039	1010039	false	15	0	0	0	false	0	 	0	0	0	0	null	1	1	null	1
71040	1010040	false	15	0	0	0	false	0	 	0	0	0	0	null	1	1	null	1
71041	1010041	false	15	0	0	0	false	0	 	0	0	0	0	null	1	1	null	1
71042	1010042	false	15	0	0	0	false	0	 	0	0	0	0	null	1	1	null	1
71043	1010043	false	15	0	0	0	false	0	 	0	0	0	0	null	1	1	null	1
71044	1010044	false	15	0	0	0	false	0	 	0	0	0	0	null	1	1	null	1
71045	1010045	false	15	0	0	0	false	0	 	0	0	0	0	null	1	1	null	1
71046	1010046	false	15	0	0	0	false	0	 	0	0	0	0	null	1	1	null	1
71047	1010047	false	15	0	0	0	false	0	 	0	0	0	0	null	1	1	null	1
71048	1010048	false	15	0	0	0	false	0	 	0	0	0	0	null	1	1	null	1
71049	1010049	false	15	0	0	0	false	0	 	0	0	0	0	null	1	1	null	1
71050	1010050	false	15	0	0	0	false	0	 	0	0	0	0	null	1	1	null	1
71051	1010051	false	15	0	0	0	false	0	 	0	0	0	0	null	1	1	null	1
71052	1010052	false	15	0	0	0	false	0	 	0	0	0	0	null	1	1	null	1
71053	1010053	false	15	0	0	0	false	0	 	0	0	0	0	null	1	1	null	1
71054	1010054	false	15	0	0	0	false	0	 	0	0	0	0	null	1	1	null	1
71057	1010055	false	15	0	0	0	false	0	 	0	0	0	0	null	1	1	null	1
71058	1010056	false	15	0	0	0	false	0	 	0	0	0	0	null	1	1	null	1
71059	1010057	false	15	0	0	0	false	0	 	0	0	0	0	null	1	1	null	1
71060	1010058	false	15	0	0	0	false	0	 	0	0	0	0	null	1	1	null	1
71061	1010059	false	15	0	0	0	false	0	 	0	0	0	0	null	1	1	null	1
71062	1010060	false	15	0	0	0	false	0	 	0	0	0	0	null	1	1	null	1
71063	1010061	false	15	0	0	0	false	0	 	0	0	0	0	null	1	1	null	1
71064	1010062	false	15	0	0	0	false	0	 	0	0	0	0	null	1	1	null	1
71065	1010063	false	15	0	0	0	false	0	 	0	0	0	0	null	1	1	null	1
71066	1010064	false	15	0	0	0	false	0	 	0	0	0	0	null	1	1	null	1
71067	1010065	false	15	0	0	0	false	0	 	0	0	0	0	null	1	1	null	1
71068	1010066	false	15	0	0	0	false	0	 	0	0	0	0	null	1	1	null	1
71069	1010067	false	15	0	0	0	false	0	 	0	0	0	0	null	1	1	null	1
71070	1010068	false	15	0	0	0	false	0	 	0	0	0	0	null	1	1	null	1
71071	1010069	false	15	0	0	0	false	0	 	0	0	0	0	null	1	1	null	1
71072	1010070	false	15	0	0	0	false	0	 	0	0	0	0	null	1	1	null	1
71073	1010071	false	15	0	0	0	false	0	 	0	0	0	0	null	1	1	null	1
71074	1010072	false	15	0	0	0	false	0	 	0	0	0	0	null	1	1	null	1
71075	1010073	false	15	0	0	0	false	0	 	0	0	0	0	null	1	1	null	1
71076	1010074	false	15	0	0	0	false	0	 	0	0	0	0	null	1	1	null	1
71079	1010075	false	0	0	0	0	false	0	 	0	0	0	0	null	1	1	null	1
71080	1010076	false	15	0	0	0	false	0	 	0	0	0	0	null	1	1	null	1
71081	1010077	false	15	0	0	0	false	0	 	0	0	0	0	null	1	1	null	1
71082	1010078	false	15	0	0	0	false	0	 	0	0	0	0	null	1	1	null	1
71085	1010079	false	15	0	0	0	false	0	 	0	0	0	0	null	1	1	null	1
71086	1010080	false	0	0	0	0	false	0	 	0	0	0	0	null	1	1	null	1
71087	1010081	false	15	0	0	0	false	0	 	0	0	0	0	null	1	1	null	1
71088	1010082	false	15	0	0	0	false	0	 	0	0	0	0	null	1	1	null	1
71089	1010083	false	15	0	0	0	false	0	 	0	0	0	0	null	1	1	null	1
71090	1010084	false	15	0	0	0	false	0	 	0	0	0	0	null	1	1	null	1
6000001	1010087	true	2	3	1	5	false	1	100005	1	200029	50	1	null	1	9999999	null	1
6000002	1010088	true	2	3	1	5	false	1	100005	1	200030	50	1	null	1	9999999	null	1
6000003	1010089	true	2	3	1	5	false	1	100005	1	200031	50	1	null	1	9999999	null	1
6000004	1010090	true	2	3	1	5	false	1	100005	1	200032	50	1	null	1	9999999	null	1
6000005	1010091	true	2	3	1	5	false	1	100005	1	200033	50	1	null	1	9999999	null	1
6000006	1010092	true	2	3	1	5	false	1	100005	1	200034	50	1	null	1	9999999	null	1
6000007	1010093	true	2	3	1	5	false	1	100005	1	200035	50	1	null	1	9999999	null	1
6000008	1010094	true	2	3	1	5	false	1	100005	1	200036	50	1	null	1	9999999	null	1
6000009	1010095	true	2	3	1	5	false	1	100005	1	200037	50	1	null	1	9999999	null	1
6000010	1010096	true	2	3	1	5	false	1	100005	1	200038	50	1	null	1	9999999	null	1
6000011	1010097	true	2	3	1	4	false	1	100004	1	200006	30	1	null	1	9999999	null	1
6000012	1010098	true	2	3	1	4	false	1	100004	1	200007	30	1	null	1	9999999	null	1
6000013	1010099	true	2	3	1	4	false	1	100004	1	200008	30	1	null	1	9999999	null	1
6000014	1010100	true	2	3	1	4	false	1	100004	1	200009	30	1	null	1	9999999	null	1
6000015	1010101	true	2	3	1	4	false	1	100004	1	200010	30	1	null	1	9999999	null	1
6000016	1010102	true	2	3	1	3	false	1	100003	1	200001	20	1	null	1	9999999	null	1
6000017	1010103	true	2	3	1	2	false	1	100001	1	200079	10	1	null	1	9999999	null	1
6000018	1010104	true	2	3	1	1	false	1	100001	1	200080	10	1	null	1	9999999	null	1
6000019	1010105	true	2	3	2	5	false	1	100005	1	200039	50	1	null	1	9999999	null	1
6000020	1010106	true	2	3	2	5	false	1	100005	1	200040	50	1	null	1	9999999	null	1
6000021	1010107	true	2	3	2	5	false	1	100005	1	200041	50	1	null	1	9999999	null	1
6000022	1010108	true	2	3	2	5	false	1	100005	1	200042	50	1	null	1	9999999	null	1
6000023	1010109	true	2	3	2	5	false	1	100005	1	200043	50	1	null	1	9999999	null	1
6000024	1010110	true	2	3	2	5	false	1	100005	1	200044	50	1	null	1	9999999	null	1
6000025	1010111	true	2	3	2	5	false	1	100005	1	200045	50	1	null	1	9999999	null	1
6000026	1010112	true	2	3	2	5	false	1	100005	1	200046	50	1	null	1	9999999	null	1
6000027	1010113	true	2	3	2	5	false	1	100005	1	200047	50	1	null	1	9999999	null	1
6000028	1010114	true	2	3	2	4	false	1	100004	1	200011	30	1	null	1	9999999	null	1
6000029	1010115	true	2	3	2	4	false	1	100004	1	200012	30	1	null	1	9999999	null	1
6000030	1010116	true	2	3	2	4	false	1	100004	1	200013	30	1	null	1	9999999	null	1
6000031	1010117	true	2	3	2	4	false	1	100004	1	200014	30	1	null	1	9999999	null	1
6000032	1010118	true	2	3	2	4	false	1	100004	1	200015	30	1	null	1	9999999	null	1
6000033	1010119	true	2	3	2	3	false	1	100003	1	200002	20	1	null	1	9999999	null	1
6000034	1010120	true	2	3	2	2	false	1	100001	1	200081	10	1	null	1	9999999	null	1
6000035	1010121	true	2	3	2	1	false	1	100001	1	200082	10	1	null	1	9999999	null	1
6000036	1010122	true	2	3	3	5	false	1	100005	1	200048	50	1	null	1	9999999	null	1
6000037	1010123	true	2	3	3	5	false	1	100005	1	200049	50	1	null	1	9999999	null	1
6000038	1010124	true	2	3	3	5	false	1	100005	1	200050	50	1	null	1	9999999	null	1
6000039	1010125	true	2	3	3	5	false	1	100005	1	200051	50	1	null	1	9999999	null	1
6000040	1010126	true	2	3	3	5	false	1	100005	1	200052	50	1	null	1	9999999	null	1
6000041	1010127	true	2	3	3	5	false	1	100005	1	200053	50	1	null	1	9999999	null	1
6000042	1010128	true	2	3	3	5	false	1	100005	1	200054	50	1	null	1	9999999	null	1
6000043	1010129	true	2	3	3	5	false	1	100005	1	200055	50	1	null	1	9999999	null	1
6000044	1010130	true	2	3	3	5	false	1	100005	1	200056	50	1	null	1	9999999	null	1
6000045	1010131	true	2	3	3	5	false	1	100005	1	200057	50	1	null	1	9999999	null	1
6000046	1010132	true	2	3	3	5	false	1	100005	1	200058	50	1	null	1	9999999	null	1
6000047	1010133	true	2	3	3	4	false	1	100004	1	200016	30	1	null	1	9999999	null	1
6000048	1010134	true	2	3	3	4	false	1	100004	1	200017	30	1	null	1	9999999	null	1
6000049	1010135	true	2	3	3	4	false	1	100004	1	200018	30	1	null	1	9999999	null	1
6000050	1010136	true	2	3	3	4	false	1	100004	1	200019	30	1	null	1	9999999	null	1
6000051	1010137	true	2	3	3	4	false	1	100004	1	200020	30	1	null	1	9999999	null	1
6000052	1010138	true	2	3	3	3	false	1	100003	1	200003	20	1	null	1	9999999	null	1
6000053	1010139	true	2	3	3	2	false	1	100001	1	200083	10	1	null	1	9999999	null	1
6000054	1010140	true	2	3	3	1	false	1	100001	1	200084	10	1	null	1	9999999	null	1
6000055	1010141	true	2	3	4	5	false	1	100005	1	200059	50	1	null	1	9999999	null	1
6000056	1010142	true	2	3	4	5	false	1	100005	1	200060	50	1	null	1	9999999	null	1
6000057	1010143	true	2	3	4	5	false	1	100005	1	200061	50	1	null	1	9999999	null	1
6000058	1010144	true	2	3	4	5	false	1	100005	1	200062	50	1	null	1	9999999	null	1
6000059	1010145	true	2	3	4	5	false	1	100005	1	200063	50	1	null	1	9999999	null	1
6000060	1010146	true	2	3	4	5	false	1	100005	1	200064	50	1	null	1	9999999	null	1
6000061	1010147	true	2	3	4	5	false	1	100005	1	200065	50	1	null	1	9999999	null	1
6000062	1010148	true	2	3	4	5	false	1	100005	1	200066	50	1	null	1	9999999	null	1
6000063	1010149	true	2	3	4	5	false	1	100005	1	200067	50	1	null	1	9999999	null	1
6000064	1010150	true	2	3	4	5	false	1	100005	1	200068	50	1	null	1	9999999	null	1
6000065	1010151	true	2	3	4	4	false	1	100004	1	200021	30	1	null	1	9999999	null	1
6000066	1010152	true	2	3	4	4	false	1	100004	1	200022	30	1	null	1	9999999	null	1
6000067	1010153	true	2	3	4	4	false	1	100004	1	200023	30	1	null	1	9999999	null	1
6000068	1010154	true	2	3	4	4	false	1	100004	1	200024	30	1	null	1	9999999	null	1
6000069	1010155	true	2	3	4	3	false	1	100003	1	200004	20	1	null	1	9999999	null	1
6000070	1010156	true	2	3	5	5	false	1	100005	1	200069	50	1	null	1	9999999	null	1
6000071	1010157	true	2	3	5	5	false	1	100005	1	200070	50	1	null	1	9999999	null	1
6000072	1010158	true	2	3	5	5	false	1	100005	1	200071	50	1	null	1	9999999	null	1
6000073	1010159	true	2	3	5	5	false	1	100005	1	200072	50	1	null	1	9999999	null	1
6000074	1010160	true	2	3	5	5	false	1	100005	1	200073	50	1	null	1	9999999	null	1
6000075	1010161	true	2	3	5	5	false	1	100005	1	200074	50	1	null	1	9999999	null	1
6000076	1010162	true	2	3	5	5	false	1	100005	1	200075	50	1	null	1	9999999	null	1
6000077	1010163	true	2	3	5	5	false	1	100005	1	200076	50	1	null	1	9999999	null	1
6000078	1010164	true	2	3	5	5	false	1	100005	1	200077	50	1	null	1	9999999	null	1
6000079	1010165	true	2	3	5	5	false	1	100005	1	200078	50	1	null	1	9999999	null	1
6000080	1010166	true	2	3	5	4	false	1	100004	1	200025	30	1	null	1	9999999	null	1
6000081	1010167	true	2	3	5	4	false	1	100004	1	200026	30	1	null	1	9999999	null	1
6000082	1010168	true	2	3	5	4	false	1	100004	1	200027	30	1	null	1	9999999	null	1
6000083	1010169	true	2	3	5	4	false	1	100004	1	200028	30	1	null	1	9999999	null	1
6000084	1010170	true	2	3	5	3	false	1	100003	1	200005	20	1	null	1	9999999	null	1
6000131	1010171	true	2	3	3	6	false	1	100007	1	6000131	50	1	null	1	9999999	null	1
6000132	1010172	true	2	3	2	6	false	1	100007	1	6000132	50	1	null	1	9999999	null	1
6000133	1010173	true	2	3	3	6	false	1	100007	1	6000133	50	1	null	1	9999999	null	1
6000134	1010174	true	2	3	1	6	false	1	100007	1	6000134	50	1	null	1	9999999	null	1
6000135	1010175	true	2	3	2	6	false	1	100007	1	6000135	50	1	null	1	9999999	null	1
6000136	1010176	true	2	3	1	6	false	1	100007	1	6000136	50	1	null	1	9999999	null	1
6000137	1010177	true	2	3	2	6	false	1	100007	1	6000137	50	1	null	1	9999999	null	1
6000138	1010178	true	2	3	3	6	false	1	100007	1	6000138	50	1	null	1	9999999	null	1
6000139	1010179	true	2	3	5	6	false	1	100007	1	6000139	50	1	null	1	9999999	null	1
6000140	1010180	true	2	3	1	6	false	1	100007	1	6000140	50	1	null	1	9999999	null	1
6000141	1010181	true	2	3	4	6	false	1	100007	1	6000141	50	1	null	1	9999999	null	1
6000142	1010182	true	2	3	5	6	false	1	100007	1	6000142	50	1	null	1	9999999	null	1
6000143	1010183	true	2	3	4	6	false	1	100007	1	6000143	50	1	null	1	9999999	null	1
6000144	1010184	true	2	3	1	6	false	1	100007	1	6000144	50	1	null	1	9999999	null	1
6000145	1010185	true	2	3	2	6	false	1	100007	1	6000145	50	1	null	1	9999999	null	1
6000146	1010186	true	2	3	5	6	false	1	100007	1	6000146	50	1	null	1	9999999	null	1
6000147	1010187	true	2	3	5	6	false	1	100007	1	6000147	50	1	null	1	9999999	null	1
6000148	1010188	true	2	3	4	6	false	1	100007	1	6000148	50	1	null	1	9999999	null	1
6000149	1010189	true	2	3	4	6	false	1	100007	1	6000149	50	1	null	1	9999999	null	1
6000150	1010190	true	2	3	5	6	false	1	100007	1	6000150	50	1	null	1	9999999	null	1
6001000	1010191	true	2	3	0	3	false	1	100003	1	100010	20	1	null	1	9999999	null	1
6001010	1010192	true	2	3	0	4	false	1	100004	1	100020	30	1	null	1	9999999	null	1
6001011	1010193	true	2	3	1	4	false	1	100004	1	100021	30	1	null	1	9999999	null	1
6001012	1010194	true	2	3	2	4	false	1	100004	1	100022	30	1	null	1	9999999	null	1
6001013	1010195	true	2	3	3	4	false	1	100004	1	100023	30	1	null	1	9999999	null	1
6001014	1010196	true	2	3	4	4	false	1	100004	1	100024	30	1	null	1	9999999	null	1
6001015	1010197	true	2	3	5	4	false	1	100004	1	100025	30	1	null	1	9999999	null	1
6001020	1010198	true	2	3	0	5	false	1	100005	1	100030	50	1	null	1	9999999	null	1
6001021	1010199	true	2	3	1	5	false	1	100005	1	100031	50	1	null	1	9999999	null	1
6001022	1010200	true	2	3	2	5	false	1	100005	1	100032	50	1	null	1	9999999	null	1
6001023	1010201	true	2	3	3	5	false	1	100005	1	100033	50	1	null	1	9999999	null	1
6001024	1010202	true	2	3	4	5	false	1	100005	1	100034	50	1	null	1	9999999	null	1
6001025	1010203	true	2	3	5	5	false	1	100005	1	100035	50	1	null	1	9999999	null	1
6001026	1010204	true	2	3	6	5	false	1	100005	1	100036	50	1	null	1	9999999	null	1
81148	1010205	true	2	3	0	5	false	1	100005	1	81148	50	1	null	1	9999999	null	1
6001027	1010206	true	2	3	1	5	false	1	100005	1	100041	50	1	null	1	9999999	null	1
6001028	1010207	true	2	3	2	5	false	1	100005	1	100042	50	1	null	1	9999999	null	1
6001029	1010208	true	2	3	3	5	false	1	100005	1	100043	50	1	null	1	9999999	null	1
6001030	1010209	true	2	3	4	5	false	1	100005	1	100044	50	1	null	1	9999999	null	1
6001031	1010210	true	2	3	5	5	false	1	100005	1	100045	50	1	null	1	9999999	null	1
6001032	1010211	true	2	3	6	5	false	1	100005	1	100046	50	1	null	1	9999999	null	1
300001	1010280	true	22	5	0	3	false	0	 	0	0	0	1	null	0	99999	null	1
300002	1010281	true	22	5	0	3	false	0	 	0	0	0	1	null	0	99999	null	1
300003	1010282	true	22	5	0	3	false	0	 	0	0	0	1	null	0	99999	null	1
300004	1010283	true	22	5	0	3	false	0	 	0	0	0	1	null	0	99999	null	1
300101	1010284	true	22	5	0	4	false	0	 	0	0	0	1	null	0	99999	null	1
300102	1010285	true	22	5	0	4	false	0	 	0	0	0	1	null	0	99999	null	1
300103	1010286	true	22	5	0	4	false	0	 	0	0	0	1	null	0	99999	null	1
300104	1010287	true	22	5	0	4	false	0	 	0	0	0	1	null	0	99999	null	1
300201	1010288	true	22	5	0	5	false	0	 	0	0	0	1	null	0	99999	null	1
300202	1010289	true	22	5	0	5	false	0	 	0	0	0	1	null	0	99999	null	1
300203	1010290	true	22	5	0	5	false	0	 	0	0	0	1	null	0	99999	null	1
300204	1010291	true	22	5	0	5	false	0	 	0	0	0	1	null	0	99999	null	1
301001	1010280	true	22	5	0	3	false	0	 	0	0	0	1	null	0	99999	null	1
301002	1010281	true	22	5	0	3	false	0	 	0	0	0	1	null	0	99999	null	1
301003	1010282	true	22	5	0	3	false	0	 	0	0	0	1	null	0	99999	null	1
301004	1010283	true	22	5	0	3	false	0	 	0	0	0	1	null	0	99999	null	1
301101	1010284	true	22	5	0	4	false	0	 	0	0	0	1	null	0	99999	null	1
301102	1010285	true	22	5	0	4	false	0	 	0	0	0	1	null	0	99999	null	1
301103	1010286	true	22	5	0	4	false	0	 	0	0	0	1	null	0	99999	null	1
301104	1010287	true	22	5	0	4	false	0	 	0	0	0	1	null	0	99999	null	1
301201	1010288	true	22	5	0	5	false	0	 	0	0	0	1	null	0	99999	null	1
301202	1010289	true	22	5	0	5	false	0	 	0	0	0	1	null	0	99999	null	1
301203	1010290	true	22	5	0	5	false	0	 	0	0	0	1	null	0	99999	null	1
301204	1010291	true	22	5	0	5	false	0	 	0	0	0	1	null	0	99999	null	1
302001	1010280	true	22	5	0	3	false	0	 	0	0	0	1	null	0	99999	null	1
302002	1010281	true	22	5	0	3	false	0	 	0	0	0	1	null	0	99999	null	1
302003	1010282	true	22	5	0	3	false	0	 	0	0	0	1	null	0	99999	null	1
302004	1010283	true	22	5	0	3	false	0	 	0	0	0	1	null	0	99999	null	1
302101	1010284	true	22	5	0	4	false	0	 	0	0	0	1	null	0	99999	null	1
302102	1010285	true	22	5	0	4	false	0	 	0	0	0	1	null	0	99999	null	1
302103	1010286	true	22	5	0	4	false	0	 	0	0	0	1	null	0	99999	null	1
302104	1010287	true	22	5	0	4	false	0	 	0	0	0	1	null	0	99999	null	1
302201	1010288	true	22	5	0	5	false	0	 	0	0	0	1	null	0	99999	null	1
302202	1010289	true	22	5	0	5	false	0	 	0	0	0	1	null	0	99999	null	1
302203	1010290	true	22	5	0	5	false	0	 	0	0	0	1	null	0	99999	null	1
302204	1010291	true	22	5	0	5	false	0	 	0	0	0	1	null	0	99999	null	1
303001	1010280	true	22	5	0	3	false	0	 	0	0	0	1	null	0	99999	null	1
303002	1010281	true	22	5	0	3	false	0	 	0	0	0	1	null	0	99999	null	1
303003	1010282	true	22	5	0	3	false	0	 	0	0	0	1	null	0	99999	null	1
303004	1010283	true	22	5	0	3	false	0	 	0	0	0	1	null	0	99999	null	1
303101	1010284	true	22	5	0	4	false	0	 	0	0	0	1	null	0	99999	null	1
303102	1010285	true	22	5	0	4	false	0	 	0	0	0	1	null	0	99999	null	1
303103	1010286	true	22	5	0	4	false	0	 	0	0	0	1	null	0	99999	null	1
303104	1010287	true	22	5	0	4	false	0	 	0	0	0	1	null	0	99999	null	1
303201	1010288	true	22	5	0	5	false	0	 	0	0	0	1	null	0	99999	null	1
303202	1010289	true	22	5	0	5	false	0	 	0	0	0	1	null	0	99999	null	1
303203	1010290	true	22	5	0	5	false	0	 	0	0	0	1	null	0	99999	null	1
303204	1010291	true	22	5	0	5	false	0	 	0	0	0	1	null	0	99999	null	1
304001	1010280	true	22	5	0	3	false	0	 	0	0	0	1	null	0	99999	null	1
304002	1010281	true	22	5	0	3	false	0	 	0	0	0	1	null	0	99999	null	1
304003	1010282	true	22	5	0	3	false	0	 	0	0	0	1	null	0	99999	null	1
304004	1010283	true	22	5	0	3	false	0	 	0	0	0	1	null	0	99999	null	1
304101	1010284	true	22	5	0	4	false	0	 	0	0	0	1	null	0	99999	null	1
304102	1010285	true	22	5	0	4	false	0	 	0	0	0	1	null	0	99999	null	1
304103	1010286	true	22	5	0	4	false	0	 	0	0	0	1	null	0	99999	null	1
304104	1010287	true	22	5	0	4	false	0	 	0	0	0	1	null	0	99999	null	1
304201	1010288	true	22	5	0	5	false	0	 	0	0	0	1	null	0	99999	null	1
304202	1010289	true	22	5	0	5	false	0	 	0	0	0	1	null	0	99999	null	1
304203	1010290	true	22	5	0	5	false	0	 	0	0	0	1	null	0	99999	null	1
304204	1010291	true	22	5	0	5	false	0	 	0	0	0	1	null	0	99999	null	1
305001	1010280	true	22	5	0	3	false	0	 	0	0	0	1	null	0	99999	null	1
305002	1010281	true	22	5	0	3	false	0	 	0	0	0	1	null	0	99999	null	1
305003	1010282	true	22	5	0	3	false	0	 	0	0	0	1	null	0	99999	null	1
305004	1010283	true	22	5	0	3	false	0	 	0	0	0	1	null	0	99999	null	1
305101	1010284	true	22	5	0	4	false	0	 	0	0	0	1	null	0	99999	null	1
305102	1010285	true	22	5	0	4	false	0	 	0	0	0	1	null	0	99999	null	1
305103	1010286	true	22	5	0	4	false	0	 	0	0	0	1	null	0	99999	null	1
305104	1010287	true	22	5	0	4	false	0	 	0	0	0	1	null	0	99999	null	1
305201	1010288	true	22	5	0	5	false	0	 	0	0	0	1	null	0	99999	null	1
305202	1010289	true	22	5	0	5	false	0	 	0	0	0	1	null	0	99999	null	1
305203	1010290	true	22	5	0	5	false	0	 	0	0	0	1	null	0	99999	null	1
305204	1010291	true	22	5	0	5	false	0	 	0	0	0	1	null	0	99999	null	1
306001	1010280	true	22	5	0	3	false	0	 	0	0	0	1	null	0	99999	null	1
306002	1010281	true	22	5	0	3	false	0	 	0	0	0	1	null	0	99999	null	1
306003	1010282	true	22	5	0	3	false	0	 	0	0	0	1	null	0	99999	null	1
306004	1010283	true	22	5	0	3	false	0	 	0	0	0	1	null	0	99999	null	1
306101	1010284	true	22	5	0	4	false	0	 	0	0	0	1	null	0	99999	null	1
306102	1010285	true	22	5	0	4	false	0	 	0	0	0	1	null	0	99999	null	1
306103	1010286	true	22	5	0	4	false	0	 	0	0	0	1	null	0	99999	null	1
306104	1010287	true	22	5	0	4	false	0	 	0	0	0	1	null	0	99999	null	1
306201	1010288	true	22	5	0	5	false	0	 	0	0	0	1	null	0	99999	null	1
306202	1010289	true	22	5	0	5	false	0	 	0	0	0	1	null	0	99999	null	1
306203	1010290	true	22	5	0	5	false	0	 	0	0	0	1	null	0	99999	null	1
306204	1010291	true	22	5	0	5	false	0	 	0	0	0	1	null	0	99999	null	1
307001	1010280	true	22	5	0	3	false	0	 	0	0	0	1	null	0	99999	null	1
307002	1010281	true	22	5	0	3	false	0	 	0	0	0	1	null	0	99999	null	1
307003	1010282	true	22	5	0	3	false	0	 	0	0	0	1	null	0	99999	null	1
307004	1010283	true	22	5	0	3	false	0	 	0	0	0	1	null	0	99999	null	1
307101	1010284	true	22	5	0	4	false	0	 	0	0	0	1	null	0	99999	null	1
307102	1010285	true	22	5	0	4	false	0	 	0	0	0	1	null	0	99999	null	1
307103	1010286	true	22	5	0	4	false	0	 	0	0	0	1	null	0	99999	null	1
307104	1010287	true	22	5	0	4	false	0	 	0	0	0	1	null	0	99999	null	1
307201	1010288	true	22	5	0	5	false	0	 	0	0	0	1	null	0	99999	null	1
307202	1010289	true	22	5	0	5	false	0	 	0	0	0	1	null	0	99999	null	1
307203	1010290	true	22	5	0	5	false	0	 	0	0	0	1	null	0	99999	null	1
307204	1010291	true	22	5	0	5	false	0	 	0	0	0	1	null	0	99999	null	1
308001	1010280	true	22	5	0	3	false	0	 	0	0	0	1	null	0	99999	null	1
308002	1010281	true	22	5	0	3	false	0	 	0	0	0	1	null	0	99999	null	1
308003	1010282	true	22	5	0	3	false	0	 	0	0	0	1	null	0	99999	null	1
308004	1010283	true	22	5	0	3	false	0	 	0	0	0	1	null	0	99999	null	1
308101	1010284	true	22	5	0	4	false	0	 	0	0	0	1	null	0	99999	null	1
308102	1010285	true	22	5	0	4	false	0	 	0	0	0	1	null	0	99999	null	1
308103	1010286	true	22	5	0	4	false	0	 	0	0	0	1	null	0	99999	null	1
308104	1010287	true	22	5	0	4	false	0	 	0	0	0	1	null	0	99999	null	1
308201	1010288	true	22	5	0	5	false	0	 	0	0	0	1	null	0	99999	null	1
308202	1010289	true	22	5	0	5	false	0	 	0	0	0	1	null	0	99999	null	1
308203	1010290	true	22	5	0	5	false	0	 	0	0	0	1	null	0	99999	null	1
308204	1010291	true	22	5	0	5	false	0	 	0	0	0	1	null	0	99999	null	1
309001	1010280	true	22	5	0	3	false	0	 	0	0	0	1	null	0	99999	null	1
309002	1010281	true	22	5	0	3	false	0	 	0	0	0	1	null	0	99999	null	1
309003	1010282	true	22	5	0	3	false	0	 	0	0	0	1	null	0	99999	null	1
309004	1010283	true	22	5	0	3	false	0	 	0	0	0	1	null	0	99999	null	1
309101	1010284	true	22	5	0	4	false	0	 	0	0	0	1	null	0	99999	null	1
309102	1010285	true	22	5	0	4	false	0	 	0	0	0	1	null	0	99999	null	1
309103	1010286	true	22	5	0	4	false	0	 	0	0	0	1	null	0	99999	null	1
309104	1010287	true	22	5	0	4	false	0	 	0	0	0	1	null	0	99999	null	1
309201	1010288	true	22	5	0	5	false	0	 	0	0	0	1	null	0	99999	null	1
309202	1010289	true	22	5	0	5	false	0	 	0	0	0	1	null	0	99999	null	1
309203	1010290	true	22	5	0	5	false	0	 	0	0	0	1	null	0	99999	null	1
309204	1010291	true	22	5	0	5	false	0	 	0	0	0	1	null	0	99999	null	1
310001	1010292	true	22	5	0	3	false	0	 	0	0	0	1	null	0	99999	null	1
310002	1010293	true	22	5	0	3	false	0	 	0	0	0	1	null	0	99999	null	1
310003	1010294	true	22	5	0	3	false	0	 	0	0	0	1	null	0	99999	null	1
310004	1010295	true	22	5	0	3	false	0	 	0	0	0	1	null	0	99999	null	1
310101	1010296	true	22	5	0	4	false	0	 	0	0	0	1	null	0	99999	null	1
310102	1010297	true	22	5	0	4	false	0	 	0	0	0	1	null	0	99999	null	1
310103	1010298	true	22	5	0	4	false	0	 	0	0	0	1	null	0	99999	null	1
310104	1010299	true	22	5	0	4	false	0	 	0	0	0	1	null	0	99999	null	1
310201	1010300	true	22	5	0	5	false	0	 	0	0	0	1	null	0	99999	null	1
310202	1010301	true	22	5	0	5	false	0	 	0	0	0	1	null	0	99999	null	1
310203	1010302	true	22	5	0	5	false	0	 	0	0	0	1	null	0	99999	null	1
310204	1010303	true	22	5	0	5	false	0	 	0	0	0	1	null	0	99999	null	1
311001	1010292	true	22	5	0	3	false	0	 	0	0	0	1	null	0	99999	null	1
311002	1010293	true	22	5	0	3	false	0	 	0	0	0	1	null	0	99999	null	1
311003	1010294	true	22	5	0	3	false	0	 	0	0	0	1	null	0	99999	null	1
311004	1010295	true	22	5	0	3	false	0	 	0	0	0	1	null	0	99999	null	1
311101	1010296	true	22	5	0	4	false	0	 	0	0	0	1	null	0	99999	null	1
311102	1010297	true	22	5	0	4	false	0	 	0	0	0	1	null	0	99999	null	1
311103	1010298	true	22	5	0	4	false	0	 	0	0	0	1	null	0	99999	null	1
311104	1010299	true	22	5	0	4	false	0	 	0	0	0	1	null	0	99999	null	1
311201	1010300	true	22	5	0	5	false	0	 	0	0	0	1	null	0	99999	null	1
311202	1010301	true	22	5	0	5	false	0	 	0	0	0	1	null	0	99999	null	1
311203	1010302	true	22	5	0	5	false	0	 	0	0	0	1	null	0	99999	null	1
311204	1010303	true	22	5	0	5	false	0	 	0	0	0	1	null	0	99999	null	1
312001	1010292	true	22	5	0	3	false	0	 	0	0	0	1	null	0	99999	null	1
312002	1010293	true	22	5	0	3	false	0	 	0	0	0	1	null	0	99999	null	1
312003	1010294	true	22	5	0	3	false	0	 	0	0	0	1	null	0	99999	null	1
312004	1010295	true	22	5	0	3	false	0	 	0	0	0	1	null	0	99999	null	1
312101	1010296	true	22	5	0	4	false	0	 	0	0	0	1	null	0	99999	null	1
312102	1010297	true	22	5	0	4	false	0	 	0	0	0	1	null	0	99999	null	1
312103	1010298	true	22	5	0	4	false	0	 	0	0	0	1	null	0	99999	null	1
312104	1010299	true	22	5	0	4	false	0	 	0	0	0	1	null	0	99999	null	1
312201	1010300	true	22	5	0	5	false	0	 	0	0	0	1	null	0	99999	null	1
312202	1010301	true	22	5	0	5	false	0	 	0	0	0	1	null	0	99999	null	1
312203	1010302	true	22	5	0	5	false	0	 	0	0	0	1	null	0	99999	null	1
312204	1010303	true	22	5	0	5	false	0	 	0	0	0	1	null	0	99999	null	1
313001	1010292	true	22	5	0	3	false	0	 	0	0	0	1	null	0	99999	null	1
313002	1010293	true	22	5	0	3	false	0	 	0	0	0	1	null	0	99999	null	1
313003	1010294	true	22	5	0	3	false	0	 	0	0	0	1	null	0	99999	null	1
313004	1010295	true	22	5	0	3	false	0	 	0	0	0	1	null	0	99999	null	1
313101	1010296	true	22	5	0	4	false	0	 	0	0	0	1	null	0	99999	null	1
313102	1010297	true	22	5	0	4	false	0	 	0	0	0	1	null	0	99999	null	1
313103	1010298	true	22	5	0	4	false	0	 	0	0	0	1	null	0	99999	null	1
313104	1010299	true	22	5	0	4	false	0	 	0	0	0	1	null	0	99999	null	1
313201	1010300	true	22	5	0	5	false	0	 	0	0	0	1	null	0	99999	null	1
313202	1010301	true	22	5	0	5	false	0	 	0	0	0	1	null	0	99999	null	1
313203	1010302	true	22	5	0	5	false	0	 	0	0	0	1	null	0	99999	null	1
313204	1010303	true	22	5	0	5	false	0	 	0	0	0	1	null	0	99999	null	1
314001	1010292	true	22	5	0	3	false	0	 	0	0	0	1	null	0	99999	null	1
314002	1010293	true	22	5	0	3	false	0	 	0	0	0	1	null	0	99999	null	1
314003	1010294	true	22	5	0	3	false	0	 	0	0	0	1	null	0	99999	null	1
314004	1010295	true	22	5	0	3	false	0	 	0	0	0	1	null	0	99999	null	1
314101	1010296	true	22	5	0	4	false	0	 	0	0	0	1	null	0	99999	null	1
314102	1010297	true	22	5	0	4	false	0	 	0	0	0	1	null	0	99999	null	1
314103	1010298	true	22	5	0	4	false	0	 	0	0	0	1	null	0	99999	null	1
314104	1010299	true	22	5	0	4	false	0	 	0	0	0	1	null	0	99999	null	1
314201	1010300	true	22	5	0	5	false	0	 	0	0	0	1	null	0	99999	null	1
314202	1010301	true	22	5	0	5	false	0	 	0	0	0	1	null	0	99999	null	1
314203	1010302	true	22	5	0	5	false	0	 	0	0	0	1	null	0	99999	null	1
314204	1010303	true	22	5	0	5	false	0	 	0	0	0	1	null	0	99999	null	1
315001	1010292	true	22	5	0	3	false	0	 	0	0	0	1	null	0	99999	null	1
315002	1010293	true	22	5	0	3	false	0	 	0	0	0	1	null	0	99999	null	1
315003	1010294	true	22	5	0	3	false	0	 	0	0	0	1	null	0	99999	null	1
315004	1010295	true	22	5	0	3	false	0	 	0	0	0	1	null	0	99999	null	1
315101	1010296	true	22	5	0	4	false	0	 	0	0	0	1	null	0	99999	null	1
315102	1010297	true	22	5	0	4	false	0	 	0	0	0	1	null	0	99999	null	1
315103	1010298	true	22	5	0	4	false	0	 	0	0	0	1	null	0	99999	null	1
315104	1010299	true	22	5	0	4	false	0	 	0	0	0	1	null	0	99999	null	1
315201	1010300	true	22	5	0	5	false	0	 	0	0	0	1	null	0	99999	null	1
315202	1010301	true	22	5	0	5	false	0	 	0	0	0	1	null	0	99999	null	1
315203	1010302	true	22	5	0	5	false	0	 	0	0	0	1	null	0	99999	null	1
315204	1010303	true	22	5	0	5	false	0	 	0	0	0	1	null	0	99999	null	1
316001	1010292	true	22	5	0	3	false	0	 	0	0	0	1	null	0	99999	null	1
316002	1010293	true	22	5	0	3	false	0	 	0	0	0	1	null	0	99999	null	1
316003	1010294	true	22	5	0	3	false	0	 	0	0	0	1	null	0	99999	null	1
316004	1010295	true	22	5	0	3	false	0	 	0	0	0	1	null	0	99999	null	1
316101	1010296	true	22	5	0	4	false	0	 	0	0	0	1	null	0	99999	null	1
316102	1010297	true	22	5	0	4	false	0	 	0	0	0	1	null	0	99999	null	1
316103	1010298	true	22	5	0	4	false	0	 	0	0	0	1	null	0	99999	null	1
316104	1010299	true	22	5	0	4	false	0	 	0	0	0	1	null	0	99999	null	1
316201	1010300	true	22	5	0	5	false	0	 	0	0	0	1	null	0	99999	null	1
316202	1010301	true	22	5	0	5	false	0	 	0	0	0	1	null	0	99999	null	1
316203	1010302	true	22	5	0	5	false	0	 	0	0	0	1	null	0	99999	null	1
316204	1010303	true	22	5	0	5	false	0	 	0	0	0	1	null	0	99999	null	1
317001	1010292	true	22	5	0	3	false	0	 	0	0	0	1	null	0	99999	null	1
317002	1010293	true	22	5	0	3	false	0	 	0	0	0	1	null	0	99999	null	1
317003	1010294	true	22	5	0	3	false	0	 	0	0	0	1	null	0	99999	null	1
317004	1010295	true	22	5	0	3	false	0	 	0	0	0	1	null	0	99999	null	1
317101	1010296	true	22	5	0	4	false	0	 	0	0	0	1	null	0	99999	null	1
317102	1010297	true	22	5	0	4	false	0	 	0	0	0	1	null	0	99999	null	1
317103	1010298	true	22	5	0	4	false	0	 	0	0	0	1	null	0	99999	null	1
317104	1010299	true	22	5	0	4	false	0	 	0	0	0	1	null	0	99999	null	1
317201	1010300	true	22	5	0	5	false	0	 	0	0	0	1	null	0	99999	null	1
317202	1010301	true	22	5	0	5	false	0	 	0	0	0	1	null	0	99999	null	1
317203	1010302	true	22	5	0	5	false	0	 	0	0	0	1	null	0	99999	null	1
317204	1010303	true	22	5	0	5	false	0	 	0	0	0	1	null	0	99999	null	1
318001	1010292	true	22	5	0	3	false	0	 	0	0	0	1	null	0	99999	null	1
318002	1010293	true	22	5	0	3	false	0	 	0	0	0	1	null	0	99999	null	1
318003	1010294	true	22	5	0	3	false	0	 	0	0	0	1	null	0	99999	null	1
318004	1010295	true	22	5	0	3	false	0	 	0	0	0	1	null	0	99999	null	1
318101	1010296	true	22	5	0	4	false	0	 	0	0	0	1	null	0	99999	null	1
318102	1010297	true	22	5	0	4	false	0	 	0	0	0	1	null	0	99999	null	1
318103	1010298	true	22	5	0	4	false	0	 	0	0	0	1	null	0	99999	null	1
318104	1010299	true	22	5	0	4	false	0	 	0	0	0	1	null	0	99999	null	1
318201	1010300	true	22	5	0	5	false	0	 	0	0	0	1	null	0	99999	null	1
318202	1010301	true	22	5	0	5	false	0	 	0	0	0	1	null	0	99999	null	1
318203	1010302	true	22	5	0	5	false	0	 	0	0	0	1	null	0	99999	null	1
318204	1010303	true	22	5	0	5	false	0	 	0	0	0	1	null	0	99999	null	1
319001	1010292	true	22	5	0	3	false	0	 	0	0	0	1	null	0	99999	null	1
319002	1010293	true	22	5	0	3	false	0	 	0	0	0	1	null	0	99999	null	1
319003	1010294	true	22	5	0	3	false	0	 	0	0	0	1	null	0	99999	null	1
319004	1010295	true	22	5	0	3	false	0	 	0	0	0	1	null	0	99999	null	1
319101	1010296	true	22	5	0	4	false	0	 	0	0	0	1	null	0	99999	null	1
319102	1010297	true	22	5	0	4	false	0	 	0	0	0	1	null	0	99999	null	1
319103	1010298	true	22	5	0	4	false	0	 	0	0	0	1	null	0	99999	null	1
319104	1010299	true	22	5	0	4	false	0	 	0	0	0	1	null	0	99999	null	1
319201	1010300	true	22	5	0	5	false	0	 	0	0	0	1	null	0	99999	null	1
319202	1010301	true	22	5	0	5	false	0	 	0	0	0	1	null	0	99999	null	1
319203	1010302	true	22	5	0	5	false	0	 	0	0	0	1	null	0	99999	null	1
319204	1010303	true	22	5	0	5	false	0	 	0	0	0	1	null	0	99999	null	1
320001	1010304	true	22	5	0	3	false	0	 	0	0	0	1	null	0	99999	null	1
320002	1010305	true	22	5	0	3	false	0	 	0	0	0	1	null	0	99999	null	1
320003	1010306	true	22	5	0	3	false	0	 	0	0	0	1	null	0	99999	null	1
320004	1010307	true	22	5	0	3	false	0	 	0	0	0	1	null	0	99999	null	1
320101	1010308	true	22	5	0	4	false	0	 	0	0	0	1	null	0	99999	null	1
320102	1010309	true	22	5	0	4	false	0	 	0	0	0	1	null	0	99999	null	1
320103	1010310	true	22	5	0	4	false	0	 	0	0	0	1	null	0	99999	null	1
320104	1010311	true	22	5	0	4	false	0	 	0	0	0	1	null	0	99999	null	1
320201	1010312	true	22	5	0	5	false	0	 	0	0	0	1	null	0	99999	null	1
320202	1010313	true	22	5	0	5	false	0	 	0	0	0	1	null	0	99999	null	1
320203	1010314	true	22	5	0	5	false	0	 	0	0	0	1	null	0	99999	null	1
320204	1010315	true	22	5	0	5	false	0	 	0	0	0	1	null	0	99999	null	1
321001	1010304	true	22	5	0	3	false	0	 	0	0	0	1	null	0	99999	null	1
321002	1010305	true	22	5	0	3	false	0	 	0	0	0	1	null	0	99999	null	1
321003	1010306	true	22	5	0	3	false	0	 	0	0	0	1	null	0	99999	null	1
321004	1010307	true	22	5	0	3	false	0	 	0	0	0	1	null	0	99999	null	1
321101	1010308	true	22	5	0	4	false	0	 	0	0	0	1	null	0	99999	null	1
321102	1010309	true	22	5	0	4	false	0	 	0	0	0	1	null	0	99999	null	1
321103	1010310	true	22	5	0	4	false	0	 	0	0	0	1	null	0	99999	null	1
321104	1010311	true	22	5	0	4	false	0	 	0	0	0	1	null	0	99999	null	1
321201	1010312	true	22	5	0	5	false	0	 	0	0	0	1	null	0	99999	null	1
321202	1010313	true	22	5	0	5	false	0	 	0	0	0	1	null	0	99999	null	1
321203	1010314	true	22	5	0	5	false	0	 	0	0	0	1	null	0	99999	null	1
321204	1010315	true	22	5	0	5	false	0	 	0	0	0	1	null	0	99999	null	1
322001	1010304	true	22	5	0	3	false	0	 	0	0	0	1	null	0	99999	null	1
322002	1010305	true	22	5	0	3	false	0	 	0	0	0	1	null	0	99999	null	1
322003	1010306	true	22	5	0	3	false	0	 	0	0	0	1	null	0	99999	null	1
322004	1010307	true	22	5	0	3	false	0	 	0	0	0	1	null	0	99999	null	1
322101	1010308	true	22	5	0	4	false	0	 	0	0	0	1	null	0	99999	null	1
322102	1010309	true	22	5	0	4	false	0	 	0	0	0	1	null	0	99999	null	1
322103	1010310	true	22	5	0	4	false	0	 	0	0	0	1	null	0	99999	null	1
322104	1010311	true	22	5	0	4	false	0	 	0	0	0	1	null	0	99999	null	1
322201	1010312	true	22	5	0	5	false	0	 	0	0	0	1	null	0	99999	null	1
322202	1010313	true	22	5	0	5	false	0	 	0	0	0	1	null	0	99999	null	1
322203	1010314	true	22	5	0	5	false	0	 	0	0	0	1	null	0	99999	null	1
322204	1010315	true	22	5	0	5	false	0	 	0	0	0	1	null	0	99999	null	1
323001	1010304	true	22	5	0	3	false	0	 	0	0	0	1	null	0	99999	null	1
323002	1010305	true	22	5	0	3	false	0	 	0	0	0	1	null	0	99999	null	1
323003	1010306	true	22	5	0	3	false	0	 	0	0	0	1	null	0	99999	null	1
323004	1010307	true	22	5	0	3	false	0	 	0	0	0	1	null	0	99999	null	1
323101	1010308	true	22	5	0	4	false	0	 	0	0	0	1	null	0	99999	null	1
323102	1010309	true	22	5	0	4	false	0	 	0	0	0	1	null	0	99999	null	1
323103	1010310	true	22	5	0	4	false	0	 	0	0	0	1	null	0	99999	null	1
323104	1010311	true	22	5	0	4	false	0	 	0	0	0	1	null	0	99999	null	1
323201	1010312	true	22	5	0	5	false	0	 	0	0	0	1	null	0	99999	null	1
323202	1010313	true	22	5	0	5	false	0	 	0	0	0	1	null	0	99999	null	1
323203	1010314	true	22	5	0	5	false	0	 	0	0	0	1	null	0	99999	null	1
323204	1010315	true	22	5	0	5	false	0	 	0	0	0	1	null	0	99999	null	1
324001	1010304	true	22	5	0	3	false	0	 	0	0	0	1	null	0	99999	null	1
324002	1010305	true	22	5	0	3	false	0	 	0	0	0	1	null	0	99999	null	1
324003	1010306	true	22	5	0	3	false	0	 	0	0	0	1	null	0	99999	null	1
324004	1010307	true	22	5	0	3	false	0	 	0	0	0	1	null	0	99999	null	1
324101	1010308	true	22	5	0	4	false	0	 	0	0	0	1	null	0	99999	null	1
324102	1010309	true	22	5	0	4	false	0	 	0	0	0	1	null	0	99999	null	1
324103	1010310	true	22	5	0	4	false	0	 	0	0	0	1	null	0	99999	null	1
324104	1010311	true	22	5	0	4	false	0	 	0	0	0	1	null	0	99999	null	1
324201	1010312	true	22	5	0	5	false	0	 	0	0	0	1	null	0	99999	null	1
324202	1010313	true	22	5	0	5	false	0	 	0	0	0	1	null	0	99999	null	1
324203	1010314	true	22	5	0	5	false	0	 	0	0	0	1	null	0	99999	null	1
324204	1010315	true	22	5	0	5	false	0	 	0	0	0	1	null	0	99999	null	1
325001	1010304	true	22	5	0	3	false	0	 	0	0	0	1	null	0	99999	null	1
325002	1010305	true	22	5	0	3	false	0	 	0	0	0	1	null	0	99999	null	1
325003	1010306	true	22	5	0	3	false	0	 	0	0	0	1	null	0	99999	null	1
325004	1010307	true	22	5	0	3	false	0	 	0	0	0	1	null	0	99999	null	1
325101	1010308	true	22	5	0	4	false	0	 	0	0	0	1	null	0	99999	null	1
325102	1010309	true	22	5	0	4	false	0	 	0	0	0	1	null	0	99999	null	1
325103	1010310	true	22	5	0	4	false	0	 	0	0	0	1	null	0	99999	null	1
325104	1010311	true	22	5	0	4	false	0	 	0	0	0	1	null	0	99999	null	1
325201	1010312	true	22	5	0	5	false	0	 	0	0	0	1	null	0	99999	null	1
325202	1010313	true	22	5	0	5	false	0	 	0	0	0	1	null	0	99999	null	1
325203	1010314	true	22	5	0	5	false	0	 	0	0	0	1	null	0	99999	null	1
325204	1010315	true	22	5	0	5	false	0	 	0	0	0	1	null	0	99999	null	1
326001	1010304	true	22	5	0	3	false	0	 	0	0	0	1	null	0	99999	null	1
326002	1010305	true	22	5	0	3	false	0	 	0	0	0	1	null	0	99999	null	1
326003	1010306	true	22	5	0	3	false	0	 	0	0	0	1	null	0	99999	null	1
326004	1010307	true	22	5	0	3	false	0	 	0	0	0	1	null	0	99999	null	1
326101	1010308	true	22	5	0	4	false	0	 	0	0	0	1	null	0	99999	null	1
326102	1010309	true	22	5	0	4	false	0	 	0	0	0	1	null	0	99999	null	1
326103	1010310	true	22	5	0	4	false	0	 	0	0	0	1	null	0	99999	null	1
326104	1010311	true	22	5	0	4	false	0	 	0	0	0	1	null	0	99999	null	1
326201	1010312	true	22	5	0	5	false	0	 	0	0	0	1	null	0	99999	null	1
326202	1010313	true	22	5	0	5	false	0	 	0	0	0	1	null	0	99999	null	1
326203	1010314	true	22	5	0	5	false	0	 	0	0	0	1	null	0	99999	null	1
326204	1010315	true	22	5	0	5	false	0	 	0	0	0	1	null	0	99999	null	1
327001	1010304	true	22	5	0	3	false	0	 	0	0	0	1	null	0	99999	null	1
327002	1010305	true	22	5	0	3	false	0	 	0	0	0	1	null	0	99999	null	1
327003	1010306	true	22	5	0	3	false	0	 	0	0	0	1	null	0	99999	null	1
327004	1010307	true	22	5	0	3	false	0	 	0	0	0	1	null	0	99999	null	1
327101	1010308	true	22	5	0	4	false	0	 	0	0	0	1	null	0	99999	null	1
327102	1010309	true	22	5	0	4	false	0	 	0	0	0	1	null	0	99999	null	1
327103	1010310	true	22	5	0	4	false	0	 	0	0	0	1	null	0	99999	null	1
327104	1010311	true	22	5	0	4	false	0	 	0	0	0	1	null	0	99999	null	1
327201	1010312	true	22	5	0	5	false	0	 	0	0	0	1	null	0	99999	null	1
327202	1010313	true	22	5	0	5	false	0	 	0	0	0	1	null	0	99999	null	1
327203	1010314	true	22	5	0	5	false	0	 	0	0	0	1	null	0	99999	null	1
327204	1010315	true	22	5	0	5	false	0	 	0	0	0	1	null	0	99999	null	1
328001	1010304	true	22	5	0	3	false	0	 	0	0	0	1	null	0	99999	null	1
328002	1010305	true	22	5	0	3	false	0	 	0	0	0	1	null	0	99999	null	1
328003	1010306	true	22	5	0	3	false	0	 	0	0	0	1	null	0	99999	null	1
328004	1010307	true	22	5	0	3	false	0	 	0	0	0	1	null	0	99999	null	1
328101	1010308	true	22	5	0	4	false	0	 	0	0	0	1	null	0	99999	null	1
328102	1010309	true	22	5	0	4	false	0	 	0	0	0	1	null	0	99999	null	1
328103	1010310	true	22	5	0	4	false	0	 	0	0	0	1	null	0	99999	null	1
328104	1010311	true	22	5	0	4	false	0	 	0	0	0	1	null	0	99999	null	1
328201	1010312	true	22	5	0	5	false	0	 	0	0	0	1	null	0	99999	null	1
328202	1010313	true	22	5	0	5	false	0	 	0	0	0	1	null	0	99999	null	1
328203	1010314	true	22	5	0	5	false	0	 	0	0	0	1	null	0	99999	null	1
328204	1010315	true	22	5	0	5	false	0	 	0	0	0	1	null	0	99999	null	1
329001	1010304	true	22	5	0	3	false	0	 	0	0	0	1	null	0	99999	null	1
329002	1010305	true	22	5	0	3	false	0	 	0	0	0	1	null	0	99999	null	1
329003	1010306	true	22	5	0	3	false	0	 	0	0	0	1	null	0	99999	null	1
329004	1010307	true	22	5	0	3	false	0	 	0	0	0	1	null	0	99999	null	1
329101	1010308	true	22	5	0	4	false	0	 	0	0	0	1	null	0	99999	null	1
329102	1010309	true	22	5	0	4	false	0	 	0	0	0	1	null	0	99999	null	1
329103	1010310	true	22	5	0	4	false	0	 	0	0	0	1	null	0	99999	null	1
329104	1010311	true	22	5	0	4	false	0	 	0	0	0	1	null	0	99999	null	1
329201	1010312	true	22	5	0	5	false	0	 	0	0	0	1	null	0	99999	null	1
329202	1010313	true	22	5	0	5	false	0	 	0	0	0	1	null	0	99999	null	1
329203	1010314	true	22	5	0	5	false	0	 	0	0	0	1	null	0	99999	null	1
329204	1010315	true	22	5	0	5	false	0	 	0	0	0	1	null	0	99999	null	1
330001	1010316	true	22	5	0	3	false	0	 	0	0	0	1	null	0	99999	null	1
330002	1010317	true	22	5	0	3	false	0	 	0	0	0	1	null	0	99999	null	1
330003	1010318	true	22	5	0	3	false	0	 	0	0	0	1	null	0	99999	null	1
330004	1010319	true	22	5	0	3	false	0	 	0	0	0	1	null	0	99999	null	1
330101	1010320	true	22	5	0	4	false	0	 	0	0	0	1	null	0	99999	null	1
330102	1010321	true	22	5	0	4	false	0	 	0	0	0	1	null	0	99999	null	1
330103	1010322	true	22	5	0	4	false	0	 	0	0	0	1	null	0	99999	null	1
330104	1010323	true	22	5	0	4	false	0	 	0	0	0	1	null	0	99999	null	1
330201	1010324	true	22	5	0	5	false	0	 	0	0	0	1	null	0	99999	null	1
330202	1010325	true	22	5	0	5	false	0	 	0	0	0	1	null	0	99999	null	1
330203	1010326	true	22	5	0	5	false	0	 	0	0	0	1	null	0	99999	null	1
330204	1010327	true	22	5	0	5	false	0	 	0	0	0	1	null	0	99999	null	1
331001	1010316	true	22	5	0	3	false	0	 	0	0	0	1	null	0	99999	null	1
331002	1010317	true	22	5	0	3	false	0	 	0	0	0	1	null	0	99999	null	1
331003	1010318	true	22	5	0	3	false	0	 	0	0	0	1	null	0	99999	null	1
331004	1010319	true	22	5	0	3	false	0	 	0	0	0	1	null	0	99999	null	1
331101	1010320	true	22	5	0	4	false	0	 	0	0	0	1	null	0	99999	null	1
331102	1010321	true	22	5	0	4	false	0	 	0	0	0	1	null	0	99999	null	1
331103	1010322	true	22	5	0	4	false	0	 	0	0	0	1	null	0	99999	null	1
331104	1010323	true	22	5	0	4	false	0	 	0	0	0	1	null	0	99999	null	1
331201	1010324	true	22	5	0	5	false	0	 	0	0	0	1	null	0	99999	null	1
331202	1010325	true	22	5	0	5	false	0	 	0	0	0	1	null	0	99999	null	1
331203	1010326	true	22	5	0	5	false	0	 	0	0	0	1	null	0	99999	null	1
331204	1010327	true	22	5	0	5	false	0	 	0	0	0	1	null	0	99999	null	1
332001	1010316	true	22	5	0	3	false	0	 	0	0	0	1	null	0	99999	null	1
332002	1010317	true	22	5	0	3	false	0	 	0	0	0	1	null	0	99999	null	1
332003	1010318	true	22	5	0	3	false	0	 	0	0	0	1	null	0	99999	null	1
332004	1010319	true	22	5	0	3	false	0	 	0	0	0	1	null	0	99999	null	1
332101	1010320	true	22	5	0	4	false	0	 	0	0	0	1	null	0	99999	null	1
332102	1010321	true	22	5	0	4	false	0	 	0	0	0	1	null	0	99999	null	1
332103	1010322	true	22	5	0	4	false	0	 	0	0	0	1	null	0	99999	null	1
332104	1010323	true	22	5	0	4	false	0	 	0	0	0	1	null	0	99999	null	1
332201	1010324	true	22	5	0	5	false	0	 	0	0	0	1	null	0	99999	null	1
332202	1010325	true	22	5	0	5	false	0	 	0	0	0	1	null	0	99999	null	1
332203	1010326	true	22	5	0	5	false	0	 	0	0	0	1	null	0	99999	null	1
332204	1010327	true	22	5	0	5	false	0	 	0	0	0	1	null	0	99999	null	1
333001	1010316	true	22	5	0	3	false	0	 	0	0	0	1	null	0	99999	null	1
333002	1010317	true	22	5	0	3	false	0	 	0	0	0	1	null	0	99999	null	1
333003	1010318	true	22	5	0	3	false	0	 	0	0	0	1	null	0	99999	null	1
333004	1010319	true	22	5	0	3	false	0	 	0	0	0	1	null	0	99999	null	1
333101	1010320	true	22	5	0	4	false	0	 	0	0	0	1	null	0	99999	null	1
333102	1010321	true	22	5	0	4	false	0	 	0	0	0	1	null	0	99999	null	1
333103	1010322	true	22	5	0	4	false	0	 	0	0	0	1	null	0	99999	null	1
333104	1010323	true	22	5	0	4	false	0	 	0	0	0	1	null	0	99999	null	1
333201	1010324	true	22	5	0	5	false	0	 	0	0	0	1	null	0	99999	null	1
333202	1010325	true	22	5	0	5	false	0	 	0	0	0	1	null	0	99999	null	1
333203	1010326	true	22	5	0	5	false	0	 	0	0	0	1	null	0	99999	null	1
333204	1010327	true	22	5	0	5	false	0	 	0	0	0	1	null	0	99999	null	1
334001	1010316	true	22	5	0	3	false	0	 	0	0	0	1	null	0	99999	null	1
334002	1010317	true	22	5	0	3	false	0	 	0	0	0	1	null	0	99999	null	1
334003	1010318	true	22	5	0	3	false	0	 	0	0	0	1	null	0	99999	null	1
334004	1010319	true	22	5	0	3	false	0	 	0	0	0	1	null	0	99999	null	1
334101	1010320	true	22	5	0	4	false	0	 	0	0	0	1	null	0	99999	null	1
334102	1010321	true	22	5	0	4	false	0	 	0	0	0	1	null	0	99999	null	1
334103	1010322	true	22	5	0	4	false	0	 	0	0	0	1	null	0	99999	null	1
334104	1010323	true	22	5	0	4	false	0	 	0	0	0	1	null	0	99999	null	1
334201	1010324	true	22	5	0	5	false	0	 	0	0	0	1	null	0	99999	null	1
334202	1010325	true	22	5	0	5	false	0	 	0	0	0	1	null	0	99999	null	1
334203	1010326	true	22	5	0	5	false	0	 	0	0	0	1	null	0	99999	null	1
334204	1010327	true	22	5	0	5	false	0	 	0	0	0	1	null	0	99999	null	1
335001	1010316	true	22	5	0	3	false	0	 	0	0	0	1	null	0	99999	null	1
335002	1010317	true	22	5	0	3	false	0	 	0	0	0	1	null	0	99999	null	1
335003	1010318	true	22	5	0	3	false	0	 	0	0	0	1	null	0	99999	null	1
335004	1010319	true	22	5	0	3	false	0	 	0	0	0	1	null	0	99999	null	1
335101	1010320	true	22	5	0	4	false	0	 	0	0	0	1	null	0	99999	null	1
335102	1010321	true	22	5	0	4	false	0	 	0	0	0	1	null	0	99999	null	1
335103	1010322	true	22	5	0	4	false	0	 	0	0	0	1	null	0	99999	null	1
335104	1010323	true	22	5	0	4	false	0	 	0	0	0	1	null	0	99999	null	1
335201	1010324	true	22	5	0	5	false	0	 	0	0	0	1	null	0	99999	null	1
335202	1010325	true	22	5	0	5	false	0	 	0	0	0	1	null	0	99999	null	1
335203	1010326	true	22	5	0	5	false	0	 	0	0	0	1	null	0	99999	null	1
335204	1010327	true	22	5	0	5	false	0	 	0	0	0	1	null	0	99999	null	1
336001	1010316	true	22	5	0	3	false	0	 	0	0	0	1	null	0	99999	null	1
336002	1010317	true	22	5	0	3	false	0	 	0	0	0	1	null	0	99999	null	1
336003	1010318	true	22	5	0	3	false	0	 	0	0	0	1	null	0	99999	null	1
336004	1010319	true	22	5	0	3	false	0	 	0	0	0	1	null	0	99999	null	1
336101	1010320	true	22	5	0	4	false	0	 	0	0	0	1	null	0	99999	null	1
336102	1010321	true	22	5	0	4	false	0	 	0	0	0	1	null	0	99999	null	1
336103	1010322	true	22	5	0	4	false	0	 	0	0	0	1	null	0	99999	null	1
336104	1010323	true	22	5	0	4	false	0	 	0	0	0	1	null	0	99999	null	1
336201	1010324	true	22	5	0	5	false	0	 	0	0	0	1	null	0	99999	null	1
336202	1010325	true	22	5	0	5	false	0	 	0	0	0	1	null	0	99999	null	1
336203	1010326	true	22	5	0	5	false	0	 	0	0	0	1	null	0	99999	null	1
336204	1010327	true	22	5	0	5	false	0	 	0	0	0	1	null	0	99999	null	1
337001	1010316	true	22	5	0	3	false	0	 	0	0	0	1	null	0	99999	null	1
337002	1010317	true	22	5	0	3	false	0	 	0	0	0	1	null	0	99999	null	1
337003	1010318	true	22	5	0	3	false	0	 	0	0	0	1	null	0	99999	null	1
337004	1010319	true	22	5	0	3	false	0	 	0	0	0	1	null	0	99999	null	1
337101	1010320	true	22	5	0	4	false	0	 	0	0	0	1	null	0	99999	null	1
337102	1010321	true	22	5	0	4	false	0	 	0	0	0	1	null	0	99999	null	1
337103	1010322	true	22	5	0	4	false	0	 	0	0	0	1	null	0	99999	null	1
337104	1010323	true	22	5	0	4	false	0	 	0	0	0	1	null	0	99999	null	1
337201	1010324	true	22	5	0	5	false	0	 	0	0	0	1	null	0	99999	null	1
337202	1010325	true	22	5	0	5	false	0	 	0	0	0	1	null	0	99999	null	1
337203	1010326	true	22	5	0	5	false	0	 	0	0	0	1	null	0	99999	null	1
337204	1010327	true	22	5	0	5	false	0	 	0	0	0	1	null	0	99999	null	1
338001	1010316	true	22	5	0	3	false	0	 	0	0	0	1	null	0	99999	null	1
338002	1010317	true	22	5	0	3	false	0	 	0	0	0	1	null	0	99999	null	1
338003	1010318	true	22	5	0	3	false	0	 	0	0	0	1	null	0	99999	null	1
338004	1010319	true	22	5	0	3	false	0	 	0	0	0	1	null	0	99999	null	1
338101	1010320	true	22	5	0	4	false	0	 	0	0	0	1	null	0	99999	null	1
338102	1010321	true	22	5	0	4	false	0	 	0	0	0	1	null	0	99999	null	1
338103	1010322	true	22	5	0	4	false	0	 	0	0	0	1	null	0	99999	null	1
338104	1010323	true	22	5	0	4	false	0	 	0	0	0	1	null	0	99999	null	1
338201	1010324	true	22	5	0	5	false	0	 	0	0	0	1	null	0	99999	null	1
338202	1010325	true	22	5	0	5	false	0	 	0	0	0	1	null	0	99999	null	1
338203	1010326	true	22	5	0	5	false	0	 	0	0	0	1	null	0	99999	null	1
338204	1010327	true	22	5	0	5	false	0	 	0	0	0	1	null	0	99999	null	1
339001	1010316	true	22	5	0	3	false	0	 	0	0	0	1	null	0	99999	null	1
339002	1010317	true	22	5	0	3	false	0	 	0	0	0	1	null	0	99999	null	1
339003	1010318	true	22	5	0	3	false	0	 	0	0	0	1	null	0	99999	null	1
339004	1010319	true	22	5	0	3	false	0	 	0	0	0	1	null	0	99999	null	1
339101	1010320	true	22	5	0	4	false	0	 	0	0	0	1	null	0	99999	null	1
339102	1010321	true	22	5	0	4	false	0	 	0	0	0	1	null	0	99999	null	1
339103	1010322	true	22	5	0	4	false	0	 	0	0	0	1	null	0	99999	null	1
339104	1010323	true	22	5	0	4	false	0	 	0	0	0	1	null	0	99999	null	1
339201	1010324	true	22	5	0	5	false	0	 	0	0	0	1	null	0	99999	null	1
339202	1010325	true	22	5	0	5	false	0	 	0	0	0	1	null	0	99999	null	1
339203	1010326	true	22	5	0	5	false	0	 	0	0	0	1	null	0	99999	null	1
339204	1010327	true	22	5	0	5	false	0	 	0	0	0	1	null	0	99999	null	1
340001	1010328	true	22	5	0	3	false	0	 	0	0	0	1	null	0	99999	null	1
340002	1010329	true	22	5	0	3	false	0	 	0	0	0	1	null	0	99999	null	1
340003	1010330	true	22	5	0	3	false	0	 	0	0	0	1	null	0	99999	null	1
340004	1010331	true	22	5	0	3	false	0	 	0	0	0	1	null	0	99999	null	1
340101	1010332	true	22	5	0	4	false	0	 	0	0	0	1	null	0	99999	null	1
340102	1010333	true	22	5	0	4	false	0	 	0	0	0	1	null	0	99999	null	1
340103	1010334	true	22	5	0	4	false	0	 	0	0	0	1	null	0	99999	null	1
340104	1010335	true	22	5	0	4	false	0	 	0	0	0	1	null	0	99999	null	1
340201	1010336	true	22	5	0	5	false	0	 	0	0	0	1	null	0	99999	null	1
340202	1010337	true	22	5	0	5	false	0	 	0	0	0	1	null	0	99999	null	1
340203	1010338	true	22	5	0	5	false	0	 	0	0	0	1	null	0	99999	null	1
340204	1010339	true	22	5	0	5	false	0	 	0	0	0	1	null	0	99999	null	1
341001	1010328	true	22	5	0	3	false	0	 	0	0	0	1	null	0	99999	null	1
341002	1010329	true	22	5	0	3	false	0	 	0	0	0	1	null	0	99999	null	1
341003	1010330	true	22	5	0	3	false	0	 	0	0	0	1	null	0	99999	null	1
341004	1010331	true	22	5	0	3	false	0	 	0	0	0	1	null	0	99999	null	1
341101	1010332	true	22	5	0	4	false	0	 	0	0	0	1	null	0	99999	null	1
341102	1010333	true	22	5	0	4	false	0	 	0	0	0	1	null	0	99999	null	1
341103	1010334	true	22	5	0	4	false	0	 	0	0	0	1	null	0	99999	null	1
341104	1010335	true	22	5	0	4	false	0	 	0	0	0	1	null	0	99999	null	1
341201	1010336	true	22	5	0	5	false	0	 	0	0	0	1	null	0	99999	null	1
341202	1010337	true	22	5	0	5	false	0	 	0	0	0	1	null	0	99999	null	1
341203	1010338	true	22	5	0	5	false	0	 	0	0	0	1	null	0	99999	null	1
341204	1010339	true	22	5	0	5	false	0	 	0	0	0	1	null	0	99999	null	1
342001	1010328	true	22	5	0	3	false	0	 	0	0	0	1	null	0	99999	null	1
342002	1010329	true	22	5	0	3	false	0	 	0	0	0	1	null	0	99999	null	1
342003	1010330	true	22	5	0	3	false	0	 	0	0	0	1	null	0	99999	null	1
342004	1010331	true	22	5	0	3	false	0	 	0	0	0	1	null	0	99999	null	1
342101	1010332	true	22	5	0	4	false	0	 	0	0	0	1	null	0	99999	null	1
342102	1010333	true	22	5	0	4	false	0	 	0	0	0	1	null	0	99999	null	1
342103	1010334	true	22	5	0	4	false	0	 	0	0	0	1	null	0	99999	null	1
342104	1010335	true	22	5	0	4	false	0	 	0	0	0	1	null	0	99999	null	1
342201	1010336	true	22	5	0	5	false	0	 	0	0	0	1	null	0	99999	null	1
342202	1010337	true	22	5	0	5	false	0	 	0	0	0	1	null	0	99999	null	1
342203	1010338	true	22	5	0	5	false	0	 	0	0	0	1	null	0	99999	null	1
342204	1010339	true	22	5	0	5	false	0	 	0	0	0	1	null	0	99999	null	1
343001	1010328	true	22	5	0	3	false	0	 	0	0	0	1	null	0	99999	null	1
343002	1010329	true	22	5	0	3	false	0	 	0	0	0	1	null	0	99999	null	1
343003	1010330	true	22	5	0	3	false	0	 	0	0	0	1	null	0	99999	null	1
343004	1010331	true	22	5	0	3	false	0	 	0	0	0	1	null	0	99999	null	1
343101	1010332	true	22	5	0	4	false	0	 	0	0	0	1	null	0	99999	null	1
343102	1010333	true	22	5	0	4	false	0	 	0	0	0	1	null	0	99999	null	1
343103	1010334	true	22	5	0	4	false	0	 	0	0	0	1	null	0	99999	null	1
343104	1010335	true	22	5	0	4	false	0	 	0	0	0	1	null	0	99999	null	1
343201	1010336	true	22	5	0	5	false	0	 	0	0	0	1	null	0	99999	null	1
343202	1010337	true	22	5	0	5	false	0	 	0	0	0	1	null	0	99999	null	1
343203	1010338	true	22	5	0	5	false	0	 	0	0	0	1	null	0	99999	null	1
343204	1010339	true	22	5	0	5	false	0	 	0	0	0	1	null	0	99999	null	1
344001	1010328	true	22	5	0	3	false	0	 	0	0	0	1	null	0	99999	null	1
344002	1010329	true	22	5	0	3	false	0	 	0	0	0	1	null	0	99999	null	1
344003	1010330	true	22	5	0	3	false	0	 	0	0	0	1	null	0	99999	null	1
344004	1010331	true	22	5	0	3	false	0	 	0	0	0	1	null	0	99999	null	1
344101	1010332	true	22	5	0	4	false	0	 	0	0	0	1	null	0	99999	null	1
344102	1010333	true	22	5	0	4	false	0	 	0	0	0	1	null	0	99999	null	1
344103	1010334	true	22	5	0	4	false	0	 	0	0	0	1	null	0	99999	null	1
344104	1010335	true	22	5	0	4	false	0	 	0	0	0	1	null	0	99999	null	1
344201	1010336	true	22	5	0	5	false	0	 	0	0	0	1	null	0	99999	null	1
344202	1010337	true	22	5	0	5	false	0	 	0	0	0	1	null	0	99999	null	1
344203	1010338	true	22	5	0	5	false	0	 	0	0	0	1	null	0	99999	null	1
344204	1010339	true	22	5	0	5	false	0	 	0	0	0	1	null	0	99999	null	1
345001	1010328	true	22	5	0	3	false	0	 	0	0	0	1	null	0	99999	null	1
345002	1010329	true	22	5	0	3	false	0	 	0	0	0	1	null	0	99999	null	1
345003	1010330	true	22	5	0	3	false	0	 	0	0	0	1	null	0	99999	null	1
345004	1010331	true	22	5	0	3	false	0	 	0	0	0	1	null	0	99999	null	1
345101	1010332	true	22	5	0	4	false	0	 	0	0	0	1	null	0	99999	null	1
345102	1010333	true	22	5	0	4	false	0	 	0	0	0	1	null	0	99999	null	1
345103	1010334	true	22	5	0	4	false	0	 	0	0	0	1	null	0	99999	null	1
345104	1010335	true	22	5	0	4	false	0	 	0	0	0	1	null	0	99999	null	1
345201	1010336	true	22	5	0	5	false	0	 	0	0	0	1	null	0	99999	null	1
345202	1010337	true	22	5	0	5	false	0	 	0	0	0	1	null	0	99999	null	1
345203	1010338	true	22	5	0	5	false	0	 	0	0	0	1	null	0	99999	null	1
345204	1010339	true	22	5	0	5	false	0	 	0	0	0	1	null	0	99999	null	1
346001	1010328	true	22	5	0	3	false	0	 	0	0	0	1	null	0	99999	null	1
346002	1010329	true	22	5	0	3	false	0	 	0	0	0	1	null	0	99999	null	1
346003	1010330	true	22	5	0	3	false	0	 	0	0	0	1	null	0	99999	null	1
346004	1010331	true	22	5	0	3	false	0	 	0	0	0	1	null	0	99999	null	1
346101	1010332	true	22	5	0	4	false	0	 	0	0	0	1	null	0	99999	null	1
346102	1010333	true	22	5	0	4	false	0	 	0	0	0	1	null	0	99999	null	1
346103	1010334	true	22	5	0	4	false	0	 	0	0	0	1	null	0	99999	null	1
346104	1010335	true	22	5	0	4	false	0	 	0	0	0	1	null	0	99999	null	1
346201	1010336	true	22	5	0	5	false	0	 	0	0	0	1	null	0	99999	null	1
346202	1010337	true	22	5	0	5	false	0	 	0	0	0	1	null	0	99999	null	1
346203	1010338	true	22	5	0	5	false	0	 	0	0	0	1	null	0	99999	null	1
346204	1010339	true	22	5	0	5	false	0	 	0	0	0	1	null	0	99999	null	1
347001	1010328	true	22	5	0	3	false	0	 	0	0	0	1	null	0	99999	null	1
347002	1010329	true	22	5	0	3	false	0	 	0	0	0	1	null	0	99999	null	1
347003	1010330	true	22	5	0	3	false	0	 	0	0	0	1	null	0	99999	null	1
347004	1010331	true	22	5	0	3	false	0	 	0	0	0	1	null	0	99999	null	1
347101	1010332	true	22	5	0	4	false	0	 	0	0	0	1	null	0	99999	null	1
347102	1010333	true	22	5	0	4	false	0	 	0	0	0	1	null	0	99999	null	1
347103	1010334	true	22	5	0	4	false	0	 	0	0	0	1	null	0	99999	null	1
347104	1010335	true	22	5	0	4	false	0	 	0	0	0	1	null	0	99999	null	1
347201	1010336	true	22	5	0	5	false	0	 	0	0	0	1	null	0	99999	null	1
347202	1010337	true	22	5	0	5	false	0	 	0	0	0	1	null	0	99999	null	1
347203	1010338	true	22	5	0	5	false	0	 	0	0	0	1	null	0	99999	null	1
347204	1010339	true	22	5	0	5	false	0	 	0	0	0	1	null	0	99999	null	1
348001	1010328	true	22	5	0	3	false	0	 	0	0	0	1	null	0	99999	null	1
348002	1010329	true	22	5	0	3	false	0	 	0	0	0	1	null	0	99999	null	1
348003	1010330	true	22	5	0	3	false	0	 	0	0	0	1	null	0	99999	null	1
348004	1010331	true	22	5	0	3	false	0	 	0	0	0	1	null	0	99999	null	1
348101	1010332	true	22	5	0	4	false	0	 	0	0	0	1	null	0	99999	null	1
348102	1010333	true	22	5	0	4	false	0	 	0	0	0	1	null	0	99999	null	1
348103	1010334	true	22	5	0	4	false	0	 	0	0	0	1	null	0	99999	null	1
348104	1010335	true	22	5	0	4	false	0	 	0	0	0	1	null	0	99999	null	1
348201	1010336	true	22	5	0	5	false	0	 	0	0	0	1	null	0	99999	null	1
348202	1010337	true	22	5	0	5	false	0	 	0	0	0	1	null	0	99999	null	1
348203	1010338	true	22	5	0	5	false	0	 	0	0	0	1	null	0	99999	null	1
348204	1010339	true	22	5	0	5	false	0	 	0	0	0	1	null	0	99999	null	1
349001	1010328	true	22	5	0	3	false	0	 	0	0	0	1	null	0	99999	null	1
349002	1010329	true	22	5	0	3	false	0	 	0	0	0	1	null	0	99999	null	1
349003	1010330	true	22	5	0	3	false	0	 	0	0	0	1	null	0	99999	null	1
349004	1010331	true	22	5	0	3	false	0	 	0	0	0	1	null	0	99999	null	1
349101	1010332	true	22	5	0	4	false	0	 	0	0	0	1	null	0	99999	null	1
349102	1010333	true	22	5	0	4	false	0	 	0	0	0	1	null	0	99999	null	1
349103	1010334	true	22	5	0	4	false	0	 	0	0	0	1	null	0	99999	null	1
349104	1010335	true	22	5	0	4	false	0	 	0	0	0	1	null	0	99999	null	1
349201	1010336	true	22	5	0	5	false	0	 	0	0	0	1	null	0	99999	null	1
349202	1010337	true	22	5	0	5	false	0	 	0	0	0	1	null	0	99999	null	1
349203	1010338	true	22	5	0	5	false	0	 	0	0	0	1	null	0	99999	null	1
349204	1010339	true	22	5	0	5	false	0	 	0	0	0	1	null	0	99999	null	1
350001	1010340	true	22	5	0	3	false	0	 	0	0	0	1	null	0	99999	null	1
350002	1010341	true	22	5	0	3	false	0	 	0	0	0	1	null	0	99999	null	1
350003	1010342	true	22	5	0	3	false	0	 	0	0	0	1	null	0	99999	null	1
350004	1010343	true	22	5	0	3	false	0	 	0	0	0	1	null	0	99999	null	1
350101	1010344	true	22	5	0	4	false	0	 	0	0	0	1	null	0	99999	null	1
350102	1010345	true	22	5	0	4	false	0	 	0	0	0	1	null	0	99999	null	1
350103	1010346	true	22	5	0	4	false	0	 	0	0	0	1	null	0	99999	null	1
350104	1010347	true	22	5	0	4	false	0	 	0	0	0	1	null	0	99999	null	1
350201	1010348	true	22	5	0	5	false	0	 	0	0	0	1	null	0	99999	null	1
350202	1010349	true	22	5	0	5	false	0	 	0	0	0	1	null	0	99999	null	1
350203	1010350	true	22	5	0	5	false	0	 	0	0	0	1	null	0	99999	null	1
350204	1010351	true	22	5	0	5	false	0	 	0	0	0	1	null	0	99999	null	1
351001	1010340	true	22	5	0	3	false	0	 	0	0	0	1	null	0	99999	null	1
351002	1010341	true	22	5	0	3	false	0	 	0	0	0	1	null	0	99999	null	1
351003	1010342	true	22	5	0	3	false	0	 	0	0	0	1	null	0	99999	null	1
351004	1010343	true	22	5	0	3	false	0	 	0	0	0	1	null	0	99999	null	1
351101	1010344	true	22	5	0	4	false	0	 	0	0	0	1	null	0	99999	null	1
351102	1010345	true	22	5	0	4	false	0	 	0	0	0	1	null	0	99999	null	1
351103	1010346	true	22	5	0	4	false	0	 	0	0	0	1	null	0	99999	null	1
351104	1010347	true	22	5	0	4	false	0	 	0	0	0	1	null	0	99999	null	1
351201	1010348	true	22	5	0	5	false	0	 	0	0	0	1	null	0	99999	null	1
351202	1010349	true	22	5	0	5	false	0	 	0	0	0	1	null	0	99999	null	1
351203	1010350	true	22	5	0	5	false	0	 	0	0	0	1	null	0	99999	null	1
351204	1010351	true	22	5	0	5	false	0	 	0	0	0	1	null	0	99999	null	1
352001	1010340	true	22	5	0	3	false	0	 	0	0	0	1	null	0	99999	null	1
352002	1010341	true	22	5	0	3	false	0	 	0	0	0	1	null	0	99999	null	1
352003	1010342	true	22	5	0	3	false	0	 	0	0	0	1	null	0	99999	null	1
352004	1010343	true	22	5	0	3	false	0	 	0	0	0	1	null	0	99999	null	1
352101	1010344	true	22	5	0	4	false	0	 	0	0	0	1	null	0	99999	null	1
352102	1010345	true	22	5	0	4	false	0	 	0	0	0	1	null	0	99999	null	1
352103	1010346	true	22	5	0	4	false	0	 	0	0	0	1	null	0	99999	null	1
352104	1010347	true	22	5	0	4	false	0	 	0	0	0	1	null	0	99999	null	1
352201	1010348	true	22	5	0	5	false	0	 	0	0	0	1	null	0	99999	null	1
352202	1010349	true	22	5	0	5	false	0	 	0	0	0	1	null	0	99999	null	1
352203	1010350	true	22	5	0	5	false	0	 	0	0	0	1	null	0	99999	null	1
352204	1010351	true	22	5	0	5	false	0	 	0	0	0	1	null	0	99999	null	1
353001	1010340	true	22	5	0	3	false	0	 	0	0	0	1	null	0	99999	null	1
353002	1010341	true	22	5	0	3	false	0	 	0	0	0	1	null	0	99999	null	1
353003	1010342	true	22	5	0	3	false	0	 	0	0	0	1	null	0	99999	null	1
353004	1010343	true	22	5	0	3	false	0	 	0	0	0	1	null	0	99999	null	1
353101	1010344	true	22	5	0	4	false	0	 	0	0	0	1	null	0	99999	null	1
353102	1010345	true	22	5	0	4	false	0	 	0	0	0	1	null	0	99999	null	1
353103	1010346	true	22	5	0	4	false	0	 	0	0	0	1	null	0	99999	null	1
353104	1010347	true	22	5	0	4	false	0	 	0	0	0	1	null	0	99999	null	1
353201	1010348	true	22	5	0	5	false	0	 	0	0	0	1	null	0	99999	null	1
353202	1010349	true	22	5	0	5	false	0	 	0	0	0	1	null	0	99999	null	1
353203	1010350	true	22	5	0	5	false	0	 	0	0	0	1	null	0	99999	null	1
353204	1010351	true	22	5	0	5	false	0	 	0	0	0	1	null	0	99999	null	1
354001	1010340	true	22	5	0	3	false	0	 	0	0	0	1	null	0	99999	null	1
354002	1010341	true	22	5	0	3	false	0	 	0	0	0	1	null	0	99999	null	1
354003	1010342	true	22	5	0	3	false	0	 	0	0	0	1	null	0	99999	null	1
354004	1010343	true	22	5	0	3	false	0	 	0	0	0	1	null	0	99999	null	1
354101	1010344	true	22	5	0	4	false	0	 	0	0	0	1	null	0	99999	null	1
354102	1010345	true	22	5	0	4	false	0	 	0	0	0	1	null	0	99999	null	1
354103	1010346	true	22	5	0	4	false	0	 	0	0	0	1	null	0	99999	null	1
354104	1010347	true	22	5	0	4	false	0	 	0	0	0	1	null	0	99999	null	1
354201	1010348	true	22	5	0	5	false	0	 	0	0	0	1	null	0	99999	null	1
354202	1010349	true	22	5	0	5	false	0	 	0	0	0	1	null	0	99999	null	1
354203	1010350	true	22	5	0	5	false	0	 	0	0	0	1	null	0	99999	null	1
354204	1010351	true	22	5	0	5	false	0	 	0	0	0	1	null	0	99999	null	1
355001	1010340	true	22	5	0	3	false	0	 	0	0	0	1	null	0	99999	null	1
355002	1010341	true	22	5	0	3	false	0	 	0	0	0	1	null	0	99999	null	1
355003	1010342	true	22	5	0	3	false	0	 	0	0	0	1	null	0	99999	null	1
355004	1010343	true	22	5	0	3	false	0	 	0	0	0	1	null	0	99999	null	1
355101	1010344	true	22	5	0	4	false	0	 	0	0	0	1	null	0	99999	null	1
355102	1010345	true	22	5	0	4	false	0	 	0	0	0	1	null	0	99999	null	1
355103	1010346	true	22	5	0	4	false	0	 	0	0	0	1	null	0	99999	null	1
355104	1010347	true	22	5	0	4	false	0	 	0	0	0	1	null	0	99999	null	1
355201	1010348	true	22	5	0	5	false	0	 	0	0	0	1	null	0	99999	null	1
355202	1010349	true	22	5	0	5	false	0	 	0	0	0	1	null	0	99999	null	1
355203	1010350	true	22	5	0	5	false	0	 	0	0	0	1	null	0	99999	null	1
355204	1010351	true	22	5	0	5	false	0	 	0	0	0	1	null	0	99999	null	1
356001	1010340	true	22	5	0	3	false	0	 	0	0	0	1	null	0	99999	null	1
356002	1010341	true	22	5	0	3	false	0	 	0	0	0	1	null	0	99999	null	1
356003	1010342	true	22	5	0	3	false	0	 	0	0	0	1	null	0	99999	null	1
356004	1010343	true	22	5	0	3	false	0	 	0	0	0	1	null	0	99999	null	1
356101	1010344	true	22	5	0	4	false	0	 	0	0	0	1	null	0	99999	null	1
356102	1010345	true	22	5	0	4	false	0	 	0	0	0	1	null	0	99999	null	1
356103	1010346	true	22	5	0	4	false	0	 	0	0	0	1	null	0	99999	null	1
356104	1010347	true	22	5	0	4	false	0	 	0	0	0	1	null	0	99999	null	1
356201	1010348	true	22	5	0	5	false	0	 	0	0	0	1	null	0	99999	null	1
356202	1010349	true	22	5	0	5	false	0	 	0	0	0	1	null	0	99999	null	1
356203	1010350	true	22	5	0	5	false	0	 	0	0	0	1	null	0	99999	null	1
356204	1010351	true	22	5	0	5	false	0	 	0	0	0	1	null	0	99999	null	1
357001	1010340	true	22	5	0	3	false	0	 	0	0	0	1	null	0	99999	null	1
357002	1010341	true	22	5	0	3	false	0	 	0	0	0	1	null	0	99999	null	1
357003	1010342	true	22	5	0	3	false	0	 	0	0	0	1	null	0	99999	null	1
357004	1010343	true	22	5	0	3	false	0	 	0	0	0	1	null	0	99999	null	1
357101	1010344	true	22	5	0	4	false	0	 	0	0	0	1	null	0	99999	null	1
357102	1010345	true	22	5	0	4	false	0	 	0	0	0	1	null	0	99999	null	1
357103	1010346	true	22	5	0	4	false	0	 	0	0	0	1	null	0	99999	null	1
357104	1010347	true	22	5	0	4	false	0	 	0	0	0	1	null	0	99999	null	1
357201	1010348	true	22	5	0	5	false	0	 	0	0	0	1	null	0	99999	null	1
357202	1010349	true	22	5	0	5	false	0	 	0	0	0	1	null	0	99999	null	1
357203	1010350	true	22	5	0	5	false	0	 	0	0	0	1	null	0	99999	null	1
357204	1010351	true	22	5	0	5	false	0	 	0	0	0	1	null	0	99999	null	1
358001	1010340	true	22	5	0	3	false	0	 	0	0	0	1	null	0	99999	null	1
358002	1010341	true	22	5	0	3	false	0	 	0	0	0	1	null	0	99999	null	1
358003	1010342	true	22	5	0	3	false	0	 	0	0	0	1	null	0	99999	null	1
358004	1010343	true	22	5	0	3	false	0	 	0	0	0	1	null	0	99999	null	1
358101	1010344	true	22	5	0	4	false	0	 	0	0	0	1	null	0	99999	null	1
358102	1010345	true	22	5	0	4	false	0	 	0	0	0	1	null	0	99999	null	1
358103	1010346	true	22	5	0	4	false	0	 	0	0	0	1	null	0	99999	null	1
358104	1010347	true	22	5	0	4	false	0	 	0	0	0	1	null	0	99999	null	1
358201	1010348	true	22	5	0	5	false	0	 	0	0	0	1	null	0	99999	null	1
358202	1010349	true	22	5	0	5	false	0	 	0	0	0	1	null	0	99999	null	1
358203	1010350	true	22	5	0	5	false	0	 	0	0	0	1	null	0	99999	null	1
358204	1010351	true	22	5	0	5	false	0	 	0	0	0	1	null	0	99999	null	1
359001	1010340	true	22	5	0	3	false	0	 	0	0	0	1	null	0	99999	null	1
359002	1010341	true	22	5	0	3	false	0	 	0	0	0	1	null	0	99999	null	1
359003	1010342	true	22	5	0	3	false	0	 	0	0	0	1	null	0	99999	null	1
359004	1010343	true	22	5	0	3	false	0	 	0	0	0	1	null	0	99999	null	1
359101	1010344	true	22	5	0	4	false	0	 	0	0	0	1	null	0	99999	null	1
359102	1010345	true	22	5	0	4	false	0	 	0	0	0	1	null	0	99999	null	1
359103	1010346	true	22	5	0	4	false	0	 	0	0	0	1	null	0	99999	null	1
359104	1010347	true	22	5	0	4	false	0	 	0	0	0	1	null	0	99999	null	1
359201	1010348	true	22	5	0	5	false	0	 	0	0	0	1	null	0	99999	null	1
359202	1010349	true	22	5	0	5	false	0	 	0	0	0	1	null	0	99999	null	1
359203	1010350	true	22	5	0	5	false	0	 	0	0	0	1	null	0	99999	null	1
359204	1010351	true	22	5	0	5	false	0	 	0	0	0	1	null	0	99999	null	1
360001	1010352	true	22	5	0	3	false	0	 	0	0	0	1	null	0	99999	null	1
360002	1010353	true	22	5	0	3	false	0	 	0	0	0	1	null	0	99999	null	1
360003	1010354	true	22	5	0	3	false	0	 	0	0	0	1	null	0	99999	null	1
360004	1010355	true	22	5	0	3	false	0	 	0	0	0	1	null	0	99999	null	1
360101	1010356	true	22	5	0	4	false	0	 	0	0	0	1	null	0	99999	null	1
360102	1010357	true	22	5	0	4	false	0	 	0	0	0	1	null	0	99999	null	1
360103	1010358	true	22	5	0	4	false	0	 	0	0	0	1	null	0	99999	null	1
360104	1010359	true	22	5	0	4	false	0	 	0	0	0	1	null	0	99999	null	1
360201	1010360	true	22	5	0	5	false	0	 	0	0	0	1	null	0	99999	null	1
360202	1010361	true	22	5	0	5	false	0	 	0	0	0	1	null	0	99999	null	1
360203	1010362	true	22	5	0	5	false	0	 	0	0	0	1	null	0	99999	null	1
360204	1010363	true	22	5	0	5	false	0	 	0	0	0	1	null	0	99999	null	1
361001	1010352	true	22	5	0	3	false	0	 	0	0	0	1	null	0	99999	null	1
361002	1010353	true	22	5	0	3	false	0	 	0	0	0	1	null	0	99999	null	1
361003	1010354	true	22	5	0	3	false	0	 	0	0	0	1	null	0	99999	null	1
361004	1010355	true	22	5	0	3	false	0	 	0	0	0	1	null	0	99999	null	1
361101	1010356	true	22	5	0	4	false	0	 	0	0	0	1	null	0	99999	null	1
361102	1010357	true	22	5	0	4	false	0	 	0	0	0	1	null	0	99999	null	1
361103	1010358	true	22	5	0	4	false	0	 	0	0	0	1	null	0	99999	null	1
361104	1010359	true	22	5	0	4	false	0	 	0	0	0	1	null	0	99999	null	1
361201	1010360	true	22	5	0	5	false	0	 	0	0	0	1	null	0	99999	null	1
361202	1010361	true	22	5	0	5	false	0	 	0	0	0	1	null	0	99999	null	1
361203	1010362	true	22	5	0	5	false	0	 	0	0	0	1	null	0	99999	null	1
361204	1010363	true	22	5	0	5	false	0	 	0	0	0	1	null	0	99999	null	1
362001	1010352	true	22	5	0	3	false	0	 	0	0	0	1	null	0	99999	null	1
362002	1010353	true	22	5	0	3	false	0	 	0	0	0	1	null	0	99999	null	1
362003	1010354	true	22	5	0	3	false	0	 	0	0	0	1	null	0	99999	null	1
362004	1010355	true	22	5	0	3	false	0	 	0	0	0	1	null	0	99999	null	1
362101	1010356	true	22	5	0	4	false	0	 	0	0	0	1	null	0	99999	null	1
362102	1010357	true	22	5	0	4	false	0	 	0	0	0	1	null	0	99999	null	1
362103	1010358	true	22	5	0	4	false	0	 	0	0	0	1	null	0	99999	null	1
362104	1010359	true	22	5	0	4	false	0	 	0	0	0	1	null	0	99999	null	1
362201	1010360	true	22	5	0	5	false	0	 	0	0	0	1	null	0	99999	null	1
362202	1010361	true	22	5	0	5	false	0	 	0	0	0	1	null	0	99999	null	1
362203	1010362	true	22	5	0	5	false	0	 	0	0	0	1	null	0	99999	null	1
362204	1010363	true	22	5	0	5	false	0	 	0	0	0	1	null	0	99999	null	1
363001	1010352	true	22	5	0	3	false	0	 	0	0	0	1	null	0	99999	null	1
363002	1010353	true	22	5	0	3	false	0	 	0	0	0	1	null	0	99999	null	1
363003	1010354	true	22	5	0	3	false	0	 	0	0	0	1	null	0	99999	null	1
363004	1010355	true	22	5	0	3	false	0	 	0	0	0	1	null	0	99999	null	1
363101	1010356	true	22	5	0	4	false	0	 	0	0	0	1	null	0	99999	null	1
363102	1010357	true	22	5	0	4	false	0	 	0	0	0	1	null	0	99999	null	1
363103	1010358	true	22	5	0	4	false	0	 	0	0	0	1	null	0	99999	null	1
363104	1010359	true	22	5	0	4	false	0	 	0	0	0	1	null	0	99999	null	1
363201	1010360	true	22	5	0	5	false	0	 	0	0	0	1	null	0	99999	null	1
363202	1010361	true	22	5	0	5	false	0	 	0	0	0	1	null	0	99999	null	1
363203	1010362	true	22	5	0	5	false	0	 	0	0	0	1	null	0	99999	null	1
363204	1010363	true	22	5	0	5	false	0	 	0	0	0	1	null	0	99999	null	1
364001	1010352	true	22	5	0	3	false	0	 	0	0	0	1	null	0	99999	null	1
364002	1010353	true	22	5	0	3	false	0	 	0	0	0	1	null	0	99999	null	1
364003	1010354	true	22	5	0	3	false	0	 	0	0	0	1	null	0	99999	null	1
364004	1010355	true	22	5	0	3	false	0	 	0	0	0	1	null	0	99999	null	1
364101	1010356	true	22	5	0	4	false	0	 	0	0	0	1	null	0	99999	null	1
364102	1010357	true	22	5	0	4	false	0	 	0	0	0	1	null	0	99999	null	1
364103	1010358	true	22	5	0	4	false	0	 	0	0	0	1	null	0	99999	null	1
364104	1010359	true	22	5	0	4	false	0	 	0	0	0	1	null	0	99999	null	1
364201	1010360	true	22	5	0	5	false	0	 	0	0	0	1	null	0	99999	null	1
364202	1010361	true	22	5	0	5	false	0	 	0	0	0	1	null	0	99999	null	1
364203	1010362	true	22	5	0	5	false	0	 	0	0	0	1	null	0	99999	null	1
364204	1010363	true	22	5	0	5	false	0	 	0	0	0	1	null	0	99999	null	1
365001	1010352	true	22	5	0	3	false	0	 	0	0	0	1	null	0	99999	null	1
365002	1010353	true	22	5	0	3	false	0	 	0	0	0	1	null	0	99999	null	1
365003	1010354	true	22	5	0	3	false	0	 	0	0	0	1	null	0	99999	null	1
365004	1010355	true	22	5	0	3	false	0	 	0	0	0	1	null	0	99999	null	1
365101	1010356	true	22	5	0	4	false	0	 	0	0	0	1	null	0	99999	null	1
365102	1010357	true	22	5	0	4	false	0	 	0	0	0	1	null	0	99999	null	1
365103	1010358	true	22	5	0	4	false	0	 	0	0	0	1	null	0	99999	null	1
365104	1010359	true	22	5	0	4	false	0	 	0	0	0	1	null	0	99999	null	1
365201	1010360	true	22	5	0	5	false	0	 	0	0	0	1	null	0	99999	null	1
365202	1010361	true	22	5	0	5	false	0	 	0	0	0	1	null	0	99999	null	1
365203	1010362	true	22	5	0	5	false	0	 	0	0	0	1	null	0	99999	null	1
365204	1010363	true	22	5	0	5	false	0	 	0	0	0	1	null	0	99999	null	1
366001	1010352	true	22	5	0	3	false	0	 	0	0	0	1	null	0	99999	null	1
366002	1010353	true	22	5	0	3	false	0	 	0	0	0	1	null	0	99999	null	1
366003	1010354	true	22	5	0	3	false	0	 	0	0	0	1	null	0	99999	null	1
366004	1010355	true	22	5	0	3	false	0	 	0	0	0	1	null	0	99999	null	1
366101	1010356	true	22	5	0	4	false	0	 	0	0	0	1	null	0	99999	null	1
366102	1010357	true	22	5	0	4	false	0	 	0	0	0	1	null	0	99999	null	1
366103	1010358	true	22	5	0	4	false	0	 	0	0	0	1	null	0	99999	null	1
366104	1010359	true	22	5	0	4	false	0	 	0	0	0	1	null	0	99999	null	1
366201	1010360	true	22	5	0	5	false	0	 	0	0	0	1	null	0	99999	null	1
366202	1010361	true	22	5	0	5	false	0	 	0	0	0	1	null	0	99999	null	1
366203	1010362	true	22	5	0	5	false	0	 	0	0	0	1	null	0	99999	null	1
366204	1010363	true	22	5	0	5	false	0	 	0	0	0	1	null	0	99999	null	1
367001	1010352	true	22	5	0	3	false	0	 	0	0	0	1	null	0	99999	null	1
367002	1010353	true	22	5	0	3	false	0	 	0	0	0	1	null	0	99999	null	1
367003	1010354	true	22	5	0	3	false	0	 	0	0	0	1	null	0	99999	null	1
367004	1010355	true	22	5	0	3	false	0	 	0	0	0	1	null	0	99999	null	1
367101	1010356	true	22	5	0	4	false	0	 	0	0	0	1	null	0	99999	null	1
367102	1010357	true	22	5	0	4	false	0	 	0	0	0	1	null	0	99999	null	1
367103	1010358	true	22	5	0	4	false	0	 	0	0	0	1	null	0	99999	null	1
367104	1010359	true	22	5	0	4	false	0	 	0	0	0	1	null	0	99999	null	1
367201	1010360	true	22	5	0	5	false	0	 	0	0	0	1	null	0	99999	null	1
367202	1010361	true	22	5	0	5	false	0	 	0	0	0	1	null	0	99999	null	1
367203	1010362	true	22	5	0	5	false	0	 	0	0	0	1	null	0	99999	null	1
367204	1010363	true	22	5	0	5	false	0	 	0	0	0	1	null	0	99999	null	1
368001	1010352	true	22	5	0	3	false	0	 	0	0	0	1	null	0	99999	null	1
368002	1010353	true	22	5	0	3	false	0	 	0	0	0	1	null	0	99999	null	1
368003	1010354	true	22	5	0	3	false	0	 	0	0	0	1	null	0	99999	null	1
368004	1010355	true	22	5	0	3	false	0	 	0	0	0	1	null	0	99999	null	1
368101	1010356	true	22	5	0	4	false	0	 	0	0	0	1	null	0	99999	null	1
368102	1010357	true	22	5	0	4	false	0	 	0	0	0	1	null	0	99999	null	1
368103	1010358	true	22	5	0	4	false	0	 	0	0	0	1	null	0	99999	null	1
368104	1010359	true	22	5	0	4	false	0	 	0	0	0	1	null	0	99999	null	1
368201	1010360	true	22	5	0	5	false	0	 	0	0	0	1	null	0	99999	null	1
368202	1010361	true	22	5	0	5	false	0	 	0	0	0	1	null	0	99999	null	1
368203	1010362	true	22	5	0	5	false	0	 	0	0	0	1	null	0	99999	null	1
368204	1010363	true	22	5	0	5	false	0	 	0	0	0	1	null	0	99999	null	1
369001	1010352	true	22	5	0	3	false	0	 	0	0	0	1	null	0	99999	null	1
369002	1010353	true	22	5	0	3	false	0	 	0	0	0	1	null	0	99999	null	1
369003	1010354	true	22	5	0	3	false	0	 	0	0	0	1	null	0	99999	null	1
369004	1010355	true	22	5	0	3	false	0	 	0	0	0	1	null	0	99999	null	1
369101	1010356	true	22	5	0	4	false	0	 	0	0	0	1	null	0	99999	null	1
369102	1010357	true	22	5	0	4	false	0	 	0	0	0	1	null	0	99999	null	1
369103	1010358	true	22	5	0	4	false	0	 	0	0	0	1	null	0	99999	null	1
369104	1010359	true	22	5	0	4	false	0	 	0	0	0	1	null	0	99999	null	1
369201	1010360	true	22	5	0	5	false	0	 	0	0	0	1	null	0	99999	null	1
369202	1010361	true	22	5	0	5	false	0	 	0	0	0	1	null	0	99999	null	1
369203	1010362	true	22	5	0	5	false	0	 	0	0	0	1	null	0	99999	null	1
369204	1010363	true	22	5	0	5	false	0	 	0	0	0	1	null	0	99999	null	1
370001	1010364	true	22	5	0	3	false	0	 	0	0	0	1	null	0	99999	null	1
370002	1010365	true	22	5	0	3	false	0	 	0	0	0	1	null	0	99999	null	1
370003	1010366	true	22	5	0	3	false	0	 	0	0	0	1	null	0	99999	null	1
370004	1010367	true	22	5	0	3	false	0	 	0	0	0	1	null	0	99999	null	1
370101	1010368	true	22	5	0	4	false	0	 	0	0	0	1	null	0	99999	null	1
370102	1010369	true	22	5	0	4	false	0	 	0	0	0	1	null	0	99999	null	1
370103	1010370	true	22	5	0	4	false	0	 	0	0	0	1	null	0	99999	null	1
370104	1010371	true	22	5	0	4	false	0	 	0	0	0	1	null	0	99999	null	1
370201	1010372	true	22	5	0	5	false	0	 	0	0	0	1	null	0	99999	null	1
370202	1010373	true	22	5	0	5	false	0	 	0	0	0	1	null	0	99999	null	1
370203	1010374	true	22	5	0	5	false	0	 	0	0	0	1	null	0	99999	null	1
370204	1010375	true	22	5	0	5	false	0	 	0	0	0	1	null	0	99999	null	1
371001	1010364	true	22	5	0	3	false	0	 	0	0	0	1	null	0	99999	null	1
371002	1010365	true	22	5	0	3	false	0	 	0	0	0	1	null	0	99999	null	1
371003	1010366	true	22	5	0	3	false	0	 	0	0	0	1	null	0	99999	null	1
371004	1010367	true	22	5	0	3	false	0	 	0	0	0	1	null	0	99999	null	1
371101	1010368	true	22	5	0	4	false	0	 	0	0	0	1	null	0	99999	null	1
371102	1010369	true	22	5	0	4	false	0	 	0	0	0	1	null	0	99999	null	1
371103	1010370	true	22	5	0	4	false	0	 	0	0	0	1	null	0	99999	null	1
371104	1010371	true	22	5	0	4	false	0	 	0	0	0	1	null	0	99999	null	1
371201	1010372	true	22	5	0	5	false	0	 	0	0	0	1	null	0	99999	null	1
371202	1010373	true	22	5	0	5	false	0	 	0	0	0	1	null	0	99999	null	1
371203	1010374	true	22	5	0	5	false	0	 	0	0	0	1	null	0	99999	null	1
371204	1010375	true	22	5	0	5	false	0	 	0	0	0	1	null	0	99999	null	1
372001	1010364	true	22	5	0	3	false	0	 	0	0	0	1	null	0	99999	null	1
372002	1010365	true	22	5	0	3	false	0	 	0	0	0	1	null	0	99999	null	1
372003	1010366	true	22	5	0	3	false	0	 	0	0	0	1	null	0	99999	null	1
372004	1010367	true	22	5	0	3	false	0	 	0	0	0	1	null	0	99999	null	1
372101	1010368	true	22	5	0	4	false	0	 	0	0	0	1	null	0	99999	null	1
372102	1010369	true	22	5	0	4	false	0	 	0	0	0	1	null	0	99999	null	1
372103	1010370	true	22	5	0	4	false	0	 	0	0	0	1	null	0	99999	null	1
372104	1010371	true	22	5	0	4	false	0	 	0	0	0	1	null	0	99999	null	1
372201	1010372	true	22	5	0	5	false	0	 	0	0	0	1	null	0	99999	null	1
372202	1010373	true	22	5	0	5	false	0	 	0	0	0	1	null	0	99999	null	1
372203	1010374	true	22	5	0	5	false	0	 	0	0	0	1	null	0	99999	null	1
372204	1010375	true	22	5	0	5	false	0	 	0	0	0	1	null	0	99999	null	1
373001	1010364	true	22	5	0	3	false	0	 	0	0	0	1	null	0	99999	null	1
373002	1010365	true	22	5	0	3	false	0	 	0	0	0	1	null	0	99999	null	1
373003	1010366	true	22	5	0	3	false	0	 	0	0	0	1	null	0	99999	null	1
373004	1010367	true	22	5	0	3	false	0	 	0	0	0	1	null	0	99999	null	1
373101	1010368	true	22	5	0	4	false	0	 	0	0	0	1	null	0	99999	null	1
373102	1010369	true	22	5	0	4	false	0	 	0	0	0	1	null	0	99999	null	1
373103	1010370	true	22	5	0	4	false	0	 	0	0	0	1	null	0	99999	null	1
373104	1010371	true	22	5	0	4	false	0	 	0	0	0	1	null	0	99999	null	1
373201	1010372	true	22	5	0	5	false	0	 	0	0	0	1	null	0	99999	null	1
373202	1010373	true	22	5	0	5	false	0	 	0	0	0	1	null	0	99999	null	1
373203	1010374	true	22	5	0	5	false	0	 	0	0	0	1	null	0	99999	null	1
373204	1010375	true	22	5	0	5	false	0	 	0	0	0	1	null	0	99999	null	1
374001	1010364	true	22	5	0	3	false	0	 	0	0	0	1	null	0	99999	null	1
374002	1010365	true	22	5	0	3	false	0	 	0	0	0	1	null	0	99999	null	1
374003	1010366	true	22	5	0	3	false	0	 	0	0	0	1	null	0	99999	null	1
374004	1010367	true	22	5	0	3	false	0	 	0	0	0	1	null	0	99999	null	1
374101	1010368	true	22	5	0	4	false	0	 	0	0	0	1	null	0	99999	null	1
374102	1010369	true	22	5	0	4	false	0	 	0	0	0	1	null	0	99999	null	1
374103	1010370	true	22	5	0	4	false	0	 	0	0	0	1	null	0	99999	null	1
374104	1010371	true	22	5	0	4	false	0	 	0	0	0	1	null	0	99999	null	1
374201	1010372	true	22	5	0	5	false	0	 	0	0	0	1	null	0	99999	null	1
374202	1010373	true	22	5	0	5	false	0	 	0	0	0	1	null	0	99999	null	1
374203	1010374	true	22	5	0	5	false	0	 	0	0	0	1	null	0	99999	null	1
374204	1010375	true	22	5	0	5	false	0	 	0	0	0	1	null	0	99999	null	1
375001	1010364	true	22	5	0	3	false	0	 	0	0	0	1	null	0	99999	null	1
375002	1010365	true	22	5	0	3	false	0	 	0	0	0	1	null	0	99999	null	1
375003	1010366	true	22	5	0	3	false	0	 	0	0	0	1	null	0	99999	null	1
375004	1010367	true	22	5	0	3	false	0	 	0	0	0	1	null	0	99999	null	1
375101	1010368	true	22	5	0	4	false	0	 	0	0	0	1	null	0	99999	null	1
375102	1010369	true	22	5	0	4	false	0	 	0	0	0	1	null	0	99999	null	1
375103	1010370	true	22	5	0	4	false	0	 	0	0	0	1	null	0	99999	null	1
375104	1010371	true	22	5	0	4	false	0	 	0	0	0	1	null	0	99999	null	1
375201	1010372	true	22	5	0	5	false	0	 	0	0	0	1	null	0	99999	null	1
375202	1010373	true	22	5	0	5	false	0	 	0	0	0	1	null	0	99999	null	1
375203	1010374	true	22	5	0	5	false	0	 	0	0	0	1	null	0	99999	null	1
375204	1010375	true	22	5	0	5	false	0	 	0	0	0	1	null	0	99999	null	1
376001	1010364	true	22	5	0	3	false	0	 	0	0	0	1	null	0	99999	null	1
376002	1010365	true	22	5	0	3	false	0	 	0	0	0	1	null	0	99999	null	1
376003	1010366	true	22	5	0	3	false	0	 	0	0	0	1	null	0	99999	null	1
376004	1010367	true	22	5	0	3	false	0	 	0	0	0	1	null	0	99999	null	1
376101	1010368	true	22	5	0	4	false	0	 	0	0	0	1	null	0	99999	null	1
376102	1010369	true	22	5	0	4	false	0	 	0	0	0	1	null	0	99999	null	1
376103	1010370	true	22	5	0	4	false	0	 	0	0	0	1	null	0	99999	null	1
376104	1010371	true	22	5	0	4	false	0	 	0	0	0	1	null	0	99999	null	1
376201	1010372	true	22	5	0	5	false	0	 	0	0	0	1	null	0	99999	null	1
376202	1010373	true	22	5	0	5	false	0	 	0	0	0	1	null	0	99999	null	1
376203	1010374	true	22	5	0	5	false	0	 	0	0	0	1	null	0	99999	null	1
376204	1010375	true	22	5	0	5	false	0	 	0	0	0	1	null	0	99999	null	1
377001	1010364	true	22	5	0	3	false	0	 	0	0	0	1	null	0	99999	null	1
377002	1010365	true	22	5	0	3	false	0	 	0	0	0	1	null	0	99999	null	1
377003	1010366	true	22	5	0	3	false	0	 	0	0	0	1	null	0	99999	null	1
377004	1010367	true	22	5	0	3	false	0	 	0	0	0	1	null	0	99999	null	1
377101	1010368	true	22	5	0	4	false	0	 	0	0	0	1	null	0	99999	null	1
377102	1010369	true	22	5	0	4	false	0	 	0	0	0	1	null	0	99999	null	1
377103	1010370	true	22	5	0	4	false	0	 	0	0	0	1	null	0	99999	null	1
377104	1010371	true	22	5	0	4	false	0	 	0	0	0	1	null	0	99999	null	1
377201	1010372	true	22	5	0	5	false	0	 	0	0	0	1	null	0	99999	null	1
377202	1010373	true	22	5	0	5	false	0	 	0	0	0	1	null	0	99999	null	1
377203	1010374	true	22	5	0	5	false	0	 	0	0	0	1	null	0	99999	null	1
377204	1010375	true	22	5	0	5	false	0	 	0	0	0	1	null	0	99999	null	1
378001	1010364	true	22	5	0	3	false	0	 	0	0	0	1	null	0	99999	null	1
378002	1010365	true	22	5	0	3	false	0	 	0	0	0	1	null	0	99999	null	1
378003	1010366	true	22	5	0	3	false	0	 	0	0	0	1	null	0	99999	null	1
378004	1010367	true	22	5	0	3	false	0	 	0	0	0	1	null	0	99999	null	1
378101	1010368	true	22	5	0	4	false	0	 	0	0	0	1	null	0	99999	null	1
378102	1010369	true	22	5	0	4	false	0	 	0	0	0	1	null	0	99999	null	1
378103	1010370	true	22	5	0	4	false	0	 	0	0	0	1	null	0	99999	null	1
378104	1010371	true	22	5	0	4	false	0	 	0	0	0	1	null	0	99999	null	1
378201	1010372	true	22	5	0	5	false	0	 	0	0	0	1	null	0	99999	null	1
378202	1010373	true	22	5	0	5	false	0	 	0	0	0	1	null	0	99999	null	1
378203	1010374	true	22	5	0	5	false	0	 	0	0	0	1	null	0	99999	null	1
378204	1010375	true	22	5	0	5	false	0	 	0	0	0	1	null	0	99999	null	1
379001	1010364	true	22	5	0	3	false	0	 	0	0	0	1	null	0	99999	null	1
379002	1010365	true	22	5	0	3	false	0	 	0	0	0	1	null	0	99999	null	1
379003	1010366	true	22	5	0	3	false	0	 	0	0	0	1	null	0	99999	null	1
379004	1010367	true	22	5	0	3	false	0	 	0	0	0	1	null	0	99999	null	1
379101	1010368	true	22	5	0	4	false	0	 	0	0	0	1	null	0	99999	null	1
379102	1010369	true	22	5	0	4	false	0	 	0	0	0	1	null	0	99999	null	1
379103	1010370	true	22	5	0	4	false	0	 	0	0	0	1	null	0	99999	null	1
379104	1010371	true	22	5	0	4	false	0	 	0	0	0	1	null	0	99999	null	1
379201	1010372	true	22	5	0	5	false	0	 	0	0	0	1	null	0	99999	null	1
379202	1010373	true	22	5	0	5	false	0	 	0	0	0	1	null	0	99999	null	1
379203	1010374	true	22	5	0	5	false	0	 	0	0	0	1	null	0	99999	null	1
379204	1010375	true	22	5	0	5	false	0	 	0	0	0	1	null	0	99999	null	1
380001	1010376	true	22	5	0	3	false	0	 	0	0	0	1	null	0	99999	null	1
380002	1010377	true	22	5	0	3	false	0	 	0	0	0	1	null	0	99999	null	1
380003	1010378	true	22	5	0	3	false	0	 	0	0	0	1	null	0	99999	null	1
380004	1010379	true	22	5	0	3	false	0	 	0	0	0	1	null	0	99999	null	1
380101	1010380	true	22	5	0	4	false	0	 	0	0	0	1	null	0	99999	null	1
380102	1010381	true	22	5	0	4	false	0	 	0	0	0	1	null	0	99999	null	1
380103	1010382	true	22	5	0	4	false	0	 	0	0	0	1	null	0	99999	null	1
380104	1010383	true	22	5	0	4	false	0	 	0	0	0	1	null	0	99999	null	1
380201	1010384	true	22	5	0	5	false	0	 	0	0	0	1	null	0	99999	null	1
380202	1010385	true	22	5	0	5	false	0	 	0	0	0	1	null	0	99999	null	1
380203	1010386	true	22	5	0	5	false	0	 	0	0	0	1	null	0	99999	null	1
380204	1010387	true	22	5	0	5	false	0	 	0	0	0	1	null	0	99999	null	1
381001	1010376	true	22	5	0	3	false	0	 	0	0	0	1	null	0	99999	null	1
381002	1010377	true	22	5	0	3	false	0	 	0	0	0	1	null	0	99999	null	1
381003	1010378	true	22	5	0	3	false	0	 	0	0	0	1	null	0	99999	null	1
381004	1010379	true	22	5	0	3	false	0	 	0	0	0	1	null	0	99999	null	1
381101	1010380	true	22	5	0	4	false	0	 	0	0	0	1	null	0	99999	null	1
381102	1010381	true	22	5	0	4	false	0	 	0	0	0	1	null	0	99999	null	1
381103	1010382	true	22	5	0	4	false	0	 	0	0	0	1	null	0	99999	null	1
381104	1010383	true	22	5	0	4	false	0	 	0	0	0	1	null	0	99999	null	1
381201	1010384	true	22	5	0	5	false	0	 	0	0	0	1	null	0	99999	null	1
381202	1010385	true	22	5	0	5	false	0	 	0	0	0	1	null	0	99999	null	1
381203	1010386	true	22	5	0	5	false	0	 	0	0	0	1	null	0	99999	null	1
381204	1010387	true	22	5	0	5	false	0	 	0	0	0	1	null	0	99999	null	1
382001	1010376	true	22	5	0	3	false	0	 	0	0	0	1	null	0	99999	null	1
382002	1010377	true	22	5	0	3	false	0	 	0	0	0	1	null	0	99999	null	1
382003	1010378	true	22	5	0	3	false	0	 	0	0	0	1	null	0	99999	null	1
382004	1010379	true	22	5	0	3	false	0	 	0	0	0	1	null	0	99999	null	1
382101	1010380	true	22	5	0	4	false	0	 	0	0	0	1	null	0	99999	null	1
382102	1010381	true	22	5	0	4	false	0	 	0	0	0	1	null	0	99999	null	1
382103	1010382	true	22	5	0	4	false	0	 	0	0	0	1	null	0	99999	null	1
382104	1010383	true	22	5	0	4	false	0	 	0	0	0	1	null	0	99999	null	1
382201	1010384	true	22	5	0	5	false	0	 	0	0	0	1	null	0	99999	null	1
382202	1010385	true	22	5	0	5	false	0	 	0	0	0	1	null	0	99999	null	1
382203	1010386	true	22	5	0	5	false	0	 	0	0	0	1	null	0	99999	null	1
382204	1010387	true	22	5	0	5	false	0	 	0	0	0	1	null	0	99999	null	1
383001	1010376	true	22	5	0	3	false	0	 	0	0	0	1	null	0	99999	null	1
383002	1010377	true	22	5	0	3	false	0	 	0	0	0	1	null	0	99999	null	1
383003	1010378	true	22	5	0	3	false	0	 	0	0	0	1	null	0	99999	null	1
383004	1010379	true	22	5	0	3	false	0	 	0	0	0	1	null	0	99999	null	1
383101	1010380	true	22	5	0	4	false	0	 	0	0	0	1	null	0	99999	null	1
383102	1010381	true	22	5	0	4	false	0	 	0	0	0	1	null	0	99999	null	1
383103	1010382	true	22	5	0	4	false	0	 	0	0	0	1	null	0	99999	null	1
383104	1010383	true	22	5	0	4	false	0	 	0	0	0	1	null	0	99999	null	1
383201	1010384	true	22	5	0	5	false	0	 	0	0	0	1	null	0	99999	null	1
383202	1010385	true	22	5	0	5	false	0	 	0	0	0	1	null	0	99999	null	1
383203	1010386	true	22	5	0	5	false	0	 	0	0	0	1	null	0	99999	null	1
383204	1010387	true	22	5	0	5	false	0	 	0	0	0	1	null	0	99999	null	1
384001	1010376	true	22	5	0	3	false	0	 	0	0	0	1	null	0	99999	null	1
384002	1010377	true	22	5	0	3	false	0	 	0	0	0	1	null	0	99999	null	1
384003	1010378	true	22	5	0	3	false	0	 	0	0	0	1	null	0	99999	null	1
384004	1010379	true	22	5	0	3	false	0	 	0	0	0	1	null	0	99999	null	1
384101	1010380	true	22	5	0	4	false	0	 	0	0	0	1	null	0	99999	null	1
384102	1010381	true	22	5	0	4	false	0	 	0	0	0	1	null	0	99999	null	1
384103	1010382	true	22	5	0	4	false	0	 	0	0	0	1	null	0	99999	null	1
384104	1010383	true	22	5	0	4	false	0	 	0	0	0	1	null	0	99999	null	1
384201	1010384	true	22	5	0	5	false	0	 	0	0	0	1	null	0	99999	null	1
384202	1010385	true	22	5	0	5	false	0	 	0	0	0	1	null	0	99999	null	1
384203	1010386	true	22	5	0	5	false	0	 	0	0	0	1	null	0	99999	null	1
384204	1010387	true	22	5	0	5	false	0	 	0	0	0	1	null	0	99999	null	1
385001	1010376	true	22	5	0	3	false	0	 	0	0	0	1	null	0	99999	null	1
385002	1010377	true	22	5	0	3	false	0	 	0	0	0	1	null	0	99999	null	1
385003	1010378	true	22	5	0	3	false	0	 	0	0	0	1	null	0	99999	null	1
385004	1010379	true	22	5	0	3	false	0	 	0	0	0	1	null	0	99999	null	1
385101	1010380	true	22	5	0	4	false	0	 	0	0	0	1	null	0	99999	null	1
385102	1010381	true	22	5	0	4	false	0	 	0	0	0	1	null	0	99999	null	1
385103	1010382	true	22	5	0	4	false	0	 	0	0	0	1	null	0	99999	null	1
385104	1010383	true	22	5	0	4	false	0	 	0	0	0	1	null	0	99999	null	1
385201	1010384	true	22	5	0	5	false	0	 	0	0	0	1	null	0	99999	null	1
385202	1010385	true	22	5	0	5	false	0	 	0	0	0	1	null	0	99999	null	1
385203	1010386	true	22	5	0	5	false	0	 	0	0	0	1	null	0	99999	null	1
385204	1010387	true	22	5	0	5	false	0	 	0	0	0	1	null	0	99999	null	1
386001	1010376	true	22	5	0	3	false	0	 	0	0	0	1	null	0	99999	null	1
386002	1010377	true	22	5	0	3	false	0	 	0	0	0	1	null	0	99999	null	1
386003	1010378	true	22	5	0	3	false	0	 	0	0	0	1	null	0	99999	null	1
386004	1010379	true	22	5	0	3	false	0	 	0	0	0	1	null	0	99999	null	1
386101	1010380	true	22	5	0	4	false	0	 	0	0	0	1	null	0	99999	null	1
386102	1010381	true	22	5	0	4	false	0	 	0	0	0	1	null	0	99999	null	1
386103	1010382	true	22	5	0	4	false	0	 	0	0	0	1	null	0	99999	null	1
386104	1010383	true	22	5	0	4	false	0	 	0	0	0	1	null	0	99999	null	1
386201	1010384	true	22	5	0	5	false	0	 	0	0	0	1	null	0	99999	null	1
386202	1010385	true	22	5	0	5	false	0	 	0	0	0	1	null	0	99999	null	1
386203	1010386	true	22	5	0	5	false	0	 	0	0	0	1	null	0	99999	null	1
386204	1010387	true	22	5	0	5	false	0	 	0	0	0	1	null	0	99999	null	1
387001	1010376	true	22	5	0	3	false	0	 	0	0	0	1	null	0	99999	null	1
387002	1010377	true	22	5	0	3	false	0	 	0	0	0	1	null	0	99999	null	1
387003	1010378	true	22	5	0	3	false	0	 	0	0	0	1	null	0	99999	null	1
387004	1010379	true	22	5	0	3	false	0	 	0	0	0	1	null	0	99999	null	1
387101	1010380	true	22	5	0	4	false	0	 	0	0	0	1	null	0	99999	null	1
387102	1010381	true	22	5	0	4	false	0	 	0	0	0	1	null	0	99999	null	1
387103	1010382	true	22	5	0	4	false	0	 	0	0	0	1	null	0	99999	null	1
387104	1010383	true	22	5	0	4	false	0	 	0	0	0	1	null	0	99999	null	1
387201	1010384	true	22	5	0	5	false	0	 	0	0	0	1	null	0	99999	null	1
387202	1010385	true	22	5	0	5	false	0	 	0	0	0	1	null	0	99999	null	1
387203	1010386	true	22	5	0	5	false	0	 	0	0	0	1	null	0	99999	null	1
387204	1010387	true	22	5	0	5	false	0	 	0	0	0	1	null	0	99999	null	1
388001	1010376	true	22	5	0	3	false	0	 	0	0	0	1	null	0	99999	null	1
388002	1010377	true	22	5	0	3	false	0	 	0	0	0	1	null	0	99999	null	1
388003	1010378	true	22	5	0	3	false	0	 	0	0	0	1	null	0	99999	null	1
388004	1010379	true	22	5	0	3	false	0	 	0	0	0	1	null	0	99999	null	1
388101	1010380	true	22	5	0	4	false	0	 	0	0	0	1	null	0	99999	null	1
388102	1010381	true	22	5	0	4	false	0	 	0	0	0	1	null	0	99999	null	1
388103	1010382	true	22	5	0	4	false	0	 	0	0	0	1	null	0	99999	null	1
388104	1010383	true	22	5	0	4	false	0	 	0	0	0	1	null	0	99999	null	1
388201	1010384	true	22	5	0	5	false	0	 	0	0	0	1	null	0	99999	null	1
388202	1010385	true	22	5	0	5	false	0	 	0	0	0	1	null	0	99999	null	1
388203	1010386	true	22	5	0	5	false	0	 	0	0	0	1	null	0	99999	null	1
388204	1010387	true	22	5	0	5	false	0	 	0	0	0	1	null	0	99999	null	1
389001	1010376	true	22	5	0	3	false	0	 	0	0	0	1	null	0	99999	null	1
389002	1010377	true	22	5	0	3	false	0	 	0	0	0	1	null	0	99999	null	1
389003	1010378	true	22	5	0	3	false	0	 	0	0	0	1	null	0	99999	null	1
389004	1010379	true	22	5	0	3	false	0	 	0	0	0	1	null	0	99999	null	1
389101	1010380	true	22	5	0	4	false	0	 	0	0	0	1	null	0	99999	null	1
389102	1010381	true	22	5	0	4	false	0	 	0	0	0	1	null	0	99999	null	1
389103	1010382	true	22	5	0	4	false	0	 	0	0	0	1	null	0	99999	null	1
389104	1010383	true	22	5	0	4	false	0	 	0	0	0	1	null	0	99999	null	1
389201	1010384	true	22	5	0	5	false	0	 	0	0	0	1	null	0	99999	null	1
389202	1010385	true	22	5	0	5	false	0	 	0	0	0	1	null	0	99999	null	1
389203	1010386	true	22	5	0	5	false	0	 	0	0	0	1	null	0	99999	null	1
389204	1010387	true	22	5	0	5	false	0	 	0	0	0	1	null	0	99999	null	1
390001	1010388	true	22	5	0	3	false	0	 	0	0	0	1	null	0	99999	null	1
390002	1010389	true	22	5	0	3	false	0	 	0	0	0	1	null	0	99999	null	1
390003	1010390	true	22	5	0	3	false	0	 	0	0	0	1	null	0	99999	null	1
390004	1010391	true	22	5	0	3	false	0	 	0	0	0	1	null	0	99999	null	1
390101	1010392	true	22	5	0	4	false	0	 	0	0	0	1	null	0	99999	null	1
390102	1010393	true	22	5	0	4	false	0	 	0	0	0	1	null	0	99999	null	1
390103	1010394	true	22	5	0	4	false	0	 	0	0	0	1	null	0	99999	null	1
390104	1010395	true	22	5	0	4	false	0	 	0	0	0	1	null	0	99999	null	1
390201	1010396	true	22	5	0	5	false	0	 	0	0	0	1	null	0	99999	null	1
390202	1010397	true	22	5	0	5	false	0	 	0	0	0	1	null	0	99999	null	1
390203	1010398	true	22	5	0	5	false	0	 	0	0	0	1	null	0	99999	null	1
390204	1010399	true	22	5	0	5	false	0	 	0	0	0	1	null	0	99999	null	1
391001	1010388	true	22	5	0	3	false	0	 	0	0	0	1	null	0	99999	null	1
391002	1010389	true	22	5	0	3	false	0	 	0	0	0	1	null	0	99999	null	1
391003	1010390	true	22	5	0	3	false	0	 	0	0	0	1	null	0	99999	null	1
391004	1010391	true	22	5	0	3	false	0	 	0	0	0	1	null	0	99999	null	1
391101	1010392	true	22	5	0	4	false	0	 	0	0	0	1	null	0	99999	null	1
391102	1010393	true	22	5	0	4	false	0	 	0	0	0	1	null	0	99999	null	1
391103	1010394	true	22	5	0	4	false	0	 	0	0	0	1	null	0	99999	null	1
391104	1010395	true	22	5	0	4	false	0	 	0	0	0	1	null	0	99999	null	1
391201	1010396	true	22	5	0	5	false	0	 	0	0	0	1	null	0	99999	null	1
391202	1010397	true	22	5	0	5	false	0	 	0	0	0	1	null	0	99999	null	1
391203	1010398	true	22	5	0	5	false	0	 	0	0	0	1	null	0	99999	null	1
391204	1010399	true	22	5	0	5	false	0	 	0	0	0	1	null	0	99999	null	1
392001	1010388	true	22	5	0	3	false	0	 	0	0	0	1	null	0	99999	null	1
392002	1010389	true	22	5	0	3	false	0	 	0	0	0	1	null	0	99999	null	1
392003	1010390	true	22	5	0	3	false	0	 	0	0	0	1	null	0	99999	null	1
392004	1010391	true	22	5	0	3	false	0	 	0	0	0	1	null	0	99999	null	1
392101	1010392	true	22	5	0	4	false	0	 	0	0	0	1	null	0	99999	null	1
392102	1010393	true	22	5	0	4	false	0	 	0	0	0	1	null	0	99999	null	1
392103	1010394	true	22	5	0	4	false	0	 	0	0	0	1	null	0	99999	null	1
392104	1010395	true	22	5	0	4	false	0	 	0	0	0	1	null	0	99999	null	1
392201	1010396	true	22	5	0	5	false	0	 	0	0	0	1	null	0	99999	null	1
392202	1010397	true	22	5	0	5	false	0	 	0	0	0	1	null	0	99999	null	1
392203	1010398	true	22	5	0	5	false	0	 	0	0	0	1	null	0	99999	null	1
392204	1010399	true	22	5	0	5	false	0	 	0	0	0	1	null	0	99999	null	1
393001	1010388	true	22	5	0	3	false	0	 	0	0	0	1	null	0	99999	null	1
393002	1010389	true	22	5	0	3	false	0	 	0	0	0	1	null	0	99999	null	1
393003	1010390	true	22	5	0	3	false	0	 	0	0	0	1	null	0	99999	null	1
393004	1010391	true	22	5	0	3	false	0	 	0	0	0	1	null	0	99999	null	1
393101	1010392	true	22	5	0	4	false	0	 	0	0	0	1	null	0	99999	null	1
393102	1010393	true	22	5	0	4	false	0	 	0	0	0	1	null	0	99999	null	1
393103	1010394	true	22	5	0	4	false	0	 	0	0	0	1	null	0	99999	null	1
393104	1010395	true	22	5	0	4	false	0	 	0	0	0	1	null	0	99999	null	1
393201	1010396	true	22	5	0	5	false	0	 	0	0	0	1	null	0	99999	null	1
393202	1010397	true	22	5	0	5	false	0	 	0	0	0	1	null	0	99999	null	1
393203	1010398	true	22	5	0	5	false	0	 	0	0	0	1	null	0	99999	null	1
393204	1010399	true	22	5	0	5	false	0	 	0	0	0	1	null	0	99999	null	1
394001	1010388	true	22	5	0	3	false	0	 	0	0	0	1	null	0	99999	null	1
394002	1010389	true	22	5	0	3	false	0	 	0	0	0	1	null	0	99999	null	1
394003	1010390	true	22	5	0	3	false	0	 	0	0	0	1	null	0	99999	null	1
394004	1010391	true	22	5	0	3	false	0	 	0	0	0	1	null	0	99999	null	1
394101	1010392	true	22	5	0	4	false	0	 	0	0	0	1	null	0	99999	null	1
394102	1010393	true	22	5	0	4	false	0	 	0	0	0	1	null	0	99999	null	1
394103	1010394	true	22	5	0	4	false	0	 	0	0	0	1	null	0	99999	null	1
394104	1010395	true	22	5	0	4	false	0	 	0	0	0	1	null	0	99999	null	1
394201	1010396	true	22	5	0	5	false	0	 	0	0	0	1	null	0	99999	null	1
394202	1010397	true	22	5	0	5	false	0	 	0	0	0	1	null	0	99999	null	1
394203	1010398	true	22	5	0	5	false	0	 	0	0	0	1	null	0	99999	null	1
394204	1010399	true	22	5	0	5	false	0	 	0	0	0	1	null	0	99999	null	1
395001	1010388	true	22	5	0	3	false	0	 	0	0	0	1	null	0	99999	null	1
395002	1010389	true	22	5	0	3	false	0	 	0	0	0	1	null	0	99999	null	1
395003	1010390	true	22	5	0	3	false	0	 	0	0	0	1	null	0	99999	null	1
395004	1010391	true	22	5	0	3	false	0	 	0	0	0	1	null	0	99999	null	1
395101	1010392	true	22	5	0	4	false	0	 	0	0	0	1	null	0	99999	null	1
395102	1010393	true	22	5	0	4	false	0	 	0	0	0	1	null	0	99999	null	1
395103	1010394	true	22	5	0	4	false	0	 	0	0	0	1	null	0	99999	null	1
395104	1010395	true	22	5	0	4	false	0	 	0	0	0	1	null	0	99999	null	1
395201	1010396	true	22	5	0	5	false	0	 	0	0	0	1	null	0	99999	null	1
395202	1010397	true	22	5	0	5	false	0	 	0	0	0	1	null	0	99999	null	1
395203	1010398	true	22	5	0	5	false	0	 	0	0	0	1	null	0	99999	null	1
395204	1010399	true	22	5	0	5	false	0	 	0	0	0	1	null	0	99999	null	1
396001	1010388	true	22	5	0	3	false	0	 	0	0	0	1	null	0	99999	null	1
396002	1010389	true	22	5	0	3	false	0	 	0	0	0	1	null	0	99999	null	1
396003	1010390	true	22	5	0	3	false	0	 	0	0	0	1	null	0	99999	null	1
396004	1010391	true	22	5	0	3	false	0	 	0	0	0	1	null	0	99999	null	1
396101	1010392	true	22	5	0	4	false	0	 	0	0	0	1	null	0	99999	null	1
396102	1010393	true	22	5	0	4	false	0	 	0	0	0	1	null	0	99999	null	1
396103	1010394	true	22	5	0	4	false	0	 	0	0	0	1	null	0	99999	null	1
396104	1010395	true	22	5	0	4	false	0	 	0	0	0	1	null	0	99999	null	1
396201	1010396	true	22	5	0	5	false	0	 	0	0	0	1	null	0	99999	null	1
396202	1010397	true	22	5	0	5	false	0	 	0	0	0	1	null	0	99999	null	1
396203	1010398	true	22	5	0	5	false	0	 	0	0	0	1	null	0	99999	null	1
396204	1010399	true	22	5	0	5	false	0	 	0	0	0	1	null	0	99999	null	1
397001	1010388	true	22	5	0	3	false	0	 	0	0	0	1	null	0	99999	null	1
397002	1010389	true	22	5	0	3	false	0	 	0	0	0	1	null	0	99999	null	1
397003	1010390	true	22	5	0	3	false	0	 	0	0	0	1	null	0	99999	null	1
397004	1010391	true	22	5	0	3	false	0	 	0	0	0	1	null	0	99999	null	1
397101	1010392	true	22	5	0	4	false	0	 	0	0	0	1	null	0	99999	null	1
397102	1010393	true	22	5	0	4	false	0	 	0	0	0	1	null	0	99999	null	1
397103	1010394	true	22	5	0	4	false	0	 	0	0	0	1	null	0	99999	null	1
397104	1010395	true	22	5	0	4	false	0	 	0	0	0	1	null	0	99999	null	1
397201	1010396	true	22	5	0	5	false	0	 	0	0	0	1	null	0	99999	null	1
397202	1010397	true	22	5	0	5	false	0	 	0	0	0	1	null	0	99999	null	1
397203	1010398	true	22	5	0	5	false	0	 	0	0	0	1	null	0	99999	null	1
397204	1010399	true	22	5	0	5	false	0	 	0	0	0	1	null	0	99999	null	1
398001	1010388	true	22	5	0	3	false	0	 	0	0	0	1	null	0	99999	null	1
398002	1010389	true	22	5	0	3	false	0	 	0	0	0	1	null	0	99999	null	1
398003	1010390	true	22	5	0	3	false	0	 	0	0	0	1	null	0	99999	null	1
398004	1010391	true	22	5	0	3	false	0	 	0	0	0	1	null	0	99999	null	1
398101	1010392	true	22	5	0	4	false	0	 	0	0	0	1	null	0	99999	null	1
398102	1010393	true	22	5	0	4	false	0	 	0	0	0	1	null	0	99999	null	1
398103	1010394	true	22	5	0	4	false	0	 	0	0	0	1	null	0	99999	null	1
398104	1010395	true	22	5	0	4	false	0	 	0	0	0	1	null	0	99999	null	1
398201	1010396	true	22	5	0	5	false	0	 	0	0	0	1	null	0	99999	null	1
398202	1010397	true	22	5	0	5	false	0	 	0	0	0	1	null	0	99999	null	1
398203	1010398	true	22	5	0	5	false	0	 	0	0	0	1	null	0	99999	null	1
398204	1010399	true	22	5	0	5	false	0	 	0	0	0	1	null	0	99999	null	1
399001	1010388	true	22	5	0	3	false	0	 	0	0	0	1	null	0	99999	null	1
399002	1010389	true	22	5	0	3	false	0	 	0	0	0	1	null	0	99999	null	1
399003	1010390	true	22	5	0	3	false	0	 	0	0	0	1	null	0	99999	null	1
399004	1010391	true	22	5	0	3	false	0	 	0	0	0	1	null	0	99999	null	1
399101	1010392	true	22	5	0	4	false	0	 	0	0	0	1	null	0	99999	null	1
399102	1010393	true	22	5	0	4	false	0	 	0	0	0	1	null	0	99999	null	1
399103	1010394	true	22	5	0	4	false	0	 	0	0	0	1	null	0	99999	null	1
399104	1010395	true	22	5	0	4	false	0	 	0	0	0	1	null	0	99999	null	1
399201	1010396	true	22	5	0	5	false	0	 	0	0	0	1	null	0	99999	null	1
399202	1010397	true	22	5	0	5	false	0	 	0	0	0	1	null	0	99999	null	1
399203	1010398	true	22	5	0	5	false	0	 	0	0	0	1	null	0	99999	null	1
399204	1010399	true	22	5	0	5	false	0	 	0	0	0	1	null	0	99999	null	1
400001	1010400	true	22	5	0	3	false	0	 	0	0	0	1	null	0	99999	null	1
400002	1010401	true	22	5	0	3	false	0	 	0	0	0	1	null	0	99999	null	1
400003	1010402	true	22	5	0	3	false	0	 	0	0	0	1	null	0	99999	null	1
400004	1010403	true	22	5	0	3	false	0	 	0	0	0	1	null	0	99999	null	1
400101	1010404	true	22	5	0	4	false	0	 	0	0	0	1	null	0	99999	null	1
400102	1010405	true	22	5	0	4	false	0	 	0	0	0	1	null	0	99999	null	1
400103	1010406	true	22	5	0	4	false	0	 	0	0	0	1	null	0	99999	null	1
400104	1010407	true	22	5	0	4	false	0	 	0	0	0	1	null	0	99999	null	1
400201	1010408	true	22	5	0	5	false	0	 	0	0	0	1	null	0	99999	null	1
400202	1010409	true	22	5	0	5	false	0	 	0	0	0	1	null	0	99999	null	1
400203	1010410	true	22	5	0	5	false	0	 	0	0	0	1	null	0	99999	null	1
400204	1010411	true	22	5	0	5	false	0	 	0	0	0	1	null	0	99999	null	1
401001	1010400	true	22	5	0	3	false	0	 	0	0	0	1	null	0	99999	null	1
401002	1010401	true	22	5	0	3	false	0	 	0	0	0	1	null	0	99999	null	1
401003	1010402	true	22	5	0	3	false	0	 	0	0	0	1	null	0	99999	null	1
401004	1010403	true	22	5	0	3	false	0	 	0	0	0	1	null	0	99999	null	1
401101	1010404	true	22	5	0	4	false	0	 	0	0	0	1	null	0	99999	null	1
401102	1010405	true	22	5	0	4	false	0	 	0	0	0	1	null	0	99999	null	1
401103	1010406	true	22	5	0	4	false	0	 	0	0	0	1	null	0	99999	null	1
401104	1010407	true	22	5	0	4	false	0	 	0	0	0	1	null	0	99999	null	1
401201	1010408	true	22	5	0	5	false	0	 	0	0	0	1	null	0	99999	null	1
401202	1010409	true	22	5	0	5	false	0	 	0	0	0	1	null	0	99999	null	1
401203	1010410	true	22	5	0	5	false	0	 	0	0	0	1	null	0	99999	null	1
401204	1010411	true	22	5	0	5	false	0	 	0	0	0	1	null	0	99999	null	1
402001	1010400	true	22	5	0	3	false	0	 	0	0	0	1	null	0	99999	null	1
402002	1010401	true	22	5	0	3	false	0	 	0	0	0	1	null	0	99999	null	1
402003	1010402	true	22	5	0	3	false	0	 	0	0	0	1	null	0	99999	null	1
402004	1010403	true	22	5	0	3	false	0	 	0	0	0	1	null	0	99999	null	1
402101	1010404	true	22	5	0	4	false	0	 	0	0	0	1	null	0	99999	null	1
402102	1010405	true	22	5	0	4	false	0	 	0	0	0	1	null	0	99999	null	1
402103	1010406	true	22	5	0	4	false	0	 	0	0	0	1	null	0	99999	null	1
402104	1010407	true	22	5	0	4	false	0	 	0	0	0	1	null	0	99999	null	1
402201	1010408	true	22	5	0	5	false	0	 	0	0	0	1	null	0	99999	null	1
402202	1010409	true	22	5	0	5	false	0	 	0	0	0	1	null	0	99999	null	1
402203	1010410	true	22	5	0	5	false	0	 	0	0	0	1	null	0	99999	null	1
402204	1010411	true	22	5	0	5	false	0	 	0	0	0	1	null	0	99999	null	1
403001	1010400	true	22	5	0	3	false	0	 	0	0	0	1	null	0	99999	null	1
403002	1010401	true	22	5	0	3	false	0	 	0	0	0	1	null	0	99999	null	1
403003	1010402	true	22	5	0	3	false	0	 	0	0	0	1	null	0	99999	null	1
403004	1010403	true	22	5	0	3	false	0	 	0	0	0	1	null	0	99999	null	1
403101	1010404	true	22	5	0	4	false	0	 	0	0	0	1	null	0	99999	null	1
403102	1010405	true	22	5	0	4	false	0	 	0	0	0	1	null	0	99999	null	1
403103	1010406	true	22	5	0	4	false	0	 	0	0	0	1	null	0	99999	null	1
403104	1010407	true	22	5	0	4	false	0	 	0	0	0	1	null	0	99999	null	1
403201	1010408	true	22	5	0	5	false	0	 	0	0	0	1	null	0	99999	null	1
403202	1010409	true	22	5	0	5	false	0	 	0	0	0	1	null	0	99999	null	1
403203	1010410	true	22	5	0	5	false	0	 	0	0	0	1	null	0	99999	null	1
403204	1010411	true	22	5	0	5	false	0	 	0	0	0	1	null	0	99999	null	1
404001	1010400	true	22	5	0	3	false	0	 	0	0	0	1	null	0	99999	null	1
404002	1010401	true	22	5	0	3	false	0	 	0	0	0	1	null	0	99999	null	1
404003	1010402	true	22	5	0	3	false	0	 	0	0	0	1	null	0	99999	null	1
404004	1010403	true	22	5	0	3	false	0	 	0	0	0	1	null	0	99999	null	1
404101	1010404	true	22	5	0	4	false	0	 	0	0	0	1	null	0	99999	null	1
404102	1010405	true	22	5	0	4	false	0	 	0	0	0	1	null	0	99999	null	1
404103	1010406	true	22	5	0	4	false	0	 	0	0	0	1	null	0	99999	null	1
404104	1010407	true	22	5	0	4	false	0	 	0	0	0	1	null	0	99999	null	1
404201	1010408	true	22	5	0	5	false	0	 	0	0	0	1	null	0	99999	null	1
404202	1010409	true	22	5	0	5	false	0	 	0	0	0	1	null	0	99999	null	1
404203	1010410	true	22	5	0	5	false	0	 	0	0	0	1	null	0	99999	null	1
404204	1010411	true	22	5	0	5	false	0	 	0	0	0	1	null	0	99999	null	1
405001	1010400	true	22	5	0	3	false	0	 	0	0	0	1	null	0	99999	null	1
405002	1010401	true	22	5	0	3	false	0	 	0	0	0	1	null	0	99999	null	1
405003	1010402	true	22	5	0	3	false	0	 	0	0	0	1	null	0	99999	null	1
405004	1010403	true	22	5	0	3	false	0	 	0	0	0	1	null	0	99999	null	1
405101	1010404	true	22	5	0	4	false	0	 	0	0	0	1	null	0	99999	null	1
405102	1010405	true	22	5	0	4	false	0	 	0	0	0	1	null	0	99999	null	1
405103	1010406	true	22	5	0	4	false	0	 	0	0	0	1	null	0	99999	null	1
405104	1010407	true	22	5	0	4	false	0	 	0	0	0	1	null	0	99999	null	1
405201	1010408	true	22	5	0	5	false	0	 	0	0	0	1	null	0	99999	null	1
405202	1010409	true	22	5	0	5	false	0	 	0	0	0	1	null	0	99999	null	1
405203	1010410	true	22	5	0	5	false	0	 	0	0	0	1	null	0	99999	null	1
405204	1010411	true	22	5	0	5	false	0	 	0	0	0	1	null	0	99999	null	1
406001	1010400	true	22	5	0	3	false	0	 	0	0	0	1	null	0	99999	null	1
406002	1010401	true	22	5	0	3	false	0	 	0	0	0	1	null	0	99999	null	1
406003	1010402	true	22	5	0	3	false	0	 	0	0	0	1	null	0	99999	null	1
406004	1010403	true	22	5	0	3	false	0	 	0	0	0	1	null	0	99999	null	1
406101	1010404	true	22	5	0	4	false	0	 	0	0	0	1	null	0	99999	null	1
406102	1010405	true	22	5	0	4	false	0	 	0	0	0	1	null	0	99999	null	1
406103	1010406	true	22	5	0	4	false	0	 	0	0	0	1	null	0	99999	null	1
406104	1010407	true	22	5	0	4	false	0	 	0	0	0	1	null	0	99999	null	1
406201	1010408	true	22	5	0	5	false	0	 	0	0	0	1	null	0	99999	null	1
406202	1010409	true	22	5	0	5	false	0	 	0	0	0	1	null	0	99999	null	1
406203	1010410	true	22	5	0	5	false	0	 	0	0	0	1	null	0	99999	null	1
406204	1010411	true	22	5	0	5	false	0	 	0	0	0	1	null	0	99999	null	1
407001	1010400	true	22	5	0	3	false	0	 	0	0	0	1	null	0	99999	null	1
407002	1010401	true	22	5	0	3	false	0	 	0	0	0	1	null	0	99999	null	1
407003	1010402	true	22	5	0	3	false	0	 	0	0	0	1	null	0	99999	null	1
407004	1010403	true	22	5	0	3	false	0	 	0	0	0	1	null	0	99999	null	1
407101	1010404	true	22	5	0	4	false	0	 	0	0	0	1	null	0	99999	null	1
407102	1010405	true	22	5	0	4	false	0	 	0	0	0	1	null	0	99999	null	1
407103	1010406	true	22	5	0	4	false	0	 	0	0	0	1	null	0	99999	null	1
407104	1010407	true	22	5	0	4	false	0	 	0	0	0	1	null	0	99999	null	1
407201	1010408	true	22	5	0	5	false	0	 	0	0	0	1	null	0	99999	null	1
407202	1010409	true	22	5	0	5	false	0	 	0	0	0	1	null	0	99999	null	1
407203	1010410	true	22	5	0	5	false	0	 	0	0	0	1	null	0	99999	null	1
407204	1010411	true	22	5	0	5	false	0	 	0	0	0	1	null	0	99999	null	1
408001	1010400	true	22	5	0	3	false	0	 	0	0	0	1	null	0	99999	null	1
408002	1010401	true	22	5	0	3	false	0	 	0	0	0	1	null	0	99999	null	1
408003	1010402	true	22	5	0	3	false	0	 	0	0	0	1	null	0	99999	null	1
408004	1010403	true	22	5	0	3	false	0	 	0	0	0	1	null	0	99999	null	1
408101	1010404	true	22	5	0	4	false	0	 	0	0	0	1	null	0	99999	null	1
408102	1010405	true	22	5	0	4	false	0	 	0	0	0	1	null	0	99999	null	1
408103	1010406	true	22	5	0	4	false	0	 	0	0	0	1	null	0	99999	null	1
408104	1010407	true	22	5	0	4	false	0	 	0	0	0	1	null	0	99999	null	1
408201	1010408	true	22	5	0	5	false	0	 	0	0	0	1	null	0	99999	null	1
408202	1010409	true	22	5	0	5	false	0	 	0	0	0	1	null	0	99999	null	1
408203	1010410	true	22	5	0	5	false	0	 	0	0	0	1	null	0	99999	null	1
408204	1010411	true	22	5	0	5	false	0	 	0	0	0	1	null	0	99999	null	1
409001	1010400	true	22	5	0	3	false	0	 	0	0	0	1	null	0	99999	null	1
409002	1010401	true	22	5	0	3	false	0	 	0	0	0	1	null	0	99999	null	1
409003	1010402	true	22	5	0	3	false	0	 	0	0	0	1	null	0	99999	null	1
409004	1010403	true	22	5	0	3	false	0	 	0	0	0	1	null	0	99999	null	1
409101	1010404	true	22	5	0	4	false	0	 	0	0	0	1	null	0	99999	null	1
409102	1010405	true	22	5	0	4	false	0	 	0	0	0	1	null	0	99999	null	1
409103	1010406	true	22	5	0	4	false	0	 	0	0	0	1	null	0	99999	null	1
409104	1010407	true	22	5	0	4	false	0	 	0	0	0	1	null	0	99999	null	1
409201	1010408	true	22	5	0	5	false	0	 	0	0	0	1	null	0	99999	null	1
409202	1010409	true	22	5	0	5	false	0	 	0	0	0	1	null	0	99999	null	1
409203	1010410	true	22	5	0	5	false	0	 	0	0	0	1	null	0	99999	null	1
409204	1010411	true	22	5	0	5	false	0	 	0	0	0	1	null	0	99999	null	1
410001	1010412	true	22	5	0	3	false	0	 	0	0	0	1	null	0	99999	null	1
410002	1010413	true	22	5	0	3	false	0	 	0	0	0	1	null	0	99999	null	1
410003	1010414	true	22	5	0	3	false	0	 	0	0	0	1	null	0	99999	null	1
410004	1010415	true	22	5	0	3	false	0	 	0	0	0	1	null	0	99999	null	1
410101	1010416	true	22	5	0	4	false	0	 	0	0	0	1	null	0	99999	null	1
410102	1010417	true	22	5	0	4	false	0	 	0	0	0	1	null	0	99999	null	1
410103	1010418	true	22	5	0	4	false	0	 	0	0	0	1	null	0	99999	null	1
410104	1010419	true	22	5	0	4	false	0	 	0	0	0	1	null	0	99999	null	1
410201	1010420	true	22	5	0	5	false	0	 	0	0	0	1	null	0	99999	null	1
410202	1010421	true	22	5	0	5	false	0	 	0	0	0	1	null	0	99999	null	1
410203	1010422	true	22	5	0	5	false	0	 	0	0	0	1	null	0	99999	null	1
410204	1010423	true	22	5	0	5	false	0	 	0	0	0	1	null	0	99999	null	1
411001	1010412	true	22	5	0	3	false	0	 	0	0	0	1	null	0	99999	null	1
411002	1010413	true	22	5	0	3	false	0	 	0	0	0	1	null	0	99999	null	1
411003	1010414	true	22	5	0	3	false	0	 	0	0	0	1	null	0	99999	null	1
411004	1010415	true	22	5	0	3	false	0	 	0	0	0	1	null	0	99999	null	1
411101	1010416	true	22	5	0	4	false	0	 	0	0	0	1	null	0	99999	null	1
411102	1010417	true	22	5	0	4	false	0	 	0	0	0	1	null	0	99999	null	1
411103	1010418	true	22	5	0	4	false	0	 	0	0	0	1	null	0	99999	null	1
411104	1010419	true	22	5	0	4	false	0	 	0	0	0	1	null	0	99999	null	1
411201	1010420	true	22	5	0	5	false	0	 	0	0	0	1	null	0	99999	null	1
411202	1010421	true	22	5	0	5	false	0	 	0	0	0	1	null	0	99999	null	1
411203	1010422	true	22	5	0	5	false	0	 	0	0	0	1	null	0	99999	null	1
411204	1010423	true	22	5	0	5	false	0	 	0	0	0	1	null	0	99999	null	1
412001	1010412	true	22	5	0	3	false	0	 	0	0	0	1	null	0	99999	null	1
412002	1010413	true	22	5	0	3	false	0	 	0	0	0	1	null	0	99999	null	1
412003	1010414	true	22	5	0	3	false	0	 	0	0	0	1	null	0	99999	null	1
412004	1010415	true	22	5	0	3	false	0	 	0	0	0	1	null	0	99999	null	1
412101	1010416	true	22	5	0	4	false	0	 	0	0	0	1	null	0	99999	null	1
412102	1010417	true	22	5	0	4	false	0	 	0	0	0	1	null	0	99999	null	1
412103	1010418	true	22	5	0	4	false	0	 	0	0	0	1	null	0	99999	null	1
412104	1010419	true	22	5	0	4	false	0	 	0	0	0	1	null	0	99999	null	1
412201	1010420	true	22	5	0	5	false	0	 	0	0	0	1	null	0	99999	null	1
412202	1010421	true	22	5	0	5	false	0	 	0	0	0	1	null	0	99999	null	1
412203	1010422	true	22	5	0	5	false	0	 	0	0	0	1	null	0	99999	null	1
412204	1010423	true	22	5	0	5	false	0	 	0	0	0	1	null	0	99999	null	1
413001	1010412	true	22	5	0	3	false	0	 	0	0	0	1	null	0	99999	null	1
413002	1010413	true	22	5	0	3	false	0	 	0	0	0	1	null	0	99999	null	1
413003	1010414	true	22	5	0	3	false	0	 	0	0	0	1	null	0	99999	null	1
413004	1010415	true	22	5	0	3	false	0	 	0	0	0	1	null	0	99999	null	1
413101	1010416	true	22	5	0	4	false	0	 	0	0	0	1	null	0	99999	null	1
413102	1010417	true	22	5	0	4	false	0	 	0	0	0	1	null	0	99999	null	1
413103	1010418	true	22	5	0	4	false	0	 	0	0	0	1	null	0	99999	null	1
413104	1010419	true	22	5	0	4	false	0	 	0	0	0	1	null	0	99999	null	1
413201	1010420	true	22	5	0	5	false	0	 	0	0	0	1	null	0	99999	null	1
413202	1010421	true	22	5	0	5	false	0	 	0	0	0	1	null	0	99999	null	1
413203	1010422	true	22	5	0	5	false	0	 	0	0	0	1	null	0	99999	null	1
413204	1010423	true	22	5	0	5	false	0	 	0	0	0	1	null	0	99999	null	1
414001	1010412	true	22	5	0	3	false	0	 	0	0	0	1	null	0	99999	null	1
414002	1010413	true	22	5	0	3	false	0	 	0	0	0	1	null	0	99999	null	1
414003	1010414	true	22	5	0	3	false	0	 	0	0	0	1	null	0	99999	null	1
414004	1010415	true	22	5	0	3	false	0	 	0	0	0	1	null	0	99999	null	1
414101	1010416	true	22	5	0	4	false	0	 	0	0	0	1	null	0	99999	null	1
414102	1010417	true	22	5	0	4	false	0	 	0	0	0	1	null	0	99999	null	1
414103	1010418	true	22	5	0	4	false	0	 	0	0	0	1	null	0	99999	null	1
414104	1010419	true	22	5	0	4	false	0	 	0	0	0	1	null	0	99999	null	1
414201	1010420	true	22	5	0	5	false	0	 	0	0	0	1	null	0	99999	null	1
414202	1010421	true	22	5	0	5	false	0	 	0	0	0	1	null	0	99999	null	1
414203	1010422	true	22	5	0	5	false	0	 	0	0	0	1	null	0	99999	null	1
414204	1010423	true	22	5	0	5	false	0	 	0	0	0	1	null	0	99999	null	1
415001	1010412	true	22	5	0	3	false	0	 	0	0	0	1	null	0	99999	null	1
415002	1010413	true	22	5	0	3	false	0	 	0	0	0	1	null	0	99999	null	1
415003	1010414	true	22	5	0	3	false	0	 	0	0	0	1	null	0	99999	null	1
415004	1010415	true	22	5	0	3	false	0	 	0	0	0	1	null	0	99999	null	1
415101	1010416	true	22	5	0	4	false	0	 	0	0	0	1	null	0	99999	null	1
415102	1010417	true	22	5	0	4	false	0	 	0	0	0	1	null	0	99999	null	1
415103	1010418	true	22	5	0	4	false	0	 	0	0	0	1	null	0	99999	null	1
415104	1010419	true	22	5	0	4	false	0	 	0	0	0	1	null	0	99999	null	1
415201	1010420	true	22	5	0	5	false	0	 	0	0	0	1	null	0	99999	null	1
415202	1010421	true	22	5	0	5	false	0	 	0	0	0	1	null	0	99999	null	1
415203	1010422	true	22	5	0	5	false	0	 	0	0	0	1	null	0	99999	null	1
415204	1010423	true	22	5	0	5	false	0	 	0	0	0	1	null	0	99999	null	1
416001	1010412	true	22	5	0	3	false	0	 	0	0	0	1	null	0	99999	null	1
416002	1010413	true	22	5	0	3	false	0	 	0	0	0	1	null	0	99999	null	1
416003	1010414	true	22	5	0	3	false	0	 	0	0	0	1	null	0	99999	null	1
416004	1010415	true	22	5	0	3	false	0	 	0	0	0	1	null	0	99999	null	1
416101	1010416	true	22	5	0	4	false	0	 	0	0	0	1	null	0	99999	null	1
416102	1010417	true	22	5	0	4	false	0	 	0	0	0	1	null	0	99999	null	1
416103	1010418	true	22	5	0	4	false	0	 	0	0	0	1	null	0	99999	null	1
416104	1010419	true	22	5	0	4	false	0	 	0	0	0	1	null	0	99999	null	1
416201	1010420	true	22	5	0	5	false	0	 	0	0	0	1	null	0	99999	null	1
416202	1010421	true	22	5	0	5	false	0	 	0	0	0	1	null	0	99999	null	1
416203	1010422	true	22	5	0	5	false	0	 	0	0	0	1	null	0	99999	null	1
416204	1010423	true	22	5	0	5	false	0	 	0	0	0	1	null	0	99999	null	1
417001	1010412	true	22	5	0	3	false	0	 	0	0	0	1	null	0	99999	null	1
417002	1010413	true	22	5	0	3	false	0	 	0	0	0	1	null	0	99999	null	1
417003	1010414	true	22	5	0	3	false	0	 	0	0	0	1	null	0	99999	null	1
417004	1010415	true	22	5	0	3	false	0	 	0	0	0	1	null	0	99999	null	1
417101	1010416	true	22	5	0	4	false	0	 	0	0	0	1	null	0	99999	null	1
417102	1010417	true	22	5	0	4	false	0	 	0	0	0	1	null	0	99999	null	1
417103	1010418	true	22	5	0	4	false	0	 	0	0	0	1	null	0	99999	null	1
417104	1010419	true	22	5	0	4	false	0	 	0	0	0	1	null	0	99999	null	1
417201	1010420	true	22	5	0	5	false	0	 	0	0	0	1	null	0	99999	null	1
417202	1010421	true	22	5	0	5	false	0	 	0	0	0	1	null	0	99999	null	1
417203	1010422	true	22	5	0	5	false	0	 	0	0	0	1	null	0	99999	null	1
417204	1010423	true	22	5	0	5	false	0	 	0	0	0	1	null	0	99999	null	1
418001	1010412	true	22	5	0	3	false	0	 	0	0	0	1	null	0	99999	null	1
418002	1010413	true	22	5	0	3	false	0	 	0	0	0	1	null	0	99999	null	1
418003	1010414	true	22	5	0	3	false	0	 	0	0	0	1	null	0	99999	null	1
418004	1010415	true	22	5	0	3	false	0	 	0	0	0	1	null	0	99999	null	1
418101	1010416	true	22	5	0	4	false	0	 	0	0	0	1	null	0	99999	null	1
418102	1010417	true	22	5	0	4	false	0	 	0	0	0	1	null	0	99999	null	1
418103	1010418	true	22	5	0	4	false	0	 	0	0	0	1	null	0	99999	null	1
418104	1010419	true	22	5	0	4	false	0	 	0	0	0	1	null	0	99999	null	1
418201	1010420	true	22	5	0	5	false	0	 	0	0	0	1	null	0	99999	null	1
418202	1010421	true	22	5	0	5	false	0	 	0	0	0	1	null	0	99999	null	1
418203	1010422	true	22	5	0	5	false	0	 	0	0	0	1	null	0	99999	null	1
418204	1010423	true	22	5	0	5	false	0	 	0	0	0	1	null	0	99999	null	1
419001	1010412	true	22	5	0	3	false	0	 	0	0	0	1	null	0	99999	null	1
419002	1010413	true	22	5	0	3	false	0	 	0	0	0	1	null	0	99999	null	1
419003	1010414	true	22	5	0	3	false	0	 	0	0	0	1	null	0	99999	null	1
419004	1010415	true	22	5	0	3	false	0	 	0	0	0	1	null	0	99999	null	1
419101	1010416	true	22	5	0	4	false	0	 	0	0	0	1	null	0	99999	null	1
419102	1010417	true	22	5	0	4	false	0	 	0	0	0	1	null	0	99999	null	1
419103	1010418	true	22	5	0	4	false	0	 	0	0	0	1	null	0	99999	null	1
419104	1010419	true	22	5	0	4	false	0	 	0	0	0	1	null	0	99999	null	1
419201	1010420	true	22	5	0	5	false	0	 	0	0	0	1	null	0	99999	null	1
419202	1010421	true	22	5	0	5	false	0	 	0	0	0	1	null	0	99999	null	1
419203	1010422	true	22	5	0	5	false	0	 	0	0	0	1	null	0	99999	null	1
419204	1010423	true	22	5	0	5	false	0	 	0	0	0	1	null	0	99999	null	1
429001	1010424	true	10	2	0	5	true	0	 	1	429001	0	1	0	1	99999	null	1
429002	1010425	true	10	2	0	5	true	0	 	1	429002	0	1	0	1	99999	null	1
429003	1010426	true	10	2	0	5	true	0	 	1	429003	0	1	0	1	99999	null	1
429004	1010427	true	10	2	0	5	true	0	 	1	429004	0	1	0	1	99999	null	1
429101	1010424	true	10	2	0	5	true	0	 	1	429101	0	1	0	1	99999	null	1
429102	1010425	true	10	2	0	5	true	0	 	1	429102	0	1	0	1	99999	null	1
429103	1010426	true	10	2	0	5	true	0	 	1	429103	0	1	0	1	99999	null	1
429104	1010427	true	10	2	0	5	true	0	 	1	429104	0	1	0	1	99999	null	1
429201	1010424	true	10	2	0	5	true	0	 	1	429201	0	1	0	1	99999	null	1
429202	1010425	true	10	2	0	5	true	0	 	1	429202	0	1	0	1	99999	null	1
429203	1010426	true	10	2	0	5	true	0	 	1	429203	0	1	0	1	99999	null	1
429204	1010427	true	10	2	0	5	true	0	 	1	429204	0	1	0	1	99999	null	1
439001	1010424	true	10	2	0	5	true	0	 	1	439001	0	1	0	1	99999	null	1
439002	1010425	true	10	2	0	5	true	0	 	1	439002	0	1	0	1	99999	null	1
439003	1010426	true	10	2	0	5	true	0	 	1	439003	0	1	0	1	99999	null	1
439004	1010427	true	10	2	0	5	true	0	 	1	439004	0	1	0	1	99999	null	1
439101	1010424	true	10	2	0	5	true	0	 	1	439101	0	1	0	1	99999	null	1
439102	1010425	true	10	2	0	5	true	0	 	1	439102	0	1	0	1	99999	null	1
439103	1010426	true	10	2	0	5	true	0	 	1	439103	0	1	0	1	99999	null	1
439104	1010427	true	10	2	0	5	true	0	 	1	439104	0	1	0	1	99999	null	1
439201	1010424	true	10	2	0	5	true	0	 	1	439201	0	1	0	1	99999	null	1
439202	1010425	true	10	2	0	5	true	0	 	1	439202	0	1	0	1	99999	null	1
439203	1010426	true	10	2	0	5	true	0	 	1	439203	0	1	0	1	99999	null	1
439204	1010427	true	10	2	0	5	true	0	 	1	439204	0	1	0	1	99999	null	1
449001	1010424	true	10	2	0	5	true	0	 	1	449001	0	1	0	1	99999	null	1
449002	1010425	true	10	2	0	5	true	0	 	1	449002	0	1	0	1	99999	null	1
449003	1010426	true	10	2	0	5	true	0	 	1	449003	0	1	0	1	99999	null	1
449004	1010427	true	10	2	0	5	true	0	 	1	449004	0	1	0	1	99999	null	1
449101	1010424	true	10	2	0	5	true	0	 	1	449101	0	1	0	1	99999	null	1
449102	1010425	true	10	2	0	5	true	0	 	1	449102	0	1	0	1	99999	null	1
449103	1010426	true	10	2	0	5	true	0	 	1	449103	0	1	0	1	99999	null	1
449104	1010427	true	10	2	0	5	true	0	 	1	449104	0	1	0	1	99999	null	1
449201	1010424	true	10	2	0	5	true	0	 	1	449201	0	1	0	1	99999	null	1
449202	1010425	true	10	2	0	5	true	0	 	1	449202	0	1	0	1	99999	null	1
449203	1010426	true	10	2	0	5	true	0	 	1	449203	0	1	0	1	99999	null	1
449204	1010427	true	10	2	0	5	true	0	 	1	449204	0	1	0	1	99999	null	1
459001	1010424	true	10	2	0	5	true	0	 	1	459001	0	1	0	1	99999	null	1
459002	1010425	true	10	2	0	5	true	0	 	1	459002	0	1	0	1	99999	null	1
459003	1010426	true	10	2	0	5	true	0	 	1	459003	0	1	0	1	99999	null	1
459004	1010427	true	10	2	0	5	true	0	 	1	459004	0	1	0	1	99999	null	1
459101	1010428	true	10	2	0	5	true	0	 	1	459101	0	1	0	1	99999	null	1
459102	1010429	true	10	2	0	5	true	0	 	1	459102	0	1	0	1	99999	null	1
459103	1010430	true	10	2	0	5	true	0	 	1	459103	0	1	0	1	99999	null	1
459104	1010431	true	10	2	0	5	true	0	 	1	459104	0	1	0	1	99999	null	1
459201	1010428	true	10	2	0	5	true	0	 	1	459201	0	1	0	1	99999	null	1
459202	1010429	true	10	2	0	5	true	0	 	1	459202	0	1	0	1	99999	null	1
459203	1010430	true	10	2	0	5	true	0	 	1	459203	0	1	0	1	99999	null	1
459204	1010431	true	10	2	0	5	true	0	 	1	459204	0	1	0	1	99999	null	1
469001	1010428	true	10	2	0	5	true	0	 	1	469001	0	1	0	1	99999	null	1
469002	1010429	true	10	2	0	5	true	0	 	1	469002	0	1	0	1	99999	null	1
469003	1010430	true	10	2	0	5	true	0	 	1	469003	0	1	0	1	99999	null	1
469004	1010431	true	10	2	0	5	true	0	 	1	469004	0	1	0	1	99999	null	1
469101	1010428	true	10	2	0	5	true	0	 	1	469101	0	1	0	1	99999	null	1
469102	1010429	true	10	2	0	5	true	0	 	1	469102	0	1	0	1	99999	null	1
469103	1010430	true	10	2	0	5	true	0	 	1	469103	0	1	0	1	99999	null	1
469104	1010431	true	10	2	0	5	true	0	 	1	469104	0	1	0	1	99999	null	1
469201	1010428	true	10	2	0	5	true	0	 	1	469201	0	1	0	1	99999	null	1
469202	1010429	true	10	2	0	5	true	0	 	1	469202	0	1	0	1	99999	null	1
469203	1010430	true	10	2	0	5	true	0	 	1	469203	0	1	0	1	99999	null	1
469204	1010431	true	10	2	0	5	true	0	 	1	469204	0	1	0	1	99999	null	1
479001	1010428	true	10	2	0	5	true	0	 	1	479001	0	1	0	1	99999	null	1
479002	1010429	true	10	2	0	5	true	0	 	1	479002	0	1	0	1	99999	null	1
479003	1010430	true	10	2	0	5	true	0	 	1	479003	0	1	0	1	99999	null	1
479004	1010431	true	10	2	0	5	true	0	 	1	479004	0	1	0	1	99999	null	1
479101	1010428	true	10	2	0	5	true	0	 	1	479101	0	1	0	1	99999	null	1
479102	1010429	true	10	2	0	5	true	0	 	1	479102	0	1	0	1	99999	null	1
479103	1010430	true	10	2	0	5	true	0	 	1	479103	0	1	0	1	99999	null	1
479104	1010431	true	10	2	0	5	true	0	 	1	479104	0	1	0	1	99999	null	1
479201	1010428	true	10	2	0	5	true	0	 	1	479201	0	1	0	1	99999	null	1
479202	1010429	true	10	2	0	5	true	0	 	1	479202	0	1	0	1	99999	null	1
479203	1010430	true	10	2	0	5	true	0	 	1	479203	0	1	0	1	99999	null	1
479204	1010431	true	10	2	0	5	true	0	 	1	479204	0	1	0	1	99999	null	1
489001	1010428	true	10	2	0	5	true	0	 	1	489001	0	1	0	1	99999	null	1
489002	1010429	true	10	2	0	5	true	0	 	1	489002	0	1	0	1	99999	null	1
489003	1010430	true	10	2	0	5	true	0	 	1	489003	0	1	0	1	99999	null	1
489004	1010431	true	10	2	0	5	true	0	 	1	489004	0	1	0	1	99999	null	1
489101	1010428	true	10	2	0	5	true	0	 	1	489101	0	1	0	1	99999	null	1
489102	1010429	true	10	2	0	5	true	0	 	1	489102	0	1	0	1	99999	null	1
489103	1010430	true	10	2	0	5	true	0	 	1	489103	0	1	0	1	99999	null	1
489104	1010431	true	10	2	0	5	true	0	 	1	489104	0	1	0	1	99999	null	1
489201	1010432	true	10	2	0	5	true	0	 	1	489201	0	1	0	1	99999	null	1
489202	1010433	true	10	2	0	5	true	0	 	1	489202	0	1	0	1	99999	null	1
489203	1010434	true	10	2	0	5	true	0	 	1	489203	0	1	0	1	99999	null	1
489204	1010435	true	10	2	0	5	true	0	 	1	489204	0	1	0	1	99999	null	1
499001	1010432	true	10	2	0	5	true	0	 	1	499001	0	1	0	1	99999	null	1
499002	1010433	true	10	2	0	5	true	0	 	1	499002	0	1	0	1	99999	null	1
499003	1010434	true	10	2	0	5	true	0	 	1	499003	0	1	0	1	99999	null	1
499004	1010435	true	10	2	0	5	true	0	 	1	499004	0	1	0	1	99999	null	1
499101	1010432	true	10	2	0	5	true	0	 	1	499101	0	1	0	1	99999	null	1
499102	1010433	true	10	2	0	5	true	0	 	1	499102	0	1	0	1	99999	null	1
499103	1010434	true	10	2	0	5	true	0	 	1	499103	0	1	0	1	99999	null	1
499104	1010435	true	10	2	0	5	true	0	 	1	499104	0	1	0	1	99999	null	1
499201	1010432	true	10	2	0	5	true	0	 	1	499201	0	1	0	1	99999	null	1
499202	1010433	true	10	2	0	5	true	0	 	1	499202	0	1	0	1	99999	null	1
499203	1010434	true	10	2	0	5	true	0	 	1	499203	0	1	0	1	99999	null	1
499204	1010435	true	10	2	0	5	true	0	 	1	499204	0	1	0	1	99999	null	1
509001	1010432	true	10	2	0	5	true	0	 	1	509001	0	1	0	1	99999	null	1
509002	1010433	true	10	2	0	5	true	0	 	1	509002	0	1	0	1	99999	null	1
509003	1010434	true	10	2	0	5	true	0	 	1	509003	0	1	0	1	99999	null	1
509004	1010435	true	10	2	0	5	true	0	 	1	509004	0	1	0	1	99999	null	1
509101	1010432	true	10	2	0	5	true	0	 	1	509101	0	1	0	1	99999	null	1
509102	1010433	true	10	2	0	5	true	0	 	1	509102	0	1	0	1	99999	null	1
509103	1010434	true	10	2	0	5	true	0	 	1	509103	0	1	0	1	99999	null	1
509104	1010435	true	10	2	0	5	true	0	 	1	509104	0	1	0	1	99999	null	1
509201	1010432	true	10	2	0	5	true	0	 	1	509201	0	1	0	1	99999	null	1
509202	1010433	true	10	2	0	5	true	0	 	1	509202	0	1	0	1	99999	null	1
509203	1010434	true	10	2	0	5	true	0	 	1	509203	0	1	0	1	99999	null	1
509204	1010435	true	10	2	0	5	true	0	 	1	509204	0	1	0	1	99999	null	1
519001	1010432	true	10	2	0	5	true	0	 	1	519001	0	1	0	1	99999	null	1
519002	1010433	true	10	2	0	5	true	0	 	1	519002	0	1	0	1	99999	null	1
519003	1010434	true	10	2	0	5	true	0	 	1	519003	0	1	0	1	99999	null	1
519004	1010435	true	10	2	0	5	true	0	 	1	519004	0	1	0	1	99999	null	1
519101	1010432	true	10	2	0	5	true	0	 	1	519101	0	1	0	1	99999	null	1
519102	1010433	true	10	2	0	5	true	0	 	1	519102	0	1	0	1	99999	null	1
519103	1010434	true	10	2	0	5	true	0	 	1	519103	0	1	0	1	99999	null	1
519104	1010435	true	10	2	0	5	true	0	 	1	519104	0	1	0	1	99999	null	1
519201	1010432	true	10	2	0	5	true	0	 	1	519201	0	1	0	1	99999	null	1
519202	1010433	true	10	2	0	5	true	0	 	1	519202	0	1	0	1	99999	null	1
519203	1010434	true	10	2	0	5	true	0	 	1	519203	0	1	0	1	99999	null	1
519204	1010435	true	10	2	0	5	true	0	 	1	519204	0	1	0	1	99999	null	1
529001	1010436	true	10	2	0	5	true	0	 	1	529001	0	1	0	1	99999	null	1
529002	1010437	true	10	2	0	5	true	0	 	1	529002	0	1	0	1	99999	null	1
529003	1010438	true	10	2	0	5	true	0	 	1	529003	0	1	0	1	99999	null	1
529004	1010439	true	10	2	0	5	true	0	 	1	529004	0	1	0	1	99999	null	1
529101	1010436	true	10	2	0	5	true	0	 	1	529101	0	1	0	1	99999	null	1
529102	1010437	true	10	2	0	5	true	0	 	1	529102	0	1	0	1	99999	null	1
529103	1010438	true	10	2	0	5	true	0	 	1	529103	0	1	0	1	99999	null	1
529104	1010439	true	10	2	0	5	true	0	 	1	529104	0	1	0	1	99999	null	1
529201	1010436	true	10	2	0	5	true	0	 	1	529201	0	1	0	1	99999	null	1
529202	1010437	true	10	2	0	5	true	0	 	1	529202	0	1	0	1	99999	null	1
529203	1010438	true	10	2	0	5	true	0	 	1	529203	0	1	0	1	99999	null	1
529204	1010439	true	10	2	0	5	true	0	 	1	529204	0	1	0	1	99999	null	1
539001	1010436	true	10	2	0	5	true	0	 	1	539001	0	1	0	1	99999	null	1
539002	1010437	true	10	2	0	5	true	0	 	1	539002	0	1	0	1	99999	null	1
539003	1010438	true	10	2	0	5	true	0	 	1	539003	0	1	0	1	99999	null	1
539004	1010439	true	10	2	0	5	true	0	 	1	539004	0	1	0	1	99999	null	1
539101	1010436	true	10	2	0	5	true	0	 	1	539101	0	1	0	1	99999	null	1
539102	1010437	true	10	2	0	5	true	0	 	1	539102	0	1	0	1	99999	null	1
539103	1010438	true	10	2	0	5	true	0	 	1	539103	0	1	0	1	99999	null	1
539104	1010439	true	10	2	0	5	true	0	 	1	539104	0	1	0	1	99999	null	1
539201	1010436	true	10	2	0	5	true	0	 	1	539201	0	1	0	1	99999	null	1
539202	1010437	true	10	2	0	5	true	0	 	1	539202	0	1	0	1	99999	null	1
539203	1010438	true	10	2	0	5	true	0	 	1	539203	0	1	0	1	99999	null	1
539204	1010439	true	10	2	0	5	true	0	 	1	539204	0	1	0	1	99999	null	1
549001	1010436	true	10	2	0	5	true	0	 	1	549001	0	1	0	1	99999	null	1
549002	1010437	true	10	2	0	5	true	0	 	1	549002	0	1	0	1	99999	null	1
549003	1010438	true	10	2	0	5	true	0	 	1	549003	0	1	0	1	99999	null	1
549004	1010439	true	10	2	0	5	true	0	 	1	549004	0	1	0	1	99999	null	1
549101	1010436	true	10	2	0	5	true	0	 	1	549101	0	1	0	1	99999	null	1
549102	1010437	true	10	2	0	5	true	0	 	1	549102	0	1	0	1	99999	null	1
549103	1010438	true	10	2	0	5	true	0	 	1	549103	0	1	0	1	99999	null	1
549104	1010439	true	10	2	0	5	true	0	 	1	549104	0	1	0	1	99999	null	1
549201	1010436	true	10	2	0	5	true	0	 	1	549201	0	1	0	1	99999	null	1
549202	1010437	true	10	2	0	5	true	0	 	1	549202	0	1	0	1	99999	null	1
549203	1010438	true	10	2	0	5	true	0	 	1	549203	0	1	0	1	99999	null	1
549204	1010439	true	10	2	0	5	true	0	 	1	549204	0	1	0	1	99999	null	1
559001	1010436	true	10	2	0	5	true	0	 	1	559001	0	1	0	1	99999	null	1
559002	1010437	true	10	2	0	5	true	0	 	1	559002	0	1	0	1	99999	null	1
559003	1010438	true	10	2	0	5	true	0	 	1	559003	0	1	0	1	99999	null	1
559004	1010439	true	10	2	0	5	true	0	 	1	559004	0	1	0	1	99999	null	1
559101	1010440	true	10	2	0	5	true	0	 	1	559101	0	1	0	1	99999	null	1
559102	1010441	true	10	2	0	5	true	0	 	1	559102	0	1	0	1	99999	null	1
559103	1010442	true	10	2	0	5	true	0	 	1	559103	0	1	0	1	99999	null	1
559104	1010443	true	10	2	0	5	true	0	 	1	559104	0	1	0	1	99999	null	1
559201	1010440	true	10	2	0	5	true	0	 	1	559201	0	1	0	1	99999	null	1
559202	1010441	true	10	2	0	5	true	0	 	1	559202	0	1	0	1	99999	null	1
559203	1010442	true	10	2	0	5	true	0	 	1	559203	0	1	0	1	99999	null	1
559204	1010443	true	10	2	0	5	true	0	 	1	559204	0	1	0	1	99999	null	1
569001	1010440	true	10	2	0	5	true	0	 	1	569001	0	1	0	1	99999	null	1
569002	1010441	true	10	2	0	5	true	0	 	1	569002	0	1	0	1	99999	null	1
569003	1010442	true	10	2	0	5	true	0	 	1	569003	0	1	0	1	99999	null	1
569004	1010443	true	10	2	0	5	true	0	 	1	569004	0	1	0	1	99999	null	1
569101	1010440	true	10	2	0	5	true	0	 	1	569101	0	1	0	1	99999	null	1
569102	1010441	true	10	2	0	5	true	0	 	1	569102	0	1	0	1	99999	null	1
569103	1010442	true	10	2	0	5	true	0	 	1	569103	0	1	0	1	99999	null	1
569104	1010443	true	10	2	0	5	true	0	 	1	569104	0	1	0	1	99999	null	1
569201	1010440	true	10	2	0	5	true	0	 	1	569201	0	1	0	1	99999	null	1
569202	1010441	true	10	2	0	5	true	0	 	1	569202	0	1	0	1	99999	null	1
569203	1010442	true	10	2	0	5	true	0	 	1	569203	0	1	0	1	99999	null	1
569204	1010443	true	10	2	0	5	true	0	 	1	569204	0	1	0	1	99999	null	1
579001	1010440	true	10	2	0	5	true	0	 	1	579001	0	1	0	1	99999	null	1
579002	1010441	true	10	2	0	5	true	0	 	1	579002	0	1	0	1	99999	null	1
579003	1010442	true	10	2	0	5	true	0	 	1	579003	0	1	0	1	99999	null	1
579004	1010443	true	10	2	0	5	true	0	 	1	579004	0	1	0	1	99999	null	1
579101	1010440	true	10	2	0	5	true	0	 	1	579101	0	1	0	1	99999	null	1
579102	1010441	true	10	2	0	5	true	0	 	1	579102	0	1	0	1	99999	null	1
579103	1010442	true	10	2	0	5	true	0	 	1	579103	0	1	0	1	99999	null	1
579104	1010443	true	10	2	0	5	true	0	 	1	579104	0	1	0	1	99999	null	1
579201	1010440	true	10	2	0	5	true	0	 	1	579201	0	1	0	1	99999	null	1
579202	1010441	true	10	2	0	5	true	0	 	1	579202	0	1	0	1	99999	null	1
579203	1010442	true	10	2	0	5	true	0	 	1	579203	0	1	0	1	99999	null	1
579204	1010443	true	10	2	0	5	true	0	 	1	579204	0	1	0	1	99999	null	1
589001	1010440	true	10	2	0	5	true	0	 	1	589001	0	1	0	1	99999	null	1
589002	1010441	true	10	2	0	5	true	0	 	1	589002	0	1	0	1	99999	null	1
589003	1010442	true	10	2	0	5	true	0	 	1	589003	0	1	0	1	99999	null	1
589004	1010443	true	10	2	0	5	true	0	 	1	589004	0	1	0	1	99999	null	1
589101	1010440	true	10	2	0	5	true	0	 	1	589101	0	1	0	1	99999	null	1
589102	1010441	true	10	2	0	5	true	0	 	1	589102	0	1	0	1	99999	null	1
589103	1010442	true	10	2	0	5	true	0	 	1	589103	0	1	0	1	99999	null	1
589104	1010443	true	10	2	0	5	true	0	 	1	589104	0	1	0	1	99999	null	1
589201	1010444	true	10	2	0	5	true	0	 	1	589201	0	1	0	1	99999	null	1
589202	1010445	true	10	2	0	5	true	0	 	1	589202	0	1	0	1	99999	null	1
589203	1010446	true	10	2	0	5	true	0	 	1	589203	0	1	0	1	99999	null	1
589204	1010447	true	10	2	0	5	true	0	 	1	589204	0	1	0	1	99999	null	1
599001	1010444	true	10	2	0	5	true	0	 	1	599001	0	1	0	1	99999	null	1
599002	1010445	true	10	2	0	5	true	0	 	1	599002	0	1	0	1	99999	null	1
599003	1010446	true	10	2	0	5	true	0	 	1	599003	0	1	0	1	99999	null	1
599004	1010447	true	10	2	0	5	true	0	 	1	599004	0	1	0	1	99999	null	1
599101	1010444	true	10	2	0	5	true	0	 	1	599101	0	1	0	1	99999	null	1
599102	1010445	true	10	2	0	5	true	0	 	1	599102	0	1	0	1	99999	null	1
599103	1010446	true	10	2	0	5	true	0	 	1	599103	0	1	0	1	99999	null	1
599104	1010447	true	10	2	0	5	true	0	 	1	599104	0	1	0	1	99999	null	1
599201	1010444	true	10	2	0	5	true	0	 	1	599201	0	1	0	1	99999	null	1
599202	1010445	true	10	2	0	5	true	0	 	1	599202	0	1	0	1	99999	null	1
599203	1010446	true	10	2	0	5	true	0	 	1	599203	0	1	0	1	99999	null	1
599204	1010447	true	10	2	0	5	true	0	 	1	599204	0	1	0	1	99999	null	1
609001	1010444	true	10	2	0	5	true	0	 	1	609001	0	1	0	1	99999	null	1
609002	1010445	true	10	2	0	5	true	0	 	1	609002	0	1	0	1	99999	null	1
609003	1010446	true	10	2	0	5	true	0	 	1	609003	0	1	0	1	99999	null	1
609004	1010447	true	10	2	0	5	true	0	 	1	609004	0	1	0	1	99999	null	1
609101	1010444	true	10	2	0	5	true	0	 	1	609101	0	1	0	1	99999	null	1
609102	1010445	true	10	2	0	5	true	0	 	1	609102	0	1	0	1	99999	null	1
609103	1010446	true	10	2	0	5	true	0	 	1	609103	0	1	0	1	99999	null	1
609104	1010447	true	10	2	0	5	true	0	 	1	609104	0	1	0	1	99999	null	1
609201	1010444	true	10	2	0	5	true	0	 	1	609201	0	1	0	1	99999	null	1
609202	1010445	true	10	2	0	5	true	0	 	1	609202	0	1	0	1	99999	null	1
609203	1010446	true	10	2	0	5	true	0	 	1	609203	0	1	0	1	99999	null	1
609204	1010447	true	10	2	0	5	true	0	 	1	609204	0	1	0	1	99999	null	1
619001	1010444	true	10	2	0	5	true	0	 	1	619001	0	1	0	1	99999	null	1
619002	1010445	true	10	2	0	5	true	0	 	1	619002	0	1	0	1	99999	null	1
619003	1010446	true	10	2	0	5	true	0	 	1	619003	0	1	0	1	99999	null	1
619004	1010447	true	10	2	0	5	true	0	 	1	619004	0	1	0	1	99999	null	1
619101	1010444	true	10	2	0	5	true	0	 	1	619101	0	1	0	1	99999	null	1
619102	1010445	true	10	2	0	5	true	0	 	1	619102	0	1	0	1	99999	null	1
619103	1010446	true	10	2	0	5	true	0	 	1	619103	0	1	0	1	99999	null	1
619104	1010447	true	10	2	0	5	true	0	 	1	619104	0	1	0	1	99999	null	1
619201	1010444	true	10	2	0	5	true	0	 	1	619201	0	1	0	1	99999	null	1
619202	1010445	true	10	2	0	5	true	0	 	1	619202	0	1	0	1	99999	null	1
619203	1010446	true	10	2	0	5	true	0	 	1	619203	0	1	0	1	99999	null	1
619204	1010447	true	10	2	0	5	true	0	 	1	619204	0	1	0	1	99999	null	1
629001	1010448	true	10	2	0	5	true	0	 	1	629001	0	1	0	1	99999	null	1
629002	1010449	true	10	2	0	5	true	0	 	1	629002	0	1	0	1	99999	null	1
629003	1010450	true	10	2	0	5	true	0	 	1	629003	0	1	0	1	99999	null	1
629004	1010451	true	10	2	0	5	true	0	 	1	629004	0	1	0	1	99999	null	1
629101	1010448	true	10	2	0	5	true	0	 	1	629101	0	1	0	1	99999	null	1
629102	1010449	true	10	2	0	5	true	0	 	1	629102	0	1	0	1	99999	null	1
629103	1010450	true	10	2	0	5	true	0	 	1	629103	0	1	0	1	99999	null	1
629104	1010451	true	10	2	0	5	true	0	 	1	629104	0	1	0	1	99999	null	1
629201	1010448	true	10	2	0	5	true	0	 	1	629201	0	1	0	1	99999	null	1
629202	1010449	true	10	2	0	5	true	0	 	1	629202	0	1	0	1	99999	null	1
629203	1010450	true	10	2	0	5	true	0	 	1	629203	0	1	0	1	99999	null	1
629204	1010451	true	10	2	0	5	true	0	 	1	629204	0	1	0	1	99999	null	1
639001	1010448	true	10	2	0	5	true	0	 	1	639001	0	1	0	1	99999	null	1
639002	1010449	true	10	2	0	5	true	0	 	1	639002	0	1	0	1	99999	null	1
639003	1010450	true	10	2	0	5	true	0	 	1	639003	0	1	0	1	99999	null	1
639004	1010451	true	10	2	0	5	true	0	 	1	639004	0	1	0	1	99999	null	1
639101	1010448	true	10	2	0	5	true	0	 	1	639101	0	1	0	1	99999	null	1
639102	1010449	true	10	2	0	5	true	0	 	1	639102	0	1	0	1	99999	null	1
639103	1010450	true	10	2	0	5	true	0	 	1	639103	0	1	0	1	99999	null	1
639104	1010451	true	10	2	0	5	true	0	 	1	639104	0	1	0	1	99999	null	1
639201	1010448	true	10	2	0	5	true	0	 	1	639201	0	1	0	1	99999	null	1
639202	1010449	true	10	2	0	5	true	0	 	1	639202	0	1	0	1	99999	null	1
639203	1010450	true	10	2	0	5	true	0	 	1	639203	0	1	0	1	99999	null	1
639204	1010451	true	10	2	0	5	true	0	 	1	639204	0	1	0	1	99999	null	1
649001	1010448	true	10	2	0	5	true	0	 	1	649001	0	1	0	1	99999	null	1
649002	1010449	true	10	2	0	5	true	0	 	1	649002	0	1	0	1	99999	null	1
649003	1010450	true	10	2	0	5	true	0	 	1	649003	0	1	0	1	99999	null	1
649004	1010451	true	10	2	0	5	true	0	 	1	649004	0	1	0	1	99999	null	1
649101	1010448	true	10	2	0	5	true	0	 	1	649101	0	1	0	1	99999	null	1
649102	1010449	true	10	2	0	5	true	0	 	1	649102	0	1	0	1	99999	null	1
649103	1010450	true	10	2	0	5	true	0	 	1	649103	0	1	0	1	99999	null	1
649104	1010451	true	10	2	0	5	true	0	 	1	649104	0	1	0	1	99999	null	1
649201	1010448	true	10	2	0	5	true	0	 	1	649201	0	1	0	1	99999	null	1
649202	1010449	true	10	2	0	5	true	0	 	1	649202	0	1	0	1	99999	null	1
649203	1010450	true	10	2	0	5	true	0	 	1	649203	0	1	0	1	99999	null	1
649204	1010451	true	10	2	0	5	true	0	 	1	649204	0	1	0	1	99999	null	1
659001	1010448	true	10	2	0	5	true	0	 	1	659001	0	1	0	1	99999	null	1
659002	1010449	true	10	2	0	5	true	0	 	1	659002	0	1	0	1	99999	null	1
659003	1010450	true	10	2	0	5	true	0	 	1	659003	0	1	0	1	99999	null	1
659004	1010451	true	10	2	0	5	true	0	 	1	659004	0	1	0	1	99999	null	1
659101	1010452	true	10	2	0	5	true	0	 	1	659101	0	1	0	1	99999	null	1
659102	1010453	true	10	2	0	5	true	0	 	1	659102	0	1	0	1	99999	null	1
659103	1010454	true	10	2	0	5	true	0	 	1	659103	0	1	0	1	99999	null	1
659104	1010455	true	10	2	0	5	true	0	 	1	659104	0	1	0	1	99999	null	1
659201	1010452	true	10	2	0	5	true	0	 	1	659201	0	1	0	1	99999	null	1
659202	1010453	true	10	2	0	5	true	0	 	1	659202	0	1	0	1	99999	null	1
659203	1010454	true	10	2	0	5	true	0	 	1	659203	0	1	0	1	99999	null	1
659204	1010455	true	10	2	0	5	true	0	 	1	659204	0	1	0	1	99999	null	1
669001	1010452	true	10	2	0	5	true	0	 	1	669001	0	1	0	1	99999	null	1
669002	1010453	true	10	2	0	5	true	0	 	1	669002	0	1	0	1	99999	null	1
669003	1010454	true	10	2	0	5	true	0	 	1	669003	0	1	0	1	99999	null	1
669004	1010455	true	10	2	0	5	true	0	 	1	669004	0	1	0	1	99999	null	1
669101	1010452	true	10	2	0	5	true	0	 	1	669101	0	1	0	1	99999	null	1
669102	1010453	true	10	2	0	5	true	0	 	1	669102	0	1	0	1	99999	null	1
669103	1010454	true	10	2	0	5	true	0	 	1	669103	0	1	0	1	99999	null	1
669104	1010455	true	10	2	0	5	true	0	 	1	669104	0	1	0	1	99999	null	1
669201	1010452	true	10	2	0	5	true	0	 	1	669201	0	1	0	1	99999	null	1
669202	1010453	true	10	2	0	5	true	0	 	1	669202	0	1	0	1	99999	null	1
669203	1010454	true	10	2	0	5	true	0	 	1	669203	0	1	0	1	99999	null	1
669204	1010455	true	10	2	0	5	true	0	 	1	669204	0	1	0	1	99999	null	1
679001	1010452	true	10	2	0	5	true	0	 	1	679001	0	1	0	1	99999	null	1
679002	1010453	true	10	2	0	5	true	0	 	1	679002	0	1	0	1	99999	null	1
679003	1010454	true	10	2	0	5	true	0	 	1	679003	0	1	0	1	99999	null	1
679004	1010455	true	10	2	0	5	true	0	 	1	679004	0	1	0	1	99999	null	1
679101	1010452	true	10	2	0	5	true	0	 	1	679101	0	1	0	1	99999	null	1
679102	1010453	true	10	2	0	5	true	0	 	1	679102	0	1	0	1	99999	null	1
679103	1010454	true	10	2	0	5	true	0	 	1	679103	0	1	0	1	99999	null	1
679104	1010455	true	10	2	0	5	true	0	 	1	679104	0	1	0	1	99999	null	1
679201	1010452	true	10	2	0	5	true	0	 	1	679201	0	1	0	1	99999	null	1
679202	1010453	true	10	2	0	5	true	0	 	1	679202	0	1	0	1	99999	null	1
679203	1010454	true	10	2	0	5	true	0	 	1	679203	0	1	0	1	99999	null	1
679204	1010455	true	10	2	0	5	true	0	 	1	679204	0	1	0	1	99999	null	1
689001	1010452	true	10	2	0	5	true	0	 	1	689001	0	1	0	1	99999	null	1
689002	1010453	true	10	2	0	5	true	0	 	1	689002	0	1	0	1	99999	null	1
689003	1010454	true	10	2	0	5	true	0	 	1	689003	0	1	0	1	99999	null	1
689004	1010455	true	10	2	0	5	true	0	 	1	689004	0	1	0	1	99999	null	1
689101	1010452	true	10	2	0	5	true	0	 	1	689101	0	1	0	1	99999	null	1
689102	1010453	true	10	2	0	5	true	0	 	1	689102	0	1	0	1	99999	null	1
689103	1010454	true	10	2	0	5	true	0	 	1	689103	0	1	0	1	99999	null	1
689104	1010455	true	10	2	0	5	true	0	 	1	689104	0	1	0	1	99999	null	1
689201	1010456	true	10	2	0	5	true	0	 	1	689201	0	1	0	1	99999	null	1
689202	1010457	true	10	2	0	5	true	0	 	1	689202	0	1	0	1	99999	null	1
689203	1010458	true	10	2	0	5	true	0	 	1	689203	0	1	0	1	99999	null	1
689204	1010459	true	10	2	0	5	true	0	 	1	689204	0	1	0	1	99999	null	1
699001	1010456	true	10	2	0	5	true	0	 	1	699001	0	1	0	1	99999	null	1
699002	1010457	true	10	2	0	5	true	0	 	1	699002	0	1	0	1	99999	null	1
699003	1010458	true	10	2	0	5	true	0	 	1	699003	0	1	0	1	99999	null	1
699004	1010459	true	10	2	0	5	true	0	 	1	699004	0	1	0	1	99999	null	1
699101	1010456	true	10	2	0	5	true	0	 	1	699101	0	1	0	1	99999	null	1
699102	1010457	true	10	2	0	5	true	0	 	1	699102	0	1	0	1	99999	null	1
699103	1010458	true	10	2	0	5	true	0	 	1	699103	0	1	0	1	99999	null	1
699104	1010459	true	10	2	0	5	true	0	 	1	699104	0	1	0	1	99999	null	1
699201	1010456	true	10	2	0	5	true	0	 	1	699201	0	1	0	1	99999	null	1
699202	1010457	true	10	2	0	5	true	0	 	1	699202	0	1	0	1	99999	null	1
699203	1010458	true	10	2	0	5	true	0	 	1	699203	0	1	0	1	99999	null	1
699204	1010459	true	10	2	0	5	true	0	 	1	699204	0	1	0	1	99999	null	1
709001	1010456	true	10	2	0	5	true	0	 	1	709001	0	1	0	1	99999	null	1
709002	1010457	true	10	2	0	5	true	0	 	1	709002	0	1	0	1	99999	null	1
709003	1010458	true	10	2	0	5	true	0	 	1	709003	0	1	0	1	99999	null	1
709004	1010459	true	10	2	0	5	true	0	 	1	709004	0	1	0	1	99999	null	1
709101	1010456	true	10	2	0	5	true	0	 	1	709101	0	1	0	1	99999	null	1
709102	1010457	true	10	2	0	5	true	0	 	1	709102	0	1	0	1	99999	null	1
709103	1010458	true	10	2	0	5	true	0	 	1	709103	0	1	0	1	99999	null	1
709104	1010459	true	10	2	0	5	true	0	 	1	709104	0	1	0	1	99999	null	1
709201	1010456	true	10	2	0	5	true	0	 	1	709201	0	1	0	1	99999	null	1
709202	1010457	true	10	2	0	5	true	0	 	1	709202	0	1	0	1	99999	null	1
709203	1010458	true	10	2	0	5	true	0	 	1	709203	0	1	0	1	99999	null	1
709204	1010459	true	10	2	0	5	true	0	 	1	709204	0	1	0	1	99999	null	1
719001	1010456	true	10	2	0	5	true	0	 	1	719001	0	1	0	1	99999	null	1
719002	1010457	true	10	2	0	5	true	0	 	1	719002	0	1	0	1	99999	null	1
719003	1010458	true	10	2	0	5	true	0	 	1	719003	0	1	0	1	99999	null	1
719004	1010459	true	10	2	0	5	true	0	 	1	719004	0	1	0	1	99999	null	1
719101	1010456	true	10	2	0	5	true	0	 	1	719101	0	1	0	1	99999	null	1
719102	1010457	true	10	2	0	5	true	0	 	1	719102	0	1	0	1	99999	null	1
719103	1010458	true	10	2	0	5	true	0	 	1	719103	0	1	0	1	99999	null	1
719104	1010459	true	10	2	0	5	true	0	 	1	719104	0	1	0	1	99999	null	1
719201	1010456	true	10	2	0	5	true	0	 	1	719201	0	1	0	1	99999	null	1
719202	1010457	true	10	2	0	5	true	0	 	1	719202	0	1	0	1	99999	null	1
719203	1010458	true	10	2	0	5	true	0	 	1	719203	0	1	0	1	99999	null	1
719204	1010459	true	10	2	0	5	true	0	 	1	719204	0	1	0	1	99999	null	1
729001	1010460	true	10	2	0	5	true	0	 	1	729001	0	1	0	1	99999	null	1
729002	1010461	true	10	2	0	5	true	0	 	1	729002	0	1	0	1	99999	null	1
729003	1010462	true	10	2	0	5	true	0	 	1	729003	0	1	0	1	99999	null	1
729004	1010463	true	10	2	0	5	true	0	 	1	729004	0	1	0	1	99999	null	1
729101	1010460	true	10	2	0	5	true	0	 	1	729101	0	1	0	1	99999	null	1
729102	1010461	true	10	2	0	5	true	0	 	1	729102	0	1	0	1	99999	null	1
729103	1010462	true	10	2	0	5	true	0	 	1	729103	0	1	0	1	99999	null	1
729104	1010463	true	10	2	0	5	true	0	 	1	729104	0	1	0	1	99999	null	1
729201	1010460	true	10	2	0	5	true	0	 	1	729201	0	1	0	1	99999	null	1
729202	1010461	true	10	2	0	5	true	0	 	1	729202	0	1	0	1	99999	null	1
729203	1010462	true	10	2	0	5	true	0	 	1	729203	0	1	0	1	99999	null	1
729204	1010463	true	10	2	0	5	true	0	 	1	729204	0	1	0	1	99999	null	1
739001	1010460	true	10	2	0	5	true	0	 	1	739001	0	1	0	1	99999	null	1
739002	1010461	true	10	2	0	5	true	0	 	1	739002	0	1	0	1	99999	null	1
739003	1010462	true	10	2	0	5	true	0	 	1	739003	0	1	0	1	99999	null	1
739004	1010463	true	10	2	0	5	true	0	 	1	739004	0	1	0	1	99999	null	1
739101	1010460	true	10	2	0	5	true	0	 	1	739101	0	1	0	1	99999	null	1
739102	1010461	true	10	2	0	5	true	0	 	1	739102	0	1	0	1	99999	null	1
739103	1010462	true	10	2	0	5	true	0	 	1	739103	0	1	0	1	99999	null	1
739104	1010463	true	10	2	0	5	true	0	 	1	739104	0	1	0	1	99999	null	1
739201	1010460	true	10	2	0	5	true	0	 	1	739201	0	1	0	1	99999	null	1
739202	1010461	true	10	2	0	5	true	0	 	1	739202	0	1	0	1	99999	null	1
739203	1010462	true	10	2	0	5	true	0	 	1	739203	0	1	0	1	99999	null	1
739204	1010463	true	10	2	0	5	true	0	 	1	739204	0	1	0	1	99999	null	1
749001	1010460	true	10	2	0	5	true	0	 	1	749001	0	1	0	1	99999	null	1
749002	1010461	true	10	2	0	5	true	0	 	1	749002	0	1	0	1	99999	null	1
749003	1010462	true	10	2	0	5	true	0	 	1	749003	0	1	0	1	99999	null	1
749004	1010463	true	10	2	0	5	true	0	 	1	749004	0	1	0	1	99999	null	1
749101	1010460	true	10	2	0	5	true	0	 	1	749101	0	1	0	1	99999	null	1
749102	1010461	true	10	2	0	5	true	0	 	1	749102	0	1	0	1	99999	null	1
749103	1010462	true	10	2	0	5	true	0	 	1	749103	0	1	0	1	99999	null	1
749104	1010463	true	10	2	0	5	true	0	 	1	749104	0	1	0	1	99999	null	1
749201	1010460	true	10	2	0	5	true	0	 	1	749201	0	1	0	1	99999	null	1
749202	1010461	true	10	2	0	5	true	0	 	1	749202	0	1	0	1	99999	null	1
749203	1010462	true	10	2	0	5	true	0	 	1	749203	0	1	0	1	99999	null	1
749204	1010463	true	10	2	0	5	true	0	 	1	749204	0	1	0	1	99999	null	1
759001	1010460	true	10	2	0	5	true	0	 	1	759001	0	1	0	1	99999	null	1
759002	1010461	true	10	2	0	5	true	0	 	1	759002	0	1	0	1	99999	null	1
759003	1010462	true	10	2	0	5	true	0	 	1	759003	0	1	0	1	99999	null	1
759004	1010463	true	10	2	0	5	true	0	 	1	759004	0	1	0	1	99999	null	1
759101	1010464	true	10	2	0	5	true	0	 	1	759101	0	1	0	1	99999	null	1
759102	1010465	true	10	2	0	5	true	0	 	1	759102	0	1	0	1	99999	null	1
759103	1010466	true	10	2	0	5	true	0	 	1	759103	0	1	0	1	99999	null	1
759104	1010467	true	10	2	0	5	true	0	 	1	759104	0	1	0	1	99999	null	1
759201	1010464	true	10	2	0	5	true	0	 	1	759201	0	1	0	1	99999	null	1
759202	1010465	true	10	2	0	5	true	0	 	1	759202	0	1	0	1	99999	null	1
759203	1010466	true	10	2	0	5	true	0	 	1	759203	0	1	0	1	99999	null	1
759204	1010467	true	10	2	0	5	true	0	 	1	759204	0	1	0	1	99999	null	1
769001	1010464	true	10	2	0	5	true	0	 	1	769001	0	1	0	1	99999	null	1
769002	1010465	true	10	2	0	5	true	0	 	1	769002	0	1	0	1	99999	null	1
769003	1010466	true	10	2	0	5	true	0	 	1	769003	0	1	0	1	99999	null	1
769004	1010467	true	10	2	0	5	true	0	 	1	769004	0	1	0	1	99999	null	1
769101	1010464	true	10	2	0	5	true	0	 	1	769101	0	1	0	1	99999	null	1
769102	1010465	true	10	2	0	5	true	0	 	1	769102	0	1	0	1	99999	null	1
769103	1010466	true	10	2	0	5	true	0	 	1	769103	0	1	0	1	99999	null	1
769104	1010467	true	10	2	0	5	true	0	 	1	769104	0	1	0	1	99999	null	1
769201	1010464	true	10	2	0	5	true	0	 	1	769201	0	1	0	1	99999	null	1
769202	1010465	true	10	2	0	5	true	0	 	1	769202	0	1	0	1	99999	null	1
769203	1010466	true	10	2	0	5	true	0	 	1	769203	0	1	0	1	99999	null	1
769204	1010467	true	10	2	0	5	true	0	 	1	769204	0	1	0	1	99999	null	1
779001	1010464	true	10	2	0	5	true	0	 	1	779001	0	1	0	1	99999	null	1
779002	1010465	true	10	2	0	5	true	0	 	1	779002	0	1	0	1	99999	null	1
779003	1010466	true	10	2	0	5	true	0	 	1	779003	0	1	0	1	99999	null	1
779004	1010467	true	10	2	0	5	true	0	 	1	779004	0	1	0	1	99999	null	1
779101	1010464	true	10	2	0	5	true	0	 	1	779101	0	1	0	1	99999	null	1
779102	1010465	true	10	2	0	5	true	0	 	1	779102	0	1	0	1	99999	null	1
779103	1010466	true	10	2	0	5	true	0	 	1	779103	0	1	0	1	99999	null	1
779104	1010467	true	10	2	0	5	true	0	 	1	779104	0	1	0	1	99999	null	1
779201	1010464	true	10	2	0	5	true	0	 	1	779201	0	1	0	1	99999	null	1
779202	1010465	true	10	2	0	5	true	0	 	1	779202	0	1	0	1	99999	null	1
779203	1010466	true	10	2	0	5	true	0	 	1	779203	0	1	0	1	99999	null	1
779204	1010467	true	10	2	0	5	true	0	 	1	779204	0	1	0	1	99999	null	1
789001	1010464	true	10	2	0	5	true	0	 	1	789001	0	1	0	1	99999	null	1
789002	1010465	true	10	2	0	5	true	0	 	1	789002	0	1	0	1	99999	null	1
789003	1010466	true	10	2	0	5	true	0	 	1	789003	0	1	0	1	99999	null	1
789004	1010467	true	10	2	0	5	true	0	 	1	789004	0	1	0	1	99999	null	1
789101	1010464	true	10	2	0	5	true	0	 	1	789101	0	1	0	1	99999	null	1
789102	1010465	true	10	2	0	5	true	0	 	1	789102	0	1	0	1	99999	null	1
789103	1010466	true	10	2	0	5	true	0	 	1	789103	0	1	0	1	99999	null	1
789104	1010467	true	10	2	0	5	true	0	 	1	789104	0	1	0	1	99999	null	1
789201	1010468	true	10	2	0	5	true	0	 	1	789201	0	1	0	1	99999	null	1
789202	1010469	true	10	2	0	5	true	0	 	1	789202	0	1	0	1	99999	null	1
789203	1010470	true	10	2	0	5	true	0	 	1	789203	0	1	0	1	99999	null	1
789204	1010471	true	10	2	0	5	true	0	 	1	789204	0	1	0	1	99999	null	1
799001	1010468	true	10	2	0	5	true	0	 	1	799001	0	1	0	1	99999	null	1
799002	1010469	true	10	2	0	5	true	0	 	1	799002	0	1	0	1	99999	null	1
799003	1010470	true	10	2	0	5	true	0	 	1	799003	0	1	0	1	99999	null	1
799004	1010471	true	10	2	0	5	true	0	 	1	799004	0	1	0	1	99999	null	1
799101	1010468	true	10	2	0	5	true	0	 	1	799101	0	1	0	1	99999	null	1
799102	1010469	true	10	2	0	5	true	0	 	1	799102	0	1	0	1	99999	null	1
799103	1010470	true	10	2	0	5	true	0	 	1	799103	0	1	0	1	99999	null	1
799104	1010471	true	10	2	0	5	true	0	 	1	799104	0	1	0	1	99999	null	1
799201	1010468	true	10	2	0	5	true	0	 	1	799201	0	1	0	1	99999	null	1
799202	1010469	true	10	2	0	5	true	0	 	1	799202	0	1	0	1	99999	null	1
799203	1010470	true	10	2	0	5	true	0	 	1	799203	0	1	0	1	99999	null	1
799204	1010471	true	10	2	0	5	true	0	 	1	799204	0	1	0	1	99999	null	1
809001	1010468	true	10	2	0	5	true	0	 	1	809001	0	1	0	1	99999	null	1
809002	1010469	true	10	2	0	5	true	0	 	1	809002	0	1	0	1	99999	null	1
809003	1010470	true	10	2	0	5	true	0	 	1	809003	0	1	0	1	99999	null	1
809004	1010471	true	10	2	0	5	true	0	 	1	809004	0	1	0	1	99999	null	1
809101	1010468	true	10	2	0	5	true	0	 	1	809101	0	1	0	1	99999	null	1
809102	1010469	true	10	2	0	5	true	0	 	1	809102	0	1	0	1	99999	null	1
809103	1010470	true	10	2	0	5	true	0	 	1	809103	0	1	0	1	99999	null	1
809104	1010471	true	10	2	0	5	true	0	 	1	809104	0	1	0	1	99999	null	1
809201	1010468	true	10	2	0	5	true	0	 	1	809201	0	1	0	1	99999	null	1
809202	1010469	true	10	2	0	5	true	0	 	1	809202	0	1	0	1	99999	null	1
809203	1010470	true	10	2	0	5	true	0	 	1	809203	0	1	0	1	99999	null	1
809204	1010471	true	10	2	0	5	true	0	 	1	809204	0	1	0	1	99999	null	1
819001	1010468	true	10	2	0	5	true	0	 	1	819001	0	1	0	1	99999	null	1
819002	1010469	true	10	2	0	5	true	0	 	1	819002	0	1	0	1	99999	null	1
819003	1010470	true	10	2	0	5	true	0	 	1	819003	0	1	0	1	99999	null	1
819004	1010471	true	10	2	0	5	true	0	 	1	819004	0	1	0	1	99999	null	1
819101	1010468	true	10	2	0	5	true	0	 	1	819101	0	1	0	1	99999	null	1
819102	1010469	true	10	2	0	5	true	0	 	1	819102	0	1	0	1	99999	null	1
819103	1010470	true	10	2	0	5	true	0	 	1	819103	0	1	0	1	99999	null	1
819104	1010471	true	10	2	0	5	true	0	 	1	819104	0	1	0	1	99999	null	1
819201	1010468	true	10	2	0	5	true	0	 	1	819201	0	1	0	1	99999	null	1
819202	1010469	true	10	2	0	5	true	0	 	1	819202	0	1	0	1	99999	null	1
819203	1010470	true	10	2	0	5	true	0	 	1	819203	0	1	0	1	99999	null	1
819204	1010471	true	10	2	0	5	true	0	 	1	819204	0	1	0	1	99999	null	1
20001	1010519	false	29	0	0	6	false	0	 	0	0	0	1	0	1	9999999	null	1
20002	1010520	false	29	0	0	5	false	0	 	0	0	0	1	0	1	9999999	null	1
20003	1010521	false	29	0	0	4	false	0	 	0	0	0	1	0	1	9999999	null	1
20004	1010522	false	29	0	0	6	false	0	 	0	0	0	1	0	1	9999999	null	1
20005	1010523	false	29	0	0	5	false	0	 	0	0	0	1	0	1	9999999	null	1
20006	1010524	false	29	0	0	4	false	0	 	0	0	0	1	0	1	9999999	null	1
20007	1010525	false	29	0	0	5	false	0	 	0	0	0	1	0	1	9999999	null	1
20008	1010526	false	29	0	0	5	false	0	 	0	0	0	1	0	1	9999999	null	1
20009	1010527	false	29	0	0	5	false	0	 	0	0	0	1	0	1	9999999	null	1
20010	1010528	false	29	0	0	5	false	0	 	0	0	0	1	0	1	999999	null	1
20011	1010529	false	29	0	0	3	false	0	 	0	0	0	1	0	1	999999	null	1
20012	1010530	false	29	0	0	4	false	0	 	0	0	0	1	0	1	999999	null	1
20013	1010531	false	29	0	0	5	false	0	 	0	0	0	1	0	1	999999	null	1
20014	1010532	false	29	0	0	6	false	0	 	0	0	0	1	0	1	999999	null	1
50801	1010533	false	29	0	0	6	false	0	 	0	0	0	1	0	1	999999	null	1
50802	1010534	false	29	0	0	5	false	0	 	0	0	0	1	0	1	999999	null	1
50803	1010535	false	29	0	0	4	false	0	 	0	0	0	1	0	1	999999	null	1
20015	1010536	false	29	0	0	6	false	0	 	0	0	0	1	0	1	999999	null	1
20016	1010537	false	29	0	0	5	false	0	 	0	0	0	1	0	1	999999	null	1
20017	1010538	false	29	0	0	4	false	0	 	0	0	0	1	0	1	999999	null	1
20018	1011702	false	29	0	0	6	false	0	 	0	0	0	1	0	1	999999	null	1
20019	1011703	false	29	0	0	5	false	0	 	0	0	0	1	0	1	999999	null	1
20020	1011704	false	29	0	0	4	false	0	 	0	0	0	1	0	1	999999	null	1
20021	1011705	false	29	0	0	6	false	0	 	0	0	0	1	0	1	999999	null	1
20022	1011706	false	29	0	0	5	false	0	 	0	0	0	1	0	1	999999	null	1
20023	1011707	false	29	0	0	4	false	0	 	0	0	0	1	0	1	999999	null	1
20024	1011708	false	29	0	0	6	false	0	 	0	0	0	1	0	1	999999	null	1
20025	1011709	false	29	0	0	5	false	0	 	0	0	0	1	0	1	999999	null	1
20026	1011710	false	29	0	0	4	false	0	 	0	0	0	1	0	1	999999	null	1
20027	1010539	false	29	0	0	4	false	0	 	0	0	0	1	0	1	999999	null	1
20028	1010540	false	29	0	0	5	false	0	 	0	0	0	1	0	1	999999	null	1
20029	1010541	false	29	0	0	5	false	0	 	0	0	0	1	0	1	999999	null	1
20030	1010542	false	29	0	0	4	false	0	 	0	0	0	1	0	1	999999	null	1
20031	1010543	false	29	0	0	3	false	0	 	0	0	0	1	0	1	999999	null	1
20061	1011753	false	29	0	0	3	false	0	 	0	0	0	1	0	1	999999	null	1
20062	1011754	false	29	0	0	3	false	0	 	0	0	0	1	0	1	999999	null	1
20063	1011755	false	29	0	0	3	false	0	 	0	0	0	1	0	1	999999	null	1
20064	1011756	false	29	0	0	3	false	0	 	0	0	0	1	0	1	999999	null	1
20065	1011757	false	29	0	0	3	false	0	 	0	0	0	1	0	1	999999	null	1
20066	1011758	false	29	0	0	3	false	0	 	0	0	0	1	0	1	999999	null	1
20067	1011759	false	29	0	0	3	false	0	 	0	0	0	1	0	1	999999	null	1
20068	1011760	false	29	0	0	3	false	0	 	0	0	0	1	0	1	999999	null	1
20069	1011761	false	29	0	0	3	false	0	 	0	0	0	1	0	1	999999	null	1
20070	1011762	false	29	0	0	3	false	0	 	0	0	0	1	0	1	999999	null	1
20071	1011763	false	29	0	0	3	false	0	 	0	0	0	1	0	1	999999	null	1
20072	1011764	false	29	0	0	3	false	0	 	0	0	0	1	0	1	999999	null	1
20073	1011765	false	29	0	0	3	false	0	 	0	0	0	1	0	1	999999	null	1
20074	1011766	false	29	0	0	3	false	0	 	0	0	0	1	0	1	999999	null	1
20075	1011767	false	29	0	0	3	false	0	 	0	0	0	1	0	1	999999	null	1
20076	1011768	false	29	0	0	3	false	0	 	0	0	0	1	0	1	999999	null	1
80000	1010544	false	11	0	0	0	false	0	 	0	0	0	0	null	1	1	null	1
80001	1010545	false	11	0	0	0	false	0	 	0	0	0	0	null	1	1	null	1
80002	1010546	false	11	0	0	0	false	0	 	0	0	0	0	null	1	1	null	1
80003	1010547	false	11	0	0	6	false	0	 	0	0	0	0	null	1	1	null	1
80008	1010526	false	11	0	0	5	false	0	 	0	0	0	0	null	1	1	null	1
80009	1010548	false	11	0	0	3	false	0	 	0	0	0	0	null	1	1	null	1
80010	1010549	false	11	0	0	4	false	0	 	0	0	0	0	null	1	1	null	1
80011	1010550	false	11	0	0	5	false	0	 	0	0	0	0	null	1	1	null	1
80012	1010551	false	11	0	0	6	false	0	 	0	0	0	0	null	1	1	null	1
80051	1011801	false	11	0	0	3	false	0	 	0	0	0	0	null	1	1	null	1
80052	1011802	false	11	0	0	3	false	0	 	0	0	0	0	null	1	1	null	1
80053	1011803	false	11	0	0	3	false	0	 	0	0	0	0	null	1	1	null	1
80054	1011804	false	11	0	0	3	false	0	 	0	0	0	0	null	1	1	null	1
80055	1011805	false	11	0	0	3	false	0	 	0	0	0	0	null	1	1	null	1
80056	1011806	false	11	0	0	3	false	0	 	0	0	0	0	null	1	1	null	1
80057	1011807	false	11	0	0	3	false	0	 	0	0	0	0	null	1	1	null	1
80058	1011808	false	11	0	0	3	false	0	 	0	0	0	0	null	1	1	null	1
80059	1011809	false	11	0	0	3	false	0	 	0	0	0	0	null	1	1	null	1
80060	1011810	false	11	0	0	3	false	0	 	0	0	0	0	null	1	1	null	1
80061	1011811	false	11	0	0	3	false	0	 	0	0	0	0	null	1	1	null	1
80062	1011812	false	11	0	0	3	false	0	 	0	0	0	0	null	1	1	null	1
80063	1011813	false	11	0	0	3	false	0	 	0	0	0	0	null	1	1	null	1
80064	1011814	false	11	0	0	3	false	0	 	0	0	0	0	null	1	1	null	1
80065	1011815	false	11	0	0	3	false	0	 	0	0	0	0	null	1	1	null	1
80066	1011816	false	11	0	0	3	false	0	 	0	0	0	0	null	1	1	null	1
801001	1010639	true	25	7	0	2	false	1	801000#2	0	0	0	1	0	1	9999999	null	1
801002	1010639	true	25	7	0	3	false	1	801000#6	0	0	0	1	0	1	9999999	null	1
801003	1010639	true	25	7	0	4	false	1	801000#18	0	0	0	1	0	1	9999999	null	1
801004	1010639	true	25	7	0	5	false	1	801003#1|801000#36	0	0	0	1	0	1	9999999	null	1
801005	1010639	true	25	7	0	5	false	1	801004#1|801000#36	0	0	0	1	0	1	9999999	null	1
801006	1010639	true	25	7	0	5	false	1	801004#1|801000#90	0	0	0	1	0	1	9999999	null	1
801007	1010639	true	25	7	0	5	false	1	801004#2|801000#108	0	0	0	1	0	1	9999999	null	1
801008	1010639	true	25	7	0	5	false	1	801004#3|801000#144	0	0	0	1	0	1	9999999	null	1
801009	1010639	true	25	7	0	5	false	1	801004#4|801000#198	0	0	0	1	0	1	9999999	null	1
801010	1010639	true	25	7	0	5	false	1	801004#6|801000#216	0	0	0	1	0	1	9999999	null	1
801011	1010639	true	25	7	0	5	false	1	801004#8|801000#252	0	0	0	1	0	1	9999999	null	1
801012	1010639	true	25	7	0	5	false	1	801004#10|801000#306	0	0	0	1	0	1	9999999	null	1
801013	1010639	true	25	7	0	5	false	1	801004#13|801000#324	0	0	0	1	0	1	9999999	null	1
801014	1010639	true	25	7	0	5	false	1	801004#17|801000#342	0	0	0	1	0	1	9999999	null	1
802001	1010639	true	25	7	0	2	false	1	801000#2	0	0	0	1	0	1	9999999	null	1
802002	1010639	true	25	7	0	3	false	1	801000#6	0	0	0	1	0	1	9999999	null	1
802003	1010639	true	25	7	0	4	false	1	801000#18	0	0	0	1	0	1	9999999	null	1
802004	1010639	true	25	7	0	5	false	1	802003#1|801000#36	0	0	0	1	0	1	9999999	null	1
802005	1010639	true	25	7	0	5	false	1	802004#1|801000#36	0	0	0	1	0	1	9999999	null	1
802006	1010639	true	25	7	0	5	false	1	802004#1|801000#90	0	0	0	1	0	1	9999999	null	1
802007	1010639	true	25	7	0	5	false	1	802004#2|801000#108	0	0	0	1	0	1	9999999	null	1
802008	1010639	true	25	7	0	5	false	1	802004#3|801000#144	0	0	0	1	0	1	9999999	null	1
802009	1010639	true	25	7	0	5	false	1	802004#4|801000#198	0	0	0	1	0	1	9999999	null	1
802010	1010639	true	25	7	0	5	false	1	802004#6|801000#216	0	0	0	1	0	1	9999999	null	1
802011	1010639	true	25	7	0	5	false	1	802004#8|801000#252	0	0	0	1	0	1	9999999	null	1
802012	1010639	true	25	7	0	5	false	1	802004#10|801000#306	0	0	0	1	0	1	9999999	null	1
802013	1010639	true	25	7	0	5	false	1	802004#13|801000#324	0	0	0	1	0	1	9999999	null	1
802014	1010639	true	25	7	0	5	false	1	802004#17|801000#342	0	0	0	1	0	1	9999999	null	1
803001	1010639	true	25	7	0	2	false	1	801000#2	0	0	0	1	0	1	9999999	null	1
803002	1010639	true	25	7	0	3	false	1	801000#6	0	0	0	1	0	1	9999999	null	1
803003	1010639	true	25	7	0	4	false	1	801000#18	0	0	0	1	0	1	9999999	null	1
803004	1010639	true	25	7	0	5	false	1	803003#1|801000#36	0	0	0	1	0	1	9999999	null	1
803005	1010639	true	25	7	0	5	false	1	803004#1|801000#36	0	0	0	1	0	1	9999999	null	1
803006	1010639	true	25	7	0	5	false	1	803004#1|801000#90	0	0	0	1	0	1	9999999	null	1
803007	1010639	true	25	7	0	5	false	1	803004#2|801000#108	0	0	0	1	0	1	9999999	null	1
803008	1010639	true	25	7	0	5	false	1	803004#3|801000#144	0	0	0	1	0	1	9999999	null	1
803009	1010639	true	25	7	0	5	false	1	803004#4|801000#198	0	0	0	1	0	1	9999999	null	1
803010	1010639	true	25	7	0	5	false	1	803004#6|801000#216	0	0	0	1	0	1	9999999	null	1
803011	1010639	true	25	7	0	5	false	1	803004#8|801000#252	0	0	0	1	0	1	9999999	null	1
803012	1010639	true	25	7	0	5	false	1	803004#10|801000#306	0	0	0	1	0	1	9999999	null	1
803013	1010639	true	25	7	0	5	false	1	803004#13|801000#324	0	0	0	1	0	1	9999999	null	1
803014	1010639	true	25	7	0	5	false	1	803004#17|801000#342	0	0	0	1	0	1	9999999	null	1
804001	1010639	true	25	7	0	2	false	1	801000#2	0	0	0	1	0	1	9999999	null	1
804002	1010639	true	25	7	0	3	false	1	801000#6	0	0	0	1	0	1	9999999	null	1
804003	1010639	true	25	7	0	4	false	1	801000#18	0	0	0	1	0	1	9999999	null	1
804004	1010639	true	25	7	0	5	false	1	804003#1|801000#36	0	0	0	1	0	1	9999999	null	1
804005	1010639	true	25	7	0	5	false	1	804004#1|801000#36	0	0	0	1	0	1	9999999	null	1
804006	1010639	true	25	7	0	5	false	1	804004#1|801000#90	0	0	0	1	0	1	9999999	null	1
804007	1010639	true	25	7	0	5	false	1	804004#2|801000#108	0	0	0	1	0	1	9999999	null	1
804008	1010639	true	25	7	0	5	false	1	804004#3|801000#144	0	0	0	1	0	1	9999999	null	1
804009	1010639	true	25	7	0	5	false	1	804004#4|801000#198	0	0	0	1	0	1	9999999	null	1
804010	1010639	true	25	7	0	5	false	1	804004#6|801000#216	0	0	0	1	0	1	9999999	null	1
804011	1010639	true	25	7	0	5	false	1	804004#8|801000#252	0	0	0	1	0	1	9999999	null	1
804012	1010639	true	25	7	0	5	false	1	804004#10|801000#306	0	0	0	1	0	1	9999999	null	1
804013	1010639	true	25	7	0	5	false	1	804004#13|801000#324	0	0	0	1	0	1	9999999	null	1
804014	1010639	true	25	7	0	5	false	1	804004#17|801000#342	0	0	0	1	0	1	9999999	null	1
60202	1010639	true	26	2	0	3	false	0	 	0	0	0	1	null	1	99999	null	1
60203	1010639	true	26	2	0	3	false	0	 	0	0	0	1	null	1	99999	null	1
60204	1010639	true	26	2	0	3	false	0	 	0	0	0	1	null	1	99999	null	1
60205	1010639	true	26	2	0	3	false	0	 	0	0	0	1	null	1	99999	null	1
60206	1010639	true	26	2	0	3	false	0	 	0	0	0	1	null	1	99999	null	1
60207	1010639	true	26	2	0	3	false	0	 	0	0	0	1	null	1	99999	null	1
60208	1010639	true	26	2	0	3	false	0	 	0	0	0	1	null	1	99999	null	1
60209	1010639	true	26	2	0	3	false	0	 	0	0	0	1	null	1	99999	null	1
60210	1010639	true	26	2	0	3	false	0	 	0	0	0	1	null	1	99999	null	1
60211	1010639	true	26	2	0	3	false	0	 	0	0	0	1	null	1	99999	null	1
60212	1010639	true	26	2	0	4	false	0	 	0	0	0	1	null	1	99999	null	1
60213	1010639	true	26	2	0	4	false	0	 	0	0	0	1	null	1	99999	null	1
60214	1010639	true	26	2	0	4	false	0	 	0	0	0	1	null	1	99999	null	1
60215	1010639	true	26	2	0	4	false	0	 	0	0	0	1	null	1	99999	null	1
60216	1010639	true	26	2	0	4	false	0	 	0	0	0	1	null	1	99999	null	1
60217	1010639	true	26	2	0	4	false	0	 	0	0	0	1	null	1	99999	null	1
60218	1010639	true	26	2	0	4	false	0	 	0	0	0	1	null	1	99999	null	1
60219	1010639	true	26	2	0	4	false	0	 	0	0	0	1	null	1	99999	null	1
60220	1010639	true	26	2	0	4	false	0	 	0	0	0	1	null	1	99999	null	1
60221	1010639	true	26	2	0	4	false	0	 	0	0	0	1	null	1	99999	null	1
60222	1010639	true	26	2	0	5	false	0	 	0	0	0	1	null	1	99999	null	1
60223	1010639	true	26	2	0	5	false	0	 	0	0	0	1	null	1	99999	null	1
60224	1010639	true	26	2	0	5	false	0	 	0	0	0	1	null	1	99999	null	1
60225	1010639	true	26	2	0	5	false	0	 	0	0	0	1	null	1	99999	null	1
60226	1010639	true	26	2	0	5	false	0	 	0	0	0	1	null	1	99999	null	1
60227	1010639	true	26	2	0	5	false	0	 	0	0	0	1	null	1	99999	null	1
60228	1010639	true	26	2	0	5	false	0	 	0	0	0	1	null	1	99999	null	1
60229	1010639	true	26	2	0	5	false	0	 	0	0	0	1	null	1	99999	null	1
60230	1010639	true	26	2	0	5	false	0	 	0	0	0	1	null	1	99999	null	1
60231	1010639	true	26	2	0	5	false	0	 	0	0	0	1	null	1	99999	null	1
201001	1010639	false	30	0	0	0	false	0	 	0	0	0	1	null	1	1	null	1
201002	1010639	false	30	0	0	0	false	0	 	0	0	0	1	null	1	1	null	1
201003	1010639	false	30	0	0	0	false	0	 	0	0	0	1	null	1	1	null	1
201004	1010639	false	30	0	0	0	false	0	 	0	0	0	1	null	1	1	null	1
201005	1010639	false	30	0	0	0	false	0	 	0	0	0	1	null	1	1	null	1
201006	1010639	false	30	0	0	0	false	0	 	0	0	0	1	null	1	1	null	1
1	1010640	false	0	0	0	1	false	0	100001	0	0	0	1	null	1	999999999	null	1
5	1010640	true	0	2	0	5	false	0	100001	0	0	0	1	null	1	999999999	null	1
6	1010640	true	0	2	0	5	false	0	100001	0	0	0	1	null	1	999999999	null	1
15	1010640	false	0	0	0	5	false	0	100001	0	0	0	1	null	1	999999999	null	1
21	1010640	true	0	2	0	5	false	0	 	0	0	0	1	null	1	999999999	null	1
22	1010640	true	0	2	0	5	false	0	 	0	0	0	1	null	1	999999999	null	1
27	1010640	false	0	0	0	5	false	0	 	0	0	0	1	null	1	999999999	null	1
28	1010640	false	0	0	0	5	false	0	 	0	0	0	1	null	1	999999999	null	1
29	1010640	false	0	0	0	5	false	0	 	0	0	0	1	null	1	999999999	null	1
44	1010640	false	0	0	0	5	false	0	 	0	0	0	1	null	1	999999999	null	1
45	1010640	false	0	0	0	4	false	0	 	0	0	0	0	null	1	999999999	null	1
46	1010640	true	0	2	0	5	false	0	 	0	0	0	1	null	1	999999999	null	1
47	1010640	true	0	2	0	5	false	0	 	0	0	0	1	null	1	999999999	null	1
48	1010640	true	0	2	0	5	false	0	 	0	0	0	1	null	1	999999999	null	1
53	1010640	false	0	0	0	5	false	0	 	0	0	0	1	null	1	999999999	null	1
54	1010640	false	0	0	0	5	false	0	 	0	0	0	1	null	1	999999999	null	1
55	1010640	false	0	0	0	5	false	0	 	0	0	0	1	null	1	999999999	null	1
56	1010640	false	0	0	0	5	false	0	 	0	0	0	1	null	1	999999999	null	1
66	1010640	true	0	2	0	4	false	0	 	0	0	0	1	null	1	999999999	null	1
70	1010640	true	0	2	0	5	false	0	 	0	0	0	1	null	1	999999999	null	1
73	1010640	false	0	0	0	5	false	0	 	0	0	0	0	null	1	1	null	1
78	1010640	false	0	0	0	5	false	0	 	0	0	0	1	null	1	999999999	null	1
89	1010640	false	0	0	0	6	false	0	 	0	0	0	1	null	1	1	null	1
90	1010640	false	0	0	0	6	false	0	 	0	0	0	1	null	1	999999999	null	1
1201	1010640	true	0	2	0	1	false	0	 	0	0	0	1	null	1	999999999	null	1
14	1010645	false	0	0	0	4	false	0	100001	0	0	0	1	null	1	999999999999	null	1
16	1010646	false	0	0	0	5	false	0	100001	0	0	0	1	null	1	999999999999	null	1
6000124	1010831	false	0	0	0	4	false	0	 	0	0	0	1	null	0	999999999	null	1
17	1010647	false	0	0	0	4	false	0	100001	0	0	0	1	null	1	999999999999	null	1
18	1010648	false	0	0	0	3	false	0	100001	0	0	0	1	null	1	999999999	null	1
91	1010679	true	0	2	0	4	false	0	 	0	0	0	1	null	0	999999999	null	1
69	1010666	false	0	0	0	4	false	0	100001	0	0	0	1	null	1	999999999	null	1
19	1010649	true	0	2	0	5	false	0	100001	0	0	0	1	null	1	999999999	null	1
94	1010682	false	0	0	0	5	false	0	 	0	0	0	1	null	1	999999999	null	1
20	1010650	true	0	2	0	6	false	0	100001	0	0	0	1	null	1	999999999	null	1
92	1010680	true	0	2	0	5	false	0	 	0	0	0	1	null	0	999999999	null	1
23	1010651	true	0	2	0	4	false	0	 	0	0	0	1	null	1	999999999	null	1
24	1010652	true	0	2	0	4	false	0	 	0	0	0	1	null	1	999999999	null	1
77	1010670	false	0	0	0	4	false	0	 	0	0	0	1	null	1	999999999	null	1
86	1010676	true	0	2	0	5	false	0	 	0	0	0	1	null	1	999999999	null	1
26	1010653	true	0	2	0	4	false	0	 	0	0	0	1	null	1	999999999	null	1
30	1010654	false	0	0	0	4	false	0	 	0	0	0	1	null	1	999999999	null	1
31	1010655	false	0	0	0	5	false	0	 	0	0	0	1	null	1	999999999	null	1
43	1010657	false	0	0	0	5	false	0	 	0	0	0	0	null	1	999999999	null	1
33	1010656	false	0	0	0	5	false	0	 	0	0	0	1	null	1	999999999	null	1
60	1010658	true	0	2	0	4	false	0	100001	0	0	0	1	null	1	999999999	null	1
61	1010659	true	0	2	0	5	false	0	100001	0	0	0	1	null	1	999999999	null	1
62	1010660	false	0	0	0	4	false	0	 	0	0	0	1	null	1	1	null	1
63	1010661	false	0	0	0	5	false	0	 	0	0	0	1	null	1	1	null	1
64	1010662	true	12	2	0	5	false	0	 	0	0	0	1	null	1	999999999	null	1
65	1010663	true	0	2	0	4	false	0	 	0	0	0	1	null	1	999999999	null	1
67	1010664	true	0	2	0	4	false	0	 	0	0	0	1	null	1	999999999	null	1
68	1010665	false	0	0	0	4	false	0	 	0	0	0	1	null	1	999999999	null	1
71	1010667	false	0	0	0	6	false	0	 	0	0	0	1	null	1	999999999	null	1
72	1010668	false	0	0	0	6	false	0	 	0	0	0	1	null	1	999999999	null	1
79	1010671	false	0	0	0	4	false	0	 	0	0	0	1	null	1	999999999	null	1
80	1010672	true	0	2	0	4	false	0	 	0	0	0	1	null	1	999999999	null	1
83	1010675	false	0	0	0	4	false	0	 	0	0	0	1	null	1	2	null	1
87	1010677	true	0	2	0	6	false	0	 	0	0	0	1	null	1	999999999	null	1
96	1010684	false	0	0	0	5	false	0	 	0	0	0	1	null	0	999999999	null	1
7	1010643	false	0	0	0	4	false	0	 	0	0	0	1	null	1	999999999	null	1
74	1010669	true	0	2	0	4	false	0	 	0	0	0	1	null	1	999999999	null	1
8	1010644	false	0	0	0	4	false	0	 	0	0	0	1	null	1	999999999	null	1
93	1010681	false	0	0	0	4	false	0	 	0	0	0	1	null	0	999999999	null	1
97	1010685	false	0	0	0	4	false	0	 	0	0	0	1	null	0	999999999	null	1
98	1010686	false	0	0	0	4	false	0	 	0	0	0	1	null	0	999999999	null	1
103	1010685	false	0	0	0	4	false	0	 	0	0	0	1	null	1	999999999	null	1
99	1010687	false	0	0	0	6	false	0	 	0	0	0	1	null	1	999999999	null	1
101	1010688	false	0	0	0	5	false	0	 	0	0	0	1	null	1	999999999	null	1
102	1010689	false	0	0	0	6	false	0	 	0	0	0	1	null	1	999999999	null	1
105	1010871	false	0	2	0	5	false	0	 	0	0	0	1	0	1	9999999	null	1
81	1010673	false	0	0	0	5	false	0	 	0	0	0	1	null	1	1	null	1
82	1010674	false	0	0	0	6	false	0	 	0	0	0	1	null	1	1	null	1
88	1010678	false	0	0	0	5	false	0	 	0	0	0	1	null	1	1	null	1
82001	1010766	false	0	0	0	5	false	0	 	0	0	0	1	0	1	9999999	null	1
100	1011735	false	0	0	0	5	false	0	 	0	0	0	1	null	1	1	null	1
1002	1010690	true	0	2	0	5	false	0	 	0	0	0	1	null	1	999999999	null	1
1003	1010691	false	0	0	0	4	false	0	 	0	0	0	1	null	1	999999999	null	1
1004	1010692	true	0	2	0	5	false	0	 	0	0	0	1	null	1	999999999	null	1
1009	1011698	true	0	2	0	4	false	0	 	0	0	0	1	0	1	999999999	null	1
1010	1011743	false	0	0	0	4	false	0	 	0	0	0	1	0	1	9999999	null	1
1011	1011749	false	0	0	0	4	false	0	 	0	0	0	1	0	1	9999999	null	1
1012	1010866	true	0	2	0	4	false	0	 	0	0	0	1	0	1	9999999	null	1
1013	1011743	false	0	0	0	4	false	0	 	0	0	0	1	0	1	9999999	null	1
1014	1011743	false	0	0	0	4	false	0	 	0	0	0	1	0	1	9999999	null	1
1015	1011743	false	0	0	0	4	false	0	 	0	0	0	1	0	1	9999999	null	1
1016	1011743	false	0	0	0	4	false	0	 	0	0	0	1	0	1	9999999	null	1
1017	1011743	false	0	0	0	4	false	0	 	0	0	0	1	0	1	9999999	null	1
1018	1011743	false	0	0	0	4	false	0	 	0	0	0	1	0	1	9999999	null	1
1019	1011743	false	0	0	0	4	false	0	 	0	0	0	1	0	1	9999999	null	1
1300	1010693	false	0	2	0	4	false	0	 	0	0	0	1	null	1	999999999	null	1
50000	1010714	true	0	2	0	3	false	0	 	0	0	0	1	null	1	999999999	null	1
50001	1010715	true	0	2	0	4	false	0	 	0	0	0	1	null	1	999999999	null	1
50002	1010716	true	0	2	0	5	false	0	 	0	0	0	1	null	1	999999999	null	1
50003	1010717	false	0	2	0	5	false	0	 	0	0	0	1	null	1	999999999	null	1
50004	1010853	true	0	2	0	5	false	0	 	0	0	0	1	0	1	9999999	null	1
50005	1010854	true	0	2	0	5	false	0	 	0	0	0	1	0	1	9999999	null	1
50006	1010855	true	0	2	0	5	false	0	 	0	0	0	1	0	1	9999999	null	1
50007	1010856	true	0	2	0	5	false	0	 	0	0	0	1	0	1	9999999	null	1
3	1010641	false	0	0	0	4	false	0	100001	0	0	0	1	null	1	999999999999	null	1
4	1010642	true	0	2	0	5	false	0	100001	0	0	0	1	null	1	999999999	null	1
6000085	1010792	true	0	2	0	6	false	0	 	0	0	0	1	null	1	9999999	null	1
18101	1010709	true	0	2	0	5	false	0	 	0	0	0	1	null	1	9999999	null	1
18102	1010710	true	0	2	0	6	false	0	 	0	0	0	1	null	1	9999999	null	1
17013	1010707	true	0	2	0	4	false	0	 	0	0	0	1	null	1	9999999	null	1
17014	1010708	true	0	2	0	5	false	0	 	0	0	0	1	null	1	9999999	null	1
60001	1010212	true	3	1	0	2	false	1	15001	0	0	0	1	0	1	999999	null	1
60002	1010213	true	3	1	0	2	false	1	15002	0	0	0	1	0	1	999999	null	1
60016	1010214	true	3	1	0	2	false	1	15001	0	0	0	1	0	1	999999	null	1
60017	1010215	true	3	1	0	2	false	1	15002	0	0	0	1	0	1	999999	null	1
60022	1010216	true	3	1	0	2	false	1	15001	0	0	0	1	0	1	999999	null	1
60023	1010217	true	3	1	0	2	false	1	15002	0	0	0	1	0	1	999999	null	1
60025	1010218	true	3	1	0	2	false	1	15001	0	0	0	1	0	1	999999	null	1
60026	1010219	true	3	1	0	2	false	1	15002	0	0	0	1	0	1	999999	null	1
60034	1010220	true	3	1	0	3	false	1	15003	0	0	0	1	0	1	999999	null	1
60035	1010221	true	3	1	0	3	false	1	15004	0	0	0	1	0	1	999999	null	1
60049	1010222	true	3	1	0	3	false	1	15003	0	0	0	1	0	1	999999	null	1
60050	1010223	true	3	1	0	3	false	1	15004	0	0	0	1	0	1	999999	null	1
60055	1010224	true	3	1	0	3	false	1	15003	0	0	0	1	0	1	999999	null	1
60056	1010225	true	3	1	0	3	false	1	15004	0	0	0	1	0	1	999999	null	1
60058	1010226	true	3	1	0	3	false	1	15003	0	0	0	1	0	1	999999	null	1
60059	1010227	true	3	1	0	3	false	1	15004	0	0	0	1	0	1	999999	null	1
60067	1010228	true	3	1	0	4	false	1	15005	0	0	0	1	0	1	999999	null	1
60068	1010229	true	3	1	0	4	false	1	15011	0	0	0	1	0	1	999999	null	1
60069	1010230	true	3	1	0	4	false	1	15012	0	0	0	1	0	1	999999	null	1
60082	1010231	true	3	1	0	4	false	1	15005	0	0	0	1	0	1	999999	null	1
60083	1010232	true	3	1	0	4	false	1	15011	0	0	0	1	0	1	999999	null	1
60084	1010233	true	3	1	0	4	false	1	15012	0	0	0	1	0	1	999999	null	1
60088	1010234	true	3	1	0	4	false	1	15005	0	0	0	1	0	1	999999	null	1
60089	1010235	true	3	1	0	4	false	1	15011	0	0	0	1	0	1	999999	null	1
60090	1010236	true	3	1	0	4	false	1	15012	0	0	0	1	0	1	999999	null	1
60091	1010237	true	3	1	0	4	false	1	15005	0	0	0	1	0	1	999999	null	1
60092	1010238	true	3	1	0	4	false	1	15011	0	0	0	1	0	1	999999	null	1
60093	1010239	true	3	1	0	4	false	1	15012	0	0	0	1	0	1	999999	null	1
60100	1010240	true	3	1	0	5	false	1	15013	0	0	0	1	0	1	999999	null	1
60101	1010241	true	3	1	0	5	false	1	15014	0	0	0	1	0	1	999999	null	1
60102	1010242	true	3	1	0	5	false	1	15015	0	0	0	1	0	1	999999	null	1
60103	1010243	true	3	1	0	5	false	1	15016	0	0	0	1	0	1	999999	null	1
60125	1010244	true	3	1	0	5	false	1	15013	0	0	0	1	0	1	999999	null	1
60126	1010245	true	3	1	0	5	false	1	15014	0	0	0	1	0	1	999999	null	1
60127	1010246	true	3	1	0	5	false	1	15015	0	0	0	1	0	1	999999	null	1
60128	1010247	true	3	1	0	5	false	1	15016	0	0	0	1	0	1	999999	null	1
60135	1010248	true	3	1	0	5	false	1	15013	0	0	0	1	0	1	999999	null	1
60136	1010249	true	3	1	0	5	false	1	15014	0	0	0	1	0	1	999999	null	1
60137	1010250	true	3	1	0	5	false	1	15015	0	0	0	1	0	1	999999	null	1
60138	1010251	true	3	1	0	5	false	1	15016	0	0	0	1	0	1	999999	null	1
60140	1010252	true	3	1	0	5	false	1	15013	0	0	0	1	0	1	999999	null	1
60141	1010253	true	3	1	0	5	false	1	15014	0	0	0	1	0	1	999999	null	1
60142	1010254	true	3	1	0	5	false	1	15015	0	0	0	1	0	1	999999	null	1
60144	1010255	true	3	1	0	5	false	1	15016	0	0	0	1	0	1	999999	null	1
60155	1010256	true	3	1	0	6	false	1	15017	0	0	0	1	0	1	999999	null	1
60156	1010257	true	3	1	0	6	false	1	15018	0	0	0	1	0	1	999999	null	1
60157	1010258	true	3	1	0	6	false	1	15019	0	0	0	1	0	1	999999	null	1
60158	1010259	true	3	1	0	6	false	1	15020	0	0	0	1	0	1	999999	null	1
60159	1010260	true	3	1	0	6	false	1	15027	0	0	0	1	0	1	999999	null	1
60160	1010261	true	3	1	0	6	false	1	15028	0	0	0	1	0	1	999999	null	1
60180	1010262	true	3	1	0	6	false	1	15017	0	0	0	1	0	1	999999	null	1
60181	1010263	true	3	1	0	6	false	1	15018	0	0	0	1	0	1	999999	null	1
60182	1010264	true	3	1	0	6	false	1	15019	0	0	0	1	0	1	999999	null	1
60183	1010265	true	3	1	0	6	false	1	15020	0	0	0	1	0	1	999999	null	1
60184	1010266	true	3	1	0	6	false	1	15027	0	0	0	1	0	1	999999	null	1
60185	1010267	true	3	1	0	6	false	1	15028	0	0	0	1	0	1	999999	null	1
60190	1010268	true	3	1	0	6	false	1	15017	0	0	0	1	0	1	999999	null	1
60191	1010269	true	3	1	0	6	false	1	15018	0	0	0	1	0	1	999999	null	1
60192	1010270	true	3	1	0	6	false	1	15019	0	0	0	1	0	1	999999	null	1
60193	1010271	true	3	1	0	6	false	1	15020	0	0	0	1	0	1	999999	null	1
60194	1010272	true	3	1	0	6	false	1	15027	0	0	0	1	0	1	999999	null	1
60195	1010273	true	3	1	0	6	false	1	15028	0	0	0	1	0	1	999999	null	1
60196	1010274	true	3	1	0	6	false	1	15017	0	0	0	1	0	1	999999	null	1
60197	1010275	true	3	1	0	6	false	1	15018	0	0	0	1	0	1	999999	null	1
60198	1010276	true	3	1	0	6	false	1	15019	0	0	0	1	0	1	999999	null	1
60199	1010277	true	3	1	0	6	false	1	15020	0	0	0	1	0	1	999999	null	1
60200	1010278	true	3	1	0	6	false	1	15027	0	0	0	1	0	1	999999	null	1
60201	1010279	true	3	1	0	6	false	1	15028	0	0	0	1	0	1	999999	null	1
70035	1010727	true	10	2	0	2	false	0	15014	1	70015	1	1	0	1	9999999	null	1
70036	1010728	true	10	2	0	3	false	0	15014	1	70016	1	1	0	1	9999999	null	1
70037	1010729	true	10	2	0	4	false	0	15014	1	70017	1	1	0	1	9999999	null	1
70034	1010726	true	10	2	0	5	false	0	15014	1	70014	1	1	0	1	9999999	null	1
81001	1010736	true	10	2	0	4	false	0	 	1	71001	1	0	null	1	9999999	null	1
81002	1010737	true	10	2	0	5	false	0	 	1	20023	1	0	null	1	9999999	null	1
81003	1010738	true	10	2	0	5	false	0	 	1	20024	1	0	null	1	9999999	null	1
38091	1010712	true	10	2	0	5	false	0	 	1	38091	0	1	0	1	9999999	null	1
81114	1010744	true	10	2	0	5	false	0	 	1	20026	1	0	null	1	9999999	null	1
81004	1010739	true	10	2	0	6	false	0	 	1	20027	1	0	null	1	9999999	null	1
81127	1010757	true	10	2	0	6	false	0	 	1	20028	0	1	0	1	9999999	null	1
60415	1010827	true	20	2	0	6	false	0	 	2	60415	0	1	0	1	9999999	null	1
60416	1010828	true	20	2	0	6	false	0	 	2	60416	0	1	0	1	9999999	null	1
60408	1010723	true	20	2	0	6	false	0	 	1	60408	0	1	0	1	9999999	null	1
81131	1010759	true	10	2	0	5	false	0	 	1	20023	0	1	0	1	9999999	null	1
81115	1010745	true	10	2	0	6	false	0	 	1	20027	1	0	null	1	9999999	null	1
6000086	1010793	false	21	4	0	2	false	0	 	0	0	0	1	null	1	9999999	null	1
6000087	1010794	false	21	4	0	3	false	0	 	0	0	0	1	null	1	9999999	null	1
6000088	1010795	false	21	4	0	4	false	0	 	0	0	0	1	null	1	9999999	null	1
6000089	1010796	false	21	4	0	5	false	0	 	0	0	0	1	null	1	9999999	null	1
6000090	1010797	false	21	4	0	6	false	0	 	0	0	0	1	null	1	9999999	null	1
6000091	1010798	false	21	4	0	6	false	0	 	0	0	0	1	null	1	9999999	null	1
6000110	1010806	true	0	2	0	5	false	0	 	0	0	0	1	null	1	99999999	null	1
6000111	1010807	true	0	2	0	6	false	0	 	0	0	0	1	null	1	9999999	null	1
6000112	1010808	true	0	2	0	5	false	0	 	0	0	0	1	null	1	9999999	null	1
6000113	1010809	false	0	0	0	5	false	0	 	0	0	0	1	null	1	99999999	null	1
18001	1010472	true	0	2	0	5	false	0	 	0	0	0	1	null	1	9999999	null	1
18002	1010473	true	0	2	0	5	false	0	 	0	0	0	1	null	1	9999999	null	1
18003	1010474	true	0	2	0	5	false	0	 	0	0	0	1	null	1	9999999	null	1
18004	1010475	true	0	2	0	5	false	0	 	0	0	0	1	null	1	9999999	null	1
18005	1010476	true	0	2	0	5	false	0	 	0	0	0	1	null	1	9999999	null	1
18006	1010477	true	0	2	0	4	false	0	 	0	0	0	1	null	1	9999999	null	1
18007	1010478	true	0	2	0	4	false	0	 	0	0	0	1	null	1	9999999	null	1
18008	1010479	true	0	2	0	5	false	0	 	0	0	0	1	null	1	9999999	null	1
18009	1010480	true	0	2	0	5	false	0	 	0	0	0	1	null	1	9999999	null	1
18010	1010481	true	0	2	0	4	false	0	 	0	0	0	1	null	1	9999999	null	1
18011	1010482	true	0	2	0	4	false	0	 	0	0	0	1	null	1	9999999	null	1
18012	1010483	true	0	2	0	4	false	0	 	0	0	0	1	null	1	9999999	null	1
18013	1010484	true	0	2	0	4	false	0	 	0	0	0	1	null	1	9999999	null	1
18014	1010485	true	0	2	0	4	false	0	 	0	0	0	1	null	1	9999999	null	1
18015	1010486	true	0	2	0	4	false	0	 	0	0	0	1	null	1	9999999	null	1
18016	1010487	true	0	2	0	4	false	0	 	0	0	0	1	null	1	9999999	null	1
18017	1010488	true	0	2	0	4	false	0	 	0	0	0	1	null	1	9999999	null	1
18018	1010489	true	0	2	0	4	false	0	 	0	0	0	1	null	1	9999999	null	1
18019	1010490	true	0	2	0	4	false	0	 	0	0	0	1	null	1	9999999	null	1
18020	1010491	true	0	2	0	5	false	0	 	0	0	0	1	null	1	9999999	null	1
18021	1010492	true	0	2	0	4	false	0	 	0	0	0	1	null	1	9999999	null	1
18022	1010493	true	0	2	0	4	false	0	 	0	0	0	1	null	1	9999999	null	1
18023	1010494	true	0	2	0	5	false	0	 	0	0	0	1	null	1	9999999	null	1
18024	1010495	true	0	2	0	4	false	0	 	0	0	0	1	null	1	9999999	null	1
18025	1010496	true	0	2	0	4	false	0	 	0	0	0	1	null	1	9999999	null	1
18026	1010497	true	0	2	0	5	false	0	 	0	0	0	1	null	1	9999999	null	1
18027	1010498	true	0	2	0	5	false	0	 	0	0	0	1	null	1	9999999	null	1
18028	1010499	true	0	2	0	4	false	0	 	0	0	0	1	null	1	9999999	null	1
18029	1010500	true	0	2	0	5	false	0	 	0	0	0	1	null	1	9999999	null	1
18030	1010501	true	0	2	0	5	false	0	 	0	0	0	1	null	1	9999999	null	1
18031	1010502	true	0	2	0	4	false	0	 	0	0	0	1	null	1	9999999	null	1
18032	1010503	true	0	2	0	4	false	0	 	0	0	0	1	null	1	9999999	null	1
18033	1010504	true	0	2	0	5	false	0	 	0	0	0	1	null	1	9999999	null	1
18034	1010505	true	0	2	0	5	false	0	 	0	0	0	1	null	1	9999999	null	1
18035	1010506	true	0	2	0	5	false	0	 	0	0	0	1	null	1	9999999	null	1
18036	1010507	true	0	2	0	5	false	0	 	0	0	0	1	null	1	9999999	null	1
18037	1010508	true	0	2	0	5	false	0	 	0	0	0	1	null	1	9999999	null	1
18038	1010509	true	0	2	0	5	false	0	 	0	0	0	1	null	1	9999999	null	1
18039	1010510	true	0	2	0	4	false	0	 	0	0	0	1	null	1	9999999	null	1
18040	1010511	true	0	2	0	4	false	0	 	0	0	0	1	null	1	9999999	null	1
18041	1010512	true	0	2	0	5	false	0	 	0	0	0	1	null	1	9999999	null	1
18042	1010513	true	0	2	0	5	false	0	 	0	0	0	1	null	1	9999999	null	1
18043	1010514	true	0	2	0	5	false	0	 	0	0	0	1	null	1	9999999	null	1
6000127	1010515	true	2	3	7	5	false	1	100008	1	6000127	10	1	null	1	9999999	null	1
6000128	1010516	true	2	3	7	5	false	1	100008	1	6000128	10	1	null	1	9999999	null	1
6000129	1010517	true	2	3	7	5	false	1	100008	1	6000129	10	1	null	1	9999999	null	1
6000130	1010518	true	2	3	7	5	false	1	100008	1	6000130	10	1	null	1	9999999	null	1
60435	1010860	true	20	2	0	5	false	0	 	2	60435	0	1	0	1	9999999	null	1
60436	1010861	true	20	2	0	6	false	0	 	2	60436	0	1	0	1	9999999	null	1
10441	1010695	true	0	2	0	4	false	0	 	0	0	0	1	null	1	9999999	null	1
10442	1010696	true	0	2	0	5	false	0	 	0	0	0	1	null	1	9999999	null	1
10443	1010697	true	0	2	0	4	false	0	 	0	0	0	1	null	1	9999999	null	1
10444	1010698	true	0	2	0	5	false	0	 	0	0	0	1	null	0	999999999	null	1
6000104	1010805	true	0	2	0	5	false	0	 	0	0	0	1	null	1	9999999	null	1
99000	1010767	true	20	2	0	5	false	0	 	2	99000	0	1	0	1	9999999	null	1
99001	1010768	true	20	2	0	5	false	0	 	2	99001	0	1	0	1	9999999	null	1
99002	1010769	true	20	2	0	5	false	0	 	2	99002	0	1	0	1	9999999	null	1
99003	1010770	true	10	2	0	5	false	0	 	1	99003	0	1	0	1	9999999	null	1
117191	1010787	true	10	2	0	4	false	0	 	1	117191	0	1	0	1	9999999	null	1
117192	1010788	true	10	2	0	4	false	0	 	1	117192	0	1	0	1	9999999	null	1
117193	1010789	true	10	2	0	4	false	0	 	1	117193	0	1	0	1	9999999	null	1
81117	1010747	true	10	2	0	2	false	0	 	1	20042	0	1	0	0	9999	null	1
81118	1010748	true	10	2	0	3	false	0	 	1	101	0	1	0	0	9999	null	1
81119	1010749	true	10	2	0	4	false	0	 	1	102	0	1	0	0	9999	null	1
81120	1010750	true	10	2	0	5	false	0	 	1	20047	0	1	0	0	9999	null	1
81121	1010751	true	10	2	0	6	false	0	 	1	104	0	1	0	0	9999	null	1
81122	1010752	true	20	2	0	2	false	0	 	2	100	0	1	0	0	9999	null	1
81123	1010753	true	20	2	0	3	false	0	 	2	101	0	1	0	0	9999	null	1
81124	1010754	true	20	2	0	4	false	0	 	2	102	0	1	0	0	9999	null	1
81125	1010755	true	20	2	0	5	false	0	 	2	20048#20049#20050#20051	0	1	0	0	9999	null	1
81126	1010756	true	20	2	0	6	false	0	 	2	20052#20053#20054#20055	0	1	0	0	9999	null	1
72001	1010730	true	0	2	0	4	false	0	 	0	0	0	1	null	1	9999999	null	1
72002	1010731	true	0	2	0	4	false	0	 	0	0	0	1	null	1	9999999	null	1
72003	1010732	true	0	2	0	6	false	0	 	0	0	0	1	null	1	9999999	null	1
72004	1010733	true	0	2	0	4	false	0	 	0	0	0	1	null	1	9999999	null	1
72005	1010734	true	0	2	0	5	false	0	 	0	0	0	1	null	1	9999999	null	1
72006	1010735	true	0	2	0	5	false	0	 	0	0	0	1	null	1	999999999	null	1
38043	1010711	true	10	2	0	5	false	0	 	1	51405	0	1	0	1	9999999	null	1
200010	1010790	true	0	2	0	5	false	0	 	0	0	0	1	null	1	999999999	null	1
200011	1010791	false	0	0	0	5	false	0	 	0	0	0	1	null	1	1	null	1
17001	1010699	true	0	2	0	4	false	0	 	0	0	0	1	null	1	9999999	null	1
17002	1010700	true	0	2	0	4	false	0	 	0	0	0	1	null	1	9999999	null	1
17003	1010701	true	0	2	0	4	false	0	 	0	0	0	1	null	1	9999999	null	1
17004	1010702	true	0	2	0	4	false	0	 	0	0	0	1	null	1	9999999	null	1
17005	1010703	true	0	2	0	4	false	0	 	0	0	0	1	null	1	9999999	null	1
17011	1010705	true	0	2	0	4	false	0	 	0	0	0	1	null	1	9999999	null	1
17012	1010706	true	0	2	0	5	false	0	 	0	0	0	1	null	1	9999999	null	1
39010	1010713	true	10	2	0	4	false	0	 	1	51401	0	1	0	1	9999999	null	1
17009	1010704	true	20	2	0	5	false	0	 	2	51404	0	1	0	1	9999999	null	1
60434	1010859	true	20	2	0	5	false	0	 	2	604341#604342	0	1	0	1	9999999	null	1
120000	1010839	true	28	2	0	5	false	0	 	0	0	0	1	null	1	99999	null	1
120001	1010840	false	28	2	0	6	false	0	 	0	0	0	1	null	1	99999	null	1
120002	1010841	false	28	2	0	6	false	0	 	0	0	0	1	null	1	99999	null	1
120003	1011695	false	28	2	0	6	false	0	 	0	0	0	1	null	1	99999	null	1
6000116	1010842	true	0	2	0	6	false	0	 	0	0	0	0	null	1	9999999	null	1
6000125	1010844	true	0	2	0	6	false	0	 	0	0	0	1	null	1	9999999	null	1
6000151	1011696	true	0	2	0	6	false	0	 	0	0	0	1	null	1	9999999	null	1
6000117	1010843	true	0	2	0	6	false	0	 	0	0	0	1	null	1	9999999	null	1
6000092	1010799	true	0	2	0	4	false	0	 	0	0	0	1	null	1	9999999	null	1
6000094	1010800	true	0	2	0	6	false	0	 	0	0	0	1	null	1	9999999	null	1
6000095	1010801	true	0	2	0	5	false	0	 	0	0	0	1	null	1	9999999	null	1
6000096	1010802	true	0	2	0	5	false	0	 	0	0	0	1	null	1	9999999	null	1
6000097	1010803	true	0	2	0	5	false	0	 	0	0	0	1	null	1	9999999	null	1
6000098	1010804	true	0	2	0	4	false	0	 	0	0	0	1	null	1	9999999	null	1
6000114	1010810	false	0	0	0	5	false	0	 	0	0	0	1	null	1	9999999	null	1
6000115	1010811	true	0	2	0	5	false	0	 	0	0	0	1	null	1	9999999	null	1
10421	1011726	true	0	2	0	3	false	0	 	1	0	0	1	null	1	9999999	null	1
10422	1011727	true	0	2	0	4	false	0	 	1	0	0	1	null	1	9999999	null	1
10423	1011728	true	0	2	0	5	false	0	 	1	0	0	1	null	1	9999999	null	1
10424	1011737	true	0	2	0	5	false	0	 	0	0	0	1	null	1	9999999	null	1
10425	1010694	true	0	2	0	4	false	0	 	0	0	0	1	null	1	9999999	null	1
10426	1011729	false	0	0	0	3	false	0	 	0	0	0	1	null	1	9999999	null	1
10427	1011730	false	0	0	0	4	false	0	 	0	0	0	1	null	1	9999999	null	1
10428	1011731	false	0	0	0	5	false	0	 	0	0	0	1	null	1	9999999	null	1
60406	1011858	true	20	2	0	5	false	0	 	2	60406	0	1	0	0	9999999	null	1
101001	1010552	true	24	6	0	3	false	1	 	0	0	0	1	null	1	9999999	null	1
101002	1010553	true	24	6	0	3	false	1	 	0	0	0	1	null	1	9999999	null	1
101003	1010554	true	24	6	0	3	false	1	 	0	0	0	1	null	1	9999999	null	1
101004	1010555	true	24	6	0	3	false	1	 	0	0	0	1	null	1	9999999	null	1
101005	1010556	true	24	6	0	3	false	1	 	0	0	0	1	null	1	9999999	null	1
101006	1010557	true	24	6	0	4	false	1	 	0	0	0	1	null	1	9999999	null	1
101007	1010558	true	24	6	0	4	false	1	 	0	0	0	1	null	1	9999999	null	1
101008	1010559	true	24	6	0	4	false	1	 	0	0	0	1	null	1	9999999	null	1
101009	1010560	true	24	6	0	4	false	1	 	0	0	0	1	null	1	9999999	null	1
101010	1010561	true	24	6	0	5	false	1	 	0	0	0	1	null	1	9999999	null	1
101011	1010562	true	24	6	0	5	false	1	 	0	0	0	1	null	1	9999999	null	1
101012	1010563	true	24	6	0	5	false	1	 	0	0	0	1	null	1	9999999	null	1
101013	1010564	true	24	6	0	5	false	1	 	0	0	0	1	null	1	9999999	null	1
101014	1010565	true	24	6	0	5	false	1	 	0	0	0	1	null	1	9999999	null	1
101015	1010566	true	24	6	0	5	false	1	 	0	0	0	1	null	1	9999999	null	1
101016	1010567	true	24	6	0	5	false	1	 	0	0	0	1	null	1	9999999	null	1
102001	1010552	true	24	6	0	3	false	1	 	0	0	0	1	null	1	9999999	null	1
102002	1010553	true	24	6	0	3	false	1	 	0	0	0	1	null	1	9999999	null	1
102003	1010554	true	24	6	0	3	false	1	 	0	0	0	1	null	1	9999999	null	1
102004	1010555	true	24	6	0	3	false	1	 	0	0	0	1	null	1	9999999	null	1
102005	1010556	true	24	6	0	3	false	1	 	0	0	0	1	null	1	9999999	null	1
102006	1010557	true	24	6	0	4	false	1	 	0	0	0	1	null	1	9999999	null	1
102007	1010558	true	24	6	0	4	false	1	 	0	0	0	1	null	1	9999999	null	1
102008	1010559	true	24	6	0	4	false	1	 	0	0	0	1	null	1	9999999	null	1
102009	1010560	true	24	6	0	4	false	1	 	0	0	0	1	null	1	9999999	null	1
102010	1010561	true	24	6	0	5	false	1	 	0	0	0	1	null	1	9999999	null	1
102011	1010562	true	24	6	0	5	false	1	 	0	0	0	1	null	1	9999999	null	1
102012	1010563	true	24	6	0	5	false	1	 	0	0	0	1	null	1	9999999	null	1
102013	1010564	true	24	6	0	5	false	1	 	0	0	0	1	null	1	9999999	null	1
102014	1010565	true	24	6	0	5	false	1	 	0	0	0	1	null	1	9999999	null	1
102015	1010566	true	24	6	0	5	false	1	 	0	0	0	1	null	1	9999999	null	1
102016	1010567	true	24	6	0	5	false	1	 	0	0	0	1	null	1	9999999	null	1
103001	1010552	true	24	6	0	3	false	1	 	0	0	0	1	null	1	9999999	null	1
103002	1010553	true	24	6	0	3	false	1	 	0	0	0	1	null	1	9999999	null	1
103003	1010554	true	24	6	0	3	false	1	 	0	0	0	1	null	1	9999999	null	1
103004	1010555	true	24	6	0	3	false	1	 	0	0	0	1	null	1	9999999	null	1
103005	1010556	true	24	6	0	3	false	1	 	0	0	0	1	null	1	9999999	null	1
103006	1010557	true	24	6	0	4	false	1	 	0	0	0	1	null	1	9999999	null	1
103007	1010558	true	24	6	0	4	false	1	 	0	0	0	1	null	1	9999999	null	1
103008	1010559	true	24	6	0	4	false	1	 	0	0	0	1	null	1	9999999	null	1
103009	1010560	true	24	6	0	4	false	1	 	0	0	0	1	null	1	9999999	null	1
103010	1010561	true	24	6	0	5	false	1	 	0	0	0	1	null	1	9999999	null	1
103011	1010562	true	24	6	0	5	false	1	 	0	0	0	1	null	1	9999999	null	1
103012	1010563	true	24	6	0	5	false	1	 	0	0	0	1	null	1	9999999	null	1
103013	1010564	true	24	6	0	5	false	1	 	0	0	0	1	null	1	9999999	null	1
103014	1010565	true	24	6	0	5	false	1	 	0	0	0	1	null	1	9999999	null	1
103015	1010566	true	24	6	0	5	false	1	 	0	0	0	1	null	1	9999999	null	1
103016	1010567	true	24	6	0	5	false	1	 	0	0	0	1	null	1	9999999	null	1
104001	1010552	true	24	6	0	3	false	1	 	0	0	0	1	null	1	9999999	null	1
104002	1010553	true	24	6	0	3	false	1	 	0	0	0	1	null	1	9999999	null	1
104003	1010554	true	24	6	0	3	false	1	 	0	0	0	1	null	1	9999999	null	1
104004	1010555	true	24	6	0	3	false	1	 	0	0	0	1	null	1	9999999	null	1
104005	1010556	true	24	6	0	3	false	1	 	0	0	0	1	null	1	9999999	null	1
104006	1010557	true	24	6	0	4	false	1	 	0	0	0	1	null	1	9999999	null	1
104007	1010558	true	24	6	0	4	false	1	 	0	0	0	1	null	1	9999999	null	1
104008	1010559	true	24	6	0	4	false	1	 	0	0	0	1	null	1	9999999	null	1
104009	1010560	true	24	6	0	4	false	1	 	0	0	0	1	null	1	9999999	null	1
104010	1010561	true	24	6	0	5	false	1	 	0	0	0	1	null	1	9999999	null	1
104011	1010562	true	24	6	0	5	false	1	 	0	0	0	1	null	1	9999999	null	1
104012	1010563	true	24	6	0	5	false	1	 	0	0	0	1	null	1	9999999	null	1
104013	1010564	true	24	6	0	5	false	1	 	0	0	0	1	null	1	9999999	null	1
104014	1010565	true	24	6	0	5	false	1	 	0	0	0	1	null	1	9999999	null	1
104015	1010566	true	24	6	0	5	false	1	 	0	0	0	1	null	1	9999999	null	1
104016	1010567	true	24	6	0	5	false	1	 	0	0	0	1	null	1	9999999	null	1
105001	1010552	true	24	6	0	3	false	1	 	0	0	0	1	null	1	9999999	null	1
105002	1010553	true	24	6	0	3	false	1	 	0	0	0	1	null	1	9999999	null	1
105003	1010554	true	24	6	0	3	false	1	 	0	0	0	1	null	1	9999999	null	1
105004	1010555	true	24	6	0	3	false	1	 	0	0	0	1	null	1	9999999	null	1
105005	1010556	true	24	6	0	3	false	1	 	0	0	0	1	null	1	9999999	null	1
105006	1010557	true	24	6	0	4	false	1	 	0	0	0	1	null	1	9999999	null	1
105007	1010558	true	24	6	0	4	false	1	 	0	0	0	1	null	1	9999999	null	1
105008	1010559	true	24	6	0	4	false	1	 	0	0	0	1	null	1	9999999	null	1
105009	1010560	true	24	6	0	4	false	1	 	0	0	0	1	null	1	9999999	null	1
105010	1010561	true	24	6	0	5	false	1	 	0	0	0	1	null	1	9999999	null	1
105011	1010562	true	24	6	0	5	false	1	 	0	0	0	1	null	1	9999999	null	1
105012	1010563	true	24	6	0	5	false	1	 	0	0	0	1	null	1	9999999	null	1
105013	1010564	true	24	6	0	5	false	1	 	0	0	0	1	null	1	9999999	null	1
105014	1010565	true	24	6	0	5	false	1	 	0	0	0	1	null	1	9999999	null	1
105015	1010566	true	24	6	0	5	false	1	 	0	0	0	1	null	1	9999999	null	1
105016	1010567	true	24	6	0	5	false	1	 	0	0	0	1	null	1	9999999	null	1
105110	1010568	false	24	6	0	5	false	1	 	0	0	0	1	null	1	9999999	null	1
105111	1010569	false	24	6	0	5	false	1	 	0	0	0	1	null	1	9999999	null	1
105112	1010570	false	24	6	0	5	false	1	 	0	0	0	1	null	1	9999999	null	1
105113	1010571	false	24	6	0	5	false	1	 	0	0	0	1	null	1	9999999	null	1
105114	1010572	false	24	6	0	5	false	1	 	0	0	0	1	null	1	9999999	null	1
105115	1010573	false	24	6	0	5	false	1	 	0	0	0	1	null	1	9999999	null	1
105116	1010574	false	24	6	0	5	false	1	 	0	0	0	1	null	1	9999999	null	1
60414	1010815	true	20	2	0	6	false	0	 	2	60414	0	1	0	1	9999999	null	1
60448	1011720	true	20	2	0	6	false	0	 	2	60448	0	1	0	1	9999999	null	1
60449	1011722	true	20	2	0	6	false	0	 	2	60449	0	1	0	1	9999999	null	1
60413	1010814	true	20	2	0	5	false	0	 	2	60413#61413#62413	0	1	0	1	9999999	null	1
60424	1010845	true	20	2	0	6	false	0	 	2	60424	0	1	0	1	9999999	null	1
60425	1010846	true	20	2	0	6	false	0	 	2	604251#604252#604253	0	1	0	1	9999999	null	1
60419	1010832	true	20	2	0	5	false	0	 	2	60419	0	1	0	1	9999999	null	1
60432	1010857	true	20	2	0	5	false	0	 	2	60432	0	1	0	1	9999999	null	1
60420	1010833	true	20	2	0	5	false	0	 	2	60420	0	1	0	1	9999999	null	1
60421	1010834	true	20	2	0	6	false	0	 	2	60421	0	1	0	1	9999999	null	1
60422	1010835	true	20	2	0	6	false	0	 	2	60422	0	1	0	1	9999999	null	1
60423	1010836	true	20	2	0	6	false	0	 	2	604231#604232	0	1	0	1	9999999	null	1
60433	1010858	true	20	2	0	6	false	0	 	2	60433	0	1	0	1	9999999	null	1
60407	1010722	true	20	2	0	6	false	0	 	1	60407#61407	0	1	0	1	9999999	null	1
60451	1011744	true	20	2	0	6	false	0	 	2	60451	0	1	0	1	9999999	null	1
60426	1010847	true	20	2	0	4	false	0	 	2	604261#604262#604263#604264#604265	0	1	0	1	9999999	null	1
99005	1010772	true	20	2	0	5	false	0	 	2	99025#99026#99027	0	1	0	1	9999999	null	1
60417	1010829	true	20	2	0	5	false	0	 	2	99025#99026#99027#99006#99007	0	1	0	1	9999999	null	1
99006	1010824	true	20	2	0	5	false	0	 	2	99006	0	1	0	1	9999999	null	1
99007	1010825	true	20	2	0	5	false	0	 	2	99007	0	1	0	1	9999999	null	1
99008	1010826	true	20	2	0	5	false	0	 	2	99006#99007	0	1	0	1	9999999	null	1
81116	1010746	true	20	2	0	5	false	0	 	2	51416	0	1	0	1	9999999	null	1
81128	1010758	true	20	2	0	5	false	0	 	2	51415	0	1	0	1	9999999	null	1
60428	1010849	true	20	2	0	6	false	0	 	2	60428	0	1	0	1	9999999	null	1
60427	1010848	true	20	2	0	4	false	0	 	2	60427	0	1	0	1	9999999	null	1
60450	1011723	true	20	2	0	4	false	0	 	2	60450	0	1	0	1	9999999	null	1
99004	1010771	true	20	2	0	5	false	0	 	2	51406#51407#51408	0	1	0	1	9999999	null	1
60405	1010721	true	20	2	0	5	false	0	 	2	60405	0	1	0	0	9999999	null	1
60402	1010718	true	20	2	0	5	false	0	 	2	60402	0	1	0	1	9999999	null	1
60403	1010719	true	20	2	0	6	false	0	 	2	60403	0	1	0	1	9999999	null	1
60411	1010812	true	20	2	0	5	false	0	 	2	60411	0	1	0	1	9999999	null	1
60412	1010813	true	20	2	0	6	false	0	 	2	60412	0	1	0	1	9999999	null	1
60409	1010724	true	20	2	0	5	false	0	 	1	60409	0	1	0	1	9999999	null	1
60410	1010725	true	20	2	0	5	false	0	 	1	60410	0	1	0	1	9999999	null	1
60418	1010830	true	20	2	0	5	false	0	 	2	60418	0	1	0	1	9999999	null	1
60429	1010850	true	20	2	0	4	false	0	 	2	604291#604292	0	1	0	1	9999999	null	1
60430	1010851	true	20	2	0	5	false	0	 	2	604301#604302	0	1	0	1	9999999	null	1
60431	1010852	true	20	2	0	6	false	0	 	2	604311#604312	0	1	0	1	9999999	null	1
81150	1010837	true	10	2	0	5	false	0	 	1	811501#811502	0	1	0	1	9999999	null	1
60404	1010720	true	20	2	0	6	false	0	 	2	60404	0	1	0	1	9999999	null	1
81107	1010740	true	10	2	0	4	false	0	 	1	483	1	0	null	1	9999999	null	1
81108	1010741	true	10	2	0	5	false	0	 	1	484	1	0	null	1	9999999	null	1
81112	1010742	true	10	2	0	5	false	0	 	1	20034	1	0	null	1	9999999	null	1
81113	1010743	true	10	2	0	5	false	0	 	1	20035	1	0	null	1	9999999	null	1
81132	1010760	true	10	2	0	5	false	0	 	1	20060	0	1	0	1	9999999	null	1
81146	1010763	true	10	2	0	4	false	0	 	1	81146	0	1	0	1	9999999	null	1
81147	1010764	true	10	2	0	5	false	0	 	1	81147	0	1	0	1	9999999	null	1
81149	1010765	true	10	2	0	5	false	0	 	1	81149	0	1	0	1	9999999	null	1
60452	1010862	true	20	2	0	5	false	0	 	2	60452	0	1	0	1	9999999	null	1
60453	1010863	true	20	2	0	5	false	0	 	2	60453	0	1	0	1	9999999	null	1
60437	1010864	true	20	2	0	5	false	0	 	2	60437	0	1	0	1	9999999	null	1
60438	1010865	true	20	2	0	5	false	0	 	2	60438	0	1	0	1	9999999	null	1
60439	1011747	true	20	2	0	5	false	0	 	2	60439	0	1	0	1	9999999	null	1
60440	1011752	true	20	2	0	5	false	0	 	2	60440	0	1	0	1	9999999	null	1
60454	1011817	true	20	2	0	5	false	0	 	2	60454	0	1	0	1	9999999	null	1
60455	1011818	true	20	2	0	5	false	0	 	2	60455	0	1	0	1	9999999	null	1
60456	1011819	true	20	2	0	5	false	0	 	2	60456	0	1	0	1	9999999	null	1
60457	1011820	true	20	2	0	6	false	0	 	2	60457	0	1	0	1	9999999	null	1
60458	1011850	true	20	2	0	5	false	0	 	2	60458	0	1	0	1	9999999	null	1
60459	1011851	true	20	2	0	6	false	0	 	2	60459	0	1	0	1	9999999	null	1
60460	1011852	true	20	2	0	6	false	0	 	2	60460	0	1	0	1	9999999	null	1
60461	1011853	true	20	2	0	6	false	0	 	2	60461	0	1	0	1	9999999	null	1
60443	1010867	true	10	2	0	5	false	0	 	1	604431#604432	0	1	0	1	9999999	null	1
60444	1010868	true	10	2	0	5	false	0	 	1	604441#604442	0	1	0	1	9999999	null	1
60445	1010869	true	10	2	0	5	false	0	 	1	604451#604452	0	1	0	1	9999999	null	1
60446	1010870	true	10	2	0	5	false	0	 	1	604461#604462	0	1	0	1	9999999	null	1
60447	1011700	true	10	2	0	5	false	0	 	1	604470	0	1	0	1	9999999	null	1
81141	1010761	true	10	2	0	5	false	0	 	1	834	0	1	0	1	9999999	null	1
81142	1010762	true	10	2	0	5	false	0	 	1	835	0	1	0	1	9999999	null	1
81143	1010639	true	20	2	0	3	false	0	 	2	113	0	1	0	1	9999999	null	1
81144	1010639	true	20	2	0	4	false	0	 	2	114	0	1	0	1	9999999	null	1
81145	1010639	true	20	2	0	5	false	0	 	2	115	0	1	0	1	9999999	null	1
99011	1010773	true	10	2	0	5	false	0	 	1	99011	0	1	0	1	9999999	null	1
99012	1010774	true	10	2	0	5	false	0	 	1	99012	0	1	0	1	9999999	null	1
99013	1010775	true	10	2	0	5	false	0	 	1	99013	0	1	0	1	9999999	null	1
99014	1010776	true	10	2	0	5	false	0	 	1	99014	0	1	0	1	9999999	null	1
99015	1010777	true	10	2	0	5	false	0	 	1	99015	0	1	0	1	9999999	null	1
99016	1010778	true	10	2	0	5	false	0	 	1	99016	0	1	0	1	9999999	null	1
99017	1010779	true	10	2	0	5	false	0	 	1	99017	0	1	0	1	9999999	null	1
99018	1010780	true	10	2	0	5	false	0	 	1	99018	0	1	0	1	9999999	null	1
99019	1010781	true	10	2	0	5	false	0	 	1	99019	0	1	0	1	9999999	null	1
99020	1010782	true	10	2	0	5	false	0	 	1	99020	0	1	0	1	9999999	null	1
99021	1010783	true	10	2	0	5	false	0	 	1	99021	0	1	0	1	9999999	null	1
99022	1010784	true	10	2	0	5	false	0	 	1	99022	0	1	0	1	9999999	null	1
99023	1010785	true	10	2	0	5	false	0	 	1	99023	0	1	0	1	9999999	null	1
99024	1010786	true	10	2	0	5	false	0	 	1	99024	0	1	0	1	9999999	null	1
99025	1010816	true	10	2	0	5	false	0	 	1	99125	0	1	0	1	9999999	null	1
99026	1010817	true	10	2	0	5	false	0	 	1	99126	0	1	0	1	9999999	null	1
99027	1010818	true	10	2	0	5	false	0	 	1	99127	0	1	0	1	9999999	null	1
99028	1010819	true	10	2	0	5	false	0	 	1	99028	0	1	0	1	9999999	null	1
99029	1010820	true	10	2	0	5	false	0	 	1	99029	0	1	0	1	9999999	null	1
99030	1010821	true	10	2	0	5	false	0	 	1	99030	0	1	0	1	9999999	null	1
99031	1010822	true	10	2	0	5	false	0	 	1	99031	0	1	0	1	9999999	null	1
99032	1010823	true	10	2	0	5	false	0	 	1	99032	0	1	0	1	9999999	null	1
6000099	1010639	true	0	2	0	4	false	0	 	0	0	0	1	null	1	9999999	null	1
6000100	1010639	true	0	2	0	5	false	0	 	0	0	0	1	null	1	9999999	null	1
6000101	1010639	true	0	2	0	4	false	0	 	0	0	0	1	null	1	9999999	null	1
6000102	1010639	true	0	2	0	5	false	0	 	0	0	0	1	null	1	9999999	null	1
6000103	1010639	true	0	2	0	4	false	0	 	0	0	0	1	null	1	9999999	null	1
6000105	1010639	true	0	2	0	4	false	0	 	0	0	0	1	null	1	9999999	null	1
6000106	1010639	true	0	2	0	4	false	0	 	0	0	0	1	null	1	9999999	null	1
6000107	1010639	true	0	2	0	4	false	0	 	0	0	0	1	null	1	9999999	null	1
6000108	1010639	true	0	2	0	4	false	0	 	0	0	0	1	null	1	9999999	null	1
6000109	1010639	true	0	2	0	4	false	0	 	0	0	0	1	null	1	9999999	null	1
801000	1010639	true	0	2	0	5	false	0	 	0	0	0	1	0	1	999999999	null	1
1005	1010639	true	0	2	0	4	false	0	 	0	0	0	1	null	1	999999999	null	1
1006	1010639	false	0	2	0	5	false	0	 	0	0	0	1	null	1	1	null	1
1007	1010639	true	0	2	0	4	false	0	 	0	0	0	1	null	1	999999999	null	1
1008	1010639	true	0	2	0	4	false	0	 	0	0	0	0	null	1	9999999	null	1
95	1010683	true	10	2	0	4	false	0	 	1	51414	1	0	null	1	999999999	null	1
6000126	1010838	true	0	2	0	5	false	0	 	0	0	0	1	null	1	999999999	null	1
