Id	IsUpset	RewardItem	RewardMaxNum	Loop
int	int	mut,int#int,1	int	int
19	1	22	1	0
20	1	20	1	0
41	2	23#25	1	0
42	2	24#26	1	0
43	2	27#28	1	0
44	1	28	1	0
45	1	300#302	1	0
46	1	303#304#305	1	0
47	1	302#303	1	0
48	1	304#305	1	0
21	2	101	1	0
22	2	1001#1004#1007#1010#1013#1016#1019#1022#1025#1028#1031	1	0
23	2	1001#1004#1007#1010#1013#1016#1019#1022#1025#1028#1031	1	0
24	2	1001#1004#1007#1010#1013#1016#1019#1022#1025#1028#1031	1	0
25	2	1001#1004#1007#1010#1013#1016#1019#1022#1025#1028#1031	1	0
26	2	1034#1037#1040#1043#1046#1049#1052#1055#1058#1061#1064	1	0
27	2	1034#1037#1040#1043#1046#1049#1052#1055#1058#1061#1064	1	0
28	2	1034#1037#1040#1043#1046#1049#1052#1055#1058#1061#1064	1	0
29	2	1034#1037#1040#1043#1046#1049#1052#1055#1058#1061#1064	1	0
30	2	1067#1070#1073#1076#1079#1082#1085#1088#1091#1094#1097	1	0
31	2	1067#1070#1073#1076#1079#1082#1085#1088#1091#1094#1097	1	0
32	2	1067#1070#1073#1076#1079#1082#1085#1088#1091#1094#1097	1	0
33	2	1067#1070#1073#1076#1079#1082#1085#1088#1091#1094#1097	1	0
34	2	1100#1105#1110#1115#1120#1125#1130#1135#1140#1145#1150	1	0
35	2	1100#1105#1110#1115#1120#1125#1130#1135#1140#1145#1150	1	0
36	2	1100#1105#1110#1115#1120#1125#1130#1135#1140#1145#1150	1	0
37	2	1100#1105#1110#1115#1120#1125#1130#1135#1140#1145#1150	1	0
38	2	1100#1105#1110#1115#1120#1125#1130#1135#1140#1145#1150	1	0
39	2	1100#1105#1110#1115#1120#1125#1130#1135#1140#1145#1150	1	0
52	2	1001#1004#1007#1010#1013#1016#1019#1022#1025#1028#1031	1	0
53	2	1001#1004#1007#1010#1013#1016#1019#1022#1025#1028#1031	1	0
54	2	1001#1004#1007#1010#1013#1016#1019#1022#1025#1028#1031	1	0
55	2	1001#1004#1007#1010#1013#1016#1019#1022#1025#1028#1031	1	0
56	2	1034#1037#1040#1043#1046#1049#1052#1055#1058#1061#1064	1	0
57	2	1034#1037#1040#1043#1046#1049#1052#1055#1058#1061#1064	1	0
58	2	1034#1037#1040#1043#1046#1049#1052#1055#1058#1061#1064	1	0
59	2	1034#1037#1040#1043#1046#1049#1052#1055#1058#1061#1064	1	0
60	2	1067#1070#1073#1076#1079#1082#1085#1088#1091#1094#1097	1	0
61	2	1067#1070#1073#1076#1079#1082#1085#1088#1091#1094#1097	1	0
62	2	1067#1070#1073#1076#1079#1082#1085#1088#1091#1094#1097	1	0
63	2	1067#1070#1073#1076#1079#1082#1085#1088#1091#1094#1097	1	0
64	2	1100#1105#1110#1115#1120#1125#1130#1135#1140#1145#1150	1	0
65	2	1100#1105#1110#1115#1120#1125#1130#1135#1140#1145#1150	1	0
66	2	1100#1105#1110#1115#1120#1125#1130#1135#1140#1145#1150	1	0
67	2	1100#1105#1110#1115#1120#1125#1130#1135#1140#1145#1150	1	0
68	2	1100#1105#1110#1115#1120#1125#1130#1135#1140#1145#1150	1	0
69	2	1100#1105#1110#1115#1120#1125#1130#1135#1140#1145#1150	1	0
201	2	1350#1001#1004#1007#1010#1013#1016#1022#1025#1028#1031	1	0
202	2	1351#1001#1004#1007#1010#1013#1016#1022#1025#1028#1031	1	0
203	2	1352#1001#1004#1007#1010#1013#1016#1022#1025#1028#1031	1	0
205	2	1355#1002#1005#1008#1011#1014#1017#1023#1026#1029#1032	1	0
206	2	1356#1002#1005#1008#1011#1014#1017#1023#1026#1029#1032	1	0
210	2	1360#1003#1006#1009#1012#1015#1018#1024#1027#1030#1033	1	0
211	2	1361#1003#1006#1009#1012#1015#1018#1024#1027#1030#1033	1	0
215	2	1365#1034#1037#1040#1043#1046#1049#1055#1058#1061#1064	1	0
216	2	1366#1034#1037#1040#1043#1046#1049#1055#1058#1061#1064	1	0
217	2	1367#1034#1037#1040#1043#1046#1049#1055#1058#1061#1064	1	0
220	2	1370#1035#1038#1041#1044#1047#1050#1056#1059#1062#1065	1	0
221	2	1371#1034#1037#1040#1043#1046#1049#1055#1058#1061#1064	1	0
222	2	1372#1035#1038#1041#1044#1047#1050#1056#1059#1062#1065	1	0
225	2	1375#1036#1039#1042#1045#1048#1051#1057#1060#1063#1066	1	0
226	2	1376#1036#1039#1042#1045#1048#1051#1057#1060#1063#1066	1	0
227	2	1377#1036#1039#1042#1045#1048#1051#1057#1060#1063#1066	1	0
230	2	1380#1067#1070#1073#1076#1079#1082#1088#1091#1094#1097	1	0
231	2	1381#1067#1070#1073#1076#1079#1082#1088#1091#1094#1097	1	0
232	2	1382#1067#1070#1073#1076#1079#1082#1088#1091#1094#1097	1	0
235	2	1385#1068#1071#1074#1077#1080#1083#1089#1092#1095#1098	1	0
236	2	1386#1068#1071#1074#1077#1080#1083#1089#1092#1095#1098	1	0
240	2	1390#1069#1072#1075#1078#1081#1084#1090#1093#1096#1099	1	0
241	2	1391#1069#1072#1075#1078#1081#1084#1090#1093#1096#1099	1	0
242	2	1392#1069#1072#1075#1078#1081#1084#1090#1093#1096#1099	1	0
245	2	1395#1100#1105#1110#1115#1120#1125#1135#1140#1145#1150	1	0
246	2	1396#1100#1105#1110#1115#1120#1125#1135#1140#1145#1150	1	0
247	2	1397#1100#1105#1110#1115#1120#1125#1135#1140#1145#1150	1	0
248	2	1398#1100#1105#1110#1115#1120#1125#1135#1140#1145#1150	1	0
250	2	1400#1101#1106#1111#1116#1121#1126#1136#1141#1146#1151	1	0
251	2	1401#1101#1106#1111#1116#1121#1126#1136#1141#1146#1151	1	0
252	2	1402#1101#1106#1111#1116#1121#1126#1136#1141#1146#1151	1	0
255	2	1405#1102#1107#1112#1117#1122#1127#1137#1142#1147#1152	1	0
256	2	1406#1102#1107#1112#1117#1122#1127#1137#1142#1147#1152	1	0
260	2	1410#1103#1108#1113#1118#1123#1128#1138#1143#1148#1153	1	0
265	2	1411#1104#1109#1114#1119#1124#1129#1139#1144#1149#1154	1	0
401	1	270001	1	0
402	2	270002#270003#270004#270005	1	0
403	2	270006#270007#270008#270009#270010#270011	1	0
404	2	270012#270013#270014#270015#270016#270017#270018#270019	1	0
405	2	270020#270021#270022#270023#270024#270025#270026#270027#270028#270029#270030	1	0
451	2	265001#265002#265003#265004#265005	1	0
452	2	265101#265102#265103#265104#265105	1	0
453	2	265201#265202#265203#265204#265205#265206	1	0
481	1	310	1	0
482	1	311	1	0
483	2	501#502#503#504	1	0
484	2	510#511	1	0
485	2	514#515	1	0
486	2	516#517	1	0
501	2	60047#60048#60049#60050#60051#60052#65053#65054	1	0
502	2	65065#65066#65068#65067	1	0
503	2	65057#65058#65059#65060	1	0
504	2	65069#65070#65071#65072	1	0
505	2	65061#65062#65063#65064	1	0
506	2	60026#60027#60028#60046	1	0
507	2	60034#60035#60044	1	0
508	2	60001#60004#60009#60014#60016#60017#60021#60032#60035#60036#60040#60046#65075	1	0
509	2	60002#60003#60005#60006#60008#60011#60018#60020#60028#60031#60044#60045#65073	1	0
510	2	60013#60019#60024#60025#60026#60027#60037#60038#60041#60042#60043#65076#65078	1	0
511	2	60007#60010#60012#60015#60022#60023#60029#60030#60033#60034#60039#65074#65077	1	0
512	2	65059#65065#65068#65071#65057#65061#65063#65069#65060#65062#65066#65067#65072#65058#65064#65070	1	0
513	2	60001#60004#60009#60014#60016#60017#60021#60032#60035#60036#60040#60046#65075#60002#60003#60005#60006#60008#60011#60018#60020#60028#60031#60044#60045#65073#60013#60019#60024#60025#60026#60027#60037#60038#60041#60042#60043#65076#65078#60007#60010#60012#60015#60022#60023#60029#60030#60033#60034#60039#65074#65077	1	0
514	1	60074	1	0
515	1	60071	1	0
516	2	60053#60059	1	0
517	2	60101#60102#60103#60104#60105#60106#60107#60108#60110#60111#60112#60113#60116#60118#60119#60120#60121#60122	1	0
518	2	60101#60102#60103#60104#60105#60106#60107#60108#60109#60110#60111#60112#60113#60114#60115#60116#60117#60118#60119#60120#60121#60122#60123	1	0
519	2	60053#60054#60055#60056#60057#60058#60059#60060#60061#60062#60063#60064#60065#60066#60067#60068#60069#60070#60071#60072#60073#60074#60075#60001#60002#60005#60006#60007#60008#60009#60013#60016#60017#60018#60019#60020#60021#60022	1	0
520	2	60201#60202#60203#60204#60205#60206#60207#60208#60209#60210#60211#60212#60213#60214#60215#60216#60217#60218#60219#60220#60221#60222#60223	1	0
521	2	60055#60056#60057#60063#60064#60073#60075	1	0
522	2	60094#60095#60055#60056#60057#60063#60064#60073#60075	1	0
523	2	60026#60027#60028#60046#60034#60035#60044	1	0
524	2	60036#60037#60039#60043#60025#60038#60040#60041#60029#60031#60032#60045#60024#60030#60042#60033	1	0
525	2	60015	1	0
526	2	60014	1	0
601	1	60053	1	0
602	1	60054	1	0
603	1	60055	1	0
604	1	60056	1	0
605	1	60057	1	0
606	1	60058	1	0
607	1	60059	1	0
608	1	60060	1	0
609	1	60061	1	0
610	1	60062	1	0
611	1	60063	1	0
612	1	60064	1	0
613	1	60065	1	0
614	1	60066	1	0
615	1	60067	1	0
616	1	60068	1	0
617	1	60069	1	0
618	1	60070	1	0
619	1	60071	1	0
620	1	60072	1	0
621	1	60073	1	0
622	1	60074	1	0
623	1	60075	1	0
701	1	60001	1	0
702	1	60002	1	0
703	1	60003	1	0
704	1	60004	1	0
705	1	60005	1	0
706	1	60006	1	0
707	1	60007	1	0
708	1	60008	1	0
709	1	60009	1	0
710	1	60010	1	0
711	1	60011	1	0
712	1	60012	1	0
713	1	60013	1	0
714	1	60014	1	0
715	1	60015	1	0
716	1	60016	1	0
717	1	60017	1	0
718	1	60018	1	0
719	1	60019	1	0
720	1	60020	1	0
721	1	60021	1	0
722	1	60022	1	0
723	1	60023	1	0
724	1	60024	1	0
725	1	60025	1	0
726	1	60026	1	0
727	1	60027	1	0
728	1	60028	1	0
729	1	60029	1	0
730	1	60030	1	0
731	1	60031	1	0
732	1	60032	1	0
733	1	60033	1	0
734	1	60034	1	0
735	1	60035	1	0
736	1	60036	1	0
737	1	60037	1	0
738	1	60038	1	0
739	1	60039	1	0
740	1	60040	1	0
741	1	60041	1	0
742	1	60042	1	0
743	1	60043	1	0
744	1	60044	1	0
745	1	60045	1	0
746	1	60046	1	0
747	1	60047	1	0
748	1	60048	1	0
749	1	60049	1	0
750	1	60050	1	0
751	1	60051	1	0
752	1	60052	1	0
753	1	65053	1	0
754	1	65054	1	0
755	1	65053	1	0
756	1	65054	1	0
757	1	65057	1	0
758	1	65058	1	0
759	1	65059	1	0
760	1	65060	1	0
761	1	65061	1	0
762	1	65062	1	0
763	1	65063	1	0
764	1	65064	1	0
765	1	65065	1	0
766	1	65066	1	0
767	1	65067	1	0
768	1	65068	1	0
769	1	65069	1	0
770	1	65070	1	0
771	1	65071	1	0
772	1	65072	1	0
773	1	65073	1	0
774	1	65074	1	0
775	1	65075	1	0
776	1	65076	1	0
777	1	65077	1	0
778	1	65078	1	0
801	2	114#115#116#117#118#119#120#121#122	1	0
802	2	123#124#125#126#127#128#129#130#131#132#133#134#135#136#137#138#139#140#141#142	1	0
803	2	111#112#113	1	0
804	2	114#115#116	1	0
805	2	120#121#122	1	0
806	2	117#118#119	1	0
807	2	132#133#134	1	0
808	2	135#136#137#138	1	0
809	2	125#126	1	0
810	2	127#128#129#130	1	0
811	2	139#140#141#142	1	0
812	2	143#144#145#146	1	0
813	2	111#112#113#114#115#116#117#118#119#120#121#122#123#124#125#126#127#128#129#130#131#132#133#134#135#136#137#138#139#140#141#142	1	0
814	1	114#115#116	3	0
815	1	120#121#122	3	0
816	1	143#144#145#146	4	0
817	1	123#124#125#126	4	0
818	1	139#140#141#142	4	0
819	1	117#118#119	3	0
820	1	111#112#113	3	0
821	1	135#136#137#138	4	0
822	1	127#128#129#130	4	0
823	1	131#132#133#134	4	0
824	2	111#112#113#114#115#116#117#118#119	1	0
825	2	123#124#125#126#127#128#129#130#131#132#133#134#135#136#137#138#139#140#141#142	1	0
826	2	111#112#113#114#115#116#117#118#119	1	0
827	2	123#124#125#126#127#128#129#130#131#132#133#134	1	0
828	2	111#112#113#114#115#116#117#118#119#120#121#122	1	0
829	2	126#130#134#138#142	1	0
830	2	312#313#314	1	0
831	2	315#316#317	1	0
832	2	1531#1532#1533#1534	1	0
833	2	1535#1536#1537#1538	1	0
834	1	901#902#904#906	4	0
835	1	901#903#905#907	4	0
850	2	1067#1070#1073#1076#1079#1082#1085#1088#1091#1094#1097	1	0
851	2	1100#1105#1110#1115#1120#1125#1130#1135#1140#1145#1150	1	0
852	2	1067#1070#1073#1076#1079#1082#1085#1088#1091#1094#1097	1	0
853	2	1100#1105#1110#1115#1120#1125#1130#1135#1140#1145#1150	1	0
854	2	1034#1037#1040#1043#1046#1049#1052#1055#1058#1061#1064	8	0
855	2	1034#1037#1040#1043#1046#1049#1052#1055#1058#1061#1064	8	0
856	2	1035#1038#1041#1044#1047#1050#1053#1056#1059#1062#1065	8	0
857	2	1035#1038#1041#1044#1047#1050#1053#1056#1059#1062#1065	8	0
858	2	1067#1070#1073#1076#1079#1082#1085#1088#1091#1094#1097	6	0
859	2	1067#1070#1073#1076#1079#1082#1085#1088#1091#1094#1097	6	0
860	2	1067#1070#1073#1076#1079#1082#1085#1088#1091#1094#1097	6	0
861	2	1067#1070#1073#1076#1079#1082#1085#1088#1091#1094#1097	6	0
862	2	1067#1070#1073#1076#1079#1082#1085#1088#1091#1094#1097	4	0
863	2	1067#1070#1073#1076#1079#1082#1085#1088#1091#1094#1097	4	0
864	2	1067#1070#1073#1076#1079#1082#1085#1088#1091#1094#1097	4	0
865	2	1067#1070#1073#1076#1079#1082#1085#1088#1091#1094#1097	4	0
866	2	1067#1070#1073#1076#1079#1082#1085#1088#1091#1094#1097	6	0
867	2	1067#1070#1073#1076#1079#1082#1085#1088#1091#1094#1097	6	0
868	2	1067#1070#1073#1076#1079#1082#1085#1088#1091#1094#1097	6	0
869	2	1067#1070#1073#1076#1079#1082#1085#1088#1091#1094#1097	6	0
870	2	1067#1070#1073#1076#1079#1082#1085#1088#1091#1094#1097	8	0
871	2	1067#1070#1073#1076#1079#1082#1085#1088#1091#1094#1097	8	0
872	2	1067#1070#1073#1076#1079#1082#1085#1088#1091#1094#1097	8	0
873	2	1067#1070#1073#1076#1079#1082#1085#1088#1091#1094#1097	8	0
890	1	5040#5041	1	0
901	1	5205#5205#5205#5205	1	0
902	1	5206#5206#5206#5206	1	0
903	1	5207#5207#5207#5207	1	0
904	1	5208#5208#5208#5208	1	0
905	1	5213#5213#5213#5213	1	0
906	1	5214#5214#5214#5214	1	0
907	1	5215#5215#5215#5215	1	0
908	1	5216#5216#5216#5216	1	0
1001	2	5001#5002	1	0
1002	2	5001#5003	1	0
1003	2	5001#5004	1	0
1004	2	5001#5005	1	0
1005	2	5001#5006	1	0
1006	2	5001#5007	1	0
1007	2	5001#5008	1	0
1008	2	5001#5009	1	0
1009	2	5001#5010	1	0
1010	2	5001#5011	1	0
1011	2	5001#5012	1	0
1012	2	5001#5013	1	0
1013	2	5001#5014	1	0
1014	2	5001#5015	1	0
1015	2	5001#5016	1	0
1016	2	5001#5017	1	0
1017	2	5001#5018	1	0
1018	2	5001#5019	1	0
1019	2	5001#5020	1	0
1020	2	5001#5021	1	0
1101	2	260001#260041#260081#260121#260161	1	0
1102	2	260002#260042#260082#260122#260162	1	0
1103	2	260003#260043#260083#260123#260163	1	0
1104	2	260004#260044#260084#260124#260164	1	0
1105	2	260005#260045#260085#260125#260165#261001#261041#261081#261121#261161	1	0
1106	2	260006#260046#260086#260126#260166#261002#261042#261082#261122#261162	1	0
1107	2	260007#260047#260087#260127#260167#261003#261043#261083#261123#261163	1	0
1108	2	260008#260048#260088#260128#260168#261004#261044#261084#261124#261164	1	0
1109	2	260009#260049#260089#260129#260169#261005#261045#261085#261125#261165	1	0
1110	2	260010#260050#260090#260130#260170#261006#261046#261086#261126#261166	1	0
1111	2	260011#260051#260091#260131#260171#261007#261047#261087#261127#261167	1	0
1112	2	260012#260052#260092#260132#260172#261008#261048#261088#261128#261168	1	0
1113	2	260013#260053#260093#260133#260173#261009#261049#261089#261129#261169	1	0
1114	2	260014#260054#260094#260134#260174#261010#261050#261090#261130#261170	1	0
1115	2	260015#260055#260095#260135#260175#261011#261051#261091#261131#261171	1	0
1116	2	260016#260056#260096#260136#260176#261012#261052#261092#261132#261172	1	0
1117	2	260017#260057#260097#260137#260177#261013#261053#261093#261133#261173#262001#262021#262041#262061#262081#262101	1	0
1118	2	260018#260058#260098#260138#260178#261014#261054#261094#261134#261174#262002#262022#262042#262062#262082#262102	1	0
1119	2	260019#260059#260099#260139#260179#261015#261055#261095#261135#261175#262003#262023#262043#262063#262083#262103	1	0
1120	2	260020#260060#260100#260140#260180#261016#261056#261096#261136#261176#262004#262024#262044#262064#262084#262104	1	0
1121	2	260509	1	0
1122	2	260509	1	0
1123	2	260509	1	0
1124	2	260509	1	0
1125	2	260509	1	0
1126	2	260509	1	0
1127	2	260509	1	0
1128	2	260509	1	0
1129	2	260509	1	0
1130	2	260509	1	0
1131	2	260509	1	0
1132	2	260509	1	0
1133	2	260509	1	0
1134	2	260509	1	0
1135	2	260509	1	0
1136	2	260509	1	0
1137	2	260509	1	0
1138	2	260509	1	0
1139	2	260509	1	0
1140	2	260509	1	0
1141	2	260509	1	0
1142	2	260509	1	0
1143	2	260509	1	0
1144	2	260509	1	0
1145	2	260509	1	0
1146	2	260509	1	0
1147	2	260509	1	0
1148	2	260509	1	0
1149	2	260509	1	0
1150	2	260509	1	0
1151	2	260509	1	0
1152	2	260509	1	0
1153	2	260509	1	0
1154	2	260509	1	0
1155	2	260509	1	0
1156	2	260509	1	0
1157	2	260509	1	0
1158	2	260509	1	0
1159	2	260509	1	0
1160	2	260509	1	0
1161	2	5101#5221	1	0
1162	2	5102#5221	1	0
1163	2	5103#5221	1	0
1164	2	5104#5221	1	0
1165	2	5105#5221	1	0
1166	2	5106#5221	1	0
1167	2	5107#5221	1	0
1168	2	5108#5221	1	0
1169	2	5109#5221	1	0
1170	2	5110#5221	1	0
1171	2	5111#5221	1	0
1172	2	5112#5221	1	0
1173	2	5113#5221	1	0
1174	2	5114#5221	1	0
1175	2	5115#5221	1	0
1176	2	5116#5221	1	0
1177	2	5117#5221	1	0
1178	2	5118#5221	1	0
1179	2	5119#5221	1	0
1180	2	5120#5221	1	0
1181	2	260021#260022	1	0
1201	2	5221#5201	1	0
1202	2	5221#5202	1	0
1203	2	5221#5203	1	0
1204	2	5221#5204	1	0
1205	2	5221#5205	1	0
1206	2	5221#5206	1	0
1207	2	5221#5207	1	0
1208	2	5221#5208	1	0
1209	2	5221#5209	1	0
1210	2	5221#5210	1	0
1211	2	5221#5211	1	0
1212	2	5221#5212	1	0
1213	2	5221#5213	1	0
1214	2	5221#5214	1	0
1215	2	5221#5215	1	0
1216	2	5221#5216	1	0
1217	2	5221#5217	1	0
1218	2	5221#5218	1	0
1219	2	5221#5219	1	0
1220	2	5221#5220	1	0
1301	2	100101#100102#100103#100104#100105#100106#100107#100108#100109#100110	1	0
1302	2	100201#100202#100203#100204#100205#100206#100207#100208#100209#100210	1	0
1303	2	100301#100302#100303#100304#100305#100306#100307#100308#100309#100310#100311#100312#100313#100314#100315#100316#100317#100318#100319#100320#100321#100322#100323#100324#100325#100326#100327#100328	1	0
1304	2	100401#100402#100403#100404#100405#100406#100407#100408#100409#100410	1	0
1305	2	100501#100502#100503#100504#100505#100506#100507#100508#100509#100510	1	0
1306	2	100601#100602#100603#100604#100605#100606#100607#100608#100609#100610	1	0
1307	2	100701#100702#100703#100704#100705#100706#100707#100708#100709#100710#100711#100712#100713#100714#100715#100716#100717#100718#100719#100720#100721#100722#100723#100724#100725#100726#100727#100728	1	0
1308	2	100801#100802#100803#100804#100805#100806#100807#100808#100809#100810	1	0
1309	2	100901#100902#100903#100904#100905#100906#100907#100908#100909#100910#100911#100912#100913#100914#100915#100916#100917#100918#100919#100920#100921#100922#100923#100924#100925#100926#100927#100928	1	0
1310	2	101001#101002#101003#101004#101005#101006#101007#101008#101009#101010	1	0
1311	2	101101#101102#101103#101104#101105#101106#101107#101108#101109#101110#101111#101112#101113#101114#101115#101116#101117#101118#101119#101120#101121#101122#101123#101124#101125#101126#101127#101128	1	0
1312	2	101201#101202#101203#101204#101205	1	0
1313	2	101301#101302#101303#101304#101305#101306#101307#101308#101309	1	0
1314	2	101401#101402#101403#101404#101405#101406#101407#101408#101409#101410#101411#101412#101413	1	0
1315	2	101501#101502#101503#101504#101505#101506#101507#101508#101509#101510#101511#101512#101513#101514#101515	1	0
1401	2	1210	1	0
1402	2	1210	1	0
1403	2	1210	1	0
1404	2	1210	1	0
1405	2	1210	1	0
1406	2	1210	1	0
1407	2	1210	1	0
1408	2	1210	1	0
1409	2	1210	1	0
1410	2	1210	1	0
1411	2	1210	1	0
1412	2	1210	1	0
1413	2	1210	1	0
1414	2	1210	1	0
1415	2	1210	1	0
1416	2	1210	1	0
1417	2	1210	1	0
1418	2	1210	1	0
1419	2	1210	1	0
1420	2	1210	1	0
1421	2	1210	1	0
1422	2	1210	1	0
1423	2	1210	1	0
1424	2	1210	1	0
1425	2	1210	1	0
1426	2	1210	1	0
1427	2	1210	1	0
1428	2	1210	1	0
1429	2	1210	1	0
1430	2	1210	1	0
1431	2	1210	1	0
1501	1	49001#49002	1	0
1502	1	49001#49002	1	0
1503	1	49001#49002	1	0
1504	1	49001#49002	1	0
1505	1	49003#49004	1	0
1506	1	49003#49004	1	0
1507	1	49003#49004	1	0
1508	1	49003#49004	1	0
1509	1	49005#49006	1	0
1510	1	49005#49006	1	0
1511	1	49005#49006	1	0
1512	1	49005#49006	1	0
1513	1	49007#49008	1	0
1514	1	49007#49008	1	0
1515	1	49007#49008	1	0
1516	1	49007#49008	1	0
1517	1	49009#490010	1	0
1518	1	49009#490010	1	0
1519	1	49009#490010	1	0
1520	1	49009#490010	1	0
1601	2	265001#265002	1	0
1602	2	265003#265004	1	0
1603	2	265001#265002#265003#265004#265005	1	0
1604	2	265001#265002#265003#265004#265005	1	0
1605	2	265001#265002#265003#265004#265005	1	0
1606	2	265001#265002#265003#265004#265005#265101#265102#265103#265104#265105	1	0
1607	2	265101#265102#265103#265104#265105	1	0
1608	2	265101#265102#265103#265104#265105	1	0
1609	2	265001#265002#265003#265004#265005#265101#265102#265103#265104#265105	1	0
1610	2	265001#265002#265003#265004#265005#265101#265102#265103#265104#265105	1	0
1611	2	265001#265002#265003#265004#265005#265101#265102#265103#265104#265105	1	0
1612	2	265101#265102#265103#265104#265105	1	0
1613	2	265101#265102#265103#265104#265105	1	0
2000	1	6060#6000#6001	5	0
2001	1	6101#6201#6301	3	0
2002	1	6102#6202#6302	3	0
2003	1	6103#6203#6303	3	0
2004	1	6104#6204#6304#7001	4	0
2005	1	6105#6205#6305#7001#7018	5	0
2006	1	6106#6206#6306#7002#7018	5	0
2007	1	6107#6207#6307#7002#7019	5	0
2008	1	6108#6208#6308#7003#7019	5	0
2009	1	6109#6209#6309#7004#7019	5	0
2010	1	6110#6210#6310#7005#7019	5	0
2011	1	6111#6211#6311#7005#7020	5	0
2012	1	6112#6212#6312#7006#7020	5	0
2013	1	6113#6213#6313#7006#7021	5	0
2014	1	6114#6214#6314#7006#7022	5	0
2015	1	6115#6215#6315#7007#7022	5	0
2016	1	6116#6216#6316#7008#7022	5	0
2017	1	6117#6217#6317#7008#7023	5	0
2018	1	6118#6218#6318#7008#7024	5	0
2019	1	6119#6219#6319#7008#7025	5	0
2020	1	6120#6220#6320#7009#7025	5	0
2021	1	7010#7025	5	0
2022	1	7010#7025#7027	5	0
2023	1	7011#7025#7027	5	0
2024	1	7012#7025#7027	5	0
2025	1	7013#7025#7027	5	0
2026	1	7014#7025#7027	5	0
2027	1	7015#7025#7027	5	0
2028	1	7016#7025#7027	5	0
2029	1	7017#7025#7027	5	0
2030	1	7017#7026#7027	5	0
2501	1	3001#3101#3201	2	0
2502	1	3002#3102#3202	2	0
2503	1	3003#3103#3203	2	0
2504	1	3004#3104#3204	2	0
2505	1	3005#3105#3205	2	0
2506	1	3006#3106#3206	2	0
2507	1	3007#3107#3207	2	0
2508	1	3008#3108#3208	2	0
2509	1	3009#3109#3209	2	0
2510	1	3010#3110#3210	2	0
2511	1	3011#3111#3211	2	0
2512	1	3012#3112#3212	2	0
2513	1	3013#3113#3213	2	0
2514	1	3014#3114#3214	2	0
2515	1	3015#3115#3215	2	0
2516	1	3016#3116#3216	2	0
2517	1	3017#3117#3217	2	0
2518	1	3018#3118#3218	2	0
2519	1	3019#3119#3219	2	0
2520	1	3020#3120#3220	2	0
2521	1	3021#3121#3221	2	0
2522	1	3022#3122#3222	2	0
2523	1	3023#3123#3223	2	0
2524	1	3024#3124#3224	2	0
2525	1	3025#3125#3225	2	0
2526	1	3026#3126#3226	2	0
2527	1	3027#3127#3227	2	0
2528	1	3028#3128#3228	2	0
2529	1	3029#3129#3229	2	0
2530	1	3030#3130#3230	2	0
6001	1	601#651	1	0
6002	1	602#652	1	0
6003	1	603#653	1	0
6004	1	604#654	1	0
6005	1	605#655	1	0
6006	1	606#656	1	0
6007	1	607#657	1	0
6008	1	608#658	1	0
6009	1	609#659	1	0
6010	1	610#660	1	0
6011	1	611#661	1	0
6012	1	612#662	1	0
6013	1	613#663	1	0
6014	1	614#664	1	0
6015	1	615#665	1	0
6016	1	616#666	1	0
6017	1	617#667	1	0
6018	1	618#668	1	0
6019	1	619#669	1	0
6020	1	620#670	1	0
6121	3	701#702#703#704	1	2
6122	3	701#702#703#704	1	2
6123	3	701#702#703#704	1	2
6124	3	701#702#703#704	1	2
6125	3	701#702#703#704	1	2
6126	3	701#702#703#704	1	2
6127	3	701#702#703#704	1	2
6128	3	701#702#703#704	1	2
6129	3	701#702#703#704	1	2
6130	3	701#702#703#704	1	2
6131	3	701#702#703#704	1	2
6132	3	701#702#703#704	1	2
6133	3	701#702#703#704	1	2
6134	3	701#702#703#704	1	2
6135	3	701#702#703#704	1	2
6136	3	701#702#703#704	1	2
6137	3	701#702#703#704	1	2
6138	3	701#702#703#704	1	2
6139	3	701#702#703#704	1	2
6140	3	701#702#703#704	1	2
10110	1	32004#31005	5	0
10305	2	1001	1	0
10211	2	1001	1	0
10212	2	1001	1	0
10213	2	1001	1	0
10409	2	1001	1	0
10410	2	1001	1	0
10411	2	1001	1	0
10412	2	1001	1	0
10413	2	1001	1	0
10414	2	1001	1	0
15001	1	110001	1	0
15002	1	110002	1	0
15003	1	110003	1	0
15004	1	110004	1	0
15005	1	110005	1	0
15011	1	110011	1	0
15012	1	110012	1	0
15013	1	110013	1	0
15014	1	110014	1	0
15015	1	110015	1	0
15016	1	110016	1	0
15017	1	110017	1	0
15018	1	110018	1	0
15019	1	110057	1	0
15020	1	110058	1	0
15027	1	110059	1	0
15028	1	110060	1	0
14997	1	110019	1	0
14998	1	110020	1	0
14999	1	110021	1	0
15000	1	110022	1	0
15021	1	110051	1	0
15022	1	110052	1	0
15023	1	110053	1	0
15024	1	110054	1	0
15025	1	110055	1	0
15026	1	110056	1	0
15029	1	110059	1	0
15030	1	110060	1	0
15031	1	110061	1	0
15032	1	110062	1	0
15033	1	110063	1	0
15034	1	110064	1	0
15035	1	110065	1	0
40001	1	40001#41001#42001	1	0
40002	1	40002#41002#42002	1	0
40003	1	40003#41003#42003	1	0
40004	1	40004#41004#42004	1	0
40005	1	40005#41005#42005	1	0
40006	1	40006#41006#42006	1	0
40007	1	40007#41007#42007	1	0
40008	1	40008#41008#42008	1	0
40009	1	40009#41009#42009	1	0
40010	1	40010#41010#42010	1	0
40011	1	40011#41011#42011	1	0
40012	1	40012#41012#42012	1	0
40013	1	40013#41013#42013	1	0
40014	1	40014#41014#42014	1	0
40015	1	40015#41015#42015	1	0
40016	1	40016#41016#42016	1	0
40017	1	40017#41017#42017	1	0
40018	1	40018#41018#42018	1	0
40019	1	40019#41019#42019	1	0
40020	1	40020#41020#42020	1	0
43001	1	61001	1	0
43002	1	61002	1	0
43003	1	61003	1	0
43004	1	61004	1	0
43005	1	61005	1	0
43006	1	61006	1	0
43007	1	61007	1	0
43008	1	61008	1	0
43009	1	61009	1	0
43010	1	61010	1	0
43011	1	61011	1	0
43012	1	61012	1	0
43013	1	61013	1	0
43014	1	61014	1	0
43015	1	61015	1	0
43016	1	61016	1	0
44001	1	62001	1	0
44002	1	62002	1	0
44003	1	62003	1	0
44004	1	62004	1	0
44005	1	62005	1	0
44006	1	62006	1	0
44007	1	62007	1	0
44008	1	62008	1	0
44009	1	62009	1	0
44010	1	62010	1	0
44011	1	62011	1	0
44012	1	62012	1	0
44013	1	62013	1	0
44014	1	62014	1	0
44015	1	62015	1	0
44016	1	62016	1	0
44017	1	62017	1	0
44018	1	62018	1	0
44019	1	62019	1	0
44020	1	62020	1	0
44021	1	62021	1	0
44022	1	62022	1	0
55001	1	50401	1	0
55002	1	50402	1	0
55003	1	50403	1	0
55004	1	50404	1	0
55005	1	50405	1	0
55006	1	50406	1	0
55007	1	50407	1	0
55008	1	50408	1	0
55009	1	50409	1	0
55010	1	50410	1	0
55011	1	50411	1	0
55012	1	50412	1	0
55013	1	50413	1	0
55014	1	50414	1	0
55015	1	50415	1	0
55016	1	50416	1	0
55017	1	50431	1	0
55018	1	50432	1	0
55019	1	50433	1	0
55020	1	50417	1	0
55021	1	50418	1	0
55022	1	50419	1	0
55023	1	50420	1	0
55024	1	50421	1	0
55025	1	50422	1	0
55026	1	50423	1	0
55027	1	50424	1	0
55028	1	50425	1	0
55029	1	50426	1	0
55030	1	55027	1	0
55031	1	50428	1	0
55032	1	50429	1	0
55033	1	50430	1	0
55034	1	50434	1	0
55035	1	50435	1	0
55036	1	50436	1	0
55037	1	50437	1	0
55038	1	50438	1	0
55039	1	50439	1	0
55040	1	50440	1	0
55041	1	50441	1	0
55042	1	50442	1	0
55043	1	50443	1	0
55044	1	50444	1	0
55045	1	50445	1	0
55046	1	50446	1	0
55047	1	50447	1	0
55048	1	50448	1	0
55049	1	50449	1	0
55050	2	265001#265002#265003#265004#265005#265101#265102#265103#265104#265105	1	0
55051	1	50450	1	0
55052	2	265001#265002#265003#265004#265005#265101#265102#265103#265104#265105	1	0
55053	1	50451	1	0
55054	2	265101#265102#265103#265104#265105	1	0
55055	1	50452	1	0
55056	2	265101#265102#265103#265104#265105	1	0
55057	1	50453	1	0
55058	2	265001#265002#265003#265004#265005#265101#265102#265103#265104#265105	1	0
55059	2	265001#265002#265003#265004#265005#265101#265102#265103#265104#265105	1	0
55060	2	265101#265102#265103#265104#265105	1	0
55061	2	265101#265102#265103#265104#265105	1	0
55062	1	50454	1	0
55063	1	50455	1	0
55064	1	50456	1	0
55065	1	50457	1	0
55066	1	50458	1	0
55067	1	50459	1	0
55068	1	50460	1	0
55069	1	50461	1	0
55070	1	50462	1	0
55071	1	50463	1	0
55072	1	5213#5213	1	0
55073	1	5214#5214	1	0
55074	1	5215#5215	1	0
55075	1	5216#5216	1	0
55076	1	50464	1	0
55077	1	50465	1	0
55078	1	50466	1	0
55079	1	50467	1	0
55080	1	50468	1	0
55081	1	50469	1	0
56001	1	10105#10205#10305	1	0
56002	1	10104#10204#10304	1	0
56003	1	10103#10203#10303	1	0
56004	1	10102#10202#10302	1	0
56005	1	10101#10201#10301	1	0
56006	1	10106#10206#10306	1	0
56007	1	10107#10207#10307	1	0
56008	1	10108#10208#10308	1	0
56009	1	10109#10209#10309	1	0
56010	1	10110#10210#10310	1	0
56011	1	10111#10211#10311	1	0
56012	1	10112#10212#10312#10412	1	0
56013	1	10113#10213#10313#10413	1	0
57001	2	271001#271031	1	0
57002	2	271002#271032	1	0
57003	2	271003#271033	1	0
57004	2	271004#271034	1	0
57005	2	271005#271035	1	0
57006	2	271006#271036	1	0
57007	2	271007#271037	1	0
57008	2	271008#271038	1	0
57009	2	271009#271039	1	0
57010	2	271010#271040	1	0
57011	2	271011#271041	1	0
57012	2	271012#271042	1	0
57013	2	271013#271043	1	0
57014	2	271014#271044	1	0
57015	2	271015#271045	1	0
57016	2	271016#271046	1	0
57017	2	271017#271047	1	0
57018	2	271018#271048	1	0
57019	2	271019#271049	1	0
57020	2	271020#271050	1	0
57021	2	271021#271051	1	0
57022	2	271022#271052	1	0
57023	2	271023#271053	1	0
57024	2	271024#271054	1	0
57030	2	271061#271091	1	0
57031	2	271062#271092	1	0
57032	2	271063#271093	1	0
57033	2	271064#271094	1	0
57034	2	271065#271095	1	0
57035	2	271066#271096	1	0
57036	2	271067#271097	1	0
57037	2	271068#271098	1	0
57038	2	271069#271099	1	0
57039	2	271070#271100	1	0
57040	2	271071#271101	1	0
57041	2	271072#271102	1	0
57042	2	271073#271103	1	0
57043	2	271074#271104	1	0
57044	2	271075#271105	1	0
57045	2	271076#271106	1	0
57046	2	271077#271107	1	0
57047	2	271078#271108	1	0
57048	2	271079#271109	1	0
57049	2	271080#271110	1	0
57050	2	271081#271111	1	0
57051	2	271082#271112	1	0
57052	2	271083#271113	1	0
57053	2	271084#271114	1	0
57060	2	271121#271151	1	0
57061	2	271122#271152	1	0
57062	2	271123#271153	1	0
57063	2	271124#271154	1	0
57064	2	271125#271155	1	0
57065	2	271126#271156	1	0
57066	2	271127#271157	1	0
57067	2	271128#271158	1	0
57068	2	271129#271159	1	0
57069	2	271130#271160	1	0
57070	2	271131#271161	1	0
57071	2	271132#271162	1	0
57072	2	271133#271163	1	0
57073	2	271134#271164	1	0
57074	2	271135#271165	1	0
57075	2	271136#271166	1	0
57076	2	271137#271167	1	0
57077	2	271138#271168	1	0
57078	2	271139#271169	1	0
57079	2	271140#271170	1	0
57080	2	271141#271171	1	0
57081	2	271142#271172	1	0
57082	2	271143#271173	1	0
57083	2	271144#271174	1	0
100001	1	25050	1	0
700001	1	25050	1	0
700002	1	25050	1	0
700003	1	25050	1	0
700004	1	25050	1	0
100006	1	25050	1	0
101006	1	25050	1	0
102006	1	25050	1	0
100000	2	25050	1	0
210101	2	110101#120101#130101	1	0
210102	2	110102#120102#130102	1	0
210103	2	110103#120103#130103	1	0
210201	2	110201#120201#130201	1	0
210202	2	110202#120202#130202	1	0
210203	2	110203#120203#130203	1	0
210301	2	110301#120301#130301	1	0
210302	2	110302#120302#130302	1	0
210303	2	110303#120303#130303	1	0
210401	2	110401#120401#130401	1	0
210402	2	110402#120402#130402	1	0
210403	2	110403#120403#130403	1	0
210501	2	110501#120501#130501	1	0
210502	2	110502#120502#130502	1	0
210503	2	110503#120503#130503	1	0
210601	2	110601#120601#130601	1	0
210602	2	110602#120602#130602	1	0
210603	2	110603#120603#130603	1	0
210701	2	110701#120701#130701	1	0
210702	2	110702#120702#130702	1	0
210703	2	110703#120703#130703	1	0
210801	2	110801#120801#130801	1	0
210802	2	110802#120802#130802	1	0
210803	2	110803#120803#130803	1	0
220101	2	210101#220101#230101	1	0
220102	2	210102#220102#230102	1	0
220103	2	210103#220103#230103	1	0
220201	2	210201#220201#230201	1	0
220202	2	210202#220202#230202	1	0
220203	2	210203#220203#230203	1	0
220301	2	210301#220301#230301	1	0
220302	2	210302#220302#230302	1	0
220303	2	210303#220303#230303	1	0
220401	2	210401#220401#230401	1	0
220402	2	210402#220402#230402	1	0
220403	2	210403#220403#230403	1	0
220501	2	210501#220501#230501	1	0
220502	2	210502#220502#230502	1	0
220503	2	210503#220503#230503	1	0
220601	2	210601#220601#230601	1	0
220602	2	210602#220602#230602	1	0
220603	2	210603#220603#230603	1	0
220701	2	210701#220701#230701	1	0
220702	2	210702#220702#230702	1	0
220703	2	210703#220703#230703	1	0
220801	2	210801#220801#230801	1	0
220802	2	210802#220802#230802	1	0
220803	2	210803#220803#230803	1	0
300001	1	300001#400001#500001	3	0
300002	1	300002#400002#500002	3	0
300003	1	300003#400003#500003	3	0
300004	1	300004#400004#500004	3	0
300005	1	300005#400005#500005	3	0
300006	1	300006#400006#500006	3	0
300007	1	300007#400007#500007	3	0
300008	1	300008#400008#500008	3	0
300009	1	300009#400009#500009	3	0
300010	1	300010#400010#500010	3	0
300011	1	300011#400011#500011	3	0
300021	1	300021#400021#500021	3	0
300041	1	300041#400041#500041	3	0
300051	1	300051#400051#500051	3	0
300081	1	300081#400081#500081	3	0
300101	1	300101#400101#500101	3	0
300301	1	300301#400301#500301	3	0
300501	1	300501#400501#500501	3	0
301001	1	301001#401001#501001	3	0
60001	1	82001#81001	5	0
60002	1	82002#81002	5	0
60003	1	82003#81003	5	0
60004	1	82004#81004	5	0
60005	1	82005#81005	5	0
60006	1	82006#81006	5	0
60007	1	82007#81007	5	0
60008	1	82008#81008	5	0
60009	1	82009#81009	5	0
60010	1	82010#81010	5	0
60011	1	82011#81011	5	0
60012	1	82012#81012	5	0
60013	1	82013#81013	5	0
60014	1	82014#81014	5	0
60015	1	82015#81015	5	0
60016	1	82016#81016	5	0
60017	1	82017#81017	5	0
60018	1	82018#81018	5	0
60019	1	82019#81019	5	0
60020	1	82020#81020	5	0
60021	1	82021#81021	5	0
60022	1	82022#81022	5	0
60023	1	82023#81023	5	0
60024	1	82024#81024	5	0
60025	1	82025#81025	5	0
60026	1	82026#81026	5	0
60027	1	82027#81027	5	0
60028	1	82028#81028	5	0
60029	1	82029#81029	5	0
60030	1	82030#81030	5	0
60031	1	82031#81031	5	0
60032	1	82032#81032	5	0
60033	1	82033#81033	5	0
60034	1	82034#81034	5	0
60035	1	82035#81035	5	0
60036	1	82036#81036	5	0
60037	1	82037#81037	5	0
60038	1	82038#81038	5	0
60039	1	82039#81039	5	0
60040	1	82040#81040	5	0
60041	1	82041#81041	5	0
60042	1	82042#81042	5	0
60043	1	82043#81043	5	0
60044	1	82044#81044	5	0
60045	1	82045#81045	5	0
60046	1	82046#81046	5	0
60047	1	82047#81047	5	0
60048	1	82048#81048	5	0
60049	1	82049#81049	5	0
60050	1	82050#81050	5	0
60051	1	82051#81051	5	0
60052	1	82052#81052	5	0
60053	1	82053#81053	5	0
60054	1	82054#81054	5	0
60055	1	82055#81055	5	0
60056	1	82056#81056	5	0
60057	1	82057#81057	5	0
60058	1	82058#81058	5	0
60059	1	82059#81059	5	0
60060	1	82060#81060	5	0
60061	1	82061#81061	5	0
60062	1	82062#81062	5	0
60063	1	82063#81063	5	0
60064	1	82064#81064	5	0
60065	1	82065#81065	5	0
60066	1	82066#81066	5	0
60067	1	82067#81067	5	0
60068	1	82068#81068	5	0
60069	1	82069#81069	5	0
60070	1	82070#81070	5	0
60071	1	82071#81071	5	0
60072	1	82072#81072	5	0
60073	1	82073#81073	5	0
60074	1	82074#81074	5	0
60075	1	82075#81075	5	0
60076	1	82076#81076	5	0
60077	1	82077#81077	5	0
60078	1	82078#81078	5	0
60079	1	82079#81079	5	0
60080	1	82080#81080	5	0
60081	1	82081#81081	5	0
60082	1	82082#81082	5	0
60083	1	82083#81083	5	0
60084	1	82084#81084	5	0
60085	1	82085#81085	5	0
60086	1	82086#81086	5	0
60087	1	82087#81087	5	0
60088	1	82088#81088	5	0
60089	1	82089#81089	5	0
60090	1	82090#81090	5	0
60091	1	82091#81091	5	0
60092	1	82092#81092	5	0
60093	1	82093#81093	5	0
60094	1	82094#81094	5	0
60095	1	82095#81095	5	0
60096	1	82096#81096	5	0
60097	1	82097#81097	5	0
60098	1	82098#81098	5	0
60099	1	82099#81099	5	0
60100	1	82100#81100	5	0
60101	1	82101#81101	5	0
60102	1	82102#81102	5	0
60103	1	82103#81103	5	0
60104	1	82104#81104	5	0
60105	1	82105#81105	5	0
60106	1	82106#81106	5	0
60107	1	82107#81107	5	0
60108	1	82108#81108	5	0
60109	1	82109#81109	5	0
60110	1	82110#81110	5	0
60111	1	82111#81111	5	0
60112	1	82112#81112	5	0
60113	1	82113#81113	5	0
60114	1	82114#81114	5	0
60115	1	82115#81115	5	0
60116	1	82116#81116	5	0
60117	1	82117#81117	5	0
60118	1	82118#81118	5	0
60119	1	82119#81119	5	0
60120	1	82120#81120	5	0
60121	1	82121#81121	5	0
60122	1	82122#81122	5	0
60123	1	82123#81123	5	0
60124	1	82124#81124	5	0
60125	1	82125#81125	5	0
60126	1	82126#81126	5	0
60127	1	82127#81127	5	0
60128	1	82128#81128	5	0
60129	1	82129#81129	5	0
60130	1	82130#81130	5	0
60131	1	82131#81131	5	0
60132	1	82132#81132	5	0
60133	1	82133#81133	5	0
60134	1	82134#81134	5	0
60135	1	82135#81135	5	0
60136	1	82136#81136	5	0
60137	1	82137#81137	5	0
60138	1	82138#81138	5	0
60139	1	82139#81139	5	0
60140	1	82140#81140	5	0
60141	1	82141#81141	5	0
60142	1	82142#81142	5	0
60143	1	82143#81143	5	0
60144	1	82144#81144	5	0
60145	1	82145#81145	5	0
60146	1	82146#81146	5	0
60147	1	82147#81147	5	0
60148	1	82148#81148	5	0
60149	1	82149#81149	5	0
60150	1	82150#81150	5	0
60151	1	82151#81151	5	0
60152	1	82152#81152	5	0
60153	1	82153#81153	5	0
60154	1	82154#81154	5	0
60155	1	82155#81155	5	0
60156	1	82156#81156	5	0
60157	1	82157#81157	5	0
60158	1	82158#81158	5	0
60159	1	82159#81159	5	0
60160	1	82160#81160	5	0
60161	1	82161#81161	5	0
60162	1	82162#81162	5	0
60163	1	82163#81163	5	0
60164	1	82164#81164	5	0
60165	1	82165#81165	5	0
60166	1	82166#81166	5	0
60167	1	82167#81167	5	0
60168	1	82168#81168	5	0
60169	1	82169#81169	5	0
60170	1	82170#81170	5	0
60171	1	82171#81171	5	0
60172	1	82172#81172	5	0
60173	1	82173#81173	5	0
60174	1	82174#81174	5	0
60175	1	82175#81175	5	0
60176	1	82176#81176	5	0
60177	1	82177#81177	5	0
60178	1	82178#81178	5	0
60179	1	82179#81179	5	0
60180	1	82180#81180	5	0
60181	1	82181#81181	5	0
60182	1	82182#81182	5	0
60183	1	82183#81183	5	0
60184	1	82184#81184	5	0
60185	1	82185#81185	5	0
60186	1	82186#81186	5	0
60187	1	82187#81187	5	0
60188	1	82188#81188	5	0
60189	1	82189#81189	5	0
60190	1	82190#81190	5	0
60191	1	82191#81191	5	0
60192	1	82192#81192	5	0
60193	1	82193#81193	5	0
60194	1	82194#81194	5	0
60195	1	82195#81195	5	0
60196	1	82196#81196	5	0
60197	1	82197#81197	5	0
60198	1	82198#81198	5	0
60199	1	82199#81199	5	0
60200	1	82200#81200	5	0
61000	1	83000	1	0
70001	2	90101#90102#90103#90104#90105#90106#90107#90108#90109#90110#90111#90112#90113#90114#90115#90116#90117#90118#90119#90120#90121#90122#90123#90124	1	0
70002	2	90201#90202#90203#90204#90205#90206#90207#90208#90209#90210#90211#90212#90213#90214#90215#90216#90217#90218#90219#90220#90221#90222#90223#90224	1	0
70003	2	90301#90302#90303#90304#90305#90306#90307#90308#90309#90310#90311#90312#90313#90314#90315#90316#90317#90318#90319#90320#90321#90322#90323#90324	1	0
70004	2	90401#90402#90403#90404#90405#90406#90407#90408#90409#90410#90411#90412	1	0
70005	2	90501#90502#90503#90504#90505#90506#90507#90508#90509#90510#90511#90512	1	0
70006	2	90601#90602#90603#90604#90605#90606#90607#90608#90609#90610#90611#90612	1	0
70007	2	90701#90702#90703#90704#90705#90706	1	0
71001	2	1223#1084#1090#1093	1	0
71002	2	1244#1249#1254#1259#1128#1138	1	0
71003	2	210001#210002#210003#210004#210005#210006#210007#210008#210009#210010#210011#210012#210013#210014#210015#210016#210017#210018#210019#210020	1	0
70008	2	90101#90102#90103#90104#90105#90106	1	0
70009	2	90201#90202#90203#90204#90205#90206	1	0
70010	2	1067#1082#1088#1091	1	0
70011	2	1100#1105#1110#1115#1120#1125#1135#1140	1	0
70012	2	240001#240002#240003#240004#240005#240006#240007#240008#240009	1	0
70013	2	240011#240012#240013#240014#240015#240016#240017#240018#240019	1	0
70014	1	1100#1125#1135#1140	4	0
70015	1	1002#1017#1023#1026	4	0
70016	1	1034#1037#1040#1043#1046#1049#1052#1055#1058#1061#1064	4	0
70017	1	1067#1070#1073#1076#1079#1082#1085#1088#1091#1094#1097	4	0
71004	2	1144	1	0
71005	2	1281#1181#1191#1196	1	0
70018	2	1501#1506#1507#1508	1	0
70019	2	1511#1516#1517#1518	1	0
70020	2	1521#1526#1527#1528	1	0
70021	2	1305#1306#1307#1308	1	0
90001	1	122001#122026	1	0
90002	1	122002#122027	1	0
90003	1	122142#122144	1	0
90004	1	122143#122145	1	0
90005	2	1067#1070#1073#1076#1079#1082#1085#1088#1091#1094#1097	4	0
90006	1	122037#122091	1	0
90007	1	122061#122071	1	0
90008	1	1035#1038#1041#1044#1047#1050#1053#1056#1059#1062#1065	1	0
90009	1	122046#122072	1	0
90010	1	122124	1	0
90011	1	122128	1	0
90012	1	122125	1	0
90013	1	122126	1	0
90014	1	122127	1	0
90015	1	122082#122092	1	0
90016	1	122012#122021	1	0
90017	1	122121	1	0
90018	1	122122	1	0
90019	1	122123	1	0
90020	1	122001#122026	1	0
90021	1	122002#122027	1	0
90022	1	122072	1	0
90023	1	122012#122021	1	0
90024	1	122072	1	0
90025	1	122071	1	0
90026	1	122071	1	0
90027	1	122071	1	0
90028	1	122071	1	0
90029	2	1035#1038#1041#1044#1047#1050#1053#1056#1059#1062#1065	2	0
90030	2	122137#122101#122106#122111	1	0
90031	1	122012#122012	1	0
90032	1	122021#122021	1	0
90101	1	122003#122028	1	0
90102	1	122004#122029	1	0
90103	1	122146#122148	1	0
90104	1	122147#122149	1	0
90105	2	1100#1105#1110#1115#1120#1125#1130#1135#1140#1145#1150	3	0
90106	1	122039#122093	1	0
90107	1	122063#122073	1	0
90108	1	1068#1071#1074#1077#1080#1083#1086#1089#1092#1095#1098	1	0
90109	1	122048#122074	1	0
90110	1	122132	1	0
90111	1	122136	1	0
90112	1	122133	1	0
90113	1	122134	1	0
90114	1	122135	1	0
90115	1	122084#122094	1	0
90116	1	122014#122022	1	0
90117	1	122129	1	0
90118	1	122130	1	0
90119	1	122131	1	0
90120	1	122003#122028	1	0
90121	1	122004#122029	1	0
90122	1	122074	1	0
90123	1	122014#122022	1	0
90124	1	122074	1	0
90125	1	122073	1	0
90126	1	122073	1	0
90127	1	122073	1	0
90128	1	122073	1	0
90129	2	1068#1071#1074#1077#1080#1083#1086#1089#1092#1095#1098	2	0
90130	2	122138#122102#122107#122112	1	0
90131	1	122014#122014	1	0
90132	1	122022#122022	1	0
90201	1	122005#122030	1	0
90202	1	122006#122031	1	0
90203	1	122150#122152	1	0
90204	1	122151#122153	1	0
90205	2	1100#1105#1110#1115#1120#1125#1130#1135#1140#1145#1150	3	0
90206	1	122041#122095	1	0
90207	1	122065#122075	1	0
90208	1	1100#1105#1110#1115#1120#1125#1130#1135#1140#1145#1150	1	0
90209	1	122050#122076	1	0
90210	1	122165	1	0
90211	1	122169	1	0
90212	1	122166	1	0
90213	1	122167	1	0
90214	1	122168	1	0
90215	1	122086#122096	1	0
90216	1	122016#122023	1	0
90217	1	122162	1	0
90218	1	122163	1	0
90219	1	122164	1	0
90220	1	122005#122030	1	0
90221	1	122006#122031	1	0
90222	1	122076	1	0
90223	1	122016#122023	1	0
90224	1	122076	1	0
90225	1	122075	1	0
90226	1	122075	1	0
90227	1	122075	1	0
90228	1	122075	1	0
90229	2	1100#1105#1110#1115#1120#1125#1130#1135#1140#1145#1150	1	0
90230	2	122139#122103#122108#122113	1	0
90231	1	122016#122016	1	0
90232	1	122023#122023	1	0
90301	1	122007#122032	1	0
90302	1	122008#122033	1	0
90303	1	122154#122156	1	0
90304	1	122155#122157	1	0
90305	2	1101#1106#1111#1116#1121#1126#1131#1136#1141#1146#1151	3	0
90306	1	122043#122097	1	0
90307	1	122067#122077	1	0
90308	1	1100#1105#1110#1115#1120#1125#1130#1135#1140#1145#1150	1	0
90309	1	122052#122078	1	0
90310	1	122173	1	0
90311	1	122177	1	0
90312	1	122174	1	0
90313	1	122175	1	0
90314	1	122176	1	0
90315	1	122088#122098	1	0
90316	1	122018#122024	1	0
90317	1	122170	1	0
90318	1	122171	1	0
90319	1	122172	1	0
90320	1	122007#122032	1	0
90321	1	122008#122033	1	0
90322	1	122078	1	0
90323	1	122018#122024	1	0
90324	1	122078	1	0
90325	1	122077	1	0
90326	1	122077	1	0
90327	1	122077	1	0
90328	1	122077	1	0
90329	2	1100#1105#1110#1115#1120#1125#1130#1135#1140#1145#1150	1	0
90330	2	122140#122104#122109#122114	1	0
90331	1	122018#122018	1	0
90332	1	122024#122024	1	0
90401	1	122009#122034	1	0
90402	1	122010#122035	1	0
90403	1	122158#122160	1	0
90404	1	122159#122161	1	0
90405	2	1103#1108#1113#1118#1123#1128#1133#1138#1143#1148#1153	3	0
90406	1	122045#122099	1	0
90407	1	122069#122079	1	0
90408	1	1102#1107#1112#1117#1122#1127#1132#1137#1142#1147#1152	1	0
90409	1	122054#122080	1	0
90410	1	122181	1	0
90411	1	122185	1	0
90412	1	122182	1	0
90413	1	122183	1	0
90414	1	122184	1	0
90415	1	122090#122100	1	0
90416	1	122020#122025	1	0
90417	1	122178	1	0
90418	1	122179	1	0
90419	1	122180	1	0
90420	1	122009#122034	1	0
90421	1	122010#122035	1	0
90422	1	122080	1	0
90423	1	122020#122025	1	0
90424	1	122080	1	0
90425	1	122079	1	0
90426	1	122079	1	0
90427	1	122079	1	0
90428	1	122079	1	0
90429	2	1102#1107#1112#1117#1122#1127#1132#1137#1142#1147#1152	1	0
90430	2	122141#122105#122110#122115	1	0
90431	1	122020#122020	1	0
90432	1	122025#122025	1	0
91001	1	130001#130030#130059#130088#132750	1	0
91002	1	130002#130031#130060#130089#132752	1	0
91003	1	130003#130032#130061#130090	1	0
91004	1	130004#130033#130062#130091#132756	1	0
91005	1	130005#130034#130063#130092	1	0
91006	1	130006#130035#130064#130093#132753	1	0
91007	1	130007#130036#130065#130094#132753	1	0
91008	1	130008#130037#130066#130095#132754	1	0
91009	1	130009#130038#130067#130096#132755	1	0
91010	1	130010#130039#130068#130097#130134	1	0
91011	1	130011#130040#130069#130098	1	0
91012	1	130012#130041#130070#130099	1	0
91013	1	130013#130042#130071#130100#132751	1	0
91014	1	130014#130043#130072#130101#130135	1	0
91015	2	130117#130118	1	0
91016	2	130128#130129	1	0
91017	2	130130#130131	1	0
91018	2	130132#130133	1	0
91019	1	130015#130044#130073#130102	1	0
91020	1	130016#130045#130074#130103	1	0
91021	1	130017#130046#130075#130104	1	0
91022	1	130018#130047#130076#130105	1	0
91023	1	130019#130048#130077#130106	1	0
91024	1	130020#130049#130078#130107	1	0
91201	1	130000	1	0
91202	1	130000	1	0
91203	1	130000	1	0
91204	1	130000	1	0
91205	1	130000	1	0
91206	1	130000	1	0
91207	1	130000	1	0
91208	1	130000	1	0
91209	1	130000	1	0
91210	1	130000	1	0
91211	1	130000	1	0
91212	1	130000	1	0
91213	1	130000	1	0
91214	1	130000	1	0
91215	1	130000	1	0
91216	1	130000	1	0
91217	1	130000	1	0
91218	1	130000	1	0
91219	1	130000	1	0
91220	1	130000	1	0
91221	1	130000	1	0
91222	1	130000	1	0
91223	1	130000	1	0
91224	1	130000	1	0
91301	1	130301#130330#130359#130388#132750	1	0
91302	1	130302#130331#130360#130389#132752	1	0
91303	1	130303#130332#130361#130390	1	0
91304	1	130304#130333#130362#130391#130436#132756	1	0
91305	1	130305#130334#130363#130392	1	0
91306	1	130306#130335#130364#130393#132753	1	0
91307	1	130307#130336#130365#130394#132753	1	0
91308	1	130308#130337#130366#130395#132754	1	0
91309	1	130309#130338#130367#130396#132755	1	0
91310	1	130310#130339#130368#130397#130434	1	0
91311	1	130311#130340#130369#130398	1	0
91312	1	130312#130341#130370#130399	1	0
91313	1	130313#130342#130371#130400#132751	1	0
91314	1	130314#130343#130372#130401#130435	1	0
91315	2	130417#130418	1	0
91316	2	130428#130429	1	0
91317	2	130430#130431	1	0
91318	2	130432#130433	1	0
91319	1	130315#130344#130373#130402	1	0
91320	1	130316#130345#130374#130403	1	0
91321	1	130317#130346#130375#130404	1	0
91322	1	130318#130347#130376#130405	1	0
91323	1	130319#130348#130377#130406	1	0
91324	1	130320#130349#130378#130407	1	0
91401	1	130000	1	0
91402	1	130000	1	0
91403	1	130000	1	0
91404	1	130000	1	0
91405	1	130000	1	0
91406	1	130000	1	0
91407	1	130000	1	0
91408	1	130000	1	0
91409	1	130000	1	0
91410	1	130000	1	0
91411	1	130000	1	0
91412	1	130000	1	0
91413	1	130000	1	0
91414	1	130000	1	0
91415	1	130000	1	0
91416	1	130000	1	0
91417	1	130000	1	0
91418	1	130000	1	0
91419	1	130000	1	0
91420	1	130000	1	0
91421	1	130000	1	0
91422	1	130000	1	0
91423	1	130000	1	0
91424	1	130000	1	0
91501	1	130501#130530#130559#130588#132750	1	0
91502	1	130502#130531#130560#130589#132752	1	0
91503	1	130503#130532#130561#130590	1	0
91504	1	130504#130533#130562#130591#130636#132756	1	0
91505	1	130505#130534#130563#130592	1	0
91506	1	130506#130535#130564#130593#132753	1	0
91507	1	130507#130536#130565#130594#132753	1	0
91508	1	130508#130537#130566#130595#132754	1	0
91509	1	130509#130538#130567#130596#132755	1	0
91510	1	130510#130539#130568#130597#130634	1	0
91511	1	130511#130540#130569#130598	1	0
91512	1	130512#130541#130570#130599	1	0
91513	1	130513#130542#130571#130600#132751	1	0
91514	1	130514#130543#130572#130601#130635	1	0
91515	2	130617#130618	1	0
91516	2	130628#130629	1	0
91517	2	130630#130631	1	0
91518	2	130632#130633	1	0
91519	1	130515#130544#130573#130602	1	0
91520	1	130516#130545#130574#130603	1	0
91521	1	130517#130546#130575#130604	1	0
91522	1	130518#130547#130576#130605	1	0
91523	1	130519#130548#130577#130606	1	0
91524	1	130520#130549#130578#130607	1	0
91601	1	130000	1	0
91602	1	130000	1	0
91603	1	130000	1	0
91604	1	130000	1	0
91605	1	130000	1	0
91606	1	130000	1	0
91607	1	130000	1	0
91608	1	130000	1	0
91609	1	130000	1	0
91610	1	130000	1	0
91611	1	130000	1	0
91612	1	130000	1	0
91613	1	130000	1	0
91614	1	130000	1	0
91615	1	130000	1	0
91616	1	130000	1	0
91617	1	130000	1	0
91618	1	130000	1	0
91619	1	130000	1	0
91620	1	130000	1	0
91621	1	130000	1	0
91622	1	130000	1	0
91623	1	130000	1	0
91624	1	130000	1	0
92101	1	130000	1	0
92102	1	130000	1	0
92103	1	130000	1	0
92104	1	130000	1	0
92105	1	130000	1	0
92106	1	130000	1	0
92107	1	130000	1	0
92108	1	130000	1	0
92109	1	130000	1	0
92110	1	130000	1	0
92111	1	130000	1	0
92112	1	130000	1	0
92113	1	130000	1	0
92114	1	130000	1	0
92115	1	130000	1	0
92116	1	130000	1	0
92117	1	130000	1	0
92118	1	130000	1	0
92119	1	130000	1	0
92120	1	130000	1	0
92121	1	130000	1	0
92122	1	130000	1	0
92123	1	130000	1	0
92124	1	130000	1	0
92125	1	130000	1	0
92126	1	130000	1	0
92201	1	132201#132232#132263#132294#132760	1	0
92202	1	132202#132233#132264#132295#132762	1	0
92203	1	132203#132234#132265#132296	1	0
92204	1	132204#132235#132266#132297#132336#132766	1	0
92205	1	132205#132236#132267#132298#132763	1	0
92206	1	132206#132237#132268#132299#132763	1	0
92207	1	132207#132238#132269#132300#132764	1	0
92208	1	132208#132239#132270#132301#132765	1	0
92209	1	132209#132240#132271#132302#132334	1	0
92210	1	132210#132241#132272#132303	1	0
92211	1	132211#132242#132273#132304	1	0
92212	1	132212#132243#132274#132305	1	0
92213	1	132213#132244#132275#132306	1	0
92214	1	132214#132245#132276#132307#132761	1	0
92215	1	132215#132246#132277#132308#132335	1	0
92216	2	132317#132318	1	0
92217	2	132328#132329	1	0
92218	2	132330#132331	1	0
92219	2	132332#132333	1	0
92220	1	132216#132247#132278#132309	1	0
92221	1	132217#132248#132279#132310	1	0
92222	1	132218#132249#132280#132311	1	0
92223	1	132219#132250#132281#132312	1	0
92224	1	132220#132251#132282#132313	1	0
92225	1	132221#132252#132283#132314	1	0
92226	1	132222#132253#132284#132315	1	0
92301	1	130000	1	0
92302	1	130000	1	0
92303	1	130000	1	0
92304	1	130000	1	0
92305	1	130000	1	0
92306	1	130000	1	0
92307	1	130000	1	0
92308	1	130000	1	0
92309	1	130000	1	0
92310	1	130000	1	0
92311	1	130000	1	0
92312	1	130000	1	0
92313	1	130000	1	0
92314	1	130000	1	0
92315	1	130000	1	0
92316	1	130000	1	0
92317	1	130000	1	0
92318	1	130000	1	0
92319	1	130000	1	0
92320	1	130000	1	0
92321	1	130000	1	0
92322	1	130000	1	0
92323	1	130000	1	0
92324	1	130000	1	0
92325	1	130000	1	0
92326	1	130000	1	0
92401	1	132401#132432#132463#132494#132760	1	0
92402	1	132402#132433#132464#132495#132762	1	0
92403	1	132403#132434#132465#132496	1	0
92404	1	132404#132435#132466#132497#132536#132766	1	0
92405	1	132405#132436#132467#132498#132763	1	0
92406	1	132406#132437#132468#132499#132763	1	0
92407	1	132407#132438#132469#132500#132764	1	0
92408	1	132408#132439#132470#132501#132765	1	0
92409	1	132409#132440#132471#132502#132534	1	0
92410	1	132410#132441#132472#132503	1	0
92411	1	132411#132442#132473#132504	1	0
92412	1	132412#132443#132474#132505	1	0
92413	1	132413#132444#132475#132506	1	0
92414	1	132414#132445#132476#132507#132761	1	0
92415	1	132415#132446#132477#132508#132535	1	0
92416	2	132517#132518	1	0
92417	2	132528#132529	1	0
92418	2	132530#132531	1	0
92419	2	132532#132533	1	0
92420	1	132416#132447#132478#132509	1	0
92421	1	132417#132448#132479#132510	1	0
92422	1	132418#132449#132480#132511	1	0
92423	1	132419#132450#132481#132512	1	0
92424	1	132420#132451#132482#132513	1	0
92425	1	132421#132452#132483#132514	1	0
92426	1	132422#132453#132484#132515	1	0
92501	1	130000	1	0
92502	1	130000	1	0
92503	1	130000	1	0
92504	1	130000	1	0
92505	1	130000	1	0
92506	1	130000	1	0
92507	1	130000	1	0
92508	1	130000	1	0
92509	1	130000	1	0
92510	1	130000	1	0
92511	1	130000	1	0
92512	1	130000	1	0
92513	1	130000	1	0
92514	1	130000	1	0
92515	1	130000	1	0
92516	1	130000	1	0
92517	1	130000	1	0
92518	1	130000	1	0
92519	1	130000	1	0
92520	1	130000	1	0
92521	1	130000	1	0
92522	1	130000	1	0
92523	1	130000	1	0
92524	1	130000	1	0
92525	1	130000	1	0
92526	1	130000	1	0
92601	1	132601#132632#132663#132694#132760	1	0
92602	1	132602#132633#132664#132695#132762	1	0
92603	1	132603#132634#132665#132696	1	0
92604	1	132604#132635#132666#132697#132736#132766	1	0
92605	1	132605#132636#132667#132698#132763	1	0
92606	1	132606#132637#132668#132699#132763	1	0
92607	1	132607#132638#132669#132700#132764	1	0
92608	1	132608#132639#132670#132701#132765	1	0
92609	1	132609#132640#132671#132702#132734	1	0
92610	1	132610#132641#132672#132703	1	0
92611	1	132611#132642#132673#132704	1	0
92612	1	132612#132643#132674#132705	1	0
92613	1	132613#132644#132675#132706	1	0
92614	1	132614#132645#132676#132707#132761	1	0
92615	1	132615#132646#132677#132708#132735	1	0
92616	2	132717#132718	1	0
92617	2	132728#132729	1	0
92618	2	132730#132731	1	0
92619	2	132732#132733	1	0
92620	1	132616#132647#132678#132709	1	0
92621	1	132617#132648#132679#132710	1	0
92622	1	132618#132649#132680#132711	1	0
92623	1	132619#132650#132681#132712	1	0
92624	1	132620#132651#132682#132713	1	0
92625	1	132621#132652#132683#132714	1	0
92626	1	132622#132653#132684#132715	1	0
100	2	90001#90002#90003#90004#90005#90006#90007#90008#90009#90010#90011#90012#90013#90014#90015#90016#90017#90018#90019#90020#90021#90022#90023#90024	1	0
101	2	90009#90010#90011#90012#90013#90014#90015#90016#90017#90018#90019#90020#90021#90022#90023#90024	1	0
102	2	90017#90018#90019#90020#90021#90022#90023#90024	1	0
103	2	90025#90026#90027#90028#90029#90030#90031#90032	1	0
104	2	90033#90034#90035#90036#90037#90038#90039#90040	1	0
105	4	90025#90026	1	0
106	4	90027#90028	1	0
107	4	90029#90030	1	0
108	4	90031#90032	1	0
109	4	90033#90034	1	0
110	4	90035#90036	1	0
111	4	90037#90038	1	0
112	4	90039#90040	1	0
113	4	911499#911500#911501#911502#911503#911504#911505#911506#911507#911508	1	0
114	4	911509#911510#911511#911512#911513#911514#911515#911516#911517#911518	1	0
115	4	911519#911520#911521#911522#911523#911524#911525#911526#911527#911528	1	0
20018	2	911127#911181	1	0
20019	4	911190	1	0
20020	4	911191	1	0
20021	4	911192	1	0
20022	4	911193	1	0
20023	2	911194#911195#911196#911197	1	0
20024	2	911198#911199#911200#911201	1	0
20025	2	911202#911203#911204#911205	1	0
20026	2	911206#911207#911208#911209	1	0
20027	2	911210#911211#911212#911213	1	0
20028	2	911214#911215#911216#911217	1	0
20029	2	911218#911219#911220#911221	1	0
20030	4	911222#911223#911224#911225	1	0
20031	4	911226#911227#911228#911229	1	0
20032	2	911230#911231#911232	1	0
20033	2	911233#911234#911235	1	0
20034	2	911236#911237#911238	1	0
20035	2	911239#911240#911241	1	0
20036	2	911242#911243#911244	1	0
20037	2	911245#911246#911247#911248	1	0
20038	2	911249#911250#911251#911252#911253#911254#911255#911256	1	0
20039	2	911257#911258#911259#911260#911261#911262#911263#911264#911265#911266#911267#911268#911269#911270#911271#911272#911273#911274#911275#911276#911277#911278#911279#911280	1	0
20040	4	911281#911282#911283#911284#911285#911286#911287#911288#911289#911290#911291#911292#911293#911294#911295	1	0
20041	4	911296#911297#911298#911299#911300#911301#911302#911303#911304#911305#911306#911307	1	0
20042	2	911308#911309#911310#911311#911312#911313#911314#911315#911316#911317#911318#911319#911320#911321#911322#911323#911324#911325#911326#911327#911328#911329#911330#911331	1	0
20043	2	911332#911333#911334#911335#911336#911337	1	0
20044	2	911338#911339#911340#911341#911342#911343	1	0
20045	2	911344#911345#911346#911347#911348#911349	1	0
20046	2	911350#911351#911352#911353#911354#911355	1	0
20047	2	911356#911357#911358#911359#911360#911361#911362#911363	1	0
20048	4	911364#911365	1	0
20049	4	911366#911367	1	0
20050	4	911368#911369	1	0
20051	4	911370#911371	1	0
20052	4	911372#911373	1	0
20053	4	911374#911375	1	0
20054	4	911376#911377	1	0
20055	4	911378#911379	1	0
20056	4	911380#911381	1	0
20057	4	911382#911383	1	0
20058	4	911384#911385	1	0
20059	4	911386#911387	1	0
20060	2	911388#911389#911390#911391	1	0
20061	2	911392#911393#911394#911395#911396	1	0
20062	2	911397#911398#911399#911400#911401	1	0
20063	2	911402#911403#911404#911405#911406#911407#911408	1	0
20064	4	911409#911410#911411#911412#911413#911414#911415#911416#911417#911418#911419#911420#911421#911422#911423#911424#911425	1	0
20065	2	911426#911427#911428#911429#911430#911431#911432#911433#911434#911435#911436#911437#911438#911439#911440#911441#911442#911443#911444#911445#911446#911447#911448#911449#911450#911451#911452#911453#911454#911455#911456#911457#911458#911459#911460#911461#911462#911463#911464#911465#911466#911467#911468#911469#911470#911471#911472#911473#911474	1	0
20066	2	911475#911476#911477	1	0
20067	2	911478#911479#911480	1	0
20068	2	911481#911482#911483	1	0
8000	2	800#801#802	1	0
8001	2	803#804#805	1	0
5000	2	5000001#5000002#5000003#5000004#5000005#5000006#5000007#5000008#5000009#5000010#5000011#5000012#5000013#5000014#5000015#5000016#5000017#5000018#5000019#5000020#5000021#5000022#5000023#5000024#5000025#5000026#5000027#5000028#5000029#5000030#5000031#5000032#5000033#5000034#5000035#5000036#5000037#5000038#5000039#5000040#5000041#5000042#5000043#5000044#5000045#5000046#5000047#5000048#5000049#5000050#5000051#5000052#5000053#5000054#5000055#5000056#5000057#5000058#5000059#5000060#5000061#5000062#5000063#5000064#5000065#5000066#5000067#5000068#5000069#5000070#5000071#5000072#5000073#5000074#5000075#5000076#5000077#5000078#5000079#5000080#5000081#5000082#5000083#5000084#5000085#5000086#5000087#5000088#5000089#5000090#5000091#5000092#5000093#5000094#5000095#5000096#5000097#5000098#5000099#5000100#5000101#5000102#5000103#5000104#5000105#5000106#5000107#5000108#5000109#5000110#5000111#5000112#5000113#5000114#5000115#5000116#5000117#5000118#5000119#5000120#5000121#5000122#5000123#5000124#5000125#5000126#5000127#5000128#5000129#5000130#5000131#5000132#5000133#5000134#5000135#5000136#5000137#5000138#5000139#5000140#5000141#5000142#5000143#5000144#5000145#5000146#5000147	1	0
429001	2	5000148#5000149#5000150	1	0
429002	2	5000151#5000152#5000153	1	0
429003	2	5000154#5000155#5000156	1	0
429004	2	5000157#5000158#5000159	1	0
429101	2	5000160#5000161#5000162	1	0
429102	2	5000163#5000164#5000165	1	0
429103	2	5000166#5000167#5000168	1	0
429104	2	5000169#5000170#5000171	1	0
429201	2	5000172#5000173#5000174	1	0
429202	2	5000175#5000176#5000177	1	0
429203	2	5000178#5000179#5000180	1	0
429204	2	5000181#5000182#5000183	1	0
439001	2	5000184#5000185#5000186	1	0
439002	2	5000187#5000188#5000189	1	0
439003	2	5000190#5000191#5000192	1	0
439004	2	5000193#5000194#5000195	1	0
439101	2	5000196#5000197#5000198	1	0
439102	2	5000199#5000200#5000201	1	0
439103	2	5000202#5000203#5000204	1	0
439104	2	5000205#5000206#5000207	1	0
439201	2	5000208#5000209#5000210	1	0
439202	2	5000211#5000212#5000213	1	0
439203	2	5000214#5000215#5000216	1	0
439204	2	5000217#5000218#5000219	1	0
449001	2	5000220#5000221#5000222	1	0
449002	2	5000223#5000224#5000225	1	0
449003	2	5000226#5000227#5000228	1	0
449004	2	5000229#5000230#5000231	1	0
449101	2	5000232#5000233#5000234	1	0
449102	2	5000235#5000236#5000237	1	0
449103	2	5000238#5000239#5000240	1	0
449104	2	5000241#5000242#5000243	1	0
449201	2	5000244#5000245#5000246	1	0
449202	2	5000247#5000248#5000249	1	0
449203	2	5000250#5000251#5000252	1	0
449204	2	5000253#5000254#5000255	1	0
459001	2	5000256#5000257#5000258	1	0
459002	2	5000259#5000260#5000261	1	0
459003	2	5000262#5000263#5000264	1	0
459004	2	5000265#5000266#5000267	1	0
459101	2	5000268#5000269#5000270	1	0
459102	2	5000271#5000272#5000273	1	0
459103	2	5000274#5000275#5000276	1	0
459104	2	5000277#5000278#5000279	1	0
459201	2	5000280#5000281#5000282	1	0
459202	2	5000283#5000284#5000285	1	0
459203	2	5000286#5000287#5000288	1	0
459204	2	5000289#5000290#5000291	1	0
469001	2	5000292#5000293#5000294	1	0
469002	2	5000295#5000296#5000297	1	0
469003	2	5000298#5000299#5000300	1	0
469004	2	5000301#5000302#5000303	1	0
469101	2	5000304#5000305#5000306	1	0
469102	2	5000307#5000308#5000309	1	0
469103	2	5000310#5000311#5000312	1	0
469104	2	5000313#5000314#5000315	1	0
469201	2	5000316#5000317#5000318	1	0
469202	2	5000319#5000320#5000321	1	0
469203	2	5000322#5000323#5000324	1	0
469204	2	5000325#5000326#5000327	1	0
479001	2	5000328#5000329#5000330	1	0
479002	2	5000331#5000332#5000333	1	0
479003	2	5000334#5000335#5000336	1	0
479004	2	5000337#5000338#5000339	1	0
479101	2	5000340#5000341#5000342	1	0
479102	2	5000343#5000344#5000345	1	0
479103	2	5000346#5000347#5000348	1	0
479104	2	5000349#5000350#5000351	1	0
479201	2	5000352#5000353#5000354	1	0
479202	2	5000355#5000356#5000357	1	0
479203	2	5000358#5000359#5000360	1	0
479204	2	5000361#5000362#5000363	1	0
489001	2	5000364#5000365#5000366	1	0
489002	2	5000367#5000368#5000369	1	0
489003	2	5000370#5000371#5000372	1	0
489004	2	5000373#5000374#5000375	1	0
489101	2	5000376#5000377#5000378	1	0
489102	2	5000379#5000380#5000381	1	0
489103	2	5000382#5000383#5000384	1	0
489104	2	5000385#5000386#5000387	1	0
489201	2	5000388#5000389#5000390	1	0
489202	2	5000391#5000392#5000393	1	0
489203	2	5000394#5000395#5000396	1	0
489204	2	5000397#5000398#5000399	1	0
499001	2	5000400#5000401#5000402	1	0
499002	2	5000403#5000404#5000405	1	0
499003	2	5000406#5000407#5000408	1	0
499004	2	5000409#5000410#5000411	1	0
499101	2	5000412#5000413#5000414	1	0
499102	2	5000415#5000416#5000417	1	0
499103	2	5000418#5000419#5000420	1	0
499104	2	5000421#5000422#5000423	1	0
499201	2	5000424#5000425#5000426	1	0
499202	2	5000427#5000428#5000429	1	0
499203	2	5000430#5000431#5000432	1	0
499204	2	5000433#5000434#5000435	1	0
509001	2	5000436#5000437#5000438	1	0
509002	2	5000439#5000440#5000441	1	0
509003	2	5000442#5000443#5000444	1	0
509004	2	5000445#5000446#5000447	1	0
509101	2	5000448#5000449#5000450	1	0
509102	2	5000451#5000452#5000453	1	0
509103	2	5000454#5000455#5000456	1	0
509104	2	5000457#5000458#5000459	1	0
509201	2	5000460#5000461#5000462	1	0
509202	2	5000463#5000464#5000465	1	0
509203	2	5000466#5000467#5000468	1	0
509204	2	5000469#5000470#5000471	1	0
519001	2	5000472#5000473#5000474	1	0
519002	2	5000475#5000476#5000477	1	0
519003	2	5000478#5000479#5000480	1	0
519004	2	5000481#5000482#5000483	1	0
519101	2	5000484#5000485#5000486	1	0
519102	2	5000487#5000488#5000489	1	0
519103	2	5000490#5000491#5000492	1	0
519104	2	5000493#5000494#5000495	1	0
519201	2	5000496#5000497#5000498	1	0
519202	2	5000499#5000500#5000501	1	0
519203	2	5000502#5000503#5000504	1	0
519204	2	5000505#5000506#5000507	1	0
529001	2	5000508#5000509#5000510	1	0
529002	2	5000511#5000512#5000513	1	0
529003	2	5000514#5000515#5000516	1	0
529004	2	5000517#5000518#5000519	1	0
529101	2	5000520#5000521#5000522	1	0
529102	2	5000523#5000524#5000525	1	0
529103	2	5000526#5000527#5000528	1	0
529104	2	5000529#5000530#5000531	1	0
529201	2	5000532#5000533#5000534	1	0
529202	2	5000535#5000536#5000537	1	0
529203	2	5000538#5000539#5000540	1	0
529204	2	5000541#5000542#5000543	1	0
539001	2	5000544#5000545#5000546	1	0
539002	2	5000547#5000548#5000549	1	0
539003	2	5000550#5000551#5000552	1	0
539004	2	5000553#5000554#5000555	1	0
539101	2	5000556#5000557#5000558	1	0
539102	2	5000559#5000560#5000561	1	0
539103	2	5000562#5000563#5000564	1	0
539104	2	5000565#5000566#5000567	1	0
539201	2	5000568#5000569#5000570	1	0
539202	2	5000571#5000572#5000573	1	0
539203	2	5000574#5000575#5000576	1	0
539204	2	5000577#5000578#5000579	1	0
549001	2	5000580#5000581#5000582	1	0
549002	2	5000583#5000584#5000585	1	0
549003	2	5000586#5000587#5000588	1	0
549004	2	5000589#5000590#5000591	1	0
549101	2	5000592#5000593#5000594	1	0
549102	2	5000595#5000596#5000597	1	0
549103	2	5000598#5000599#5000600	1	0
549104	2	5000601#5000602#5000603	1	0
549201	2	5000604#5000605#5000606	1	0
549202	2	5000607#5000608#5000609	1	0
549203	2	5000610#5000611#5000612	1	0
549204	2	5000613#5000614#5000615	1	0
559001	2	5000616#5000617#5000618	1	0
559002	2	5000619#5000620#5000621	1	0
559003	2	5000622#5000623#5000624	1	0
559004	2	5000625#5000626#5000627	1	0
559101	2	5000628#5000629#5000630	1	0
559102	2	5000631#5000632#5000633	1	0
559103	2	5000634#5000635#5000636	1	0
559104	2	5000637#5000638#5000639	1	0
559201	2	5000640#5000641#5000642	1	0
559202	2	5000643#5000644#5000645	1	0
559203	2	5000646#5000647#5000648	1	0
559204	2	5000649#5000650#5000651	1	0
569001	2	5000652#5000653#5000654	1	0
569002	2	5000655#5000656#5000657	1	0
569003	2	5000658#5000659#5000660	1	0
569004	2	5000661#5000662#5000663	1	0
569101	2	5000664#5000665#5000666	1	0
569102	2	5000667#5000668#5000669	1	0
569103	2	5000670#5000671#5000672	1	0
569104	2	5000673#5000674#5000675	1	0
569201	2	5000676#5000677#5000678	1	0
569202	2	5000679#5000680#5000681	1	0
569203	2	5000682#5000683#5000684	1	0
569204	2	5000685#5000686#5000687	1	0
579001	2	5000688#5000689#5000690	1	0
579002	2	5000691#5000692#5000693	1	0
579003	2	5000694#5000695#5000696	1	0
579004	2	5000697#5000698#5000699	1	0
579101	2	5000700#5000701#5000702	1	0
579102	2	5000703#5000704#5000705	1	0
579103	2	5000706#5000707#5000708	1	0
579104	2	5000709#5000710#5000711	1	0
579201	2	5000712#5000713#5000714	1	0
579202	2	5000715#5000716#5000717	1	0
579203	2	5000718#5000719#5000720	1	0
579204	2	5000721#5000722#5000723	1	0
589001	2	5000724#5000725#5000726	1	0
589002	2	5000727#5000728#5000729	1	0
589003	2	5000730#5000731#5000732	1	0
589004	2	5000733#5000734#5000735	1	0
589101	2	5000736#5000737#5000738	1	0
589102	2	5000739#5000740#5000741	1	0
589103	2	5000742#5000743#5000744	1	0
589104	2	5000745#5000746#5000747	1	0
589201	2	5000748#5000749#5000750	1	0
589202	2	5000751#5000752#5000753	1	0
589203	2	5000754#5000755#5000756	1	0
589204	2	5000757#5000758#5000759	1	0
599001	2	5000760#5000761#5000762	1	0
599002	2	5000763#5000764#5000765	1	0
599003	2	5000766#5000767#5000768	1	0
599004	2	5000769#5000770#5000771	1	0
599101	2	5000772#5000773#5000774	1	0
599102	2	5000775#5000776#5000777	1	0
599103	2	5000778#5000779#5000780	1	0
599104	2	5000781#5000782#5000783	1	0
599201	2	5000784#5000785#5000786	1	0
599202	2	5000787#5000788#5000789	1	0
599203	2	5000790#5000791#5000792	1	0
599204	2	5000793#5000794#5000795	1	0
609001	2	5000796#5000797#5000798	1	0
609002	2	5000799#5000800#5000801	1	0
609003	2	5000802#5000803#5000804	1	0
609004	2	5000805#5000806#5000807	1	0
609101	2	5000808#5000809#5000810	1	0
609102	2	5000811#5000812#5000813	1	0
609103	2	5000814#5000815#5000816	1	0
609104	2	5000817#5000818#5000819	1	0
609201	2	5000820#5000821#5000822	1	0
609202	2	5000823#5000824#5000825	1	0
609203	2	5000826#5000827#5000828	1	0
609204	2	5000829#5000830#5000831	1	0
619001	2	5000832#5000833#5000834	1	0
619002	2	5000835#5000836#5000837	1	0
619003	2	5000838#5000839#5000840	1	0
619004	2	5000841#5000842#5000843	1	0
619101	2	5000844#5000845#5000846	1	0
619102	2	5000847#5000848#5000849	1	0
619103	2	5000850#5000851#5000852	1	0
619104	2	5000853#5000854#5000855	1	0
619201	2	5000856#5000857#5000858	1	0
619202	2	5000859#5000860#5000861	1	0
619203	2	5000862#5000863#5000864	1	0
619204	2	5000865#5000866#5000867	1	0
629001	2	5000868#5000869#5000870	1	0
629002	2	5000871#5000872#5000873	1	0
629003	2	5000874#5000875#5000876	1	0
629004	2	5000877#5000878#5000879	1	0
629101	2	5000880#5000881#5000882	1	0
629102	2	5000883#5000884#5000885	1	0
629103	2	5000886#5000887#5000888	1	0
629104	2	5000889#5000890#5000891	1	0
629201	2	5000892#5000893#5000894	1	0
629202	2	5000895#5000896#5000897	1	0
629203	2	5000898#5000899#5000900	1	0
629204	2	5000901#5000902#5000903	1	0
639001	2	5000904#5000905#5000906	1	0
639002	2	5000907#5000908#5000909	1	0
639003	2	5000910#5000911#5000912	1	0
639004	2	5000913#5000914#5000915	1	0
639101	2	5000916#5000917#5000918	1	0
639102	2	5000919#5000920#5000921	1	0
639103	2	5000922#5000923#5000924	1	0
639104	2	5000925#5000926#5000927	1	0
639201	2	5000928#5000929#5000930	1	0
639202	2	5000931#5000932#5000933	1	0
639203	2	5000934#5000935#5000936	1	0
639204	2	5000937#5000938#5000939	1	0
649001	2	5000940#5000941#5000942	1	0
649002	2	5000943#5000944#5000945	1	0
649003	2	5000946#5000947#5000948	1	0
649004	2	5000949#5000950#5000951	1	0
649101	2	5000952#5000953#5000954	1	0
649102	2	5000955#5000956#5000957	1	0
649103	2	5000958#5000959#5000960	1	0
649104	2	5000961#5000962#5000963	1	0
649201	2	5000964#5000965#5000966	1	0
649202	2	5000967#5000968#5000969	1	0
649203	2	5000970#5000971#5000972	1	0
649204	2	5000973#5000974#5000975	1	0
659001	2	5000976#5000977#5000978	1	0
659002	2	5000979#5000980#5000981	1	0
659003	2	5000982#5000983#5000984	1	0
659004	2	5000985#5000986#5000987	1	0
659101	2	5000988#5000989#5000990	1	0
659102	2	5000991#5000992#5000993	1	0
659103	2	5000994#5000995#5000996	1	0
659104	2	5000997#5000998#5000999	1	0
659201	2	5001000#5001001#5001002	1	0
659202	2	5001003#5001004#5001005	1	0
659203	2	5001006#5001007#5001008	1	0
659204	2	5001009#5001010#5001011	1	0
669001	2	5001012#5001013#5001014	1	0
669002	2	5001015#5001016#5001017	1	0
669003	2	5001018#5001019#5001020	1	0
669004	2	5001021#5001022#5001023	1	0
669101	2	5001024#5001025#5001026	1	0
669102	2	5001027#5001028#5001029	1	0
669103	2	5001030#5001031#5001032	1	0
669104	2	5001033#5001034#5001035	1	0
669201	2	5001036#5001037#5001038	1	0
669202	2	5001039#5001040#5001041	1	0
669203	2	5001042#5001043#5001044	1	0
669204	2	5001045#5001046#5001047	1	0
679001	2	5001048#5001049#5001050	1	0
679002	2	5001051#5001052#5001053	1	0
679003	2	5001054#5001055#5001056	1	0
679004	2	5001057#5001058#5001059	1	0
679101	2	5001060#5001061#5001062	1	0
679102	2	5001063#5001064#5001065	1	0
679103	2	5001066#5001067#5001068	1	0
679104	2	5001069#5001070#5001071	1	0
679201	2	5001072#5001073#5001074	1	0
679202	2	5001075#5001076#5001077	1	0
679203	2	5001078#5001079#5001080	1	0
679204	2	5001081#5001082#5001083	1	0
689001	2	5001084#5001085#5001086	1	0
689002	2	5001087#5001088#5001089	1	0
689003	2	5001090#5001091#5001092	1	0
689004	2	5001093#5001094#5001095	1	0
689101	2	5001096#5001097#5001098	1	0
689102	2	5001099#5001100#5001101	1	0
689103	2	5001102#5001103#5001104	1	0
689104	2	5001105#5001106#5001107	1	0
689201	2	5001108#5001109#5001110	1	0
689202	2	5001111#5001112#5001113	1	0
689203	2	5001114#5001115#5001116	1	0
689204	2	5001117#5001118#5001119	1	0
699001	2	5001120#5001121#5001122	1	0
699002	2	5001123#5001124#5001125	1	0
699003	2	5001126#5001127#5001128	1	0
699004	2	5001129#5001130#5001131	1	0
699101	2	5001132#5001133#5001134	1	0
699102	2	5001135#5001136#5001137	1	0
699103	2	5001138#5001139#5001140	1	0
699104	2	5001141#5001142#5001143	1	0
699201	2	5001144#5001145#5001146	1	0
699202	2	5001147#5001148#5001149	1	0
699203	2	5001150#5001151#5001152	1	0
699204	2	5001153#5001154#5001155	1	0
709001	2	5001156#5001157#5001158	1	0
709002	2	5001159#5001160#5001161	1	0
709003	2	5001162#5001163#5001164	1	0
709004	2	5001165#5001166#5001167	1	0
709101	2	5001168#5001169#5001170	1	0
709102	2	5001171#5001172#5001173	1	0
709103	2	5001174#5001175#5001176	1	0
709104	2	5001177#5001178#5001179	1	0
709201	2	5001180#5001181#5001182	1	0
709202	2	5001183#5001184#5001185	1	0
709203	2	5001186#5001187#5001188	1	0
709204	2	5001189#5001190#5001191	1	0
719001	2	5001192#5001193#5001194	1	0
719002	2	5001195#5001196#5001197	1	0
719003	2	5001198#5001199#5001200	1	0
719004	2	5001201#5001202#5001203	1	0
719101	2	5001204#5001205#5001206	1	0
719102	2	5001207#5001208#5001209	1	0
719103	2	5001210#5001211#5001212	1	0
719104	2	5001213#5001214#5001215	1	0
719201	2	5001216#5001217#5001218	1	0
719202	2	5001219#5001220#5001221	1	0
719203	2	5001222#5001223#5001224	1	0
719204	2	5001225#5001226#5001227	1	0
729001	2	5001228#5001229#5001230	1	0
729002	2	5001231#5001232#5001233	1	0
729003	2	5001234#5001235#5001236	1	0
729004	2	5001237#5001238#5001239	1	0
729101	2	5001240#5001241#5001242	1	0
729102	2	5001243#5001244#5001245	1	0
729103	2	5001246#5001247#5001248	1	0
729104	2	5001249#5001250#5001251	1	0
729201	2	5001252#5001253#5001254	1	0
729202	2	5001255#5001256#5001257	1	0
729203	2	5001258#5001259#5001260	1	0
729204	2	5001261#5001262#5001263	1	0
739001	2	5001264#5001265#5001266	1	0
739002	2	5001267#5001268#5001269	1	0
739003	2	5001270#5001271#5001272	1	0
739004	2	5001273#5001274#5001275	1	0
739101	2	5001276#5001277#5001278	1	0
739102	2	5001279#5001280#5001281	1	0
739103	2	5001282#5001283#5001284	1	0
739104	2	5001285#5001286#5001287	1	0
739201	2	5001288#5001289#5001290	1	0
739202	2	5001291#5001292#5001293	1	0
739203	2	5001294#5001295#5001296	1	0
739204	2	5001297#5001298#5001299	1	0
749001	2	5001300#5001301#5001302	1	0
749002	2	5001303#5001304#5001305	1	0
749003	2	5001306#5001307#5001308	1	0
749004	2	5001309#5001310#5001311	1	0
749101	2	5001312#5001313#5001314	1	0
749102	2	5001315#5001316#5001317	1	0
749103	2	5001318#5001319#5001320	1	0
749104	2	5001321#5001322#5001323	1	0
749201	2	5001324#5001325#5001326	1	0
749202	2	5001327#5001328#5001329	1	0
749203	2	5001330#5001331#5001332	1	0
749204	2	5001333#5001334#5001335	1	0
759001	2	5001336#5001337#5001338	1	0
759002	2	5001339#5001340#5001341	1	0
759003	2	5001342#5001343#5001344	1	0
759004	2	5001345#5001346#5001347	1	0
759101	2	5001348#5001349#5001350	1	0
759102	2	5001351#5001352#5001353	1	0
759103	2	5001354#5001355#5001356	1	0
759104	2	5001357#5001358#5001359	1	0
759201	2	5001360#5001361#5001362	1	0
759202	2	5001363#5001364#5001365	1	0
759203	2	5001366#5001367#5001368	1	0
759204	2	5001369#5001370#5001371	1	0
769001	2	5001372#5001373#5001374	1	0
769002	2	5001375#5001376#5001377	1	0
769003	2	5001378#5001379#5001380	1	0
769004	2	5001381#5001382#5001383	1	0
769101	2	5001384#5001385#5001386	1	0
769102	2	5001387#5001388#5001389	1	0
769103	2	5001390#5001391#5001392	1	0
769104	2	5001393#5001394#5001395	1	0
769201	2	5001396#5001397#5001398	1	0
769202	2	5001399#5001400#5001401	1	0
769203	2	5001402#5001403#5001404	1	0
769204	2	5001405#5001406#5001407	1	0
779001	2	5001408#5001409#5001410	1	0
779002	2	5001411#5001412#5001413	1	0
779003	2	5001414#5001415#5001416	1	0
779004	2	5001417#5001418#5001419	1	0
779101	2	5001420#5001421#5001422	1	0
779102	2	5001423#5001424#5001425	1	0
779103	2	5001426#5001427#5001428	1	0
779104	2	5001429#5001430#5001431	1	0
779201	2	5001432#5001433#5001434	1	0
779202	2	5001435#5001436#5001437	1	0
779203	2	5001438#5001439#5001440	1	0
779204	2	5001441#5001442#5001443	1	0
789001	2	5001444#5001445#5001446	1	0
789002	2	5001447#5001448#5001449	1	0
789003	2	5001450#5001451#5001452	1	0
789004	2	5001453#5001454#5001455	1	0
789101	2	5001456#5001457#5001458	1	0
789102	2	5001459#5001460#5001461	1	0
789103	2	5001462#5001463#5001464	1	0
789104	2	5001465#5001466#5001467	1	0
789201	2	5001468#5001469#5001470	1	0
789202	2	5001471#5001472#5001473	1	0
789203	2	5001474#5001475#5001476	1	0
789204	2	5001477#5001478#5001479	1	0
799001	2	5001480#5001481#5001482	1	0
799002	2	5001483#5001484#5001485	1	0
799003	2	5001486#5001487#5001488	1	0
799004	2	5001489#5001490#5001491	1	0
799101	2	5001492#5001493#5001494	1	0
799102	2	5001495#5001496#5001497	1	0
799103	2	5001498#5001499#5001500	1	0
799104	2	5001501#5001502#5001503	1	0
799201	2	5001504#5001505#5001506	1	0
799202	2	5001507#5001508#5001509	1	0
799203	2	5001510#5001511#5001512	1	0
799204	2	5001513#5001514#5001515	1	0
809001	2	5001516#5001517#5001518	1	0
809002	2	5001519#5001520#5001521	1	0
809003	2	5001522#5001523#5001524	1	0
809004	2	5001525#5001526#5001527	1	0
809101	2	5001528#5001529#5001530	1	0
809102	2	5001531#5001532#5001533	1	0
809103	2	5001534#5001535#5001536	1	0
809104	2	5001537#5001538#5001539	1	0
809201	2	5001540#5001541#5001542	1	0
809202	2	5001543#5001544#5001545	1	0
809203	2	5001546#5001547#5001548	1	0
809204	2	5001549#5001550#5001551	1	0
819001	2	5001552#5001553#5001554	1	0
819002	2	5001555#5001556#5001557	1	0
819003	2	5001558#5001559#5001560	1	0
819004	2	5001561#5001562#5001563	1	0
819101	2	5001564#5001565#5001566	1	0
819102	2	5001567#5001568#5001569	1	0
819103	2	5001570#5001571#5001572	1	0
819104	2	5001573#5001574#5001575	1	0
819201	2	5001576#5001577#5001578	1	0
819202	2	5001579#5001580#5001581	1	0
819203	2	5001582#5001583#5001584	1	0
819204	2	5001585#5001586#5001587	1	0
99000	4	5001588#5001589#5001590#5001591#5001592#5001593#5001594#5001595#5001596#5001597#5001598#5001599#5001600#5001601#5001602#5001603	1	0
99001	4	5001604#5001605#5001606#5001607#5001608#5001609#5001610#5001611#5001612#5001613#5001614#5001615#5001616#5001617#5001618#5001619	1	0
99002	4	5001620#5001621#5001622#5001623#5001624#5001625#5001626#5001627#5001628#5001629#5001630#5001631#5001632#5001633#5001634#5001635	1	0
99003	2	5001636#5001637	1	0
100005	1	600101#600102#600103	0	0
100004	1	600201#600202	0	0
100003	1	600301#600302	0	0
100010	2	630001#630002#630003#630004#630005	1	0
100020	2	640001#640002#640003#640004#640005#640007#640008#640009#640010#640011#640012#640013#640014#6640015#640016#640017#640018#640019#640021#640022#640023	1	0
100021	2	640001#640002#640003#640004#640005	1	0
100022	2	640007#640008#640009#640010	1	0
100023	2	640011#640012#640013#640014#640015	1	0
100024	2	640016#640017#640018#640019	1	0
100025	2	640021#640022#640023	1	0
100030	2	650001#650002#650003#650004#650005#650006#650007#650008#650009#650010#650011#650012#650013#650014#650015#650017#650018#650019#650020#650021#650022#650023#650024#650025#650026#650027#650028#650029#650030#650034#650035#650036#650037#650039#650040#650044#650045#650048#650049#650050	1	0
100031	2	650001#650002#650003#650004#650005#650006#650007#650008#650009#650010	1	0
100032	2	650011#650012#650013#650014#650015#650017#650018#650019	1	0
100033	2	650020#650021#650022#650023#650024#650025#650026#650027#650028#650029#650030	1	0
100034	2	650034#650035#650036#650037#650039#650040	1	0
100035	2	650044#650045#650048#650049#650050	1	0
100036	2	650034#650035#650036#650037#650039#650040#650044#650045#650048#650049#650050	1	0
81148	2	181148#181248#181348#181448#181548#181648#181748#181848#181948#182048#182148#1822488#182448#182548#182648#182748#182848#182948#183048#183148#183248#183348#183448#183548#183648#183848#183948#184048#184148#184348#184448#184748#184848#184948#185148#185248#185348	1	0
100041	2	181148#181248#181348#181448#181548#181648#181748#181848	1	0
100042	2	181948#182048#182148#182248#182448#182548#182648	1	0
100043	2	182748#182848#182948#183048#183148#183248#183348#183448#183548	1	0
100044	2	183648#183848#183948#184048#184148#184348#184448	1	0
100045	2	184748#184848#184948#185148#185248#185348	1	0
100046	2	183648#183848#183948#184048#184148#184348#184448#184748#184848#184948#185148#185248#185348	1	0
200001	2	630001	1	0
200002	2	630002	1	0
200003	2	630003	1	0
200004	2	630004	1	0
200005	2	630005	1	0
200006	2	640001	1	0
200007	2	640002	1	0
200008	2	640003	1	0
200009	2	640004	1	0
200010	2	640005	1	0
200011	2	640006	1	0
200012	2	640007	1	0
200013	2	640008	1	0
200014	2	640009	1	0
200015	2	640010	1	0
200016	2	640011	1	0
200017	2	640012	1	0
200018	2	640013	1	0
200019	2	640014	1	0
200020	2	640015	1	0
200021	2	640016	1	0
200022	2	640017	1	0
200023	2	640018	1	0
200024	2	640019	1	0
200025	2	640020	1	0
200026	2	640021	1	0
200027	2	640022	1	0
200028	2	640023	1	0
200029	2	650001	1	0
200030	2	650002	1	0
200031	2	650003	1	0
200032	2	650004	1	0
200033	2	650005	1	0
200034	2	650006	1	0
200035	2	650007	1	0
200036	2	650008	1	0
200037	2	650009	1	0
200038	2	650010	1	0
200039	2	650011	1	0
200040	2	650012	1	0
200041	2	650013	1	0
200042	2	650014	1	0
200043	2	650015	1	0
200044	2	650016	1	0
200045	2	650017	1	0
200046	2	650018	1	0
200047	2	650019	1	0
200048	2	650020	1	0
200049	2	650021	1	0
200050	2	650022	1	0
200051	2	650023	1	0
200052	2	650024	1	0
200053	2	650025	1	0
200054	2	650026	1	0
200055	2	650027	1	0
200056	2	650028	1	0
200057	2	650029	1	0
200058	2	650030	1	0
200059	2	650031	1	0
200060	2	650032	1	0
200061	2	650033	1	0
200062	2	650034	1	0
200063	2	650035	1	0
200064	2	650036	1	0
200065	2	650037	1	0
200066	2	650038	1	0
200067	2	650039	1	0
200068	2	650040	1	0
200069	2	650041	1	0
200070	2	650042	1	0
200071	2	650043	1	0
200072	2	650044	1	0
200073	2	650045	1	0
200074	2	650046	1	0
200075	2	650047	1	0
200076	2	650048	1	0
200077	2	650049	1	0
200078	2	650050	1	0
200079	2	650051	1	0
200080	2	650052	1	0
200081	2	650053	1	0
200082	2	650054	1	0
200083	2	650055	1	0
200084	2	650056	1	0
60402	4	660001#660002#660005#660003#660004#660013	1	0
60403	4	660006#660009#660007#660008#660010#660014	1	0
51401	2	51412#51413#51414#51415#51416	1	0
51402	4	650057#650058#650059#650060#650061#650062	1	0
51403	4	640015#640014#640013#640012#640011#640005#640004#640003#640002#640001#640010#640008#640007#640006	1	0
51404	4	51412#51413#51414#51415#51416	1	0
51405	1	51417#51418	2	0
60404	4	660011#660012	1	0
51406	4	650063#650059	1	0
51407	4	650061#650064	1	0
51408	4	650057#650065	1	0
51409	4	51419	1	0
51410	4	51420	1	0
51411	4	51421	1	0
51412	4	51422	1	0
51413	4	51423	1	0
51414	1	20901	1	0
38091	2	911173#911174#911175#911176	1	0
99011	1	99011#99025	2	0
99012	1	99012#99025	2	0
99013	1	99013#99025	2	0
99014	1	99014#99025	2	0
99015	1	99015#99025	2	0
99016	1	99016#99026	2	0
99017	1	99017#99026	2	0
99018	1	99018#99026	2	0
99019	1	99019#99026	2	0
99020	1	99020#99027	2	0
99021	1	99021#99027	2	0
99022	1	99022#99027	2	0
99023	1	99023#99027	2	0
99024	1	99024#99027	2	0
99025	4	199033#199034#199035#199036#199037	1	0
99026	4	199039#199040#199041#199042	1	0
99027	4	199043#199044#199045#199046#199047	1	0
117191	2	5000148#5000151#5000154#5000157	1	0
117192	2	5000268#5000271#5000274#5000277	1	0
117193	2	5000388#5000391#5000394#5000397	1	0
60405	4	650003#650013#650021#650035#650044	1	0
60406	4	200001#200002#200003#200004#200005#200006	1	0
81146	1	181146	1	0
81147	1	181147	1	0
60407	4	604071#604072#604073#604074#604076	1	0
61407	4	614071#614072#614073#614074	1	0
60408	4	911218#911219#911220#911221	1	0
60409	4	604181#604182#604183	1	0
60410	4	604181#604182#604183#604184#604185	1	0
60418	4	604181#604182#604183#604184#604185#604186	1	0
81149	2	81149#82149#83149#84149	1	0
60411	4	604111#604112#604113#604114#604115#604116#604117	1	0
60412	4	604121#604122#604123#604124#604125#604126#604127	1	0
60413	4	60413#61413	1	0
61413	4	63413#64413#65413	1	0
62413	4	66413#68413	1	0
1	1	1	1	0
2	1	2	1	0
3	1	3	1	0
30000	2	30000#30001	1	0
30010	2	30010#30011	1	0
30020	2	30020#30021	1	0
30030	2	30030#30031	1	0
30040	2	30040#30041	1	0
30050	2	30050#30051	1	0
30060	2	30060#30061	1	0
99125	1	99125#99128	2	0
99126	1	99126#99128	2	0
99127	1	99127#99128	2	0
99028	1	99028#99128	2	0
99029	1	99029#99129	2	0
99030	1	99030#99129	2	0
99031	1	99031#99129	2	0
99032	1	99032#99129	2	0
99006	4	199048#199049#199050#199051	1	0
99007	4	199053#199054#199055	1	0
60415	4	911210#911211#911212#911213	1	0
60416	4	911214#911215#911216#911217	1	0
610001	1	610001	1	0
610002	1	610002	1	0
620010	2	620011#620012#620013	1	0
620020	2	620021#620022#620023	1	0
620030	2	620031#620032#620033	1	0
620040	2	620041#620042#620043	1	0
620050	2	620051#620052#620053	1	0
620060	2	620061#620062#620063	1	0
610010	1	610010	1	0
610011	1	610011	1	0
610012	1	610012	1	0
610013	1	610013	1	0
610014	1	610014	1	0
610015	1	610015	1	0
610016	1	610016	1	0
600020	1	600020	1	0
600021	1	600021	1	0
600022	1	600022	1	0
600023	1	600023	1	0
600024	1	600024	1	0
600025	1	600025	1	0
600026	1	600026	1	0
600027	1	600027	1	0
600028	1	600028	1	0
600029	1	600029	1	0
600030	1	600030	1	0
600031	1	600031	1	0
600032	1	600032	1	0
600033	1	600033	1	0
6000127	2	6000127#6001127#6002127#6003127#6004127#6005127#6006127#6007127#6008127#6009127	1	0
6000128	2	6000128#6001128#6002128#6003128#6004128#6005128#6006128#6007128#6008128#6009128	1	0
6000129	2	6000129#6001129#6002129#6003129#6004129#6005129#6006129#6007129#6008129#6009129	1	0
6000130	2	6000130#6001130#6002130#6003130#6004130#6005130#6006130#6007130#6008130#6009130	1	0
6000131	1	7200216	0	0
6000132	1	7200176	0	0
6000133	1	7200306	0	0
6000134	1	7200066	0	0
6000135	1	7200186	0	0
6000136	1	7200016	0	0
6000137	1	7200126	0	0
6000138	1	7200206	0	0
6000139	1	7200496	0	0
6000140	1	7200046	0	0
6000141	1	7200396	0	0
6000142	1	7200446	0	0
6000143	1	7200346	0	0
6000144	1	7200026	0	0
6000145	1	7200136	0	0
6000146	1	7200486	0	0
6000147	1	7200436	0	0
6000148	1	7200316	0	0
6000149	1	7200336	0	0
6000150	1	7200426	0	0
100007	1	1000071#1000072#1000073	0	0
100008	1	1000081	0	0
710000	1	7100001#7100003#7100004	1	0
710001	1	7100001#7100002#7100003#7100004#7100011	1	0
710002	1	7100001#7100002#7100003#7100004#7100021	1	0
710003	1	7100001#7100002#7100003#7100004#7100031	1	0
710004	1	7100001#7100002#7100003#7100004#7100041	1	0
710005	1	7100001#7100002#7100003#7100004#7100051	1	0
710006	1	7100001#7100002#7100003#7100004#7100061	1	0
60414	4	60414#61414#62414	1	0
60448	4	604481#604482#604483	1	0
60449	4	604491#604492#604493	1	0
51415	4	51419#51420#51421#51422#51423	1	0
51416	4	911190#911191#911192#911193	1	0
60419	4	604190#604191#604192	1	0
60420	4	604200#604201#604202#604203#604204#604205#604206#604207	1	0
60421	4	604210#604211	1	0
60422	4	604220#604221	1	0
604231	4	604230#604231#604210#604234#604235	1	0
604232	4	604236#604232#604233#604221#604237	1	0
60424	4	604240#604241#604242	1	0
604251	4	6042510#6042511#6042514#6042512#6042513	1	0
604252	4	6042520#6042521#6042522#6042523#6042524	1	0
604253	4	6042530#6042531#6042532#6042533#6042534	1	0
604261	4	640001#640002#640003#640004#640005	1	0
604262	4	640007#640008#640009#640010	1	0
604263	4	640011#640012#640013#640014#640015	1	0
604264	4	640016#640017#640018#640019	1	0
604265	4	640021#640022#640023	1	0
60427	4	604271#604272#604273#604274#604275	1	0
60428	4	604281#604282	1	0
60450	4	604501#604502#604503#604504	1	0
811501	2	811500	1	0
811502	2	811501#811502#811503	1	0
604291	4	6042911#6042912	1	0
604292	4	6042921#6042922#6042923#6042924#6042925	1	0
604301	4	6043011#6043012	1	0
604302	4	6043021#6043022#6043023#6043024#6043025	1	0
604311	4	6043111#6043112#6043113	1	0
604312	4	6043121#6043122#6043123#6043124#6043125	1	0
60432	4	6042511#6042514#6042513#6042521#6042520#6042531#6042534#6042532	1	0
60433	4	604230#604210#604233#604237	1	0
604341	4	6043411#6043412#6043413#6043414#6043415	1	0
604342	4	6043421#6043422	1	0
60435	4	604351#604352#604353#604354	1	0
60436	4	604361#604362#604363#604364	1	0
60452	4	7200015#7200135#7200205	1	0
60453	4	7200025#7200185#7200295	1	0
60437	4	7200135#7200035#7200295	1	0
60438	4	7200205#7200025#7200185	1	0
60439	4	7200015#7200125#7200265	1	0
60440	4	7200175#7200045#7200215	1	0
60454	4	7200065#7200185#7200175#7200215#7200305	1	0
60455	4	7200015#7200125#7200205#7200395#7200495	1	0
60456	4	7200025#7200135#7200345#7200375#7200445	1	0
60457	4	7200016#7200126#7200206#7200396#7200496	1	0
60458	4	7300051#7300052#7300053#7300054#7300055	1	0
60459	4	7300061#7300062#7300063#7300064#7300065	1	0
60460	4	7300091#7300092#7300093#7300094#7300095	1	0
60461	4	7300101#7300102#7300103#7300104#7300105	1	0
604431	2	6044310	1	0
604441	2	6044410	1	0
604451	2	6044510	1	0
604461	2	6044610	1	0
604432	2	6044321#6044301#6044302#6044303#6044304#6044305#6044306#6044307	1	0
604442	2	6044421#6044301#6044302#6044303#6044304#6044305#6044306#6044307	1	0
604452	2	6044521#6044301#6044302#6044303#6044304#6044305#6044306#6044307	1	0
604462	2	6044621#6044301#6044302#6044303#6044304#6044305#6044306#6044307	1	0
604470	2	6044701#6044702#6044703#6044704#6044705#6044706	1	0
60451	4	7200086#7200156#7200226#7200366#7200506	1	0
205000	1	3030001#3025001#3020001#3010001#3005001#3000001#3015001	1	0
205001	1	3030002#3025002#3020002#3010002#3005002#3000002#3015002	1	0
205002	1	3030003#3025003#3020003#3010003#3005003#3000003#3015003	1	0
205003	1	3030004#3025004#3020004#3010004#3005004#3000004#3015004	1	0
205004	1	3030005#3025005#3020005#3010005#3005005#3000005#3015005	1	0
205005	1	3030006#3025006#3020006#3010006#3005006#3000006#3015006	1	0
205006	1	3030007#3025007#3020007#3010007#3005007#3000007#3015007	1	0
205007	1	3030008#3025008#3020008#3010008#3005008#3000008#3015008	1	0
205008	1	3030009#3025009#3020009#3010009#3005009#3000009#3015009	1	0
205009	1	3030010#3025010#3020010#3010010#3005010#3000010#3015010	1	0
205010	1	3030011#3025011#3020011#3010011#3005011#3000011#3015011	1	0
205011	1	3030012#3025012#3020012#3010012#3005012#3000012#3015012	1	0
205012	1	3030013#3025013#3020013#3010013#3005013#3000013#3015013	1	0
205013	1	3030014#3025014#3020014#3010014#3005014#3000014#3015014	1	0
205014	1	3030015#3025015#3020015#3010015#3005015#3000015#3015015	1	0
205015	1	3030016#3025016#3020016#3010016#3005016#3000016#3015016	1	0
205016	1	3030017#3025017#3020017#3010017#3005017#3000017#3015017	1	0
205017	1	3030018#3025018#3020018#3010018#3005018#3000018#3015018	1	0
205018	1	3030019#3025019#3020019#3010019#3005019#3000019#3015019	1	0
205019	1	3030020#3025020#3020020#3010020#3005020#3000020#3015020	1	0
205020	1	3030021#3025021#3020021#3010021#3005021#3000021#3015021	1	0
205021	1	3030022#3025022#3020022#3010022#3005022#3000022#3015022	1	0
205022	1	3030023#3025023#3020023#3010023#3005023#3000023#3015023	1	0
205023	1	3030024#3025024#3020024#3010024#3005024#3000024#3015024	1	0
205024	1	3030025#3025025#3020025#3010025#3005025#3000025#3015025	1	0
205025	1	3030026#3025026#3020026#3010026#3005026#3000026#3015026	1	0
205026	1	3030027#3025027#3020027#3010027#3005027#3000027#3015027	1	0
205027	1	3030028#3025028#3020028#3010028#3005028#3000028#3015028	1	0
205028	1	3030029#3025029#3020029#3010029#3005029#3000029#3015029	1	0
205029	1	3030030#3025030#3020030#3010030#3005030#3000030#3015030	1	0
205030	1	3030031#3025031#3020031#3010031#3005031#3000031#3015031	1	0
205031	1	3030032#3025032#3020032#3010032#3005032#3000032#3015032	1	0
205032	1	3030033#3025033#3020033#3010033#3005033#3000033#3015033	1	0
205033	1	3030034#3025034#3020034#3010034#3005034#3000034#3015034	1	0
205034	1	3030035#3025035#3020035#3010035#3005035#3000035#3015035	1	0
205035	1	3030036#3025036#3020036#3010036#3005036#3000036#3015036	1	0
205036	1	3030037#3025037#3020037#3010037#3005037#3000037#3015037	1	0
205037	1	3030038#3025038#3020038#3010038#3005038#3000038#3015038	1	0
205038	1	3030039#3025039#3020039#3010039#3005039#3000039#3015039	1	0
205039	1	3030040#3025040#3020040#3010040#3005040#3000040#3015040	1	0
205040	1	3030041#3025041#3020041#3010041#3005041#3000041#3015041	1	0
205041	1	3030042#3025042#3020042#3010042#3005042#3000042#3015042	1	0
205042	1	3030043#3025043#3020043#3010043#3005043#3000043#3015043	1	0
205043	1	3030044#3025044#3020044#3010044#3005044#3000044#3015044	1	0
205044	1	3030045#3025045#3020045#3010045#3005045#3000045#3015045	1	0
205045	1	3030046#3025046#3020046#3010046#3005046#3000046#3015046	1	0
205046	1	3030047#3025047#3020047#3010047#3005047#3000047#3015047	1	0
205047	1	3030048#3025048#3020048#3010048#3005048#3000048#3015048	1	0
205048	1	3030049#3025049#3020049#3010049#3005049#3000049#3015049	1	0
205049	1	3030050#3025050#3020050#3010050#3005050#3000050#3015050	1	0
205050	1	3030051#3025051#3020051#3010051#3005051#3000051#3015051	1	0
205051	1	3030052#3025052#3020052#3010052#3005052#3000052#3015052	1	0
205052	1	3030053#3025053#3020053#3010053#3005053#3000053#3015053	1	0
205053	1	3030054#3025054#3020054#3010054#3005054#3000054#3015054	1	0
205054	1	3030055#3025055#3020055#3010055#3005055#3000055#3015055	1	0
205055	1	3030056#3025056#3020056#3010056#3005056#3000056#3015056	1	0
205056	1	3030057#3025057#3020057#3010057#3005057#3000057#3015057	1	0
205057	1	3030058#3025058#3020058#3010058#3005058#3000058#3015058	1	0
205058	1	3030059#3025059#3020059#3010059#3005059#3000059#3015059	1	0
205059	1	3030060#3025060#3020060#3010060#3005060#3000060#3015060	1	0
205060	1	3030061#3025061#3020061#3010061#3005061#3000061#3015061	1	0
205061	1	3030062#3025062#3020062#3010062#3005062#3000062#3015062	1	0
205062	1	3030063#3025063#3020063#3010063#3005063#3000063#3015063	1	0
205063	1	3030064#3025064#3020064#3010064#3005064#3000064#3015064	1	0
205064	1	3030065#3025065#3020065#3010065#3005065#3000065#3015065	1	0
205065	1	3030066#3025066#3020066#3010066#3005066#3000066#3015066	1	0
205066	1	3030067#3025067#3020067#3010067#3005067#3000067#3015067	1	0
205067	1	3030068#3025068#3020068#3010068#3005068#3000068#3015068	1	0
205068	1	3030069#3025069#3020069#3010069#3005069#3000069#3015069	1	0
205069	1	3030070#3025070#3020070#3010070#3005070#3000070#3015070	1	0
205070	1	3030071#3025071#3020071#3010071#3005071#3000071#3015071	1	0
205071	1	3030072#3025072#3020072#3010072#3005072#3000072#3015072	1	0
205072	1	3030073#3025073#3020073#3010073#3005073#3000073#3015073	1	0
205073	1	3030074#3025074#3020074#3010074#3005074#3000074#3015074	1	0
205074	1	3030075#3025075#3020075#3010075#3005075#3000075#3015075	1	0
205075	1	3030076#3025076#3020076#3010076#3005076#3000076#3015076	1	0
205076	1	3030077#3025077#3020077#3010077#3005077#3000077#3015077	1	0
205077	1	3030078#3025078#3020078#3010078#3005078#3000078#3015078	1	0
205078	1	3030079#3025079#3020079#3010079#3005079#3000079#3015079	1	0
205079	1	3030080#3025080#3020080#3010080#3005080#3000080#3015080	1	0
205080	1	3030081#3025081#3020081#3010081#3005081#3000081#3015081	1	0
205081	1	3030082#3025082#3020082#3010082#3005082#3000082#3015082	1	0
205082	1	3030083#3025083#3020083#3010083#3005083#3000083#3015083	1	0
205083	1	3030084#3025084#3020084#3010084#3005084#3000084#3015084	1	0
205084	1	3030085#3025085#3020085#3010085#3005085#3000085#3015085	1	0
205085	1	3030086#3025086#3020086#3010086#3005086#3000086#3015086	1	0
205086	1	3030087#3025087#3020087#3010087#3005087#3000087#3015087	1	0
205087	1	3030088#3025088#3020088#3010088#3005088#3000088#3015088	1	0
205088	1	3030089#3025089#3020089#3010089#3005089#3000089#3015089	1	0
205089	1	3030090#3025090#3020090#3010090#3005090#3000090#3015090	1	0
205090	1	3030091#3025091#3020091#3010091#3005091#3000091#3015091	1	0
205091	1	3030092#3025092#3020092#3010092#3005092#3000092#3015092	1	0
205092	1	3030093#3025093#3020093#3010093#3005093#3000093#3015093	1	0
205093	1	3030094#3025094#3020094#3010094#3005094#3000094#3015094	1	0
205094	1	3030095#3025095#3020095#3010095#3005095#3000095#3015095	1	0
205095	1	3030096#3025096#3020096#3010096#3005096#3000096#3015096	1	0
205096	1	3030097#3025097#3020097#3010097#3005097#3000097#3015097	1	0
205097	1	3030098#3025098#3020098#3010098#3005098#3000098#3015098	1	0
205098	1	3030099#3025099#3020099#3010099#3005099#3000099#3015099	1	0
205099	1	3030100#3025100#3020100#3010100#3005100#3000100#3015100	1	0
205100	1	3030101#3025101#3020101#3010101#3005101#3000101#3015101	1	0
205101	1	3030102#3025102#3020102#3010102#3005102#3000102#3015102	1	0
205102	1	3030103#3025103#3020103#3010103#3005103#3000103#3015103	1	0
205103	1	3030104#3025104#3020104#3010104#3005104#3000104#3015104	1	0
205104	1	3030105#3025105#3020105#3010105#3005105#3000105#3015105	1	0
205105	1	3030106#3025106#3020106#3010106#3005106#3000106#3015106	1	0
205106	1	3030107#3025107#3020107#3010107#3005107#3000107#3015107	1	0
205107	1	3030108#3025108#3020108#3010108#3005108#3000108#3015108	1	0
205108	1	3030109#3025109#3020109#3010109#3005109#3000109#3015109	1	0
205109	1	3030110#3025110#3020110#3010110#3005110#3000110#3015110	1	0
205110	1	3030111#3025111#3020111#3010111#3005111#3000111#3015111	1	0
205111	1	3030112#3025112#3020112#3010112#3005112#3000112#3015112	1	0
205112	1	3030113#3025113#3020113#3010113#3005113#3000113#3015113	1	0
205113	1	3030114#3025114#3020114#3010114#3005114#3000114#3015114	1	0
205114	1	3030115#3025115#3020115#3010115#3005115#3000115#3015115	1	0
205115	1	3030116#3025116#3020116#3010116#3005116#3000116#3015116	1	0
205116	1	3030117#3025117#3020117#3010117#3005117#3000117#3015117	1	0
205117	1	3030118#3025118#3020118#3010118#3005118#3000118#3015118	1	0
205118	1	3030119#3025119#3020119#3010119#3005119#3000119#3015119	1	0
205119	1	3030120#3025120#3020120#3010120#3005120#3000120#3015120	1	0
205120	1	3030121#3025121#3020121#3010121#3005121#3000121#3015121	1	0
205121	1	3030122#3025122#3020122#3010122#3005122#3000122#3015122	1	0
205122	1	3030123#3025123#3020123#3010123#3005123#3000123#3015123	1	0
205123	1	3030124#3025124#3020124#3010124#3005124#3000124#3015124	1	0
205124	1	3030125#3025125#3020125#3010125#3005125#3000125#3015125	1	0
205125	1	3030126#3025126#3020126#3010126#3005126#3000126#3015126	1	0
205126	1	3030127#3025127#3020127#3010127#3005127#3000127#3015127	1	0
205127	1	3030128#3025128#3020128#3010128#3005128#3000128#3015128	1	0
205128	1	3030129#3025129#3020129#3010129#3005129#3000129#3015129	1	0
205129	1	3030130#3025130#3020130#3010130#3005130#3000130#3015130	1	0
205130	1	3030131#3025131#3020131#3010131#3005131#3000131#3015131	1	0
205131	1	3030132#3025132#3020132#3010132#3005132#3000132#3015132	1	0
205132	1	3030133#3025133#3020133#3010133#3005133#3000133#3015133	1	0
205133	1	3030134#3025134#3020134#3010134#3005134#3000134#3015134	1	0
205134	1	3030135#3025135#3020135#3010135#3005135#3000135#3015135	1	0
205135	1	3030136#3025136#3020136#3010136#3005136#3000136#3015136	1	0
205136	1	3030137#3025137#3020137#3010137#3005137#3000137#3015137	1	0
205137	1	3030138#3025138#3020138#3010138#3005138#3000138#3015138	1	0
205138	1	3030139#3025139#3020139#3010139#3005139#3000139#3015139	1	0
205139	1	3030140#3025140#3020140#3010140#3005140#3000140#3015140	1	0
205140	1	3030141#3025141#3020141#3010141#3005141#3000141#3015141	1	0
205141	1	3030142#3025142#3020142#3010142#3005142#3000142#3015142	1	0
205142	1	3030143#3025143#3020143#3010143#3005143#3000143#3015143	1	0
205143	1	3030144#3025144#3020144#3010144#3005144#3000144#3015144	1	0
205144	1	3030145#3025145#3020145#3010145#3005145#3000145#3015145	1	0
205145	1	3030146#3025146#3020146#3010146#3005146#3000146#3015146	1	0
205146	1	3030147#3025147#3020147#3010147#3005147#3000147#3015147	1	0
205147	1	3030148#3025148#3020148#3010148#3005148#3000148#3015148	1	0
205148	1	3030149#3025149#3020149#3010149#3005149#3000149#3015149	1	0
205149	1	3030150#3025150#3020150#3010150#3005150#3000150#3015150	1	0
205150	1	3030151#3025151#3020151#3010151#3005151#3000151#3015151	1	0
205151	1	3030152#3025152#3020152#3010152#3005152#3000152#3015152	1	0
205152	1	3030153#3025153#3020153#3010153#3005153#3000153#3015153	1	0
205153	1	3030154#3025154#3020154#3010154#3005154#3000154#3015154	1	0
205154	1	3030155#3025155#3020155#3010155#3005155#3000155#3015155	1	0
205155	1	3030156#3025156#3020156#3010156#3005156#3000156#3015156	1	0
205156	1	3030157#3025157#3020157#3010157#3005157#3000157#3015157	1	0
205157	1	3030158#3025158#3020158#3010158#3005158#3000158#3015158	1	0
205158	1	3030159#3025159#3020159#3010159#3005159#3000159#3015159	1	0
205159	1	3030160#3025160#3020160#3010160#3005160#3000160#3015160	1	0
205160	1	3030161#3025161#3020161#3010161#3005161#3000161#3015161	1	0
205161	1	3030162#3025162#3020162#3010162#3005162#3000162#3015162	1	0
205162	1	3030163#3025163#3020163#3010163#3005163#3000163#3015163	1	0
205163	1	3030164#3025164#3020164#3010164#3005164#3000164#3015164	1	0
205164	1	3030165#3025165#3020165#3010165#3005165#3000165#3015165	1	0
205165	1	3030166#3025166#3020166#3010166#3005166#3000166#3015166	1	0
205166	1	3030167#3025167#3020167#3010167#3005167#3000167#3015167	1	0
205167	1	3030168#3025168#3020168#3010168#3005168#3000168#3015168	1	0
205168	1	3030169#3025169#3020169#3010169#3005169#3000169#3015169	1	0
205169	1	3030170#3025170#3020170#3010170#3005170#3000170#3015170	1	0
205170	1	3030171#3025171#3020171#3010171#3005171#3000171#3015171	1	0
205171	1	3030172#3025172#3020172#3010172#3005172#3000172#3015172	1	0
205172	1	3030173#3025173#3020173#3010173#3005173#3000173#3015173	1	0
205173	1	3030174#3025174#3020174#3010174#3005174#3000174#3015174	1	0
205174	1	3030175#3025175#3020175#3010175#3005175#3000175#3015175	1	0
205175	1	3030176#3025176#3020176#3010176#3005176#3000176#3015176	1	0
205176	1	3030177#3025177#3020177#3010177#3005177#3000177#3015177	1	0
205177	1	3030178#3025178#3020178#3010178#3005178#3000178#3015178	1	0
205178	1	3030179#3025179#3020179#3010179#3005179#3000179#3015179	1	0
205179	1	3030180#3025180#3020180#3010180#3005180#3000180#3015180	1	0
205180	1	3030181#3025181#3020181#3010181#3005181#3000181#3015181	1	0
205181	1	3030182#3025182#3020182#3010182#3005182#3000182#3015182	1	0
205182	1	3030183#3025183#3020183#3010183#3005183#3000183#3015183	1	0
205183	1	3030184#3025184#3020184#3010184#3005184#3000184#3015184	1	0
205184	1	3030185#3025185#3020185#3010185#3005185#3000185#3015185	1	0
205185	1	3030186#3025186#3020186#3010186#3005186#3000186#3015186	1	0
205186	1	3030187#3025187#3020187#3010187#3005187#3000187#3015187	1	0
205187	1	3030188#3025188#3020188#3010188#3005188#3000188#3015188	1	0
205188	1	3030189#3025189#3020189#3010189#3005189#3000189#3015189	1	0
205189	1	3030190#3025190#3020190#3010190#3005190#3000190#3015190	1	0
205190	1	3030191#3025191#3020191#3010191#3005191#3000191#3015191	1	0
205191	1	3030192#3025192#3020192#3010192#3005192#3000192#3015192	1	0
205192	1	3030193#3025193#3020193#3010193#3005193#3000193#3015193	1	0
205193	1	3030194#3025194#3020194#3010194#3005194#3000194#3015194	1	0
205194	1	3030195#3025195#3020195#3010195#3005195#3000195#3015195	1	0
205195	1	3030196#3025196#3020196#3010196#3005196#3000196#3015196	1	0
205196	1	3030197#3025197#3020197#3010197#3005197#3000197#3015197	1	0
205197	1	3030198#3025198#3020198#3010198#3005198#3000198#3015198	1	0
205198	1	3030199#3025199#3020199#3010199#3005199#3000199#3015199	1	0
205199	1	3030200#3025200#3020200#3010200#3005200#3000200#3015200	1	0
205200	1	3030201#3025201#3020201#3010201#3005201#3000201#3015201	1	0
205201	1	3030202#3025202#3020202#3010202#3005202#3000202#3015202	1	0
205202	1	3030203#3025203#3020203#3010203#3005203#3000203#3015203	1	0
205203	1	3030204#3025204#3020204#3010204#3005204#3000204#3015204	1	0
205204	1	3030205#3025205#3020205#3010205#3005205#3000205#3015205	1	0
205205	1	3030206#3025206#3020206#3010206#3005206#3000206#3015206	1	0
205206	1	3030207#3025207#3020207#3010207#3005207#3000207#3015207	1	0
205207	1	3030208#3025208#3020208#3010208#3005208#3000208#3015208	1	0
205208	1	3030209#3025209#3020209#3010209#3005209#3000209#3015209	1	0
205209	1	3030210#3025210#3020210#3010210#3005210#3000210#3015210	1	0
205210	1	3030211#3025211#3020211#3010211#3005211#3000211#3015211	1	0
205211	1	3030212#3025212#3020212#3010212#3005212#3000212#3015212	1	0
205212	1	3030213#3025213#3020213#3010213#3005213#3000213#3015213	1	0
205213	1	3030214#3025214#3020214#3010214#3005214#3000214#3015214	1	0
205214	1	3030215#3025215#3020215#3010215#3005215#3000215#3015215	1	0
205215	1	3030216#3025216#3020216#3010216#3005216#3000216#3015216	1	0
205216	1	3030217#3025217#3020217#3010217#3005217#3000217#3015217	1	0
205217	1	3030218#3025218#3020218#3010218#3005218#3000218#3015218	1	0
205218	1	3030219#3025219#3020219#3010219#3005219#3000219#3015219	1	0
205219	1	3030220#3025220#3020220#3010220#3005220#3000220#3015220	1	0
205220	1	3030221#3025221#3020221#3010221#3005221#3000221#3015221	1	0
205221	1	3030222#3025222#3020222#3010222#3005222#3000222#3015222	1	0
205222	1	3030223#3025223#3020223#3010223#3005223#3000223#3015223	1	0
205223	1	3030224#3025224#3020224#3010224#3005224#3000224#3015224	1	0
205224	1	3030225#3025225#3020225#3010225#3005225#3000225#3015225	1	0
205225	1	3030226#3025226#3020226#3010226#3005226#3000226#3015226	1	0
205226	1	3030227#3025227#3020227#3010227#3005227#3000227#3015227	1	0
205227	1	3030228#3025228#3020228#3010228#3005228#3000228#3015228	1	0
205228	1	3030229#3025229#3020229#3010229#3005229#3000229#3015229	1	0
205229	1	3030230#3025230#3020230#3010230#3005230#3000230#3015230	1	0
205230	1	3030231#3025231#3020231#3010231#3005231#3000231#3015231	1	0
205231	1	3030232#3025232#3020232#3010232#3005232#3000232#3015232	1	0
205232	1	3030233#3025233#3020233#3010233#3005233#3000233#3015233	1	0
205233	1	3030234#3025234#3020234#3010234#3005234#3000234#3015234	1	0
205234	1	3030235#3025235#3020235#3010235#3005235#3000235#3015235	1	0
205235	1	3030236#3025236#3020236#3010236#3005236#3000236#3015236	1	0
205236	1	3030237#3025237#3020237#3010237#3005237#3000237#3015237	1	0
205237	1	3030238#3025238#3020238#3010238#3005238#3000238#3015238	1	0
205238	1	3030239#3025239#3020239#3010239#3005239#3000239#3015239	1	0
205239	1	3030240#3025240#3020240#3010240#3005240#3000240#3015240	1	0
205240	1	3030241#3025241#3020241#3010241#3005241#3000241#3015241	1	0
205241	1	3030242#3025242#3020242#3010242#3005242#3000242#3015242	1	0
205242	1	3030243#3025243#3020243#3010243#3005243#3000243#3015243	1	0
205243	1	3030244#3025244#3020244#3010244#3005244#3000244#3015244	1	0
205244	1	3030245#3025245#3020245#3010245#3005245#3000245#3015245	1	0
205245	1	3030246#3025246#3020246#3010246#3005246#3000246#3015246	1	0
205246	1	3030247#3025247#3020247#3010247#3005247#3000247#3015247	1	0
205247	1	3030248#3025248#3020248#3010248#3005248#3000248#3015248	1	0
205248	1	3030249#3025249#3020249#3010249#3005249#3000249#3015249	1	0
205249	1	3030250#3025250#3020250#3010250#3005250#3000250#3015250	1	0
205250	1	3030251#3025251#3020251#3010251#3005251#3000251#3015251	1	0
205251	1	3030252#3025252#3020252#3010252#3005252#3000252#3015252	1	0
205252	1	3030253#3025253#3020253#3010253#3005253#3000253#3015253	1	0
205253	1	3030254#3025254#3020254#3010254#3005254#3000254#3015254	1	0
205254	1	3030255#3025255#3020255#3010255#3005255#3000255#3015255	1	0
205255	1	3030256#3025256#3020256#3010256#3005256#3000256#3015256	1	0
205256	1	3030257#3025257#3020257#3010257#3005257#3000257#3015257	1	0
205257	1	3030258#3025258#3020258#3010258#3005258#3000258#3015258	1	0
205258	1	3030259#3025259#3020259#3010259#3005259#3000259#3015259	1	0
205259	1	3030260#3025260#3020260#3010260#3005260#3000260#3015260	1	0
205260	1	3030261#3025261#3020261#3010261#3005261#3000261#3015261	1	0
205261	1	3030262#3025262#3020262#3010262#3005262#3000262#3015262	1	0
205262	1	3030263#3025263#3020263#3010263#3005263#3000263#3015263	1	0
205263	1	3030264#3025264#3020264#3010264#3005264#3000264#3015264	1	0
205264	1	3030265#3025265#3020265#3010265#3005265#3000265#3015265	1	0
205265	1	3030266#3025266#3020266#3010266#3005266#3000266#3015266	1	0
205266	1	3030267#3025267#3020267#3010267#3005267#3000267#3015267	1	0
205267	1	3030268#3025268#3020268#3010268#3005268#3000268#3015268	1	0
205268	1	3030269#3025269#3020269#3010269#3005269#3000269#3015269	1	0
205269	1	3030270#3025270#3020270#3010270#3005270#3000270#3015270	1	0
205270	1	3030271#3025271#3020271#3010271#3005271#3000271#3015271	1	0
205271	1	3030272#3025272#3020272#3010272#3005272#3000272#3015272	1	0
205272	1	3030273#3025273#3020273#3010273#3005273#3000273#3015273	1	0
205273	1	3030274#3025274#3020274#3010274#3005274#3000274#3015274	1	0
205274	1	3030275#3025275#3020275#3010275#3005275#3000275#3015275	1	0
205275	1	3030276#3025276#3020276#3010276#3005276#3000276#3015276	1	0
205276	1	3030277#3025277#3020277#3010277#3005277#3000277#3015277	1	0
205277	1	3030278#3025278#3020278#3010278#3005278#3000278#3015278	1	0
205278	1	3030279#3025279#3020279#3010279#3005279#3000279#3015279	1	0
205279	1	3030280#3025280#3020280#3010280#3005280#3000280#3015280	1	0
205280	1	3030281#3025281#3020281#3010281#3005281#3000281#3015281	1	0
205281	1	3030282#3025282#3020282#3010282#3005282#3000282#3015282	1	0
205282	1	3030283#3025283#3020283#3010283#3005283#3000283#3015283	1	0
205283	1	3030284#3025284#3020284#3010284#3005284#3000284#3015284	1	0
205284	1	3030285#3025285#3020285#3010285#3005285#3000285#3015285	1	0
205285	1	3030286#3025286#3020286#3010286#3005286#3000286#3015286	1	0
205286	1	3030287#3025287#3020287#3010287#3005287#3000287#3015287	1	0
205287	1	3030288#3025288#3020288#3010288#3005288#3000288#3015288	1	0
205288	1	3030289#3025289#3020289#3010289#3005289#3000289#3015289	1	0
205289	1	3030290#3025290#3020290#3010290#3005290#3000290#3015290	1	0
205290	1	3030291#3025291#3020291#3010291#3005291#3000291#3015291	1	0
205291	1	3030292#3025292#3020292#3010292#3005292#3000292#3015292	1	0
205292	1	3030293#3025293#3020293#3010293#3005293#3000293#3015293	1	0
205293	1	3030294#3025294#3020294#3010294#3005294#3000294#3015294	1	0
205294	1	3030295#3025295#3020295#3010295#3005295#3000295#3015295	1	0
205295	1	3030296#3025296#3020296#3010296#3005296#3000296#3015296	1	0
205296	1	3030297#3025297#3020297#3010297#3005297#3000297#3015297	1	0
205297	1	3030298#3025298#3020298#3010298#3005298#3000298#3015298	1	0
205298	1	3030299#3025299#3020299#3010299#3005299#3000299#3015299	1	0
205299	1	3030300#3025300#3020300#3010300#3005300#3000300#3015300	1	0
205300	1	3030301#3025301#3020301#3010301#3005301#3000301#3015301	1	0
205301	1	3030302#3025302#3020302#3010302#3005302#3000302#3015302	1	0
205302	1	3030303#3025303#3020303#3010303#3005303#3000303#3015303	1	0
205303	1	3030304#3025304#3020304#3010304#3005304#3000304#3015304	1	0
205304	1	3030305#3025305#3020305#3010305#3005305#3000305#3015305	1	0
205305	1	3030306#3025306#3020306#3010306#3005306#3000306#3015306	1	0
205306	1	3030307#3025307#3020307#3010307#3005307#3000307#3015307	1	0
205307	1	3030308#3025308#3020308#3010308#3005308#3000308#3015308	1	0
205308	1	3030309#3025309#3020309#3010309#3005309#3000309#3015309	1	0
205309	1	3030310#3025310#3020310#3010310#3005310#3000310#3015310	1	0
205310	1	3030311#3025311#3020311#3010311#3005311#3000311#3015311	1	0
205311	1	3030312#3025312#3020312#3010312#3005312#3000312#3015312	1	0
205312	1	3030313#3025313#3020313#3010313#3005313#3000313#3015313	1	0
205313	1	3030314#3025314#3020314#3010314#3005314#3000314#3015314	1	0
205314	1	3030315#3025315#3020315#3010315#3005315#3000315#3015315	1	0
205315	1	3030316#3025316#3020316#3010316#3005316#3000316#3015316	1	0
205316	1	3030317#3025317#3020317#3010317#3005317#3000317#3015317	1	0
205317	1	3030318#3025318#3020318#3010318#3005318#3000318#3015318	1	0
205318	1	3030319#3025319#3020319#3010319#3005319#3000319#3015319	1	0
205319	1	3030320#3025320#3020320#3010320#3005320#3000320#3015320	1	0
205320	1	3030321#3025321#3020321#3010321#3005321#3000321#3015321	1	0
205321	1	3030322#3025322#3020322#3010322#3005322#3000322#3015322	1	0
205322	1	3030323#3025323#3020323#3010323#3005323#3000323#3015323	1	0
205323	1	3030324#3025324#3020324#3010324#3005324#3000324#3015324	1	0
205324	1	3030325#3025325#3020325#3010325#3005325#3000325#3015325	1	0
205325	1	3030326#3025326#3020326#3010326#3005326#3000326#3015326	1	0
205326	1	3030327#3025327#3020327#3010327#3005327#3000327#3015327	1	0
205327	1	3030328#3025328#3020328#3010328#3005328#3000328#3015328	1	0
205328	1	3030329#3025329#3020329#3010329#3005329#3000329#3015329	1	0
205329	1	3030330#3025330#3020330#3010330#3005330#3000330#3015330	1	0
205330	1	3030331#3025331#3020331#3010331#3005331#3000331#3015331	1	0
205331	1	3030332#3025332#3020332#3010332#3005332#3000332#3015332	1	0
205332	1	3030333#3025333#3020333#3010333#3005333#3000333#3015333	1	0
205333	1	3030334#3025334#3020334#3010334#3005334#3000334#3015334	1	0
205334	1	3030335#3025335#3020335#3010335#3005335#3000335#3015335	1	0
205335	1	3030336#3025336#3020336#3010336#3005336#3000336#3015336	1	0
205336	1	3030337#3025337#3020337#3010337#3005337#3000337#3015337	1	0
205337	1	3030338#3025338#3020338#3010338#3005338#3000338#3015338	1	0
205338	1	3030339#3025339#3020339#3010339#3005339#3000339#3015339	1	0
205339	1	3030340#3025340#3020340#3010340#3005340#3000340#3015340	1	0
205340	1	3030341#3025341#3020341#3010341#3005341#3000341#3015341	1	0
205341	1	3030342#3025342#3020342#3010342#3005342#3000342#3015342	1	0
205342	1	3030343#3025343#3020343#3010343#3005343#3000343#3015343	1	0
205343	1	3030344#3025344#3020344#3010344#3005344#3000344#3015344	1	0
205344	1	3030345#3025345#3020345#3010345#3005345#3000345#3015345	1	0
205345	1	3030346#3025346#3020346#3010346#3005346#3000346#3015346	1	0
205346	1	3030347#3025347#3020347#3010347#3005347#3000347#3015347	1	0
205347	1	3030348#3025348#3020348#3010348#3005348#3000348#3015348	1	0
205348	1	3030349#3025349#3020349#3010349#3005349#3000349#3015349	1	0
205349	1	3030350#3025350#3020350#3010350#3005350#3000350#3015350	1	0
205350	1	3030351#3025351#3020351#3010351#3005351#3000351#3015351	1	0
205351	1	3030352#3025352#3020352#3010352#3005352#3000352#3015352	1	0
205352	1	3030353#3025353#3020353#3010353#3005353#3000353#3015353	1	0
205353	1	3030354#3025354#3020354#3010354#3005354#3000354#3015354	1	0
205354	1	3030355#3025355#3020355#3010355#3005355#3000355#3015355	1	0
205355	1	3030356#3025356#3020356#3010356#3005356#3000356#3015356	1	0
205356	1	3030357#3025357#3020357#3010357#3005357#3000357#3015357	1	0
205357	1	3030358#3025358#3020358#3010358#3005358#3000358#3015358	1	0
205358	1	3030359#3025359#3020359#3010359#3005359#3000359#3015359	1	0
205359	1	3030360#3025360#3020360#3010360#3005360#3000360#3015360	1	0
205360	1	3030361#3025361#3020361#3010361#3005361#3000361#3015361	1	0
205361	1	3030362#3025362#3020362#3010362#3005362#3000362#3015362	1	0
205362	1	3030363#3025363#3020363#3010363#3005363#3000363#3015363	1	0
205363	1	3030364#3025364#3020364#3010364#3005364#3000364#3015364	1	0
205364	1	3030365#3025365#3020365#3010365#3005365#3000365#3015365	1	0
205365	1	3030366#3025366#3020366#3010366#3005366#3000366#3015366	1	0
205366	1	3030367#3025367#3020367#3010367#3005367#3000367#3015367	1	0
205367	1	3030368#3025368#3020368#3010368#3005368#3000368#3015368	1	0
205368	1	3030369#3025369#3020369#3010369#3005369#3000369#3015369	1	0
205369	1	3030370#3025370#3020370#3010370#3005370#3000370#3015370	1	0
205370	1	3030371#3025371#3020371#3010371#3005371#3000371#3015371	1	0
205371	1	3030372#3025372#3020372#3010372#3005372#3000372#3015372	1	0
205372	1	3030373#3025373#3020373#3010373#3005373#3000373#3015373	1	0
205373	1	3030374#3025374#3020374#3010374#3005374#3000374#3015374	1	0
205374	1	3030375#3025375#3020375#3010375#3005375#3000375#3015375	1	0
205375	1	3030376#3025376#3020376#3010376#3005376#3000376#3015376	1	0
205376	1	3030377#3025377#3020377#3010377#3005377#3000377#3015377	1	0
205377	1	3030378#3025378#3020378#3010378#3005378#3000378#3015378	1	0
205378	1	3030379#3025379#3020379#3010379#3005379#3000379#3015379	1	0
205379	1	3030380#3025380#3020380#3010380#3005380#3000380#3015380	1	0
205380	1	3030381#3025381#3020381#3010381#3005381#3000381#3015381	1	0
205381	1	3030382#3025382#3020382#3010382#3005382#3000382#3015382	1	0
205382	1	3030383#3025383#3020383#3010383#3005383#3000383#3015383	1	0
205383	1	3030384#3025384#3020384#3010384#3005384#3000384#3015384	1	0
205384	1	3030385#3025385#3020385#3010385#3005385#3000385#3015385	1	0
205385	1	3030386#3025386#3020386#3010386#3005386#3000386#3015386	1	0
205386	1	3030387#3025387#3020387#3010387#3005387#3000387#3015387	1	0
205387	1	3030388#3025388#3020388#3010388#3005388#3000388#3015388	1	0
205388	1	3030389#3025389#3020389#3010389#3005389#3000389#3015389	1	0
205389	1	3030390#3025390#3020390#3010390#3005390#3000390#3015390	1	0
205390	1	3030391#3025391#3020391#3010391#3005391#3000391#3015391	1	0
205391	1	3030392#3025392#3020392#3010392#3005392#3000392#3015392	1	0
205392	1	3030393#3025393#3020393#3010393#3005393#3000393#3015393	1	0
205393	1	3030394#3025394#3020394#3010394#3005394#3000394#3015394	1	0
205394	1	3030395#3025395#3020395#3010395#3005395#3000395#3015395	1	0
205395	1	3030396#3025396#3020396#3010396#3005396#3000396#3015396	1	0
205396	1	3030397#3025397#3020397#3010397#3005397#3000397#3015397	1	0
205397	1	3030398#3025398#3020398#3010398#3005398#3000398#3015398	1	0
205398	1	3030399#3025399#3020399#3010399#3005399#3000399#3015399	1	0
205399	1	3030400#3025400#3020400#3010400#3005400#3000400#3015400	1	0
205400	1	3030401#3025401#3020401#3010401#3005401#3000401#3015401	1	0
205401	1	3030402#3025402#3020402#3010402#3005402#3000402#3015402	1	0
205402	1	3030403#3025403#3020403#3010403#3005403#3000403#3015403	1	0
205403	1	3030404#3025404#3020404#3010404#3005404#3000404#3015404	1	0
205404	1	3030405#3025405#3020405#3010405#3005405#3000405#3015405	1	0
205405	1	3030406#3025406#3020406#3010406#3005406#3000406#3015406	1	0
205406	1	3030407#3025407#3020407#3010407#3005407#3000407#3015407	1	0
205407	1	3030408#3025408#3020408#3010408#3005408#3000408#3015408	1	0
205408	1	3030409#3025409#3020409#3010409#3005409#3000409#3015409	1	0
205409	1	3030410#3025410#3020410#3010410#3005410#3000410#3015410	1	0
205410	1	3030411#3025411#3020411#3010411#3005411#3000411#3015411	1	0
205411	1	3030412#3025412#3020412#3010412#3005412#3000412#3015412	1	0
205412	1	3030413#3025413#3020413#3010413#3005413#3000413#3015413	1	0
205413	1	3030414#3025414#3020414#3010414#3005414#3000414#3015414	1	0
205414	1	3030415#3025415#3020415#3010415#3005415#3000415#3015415	1	0
205415	1	3030416#3025416#3020416#3010416#3005416#3000416#3015416	1	0
205416	1	3030417#3025417#3020417#3010417#3005417#3000417#3015417	1	0
205417	1	3030418#3025418#3020418#3010418#3005418#3000418#3015418	1	0
205418	1	3030419#3025419#3020419#3010419#3005419#3000419#3015419	1	0
205419	1	3030420#3025420#3020420#3010420#3005420#3000420#3015420	1	0
205420	1	3030421#3025421#3020421#3010421#3005421#3000421#3015421	1	0
205421	1	3030422#3025422#3020422#3010422#3005422#3000422#3015422	1	0
205422	1	3030423#3025423#3020423#3010423#3005423#3000423#3015423	1	0
205423	1	3030424#3025424#3020424#3010424#3005424#3000424#3015424	1	0
205424	1	3030425#3025425#3020425#3010425#3005425#3000425#3015425	1	0
205425	1	3030426#3025426#3020426#3010426#3005426#3000426#3015426	1	0
205426	1	3030427#3025427#3020427#3010427#3005427#3000427#3015427	1	0
205427	1	3030428#3025428#3020428#3010428#3005428#3000428#3015428	1	0
205428	1	3030429#3025429#3020429#3010429#3005429#3000429#3015429	1	0
205429	1	3030430#3025430#3020430#3010430#3005430#3000430#3015430	1	0
205430	1	3030431#3025431#3020431#3010431#3005431#3000431#3015431	1	0
205431	1	3030432#3025432#3020432#3010432#3005432#3000432#3015432	1	0
205432	1	3030433#3025433#3020433#3010433#3005433#3000433#3015433	1	0
205433	1	3030434#3025434#3020434#3010434#3005434#3000434#3015434	1	0
205434	1	3030435#3025435#3020435#3010435#3005435#3000435#3015435	1	0
205435	1	3030436#3025436#3020436#3010436#3005436#3000436#3015436	1	0
205436	1	3030437#3025437#3020437#3010437#3005437#3000437#3015437	1	0
205437	1	3030438#3025438#3020438#3010438#3005438#3000438#3015438	1	0
205438	1	3030439#3025439#3020439#3010439#3005439#3000439#3015439	1	0
205439	1	3030440#3025440#3020440#3010440#3005440#3000440#3015440	1	0
205440	1	3030441#3025441#3020441#3010441#3005441#3000441#3015441	1	0
205441	1	3030442#3025442#3020442#3010442#3005442#3000442#3015442	1	0
205442	1	3030443#3025443#3020443#3010443#3005443#3000443#3015443	1	0
205443	1	3030444#3025444#3020444#3010444#3005444#3000444#3015444	1	0
205444	1	3030445#3025445#3020445#3010445#3005445#3000445#3015445	1	0
205445	1	3030446#3025446#3020446#3010446#3005446#3000446#3015446	1	0
205446	1	3030447#3025447#3020447#3010447#3005447#3000447#3015447	1	0
205447	1	3030448#3025448#3020448#3010448#3005448#3000448#3015448	1	0
205448	1	3030449#3025449#3020449#3010449#3005449#3000449#3015449	1	0
205449	1	3030450#3025450#3020450#3010450#3005450#3000450#3015450	1	0
205450	1	3030451#3025451#3020451#3010451#3005451#3000451#3015451	1	0
205451	1	3030452#3025452#3020452#3010452#3005452#3000452#3015452	1	0
205452	1	3030453#3025453#3020453#3010453#3005453#3000453#3015453	1	0
205453	1	3030454#3025454#3020454#3010454#3005454#3000454#3015454	1	0
205454	1	3030455#3025455#3020455#3010455#3005455#3000455#3015455	1	0
205455	1	3030456#3025456#3020456#3010456#3005456#3000456#3015456	1	0
205456	1	3030457#3025457#3020457#3010457#3005457#3000457#3015457	1	0
205457	1	3030458#3025458#3020458#3010458#3005458#3000458#3015458	1	0
205458	1	3030459#3025459#3020459#3010459#3005459#3000459#3015459	1	0
205459	1	3030460#3025460#3020460#3010460#3005460#3000460#3015460	1	0
205460	1	3030461#3025461#3020461#3010461#3005461#3000461#3015461	1	0
205461	1	3030462#3025462#3020462#3010462#3005462#3000462#3015462	1	0
205462	1	3030463#3025463#3020463#3010463#3005463#3000463#3015463	1	0
205463	1	3030464#3025464#3020464#3010464#3005464#3000464#3015464	1	0
205464	1	3030465#3025465#3020465#3010465#3005465#3000465#3015465	1	0
205465	1	3030466#3025466#3020466#3010466#3005466#3000466#3015466	1	0
205466	1	3030467#3025467#3020467#3010467#3005467#3000467#3015467	1	0
205467	1	3030468#3025468#3020468#3010468#3005468#3000468#3015468	1	0
205468	1	3030469#3025469#3020469#3010469#3005469#3000469#3015469	1	0
205469	1	3030470#3025470#3020470#3010470#3005470#3000470#3015470	1	0
205470	1	3030471#3025471#3020471#3010471#3005471#3000471#3015471	1	0
205471	1	3030472#3025472#3020472#3010472#3005472#3000472#3015472	1	0
205472	1	3030473#3025473#3020473#3010473#3005473#3000473#3015473	1	0
205473	1	3030474#3025474#3020474#3010474#3005474#3000474#3015474	1	0
205474	1	3030475#3025475#3020475#3010475#3005475#3000475#3015475	1	0
205475	1	3030476#3025476#3020476#3010476#3005476#3000476#3015476	1	0
205476	1	3030477#3025477#3020477#3010477#3005477#3000477#3015477	1	0
205477	1	3030478#3025478#3020478#3010478#3005478#3000478#3015478	1	0
205478	1	3030479#3025479#3020479#3010479#3005479#3000479#3015479	1	0
205479	1	3030480#3025480#3020480#3010480#3005480#3000480#3015480	1	0
205480	1	3030481#3025481#3020481#3010481#3005481#3000481#3015481	1	0
205481	1	3030482#3025482#3020482#3010482#3005482#3000482#3015482	1	0
205482	1	3030483#3025483#3020483#3010483#3005483#3000483#3015483	1	0
205483	1	3030484#3025484#3020484#3010484#3005484#3000484#3015484	1	0
205484	1	3030485#3025485#3020485#3010485#3005485#3000485#3015485	1	0
205485	1	3030486#3025486#3020486#3010486#3005486#3000486#3015486	1	0
205486	1	3030487#3025487#3020487#3010487#3005487#3000487#3015487	1	0
205487	1	3030488#3025488#3020488#3010488#3005488#3000488#3015488	1	0
205488	1	3030489#3025489#3020489#3010489#3005489#3000489#3015489	1	0
205489	1	3030490#3025490#3020490#3010490#3005490#3000490#3015490	1	0
205490	1	3030491#3025491#3020491#3010491#3005491#3000491#3015491	1	0
205491	1	3030492#3025492#3020492#3010492#3005492#3000492#3015492	1	0
205492	1	3030493#3025493#3020493#3010493#3005493#3000493#3015493	1	0
205493	1	3030494#3025494#3020494#3010494#3005494#3000494#3015494	1	0
205494	1	3030495#3025495#3020495#3010495#3005495#3000495#3015495	1	0
205495	1	3030496#3025496#3020496#3010496#3005496#3000496#3015496	1	0
205496	1	3030497#3025497#3020497#3010497#3005497#3000497#3015497	1	0
205497	1	3030498#3025498#3020498#3010498#3005498#3000498#3015498	1	0
205498	1	3030499#3025499#3020499#3010499#3005499#3000499#3015499	1	0
205499	1	3030500#3025500#3020500#3010500#3005500#3000500#3015500	1	0
205500	1	3030501#3025501#3020501#3010501#3005501#3000501#3015501	1	0
205501	1	3030502#3025502#3020502#3010502#3005502#3000502#3015502	1	0
205502	1	3030503#3025503#3020503#3010503#3005503#3000503#3015503	1	0
205503	1	3030504#3025504#3020504#3010504#3005504#3000504#3015504	1	0
205504	1	3030505#3025505#3020505#3010505#3005505#3000505#3015505	1	0
205505	1	3030506#3025506#3020506#3010506#3005506#3000506#3015506	1	0
205506	1	3030507#3025507#3020507#3010507#3005507#3000507#3015507	1	0
205507	1	3030508#3025508#3020508#3010508#3005508#3000508#3015508	1	0
205508	1	3030509#3025509#3020509#3010509#3005509#3000509#3015509	1	0
205509	1	3030510#3025510#3020510#3010510#3005510#3000510#3015510	1	0
205510	1	3030511#3025511#3020511#3010511#3005511#3000511#3015511	1	0
205511	1	3030512#3025512#3020512#3010512#3005512#3000512#3015512	1	0
205512	1	3030513#3025513#3020513#3010513#3005513#3000513#3015513	1	0
205513	1	3030514#3025514#3020514#3010514#3005514#3000514#3015514	1	0
205514	1	3030515#3025515#3020515#3010515#3005515#3000515#3015515	1	0
205515	1	3030516#3025516#3020516#3010516#3005516#3000516#3015516	1	0
205516	1	3030517#3025517#3020517#3010517#3005517#3000517#3015517	1	0
205517	1	3030518#3025518#3020518#3010518#3005518#3000518#3015518	1	0
205518	1	3030519#3025519#3020519#3010519#3005519#3000519#3015519	1	0
205519	1	3030520#3025520#3020520#3010520#3005520#3000520#3015520	1	0
205520	1	3030521#3025521#3020521#3010521#3005521#3000521#3015521	1	0
205521	1	3030522#3025522#3020522#3010522#3005522#3000522#3015522	1	0
205522	1	3030523#3025523#3020523#3010523#3005523#3000523#3015523	1	0
205523	1	3030524#3025524#3020524#3010524#3005524#3000524#3015524	1	0
205524	1	3030525#3025525#3020525#3010525#3005525#3000525#3015525	1	0
205525	1	3030526#3025526#3020526#3010526#3005526#3000526#3015526	1	0
205526	1	3030527#3025527#3020527#3010527#3005527#3000527#3015527	1	0
205527	1	3030528#3025528#3020528#3010528#3005528#3000528#3015528	1	0
205528	1	3030529#3025529#3020529#3010529#3005529#3000529#3015529	1	0
205529	1	3030530#3025530#3020530#3010530#3005530#3000530#3015530	1	0
205530	1	3030531#3025531#3020531#3010531#3005531#3000531#3015531	1	0
205531	1	3030532#3025532#3020532#3010532#3005532#3000532#3015532	1	0
205532	1	3030533#3025533#3020533#3010533#3005533#3000533#3015533	1	0
205533	1	3030534#3025534#3020534#3010534#3005534#3000534#3015534	1	0
205534	1	3030535#3025535#3020535#3010535#3005535#3000535#3015535	1	0
205535	1	3030536#3025536#3020536#3010536#3005536#3000536#3015536	1	0
205536	1	3030537#3025537#3020537#3010537#3005537#3000537#3015537	1	0
205537	1	3030538#3025538#3020538#3010538#3005538#3000538#3015538	1	0
205538	1	3030539#3025539#3020539#3010539#3005539#3000539#3015539	1	0
205539	1	3030540#3025540#3020540#3010540#3005540#3000540#3015540	1	0
205540	1	3030541#3025541#3020541#3010541#3005541#3000541#3015541	1	0
205541	1	3030542#3025542#3020542#3010542#3005542#3000542#3015542	1	0
205542	1	3030543#3025543#3020543#3010543#3005543#3000543#3015543	1	0
205543	1	3030544#3025544#3020544#3010544#3005544#3000544#3015544	1	0
205544	1	3030545#3025545#3020545#3010545#3005545#3000545#3015545	1	0
205545	1	3030546#3025546#3020546#3010546#3005546#3000546#3015546	1	0
205546	1	3030547#3025547#3020547#3010547#3005547#3000547#3015547	1	0
205547	1	3030548#3025548#3020548#3010548#3005548#3000548#3015548	1	0
205548	1	3030549#3025549#3020549#3010549#3005549#3000549#3015549	1	0
205549	1	3030550#3025550#3020550#3010550#3005550#3000550#3015550	1	0
205550	1	3030551#3025551#3020551#3010551#3005551#3000551#3015551	1	0
205551	1	3030552#3025552#3020552#3010552#3005552#3000552#3015552	1	0
205552	1	3030553#3025553#3020553#3010553#3005553#3000553#3015553	1	0
205553	1	3030554#3025554#3020554#3010554#3005554#3000554#3015554	1	0
205554	1	3030555#3025555#3020555#3010555#3005555#3000555#3015555	1	0
205555	1	3030556#3025556#3020556#3010556#3005556#3000556#3015556	1	0
205556	1	3030557#3025557#3020557#3010557#3005557#3000557#3015557	1	0
205557	1	3030558#3025558#3020558#3010558#3005558#3000558#3015558	1	0
205558	1	3030559#3025559#3020559#3010559#3005559#3000559#3015559	1	0
205559	1	3030560#3025560#3020560#3010560#3005560#3000560#3015560	1	0
205560	1	3030561#3025561#3020561#3010561#3005561#3000561#3015561	1	0
205561	1	3030562#3025562#3020562#3010562#3005562#3000562#3015562	1	0
205562	1	3030563#3025563#3020563#3010563#3005563#3000563#3015563	1	0
205563	1	3030564#3025564#3020564#3010564#3005564#3000564#3015564	1	0
205564	1	3030565#3025565#3020565#3010565#3005565#3000565#3015565	1	0
205565	1	3030566#3025566#3020566#3010566#3005566#3000566#3015566	1	0
205566	1	3030567#3025567#3020567#3010567#3005567#3000567#3015567	1	0
205567	1	3030568#3025568#3020568#3010568#3005568#3000568#3015568	1	0
205568	1	3030569#3025569#3020569#3010569#3005569#3000569#3015569	1	0
205569	1	3030570#3025570#3020570#3010570#3005570#3000570#3015570	1	0
205570	1	3030571#3025571#3020571#3010571#3005571#3000571#3015571	1	0
205571	1	3030572#3025572#3020572#3010572#3005572#3000572#3015572	1	0
205572	1	3030573#3025573#3020573#3010573#3005573#3000573#3015573	1	0
205573	1	3030574#3025574#3020574#3010574#3005574#3000574#3015574	1	0
205574	1	3030575#3025575#3020575#3010575#3005575#3000575#3015575	1	0
205575	1	3030576#3025576#3020576#3010576#3005576#3000576#3015576	1	0
205576	1	3030577#3025577#3020577#3010577#3005577#3000577#3015577	1	0
205577	1	3030578#3025578#3020578#3010578#3005578#3000578#3015578	1	0
205578	1	3030579#3025579#3020579#3010579#3005579#3000579#3015579	1	0
205579	1	3030580#3025580#3020580#3010580#3005580#3000580#3015580	1	0
205580	1	3030581#3025581#3020581#3010581#3005581#3000581#3015581	1	0
205581	1	3030582#3025582#3020582#3010582#3005582#3000582#3015582	1	0
205582	1	3030583#3025583#3020583#3010583#3005583#3000583#3015583	1	0
205583	1	3030584#3025584#3020584#3010584#3005584#3000584#3015584	1	0
205584	1	3030585#3025585#3020585#3010585#3005585#3000585#3015585	1	0
205585	1	3030586#3025586#3020586#3010586#3005586#3000586#3015586	1	0
205586	1	3030587#3025587#3020587#3010587#3005587#3000587#3015587	1	0
205587	1	3030588#3025588#3020588#3010588#3005588#3000588#3015588	1	0
205588	1	3030589#3025589#3020589#3010589#3005589#3000589#3015589	1	0
205589	1	3030590#3025590#3020590#3010590#3005590#3000590#3015590	1	0
205590	1	3030591#3025591#3020591#3010591#3005591#3000591#3015591	1	0
205591	1	3030592#3025592#3020592#3010592#3005592#3000592#3015592	1	0
205592	1	3030593#3025593#3020593#3010593#3005593#3000593#3015593	1	0
205593	1	3030594#3025594#3020594#3010594#3005594#3000594#3015594	1	0
205594	1	3030595#3025595#3020595#3010595#3005595#3000595#3015595	1	0
205595	1	3030596#3025596#3020596#3010596#3005596#3000596#3015596	1	0
205596	1	3030597#3025597#3020597#3010597#3005597#3000597#3015597	1	0
205597	1	3030598#3025598#3020598#3010598#3005598#3000598#3015598	1	0
205598	1	3030599#3025599#3020599#3010599#3005599#3000599#3015599	1	0
205599	1	3030600#3025600#3020600#3010600#3005600#3000600#3015600	1	0
205600	1	3030601#3025601#3020601#3010601#3005601#3000601#3015601	1	0
205601	1	3030602#3025602#3020602#3010602#3005602#3000602#3015602	1	0
205602	1	3030603#3025603#3020603#3010603#3005603#3000603#3015603	1	0
205603	1	3030604#3025604#3020604#3010604#3005604#3000604#3015604	1	0
205604	1	3030605#3025605#3020605#3010605#3005605#3000605#3015605	1	0
205605	1	3030606#3025606#3020606#3010606#3005606#3000606#3015606	1	0
205606	1	3030607#3025607#3020607#3010607#3005607#3000607#3015607	1	0
205607	1	3030608#3025608#3020608#3010608#3005608#3000608#3015608	1	0
205608	1	3030609#3025609#3020609#3010609#3005609#3000609#3015609	1	0
205609	1	3030610#3025610#3020610#3010610#3005610#3000610#3015610	1	0
205610	1	3030611#3025611#3020611#3010611#3005611#3000611#3015611	1	0
205611	1	3030612#3025612#3020612#3010612#3005612#3000612#3015612	1	0
205612	1	3030613#3025613#3020613#3010613#3005613#3000613#3015613	1	0
205613	1	3030614#3025614#3020614#3010614#3005614#3000614#3015614	1	0
205614	1	3030615#3025615#3020615#3010615#3005615#3000615#3015615	1	0
205615	1	3030616#3025616#3020616#3010616#3005616#3000616#3015616	1	0
205616	1	3030617#3025617#3020617#3010617#3005617#3000617#3015617	1	0
205617	1	3030618#3025618#3020618#3010618#3005618#3000618#3015618	1	0
205618	1	3030619#3025619#3020619#3010619#3005619#3000619#3015619	1	0
205619	1	3030620#3025620#3020620#3010620#3005620#3000620#3015620	1	0
205620	1	3030621#3025621#3020621#3010621#3005621#3000621#3015621	1	0
205621	1	3030622#3025622#3020622#3010622#3005622#3000622#3015622	1	0
205622	1	3030623#3025623#3020623#3010623#3005623#3000623#3015623	1	0
205623	1	3030624#3025624#3020624#3010624#3005624#3000624#3015624	1	0
205624	1	3030625#3025625#3020625#3010625#3005625#3000625#3015625	1	0
205625	1	3030626#3025626#3020626#3010626#3005626#3000626#3015626	1	0
205626	1	3030627#3025627#3020627#3010627#3005627#3000627#3015627	1	0
205627	1	3030628#3025628#3020628#3010628#3005628#3000628#3015628	1	0
205628	1	3030629#3025629#3020629#3010629#3005629#3000629#3015629	1	0
205629	1	3030630#3025630#3020630#3010630#3005630#3000630#3015630	1	0
205630	1	3030631#3025631#3020631#3010631#3005631#3000631#3015631	1	0
205631	1	3030632#3025632#3020632#3010632#3005632#3000632#3015632	1	0
205632	1	3030633#3025633#3020633#3010633#3005633#3000633#3015633	1	0
205633	1	3030634#3025634#3020634#3010634#3005634#3000634#3015634	1	0
205634	1	3030635#3025635#3020635#3010635#3005635#3000635#3015635	1	0
205635	1	3030636#3025636#3020636#3010636#3005636#3000636#3015636	1	0
205636	1	3030637#3025637#3020637#3010637#3005637#3000637#3015637	1	0
205637	1	3030638#3025638#3020638#3010638#3005638#3000638#3015638	1	0
205638	1	3030639#3025639#3020639#3010639#3005639#3000639#3015639	1	0
205639	1	3030640#3025640#3020640#3010640#3005640#3000640#3015640	1	0
205640	1	3030641#3025641#3020641#3010641#3005641#3000641#3015641	1	0
205641	1	3030642#3025642#3020642#3010642#3005642#3000642#3015642	1	0
205642	1	3030643#3025643#3020643#3010643#3005643#3000643#3015643	1	0
205643	1	3030644#3025644#3020644#3010644#3005644#3000644#3015644	1	0
205644	1	3030645#3025645#3020645#3010645#3005645#3000645#3015645	1	0
205645	1	3030646#3025646#3020646#3010646#3005646#3000646#3015646	1	0
205646	1	3030647#3025647#3020647#3010647#3005647#3000647#3015647	1	0
205647	1	3030648#3025648#3020648#3010648#3005648#3000648#3015648	1	0
205648	1	3030649#3025649#3020649#3010649#3005649#3000649#3015649	1	0
205649	1	3030650#3025650#3020650#3010650#3005650#3000650#3015650	1	0
205650	1	3030651#3025651#3020651#3010651#3005651#3000651#3015651	1	0
205651	1	3030652#3025652#3020652#3010652#3005652#3000652#3015652	1	0
205652	1	3030653#3025653#3020653#3010653#3005653#3000653#3015653	1	0
205653	1	3030654#3025654#3020654#3010654#3005654#3000654#3015654	1	0
205654	1	3030655#3025655#3020655#3010655#3005655#3000655#3015655	1	0
205655	1	3030656#3025656#3020656#3010656#3005656#3000656#3015656	1	0
205656	1	3030657#3025657#3020657#3010657#3005657#3000657#3015657	1	0
205657	1	3030658#3025658#3020658#3010658#3005658#3000658#3015658	1	0
205658	1	3030659#3025659#3020659#3010659#3005659#3000659#3015659	1	0
205659	1	3030660#3025660#3020660#3010660#3005660#3000660#3015660	1	0
205660	1	3030661#3025661#3020661#3010661#3005661#3000661#3015661	1	0
205661	1	3030662#3025662#3020662#3010662#3005662#3000662#3015662	1	0
205662	1	3030663#3025663#3020663#3010663#3005663#3000663#3015663	1	0
205663	1	3030664#3025664#3020664#3010664#3005664#3000664#3015664	1	0
205664	1	3030665#3025665#3020665#3010665#3005665#3000665#3015665	1	0
205665	1	3030666#3025666#3020666#3010666#3005666#3000666#3015666	1	0
205666	1	3030667#3025667#3020667#3010667#3005667#3000667#3015667	1	0
205667	1	3030668#3025668#3020668#3010668#3005668#3000668#3015668	1	0
205668	1	3030669#3025669#3020669#3010669#3005669#3000669#3015669	1	0
205669	1	3030670#3025670#3020670#3010670#3005670#3000670#3015670	1	0
205670	1	3030671#3025671#3020671#3010671#3005671#3000671#3015671	1	0
205671	1	3030672#3025672#3020672#3010672#3005672#3000672#3015672	1	0
205672	1	3030673#3025673#3020673#3010673#3005673#3000673#3015673	1	0
205673	1	3030674#3025674#3020674#3010674#3005674#3000674#3015674	1	0
205674	1	3030675#3025675#3020675#3010675#3005675#3000675#3015675	1	0
205675	1	3030676#3025676#3020676#3010676#3005676#3000676#3015676	1	0
205676	1	3030677#3025677#3020677#3010677#3005677#3000677#3015677	1	0
205677	1	3030678#3025678#3020678#3010678#3005678#3000678#3015678	1	0
205678	1	3030679#3025679#3020679#3010679#3005679#3000679#3015679	1	0
205679	1	3030680#3025680#3020680#3010680#3005680#3000680#3015680	1	0
205680	1	3030681#3025681#3020681#3015681#3010681#3005681#3000681#3015681	1	0
205681	1	3030682#3025682#3020682#3015682#3010682#3005682#3000682#3015682	1	0
205682	1	3030683#3025683#3020683#3015683#3010683#3005683#3000683#3015683	1	0
205683	1	3030684#3025684#3020684#3015684#3010684#3005684#3000684#3015684	1	0
205684	1	3030685#3025685#3020685#3015685#3010685#3005685#3000685#3015685	1	0
205685	1	3030686#3025686#3020686#3015686#3010686#3005686#3000686#3015686	1	0
205686	1	3030687#3025687#3020687#3015687#3010687#3005687#3000687#3015687	1	0
205687	1	3030688#3025688#3020688#3015688#3010688#3005688#3000688#3015688	1	0
205688	1	3030689#3025689#3020689#3015689#3010689#3005689#3000689#3015689	1	0
205689	1	3030690#3025690#3020690#3015690#3010690#3005690#3000690#3015690	1	0
205690	1	3030691#3025691#3020691#3015691#3010691#3005691#3000691#3015691	1	0
205691	1	3030692#3025692#3020692#3015692#3010692#3005692#3000692#3015692	1	0
205692	1	3030693#3025693#3020693#3015693#3010693#3005693#3000693#3015693	1	0
205693	1	3030694#3025694#3020694#3015694#3010694#3005694#3000694#3015694	1	0
205694	1	3030695#3025695#3020695#3015695#3010695#3005695#3000695#3015695	1	0
205695	1	3030696#3025696#3020696#3015696#3010696#3005696#3000696#3015696	1	0
205696	1	3030697#3025697#3020697#3015697#3010697#3005697#3000697#3015697	1	0
205697	1	3030698#3025698#3020698#3015698#3010698#3005698#3000698#3015698	1	0
205698	1	3030699#3025699#3020699#3015699#3010699#3005699#3000699#3015699	1	0
205699	1	3030700#3025700#3020700#3015700#3010700#3005700#3000700#3015700	1	0
205700	1	3030701#3025701#3020701#3015701#3010701#3005701#3000701#3015701	1	0
205701	1	3030702#3025702#3020702#3015702#3010702#3005702#3000702#3015702	1	0
205702	1	3030703#3025703#3020703#3015703#3010703#3005703#3000703#3015703	1	0
205703	1	3030704#3025704#3020704#3015704#3010704#3005704#3000704#3015704	1	0
205704	1	3030705#3025705#3020705#3015705#3010705#3005705#3000705#3015705	1	0
205705	1	3030706#3025706#3020706#3015706#3010706#3005706#3000706#3015706	1	0
205706	1	3030707#3025707#3020707#3015707#3010707#3005707#3000707#3015707	1	0
205707	1	3030708#3025708#3020708#3015708#3010708#3005708#3000708#3015708	1	0
205708	1	3030709#3025709#3020709#3015709#3010709#3005709#3000709#3015709	1	0
205709	1	3030710#3025710#3020710#3015710#3010710#3005710#3000710#3015710	1	0
205710	1	3030711#3025711#3020711#3015711#3010711#3005711#3000711#3015711	1	0
205711	1	3030712#3025712#3020712#3015712#3010712#3005712#3000712#3015712	1	0
205712	1	3030713#3025713#3020713#3015713#3010713#3005713#3000713#3015713	1	0
205713	1	3030714#3025714#3020714#3015714#3010714#3005714#3000714#3015714	1	0
205714	1	3030715#3025715#3020715#3015715#3010715#3005715#3000715#3015715	1	0
205715	1	3030716#3025716#3020716#3015716#3010716#3005716#3000716#3015716	1	0
205716	1	3030717#3025717#3020717#3015717#3010717#3005717#3000717#3015717	1	0
205717	1	3030718#3025718#3020718#3015718#3010718#3005718#3000718#3015718	1	0
205718	1	3030719#3025719#3020719#3015719#3010719#3005719#3000719#3015719	1	0
205719	1	3030720#3025720#3020720#3015720#3010720#3005720#3000720#3015720	1	0
205720	1	3030721#3025721#3020721#3015721#3010721#3005721#3000721#3015721	1	0
205721	1	3030722#3025722#3020722#3015722#3010722#3005722#3000722#3015722	1	0
205722	1	3030723#3025723#3020723#3015723#3010723#3005723#3000723#3015723	1	0
205723	1	3030724#3025724#3020724#3015724#3010724#3005724#3000724#3015724	1	0
205724	1	3030725#3025725#3020725#3015725#3010725#3005725#3000725#3015725	1	0
205725	1	3030726#3025726#3020726#3015726#3010726#3005726#3000726#3015726	1	0
205726	1	3030727#3025727#3020727#3015727#3010727#3005727#3000727#3015727	1	0
205727	1	3030728#3025728#3020728#3015728#3010728#3005728#3000728#3015728	1	0
205728	1	3030729#3025729#3020729#3015729#3010729#3005729#3000729#3015729	1	0
205729	1	3030730#3025730#3020730#3015730#3010730#3005730#3000730#3015730	1	0
205730	1	3030731#3025731#3020731#3015731#3010731#3005731#3000731#3015731	1	0
205731	1	3030732#3025732#3020732#3015732#3010732#3005732#3000732#3015732	1	0
205732	1	3030733#3025733#3020733#3015733#3010733#3005733#3000733#3015733	1	0
205733	1	3030734#3025734#3020734#3015734#3010734#3005734#3000734#3015734	1	0
205734	1	3030735#3025735#3020735#3015735#3010735#3005735#3000735#3015735	1	0
205735	1	3030736#3025736#3020736#3015736#3010736#3005736#3000736#3015736	1	0
205736	1	3030737#3025737#3020737#3015737#3010737#3005737#3000737#3015737	1	0
205737	1	3030738#3025738#3020738#3015738#3010738#3005738#3000738#3015738	1	0
205738	1	3030739#3025739#3020739#3015739#3010739#3005739#3000739#3015739	1	0
205739	1	3030740#3025740#3020740#3015740#3010740#3005740#3000740#3015740	1	0
205740	1	3030741#3025741#3020741#3015741#3010741#3005741#3000741#3015741	1	0
205741	1	3030742#3025742#3020742#3015742#3010742#3005742#3000742#3015742	1	0
205742	1	3030743#3025743#3020743#3015743#3010743#3005743#3000743#3015743	1	0
205743	1	3030744#3025744#3020744#3015744#3010744#3005744#3000744#3015744	1	0
205744	1	3030745#3025745#3020745#3015745#3010745#3005745#3000745#3015745	1	0
205745	1	3030746#3025746#3020746#3015746#3010746#3005746#3000746#3015746	1	0
205746	1	3030747#3025747#3020747#3015747#3010747#3005747#3000747#3015747	1	0
205747	1	3030748#3025748#3020748#3015748#3010748#3005748#3000748#3015748	1	0
205748	1	3030749#3025749#3020749#3015749#3010749#3005749#3000749#3015749	1	0
205749	1	3030750#3025750#3020750#3015750#3010750#3005750#3000750#3015750	1	0
205750	1	3030751#3025751#3020751#3015751#3010751#3005751#3000751#3015751	1	0
205751	1	3030752#3025752#3020752#3015752#3010752#3005752#3000752#3015752	1	0
205752	1	3030753#3025753#3020753#3015753#3010753#3005753#3000753#3015753	1	0
205753	1	3030754#3025754#3020754#3015754#3010754#3005754#3000754#3015754	1	0
205754	1	3030755#3025755#3020755#3015755#3010755#3005755#3000755#3015755	1	0
205755	1	3030756#3025756#3020756#3015756#3010756#3005756#3000756#3015756	1	0
205756	1	3030757#3025757#3020757#3015757#3010757#3005757#3000757#3015757	1	0
205757	1	3030758#3025758#3020758#3015758#3010758#3005758#3000758#3015758	1	0
205758	1	3030759#3025759#3020759#3015759#3010759#3005759#3000759#3015759	1	0
205759	1	3030760#3025760#3020760#3015760#3010760#3005760#3000760#3015760	1	0
205760	1	3030761#3025761#3020761#3015761#3010761#3005761#3000761#3015761	1	0
205761	1	3030762#3025762#3020762#3015762#3010762#3005762#3000762#3015762	1	0
205762	1	3030763#3025763#3020763#3015763#3010763#3005763#3000763#3015763	1	0
205763	1	3030764#3025764#3020764#3015764#3010764#3005764#3000764#3015764	1	0
205764	1	3030765#3025765#3020765#3015765#3010765#3005765#3000765#3015765	1	0
205765	1	3030766#3025766#3020766#3015766#3010766#3005766#3000766#3015766	1	0
205766	1	3030767#3025767#3020767#3015767#3010767#3005767#3000767#3015767	1	0
205767	1	3030768#3025768#3020768#3015768#3010768#3005768#3000768#3015768	1	0
205768	1	3030769#3025769#3020769#3015769#3010769#3005769#3000769#3015769	1	0
205769	1	3030770#3025770#3020770#3015770#3010770#3005770#3000770#3015770	1	0
205770	1	3030771#3025771#3020771#3015771#3010771#3005771#3000771#3015771	1	0
205771	1	3030772#3025772#3020772#3015772#3010772#3005772#3000772#3015772	1	0
205772	1	3030773#3025773#3020773#3015773#3010773#3005773#3000773#3015773	1	0
205773	1	3030774#3025774#3020774#3015774#3010774#3005774#3000774#3015774	1	0
205774	1	3030775#3025775#3020775#3015775#3010775#3005775#3000775#3015775	1	0
205775	1	3030776#3025776#3020776#3015776#3010776#3005776#3000776#3015776	1	0
205776	1	3030777#3025777#3020777#3015777#3010777#3005777#3000777#3015777	1	0
205777	1	3030778#3025778#3020778#3015778#3010778#3005778#3000778#3015778	1	0
205778	1	3030779#3025779#3020779#3015779#3010779#3005779#3000779#3015779	1	0
205779	1	3030780#3025780#3020780#3015780#3010780#3005780#3000780#3015780	1	0
205780	1	3030781#3025781#3020781#3015781#3010781#3005781#3000781#3015781	1	0
205781	1	3030782#3025782#3020782#3015782#3010782#3005782#3000782#3015782	1	0
205782	1	3030783#3025783#3020783#3015783#3010783#3005783#3000783#3015783	1	0
205783	1	3030784#3025784#3020784#3015784#3010784#3005784#3000784#3015784	1	0
205784	1	3030785#3025785#3020785#3015785#3010785#3005785#3000785#3015785	1	0
205785	1	3030786#3025786#3020786#3015786#3010786#3005786#3000786#3015786	1	0
205786	1	3030787#3025787#3020787#3015787#3010787#3005787#3000787#3015787	1	0
205787	1	3030788#3025788#3020788#3015788#3010788#3005788#3000788#3015788	1	0
205788	1	3030789#3025789#3020789#3015789#3010789#3005789#3000789#3015789	1	0
205789	1	3030790#3025790#3020790#3015790#3010790#3005790#3000790#3015790	1	0
205790	1	3030791#3025791#3020791#3015791#3010791#3005791#3000791#3015791	1	0
205791	1	3030792#3025792#3020792#3015792#3010792#3005792#3000792#3015792	1	0
205792	1	3030793#3025793#3020793#3015793#3010793#3005793#3000793#3015793	1	0
205793	1	3030794#3025794#3020794#3015794#3010794#3005794#3000794#3015794	1	0
205794	1	3030795#3025795#3020795#3015795#3010795#3005795#3000795#3015795	1	0
205795	1	3030796#3025796#3020796#3015796#3010796#3005796#3000796#3015796	1	0
205796	1	3030797#3025797#3020797#3015797#3010797#3005797#3000797#3015797	1	0
205797	1	3030798#3025798#3020798#3015798#3010798#3005798#3000798#3015798	1	0
205798	1	3030799#3025799#3020799#3015799#3010799#3005799#3000799#3015799	1	0
205799	1	3030800#3025800#3020800#3015800#3010800#3005800#3000800#3015800	1	0
205800	1	3030801#3025801#3020801#3015801#3010801#3005801#3000801#3015801	1	0
205801	1	3030802#3025802#3020802#3015802#3010802#3005802#3000802#3015802	1	0
205802	1	3030803#3025803#3020803#3015803#3010803#3005803#3000803#3015803	1	0
205803	1	3030804#3025804#3020804#3015804#3010804#3005804#3000804#3015804	1	0
205804	1	3030805#3025805#3020805#3015805#3010805#3005805#3000805#3015805	1	0
205805	1	3030806#3025806#3020806#3015806#3010806#3005806#3000806#3015806	1	0
205806	1	3030807#3025807#3020807#3015807#3010807#3005807#3000807#3015807	1	0
205807	1	3030808#3025808#3020808#3015808#3010808#3005808#3000808#3015808	1	0
205808	1	3030809#3025809#3020809#3015809#3010809#3005809#3000809#3015809	1	0
205809	1	3030810#3025810#3020810#3015810#3010810#3005810#3000810#3015810	1	0
205810	1	3030811#3025811#3020811#3015811#3010811#3005811#3000811#3015811	1	0
205811	1	3030812#3025812#3020812#3015812#3010812#3005812#3000812#3015812	1	0
205812	1	3030813#3025813#3020813#3015813#3010813#3005813#3000813#3015813	1	0
205813	1	3030814#3025814#3020814#3015814#3010814#3005814#3000814#3015814	1	0
205814	1	3030815#3025815#3020815#3015815#3010815#3005815#3000815#3015815	1	0
205815	1	3030816#3025816#3020816#3015816#3010816#3005816#3000816#3015816	1	0
205816	1	3030817#3025817#3020817#3015817#3010817#3005817#3000817#3015817	1	0
205817	1	3030818#3025818#3020818#3015818#3010818#3005818#3000818#3015818	1	0
205818	1	3030819#3025819#3020819#3015819#3010819#3005819#3000819#3015819	1	0
205819	1	3030820#3025820#3020820#3015820#3010820#3005820#3000820#3015820	1	0
205820	1	3030821#3025821#3020821#3015821#3010821#3005821#3000821#3015821	1	0
205821	1	3030822#3025822#3020822#3015822#3010822#3005822#3000822#3015822	1	0
205822	1	3030823#3025823#3020823#3015823#3010823#3005823#3000823#3015823	1	0
205823	1	3030824#3025824#3020824#3015824#3010824#3005824#3000824#3015824	1	0
205824	1	3030825#3025825#3020825#3015825#3010825#3005825#3000825#3015825	1	0
205825	1	3030826#3025826#3020826#3015826#3010826#3005826#3000826#3015826	1	0
205826	1	3030827#3025827#3020827#3015827#3010827#3005827#3000827#3015827	1	0
205827	1	3030828#3025828#3020828#3015828#3010828#3005828#3000828#3015828	1	0
205828	1	3030829#3025829#3020829#3015829#3010829#3005829#3000829#3015829	1	0
205829	1	3030830#3025830#3020830#3015830#3010830#3005830#3000830#3015830	1	0
205830	1	3030831#3025831#3020831#3015831#3010831#3005831#3000831#3015831	1	0
205831	1	3030832#3025832#3020832#3015832#3010832#3005832#3000832#3015832	1	0
205832	1	3030833#3025833#3020833#3015833#3010833#3005833#3000833#3015833	1	0
205833	1	3030834#3025834#3020834#3015834#3010834#3005834#3000834#3015834	1	0
205834	1	3030835#3025835#3020835#3015835#3010835#3005835#3000835#3015835	1	0
205835	1	3030836#3025836#3020836#3015836#3010836#3005836#3000836#3015836	1	0
205836	1	3030837#3025837#3020837#3015837#3010837#3005837#3000837#3015837	1	0
205837	1	3030838#3025838#3020838#3015838#3010838#3005838#3000838#3015838	1	0
205838	1	3030839#3025839#3020839#3015839#3010839#3005839#3000839#3015839	1	0
205839	1	3030840#3025840#3020840#3015840#3010840#3005840#3000840#3015840	1	0
205840	1	3030841#3025841#3020841#3015841#3010841#3005841#3000841#3015841	1	0
205841	1	3030842#3025842#3020842#3015842#3010842#3005842#3000842#3015842	1	0
205842	1	3030843#3025843#3020843#3015843#3010843#3005843#3000843#3015843	1	0
205843	1	3030844#3025844#3020844#3015844#3010844#3005844#3000844#3015844	1	0
205844	1	3030845#3025845#3020845#3015845#3010845#3005845#3000845#3015845	1	0
205845	1	3030846#3025846#3020846#3015846#3010846#3005846#3000846#3015846	1	0
205846	1	3030847#3025847#3020847#3015847#3010847#3005847#3000847#3015847	1	0
205847	1	3030848#3025848#3020848#3015848#3010848#3005848#3000848#3015848	1	0
205848	1	3030849#3025849#3020849#3015849#3010849#3005849#3000849#3015849	1	0
205849	1	3030850#3025850#3020850#3015850#3010850#3005850#3000850#3015850	1	0
205850	1	3030851#3025851#3020851#3015851#3010851#3005851#3000851#3015851	1	0
205851	1	3030852#3025852#3020852#3015852#3010852#3005852#3000852#3015852	1	0
205852	1	3030853#3025853#3020853#3015853#3010853#3005853#3000853#3015853	1	0
205853	1	3030854#3025854#3020854#3015854#3010854#3005854#3000854#3015854	1	0
205854	1	3030855#3025855#3020855#3015855#3010855#3005855#3000855#3015855	1	0
205855	1	3030856#3025856#3020856#3015856#3010856#3005856#3000856#3015856	1	0
205856	1	3030857#3025857#3020857#3015857#3010857#3005857#3000857#3015857	1	0
205857	1	3030858#3025858#3020858#3015858#3010858#3005858#3000858#3015858	1	0
205858	1	3030859#3025859#3020859#3015859#3010859#3005859#3000859#3015859	1	0
205859	1	3030860#3025860#3020860#3015860#3010860#3005860#3000860#3015860	1	0
205860	1	3030861#3025861#3020861#3015861#3010861#3005861#3000861#3015861	1	0
205861	1	3030862#3025862#3020862#3015862#3010862#3005862#3000862#3015862	1	0
205862	1	3030863#3025863#3020863#3015863#3010863#3005863#3000863#3015863	1	0
205863	1	3030864#3025864#3020864#3015864#3010864#3005864#3000864#3015864	1	0
205864	1	3030865#3025865#3020865#3015865#3010865#3005865#3000865#3015865	1	0
205865	1	3030866#3025866#3020866#3015866#3010866#3005866#3000866#3015866	1	0
205866	1	3030867#3025867#3020867#3015867#3010867#3005867#3000867#3015867	1	0
205867	1	3030868#3025868#3020868#3015868#3010868#3005868#3000868#3015868	1	0
205868	1	3030869#3025869#3020869#3015869#3010869#3005869#3000869#3015869	1	0
205869	1	3030870#3025870#3020870#3015870#3010870#3005870#3000870#3015870	1	0
205870	1	3030871#3025871#3020871#3015871#3010871#3005871#3000871#3015871	1	0
205871	1	3030872#3025872#3020872#3015872#3010872#3005872#3000872#3015872	1	0
205872	1	3030873#3025873#3020873#3015873#3010873#3005873#3000873#3015873	1	0
205873	1	3030874#3025874#3020874#3015874#3010874#3005874#3000874#3015874	1	0
205874	1	3030875#3025875#3020875#3015875#3010875#3005875#3000875#3015875	1	0
205875	1	3030876#3025876#3020876#3015876#3010876#3005876#3000876#3015876	1	0
205876	1	3030877#3025877#3020877#3015877#3010877#3005877#3000877#3015877	1	0
205877	1	3030878#3025878#3020878#3015878#3010878#3005878#3000878#3015878	1	0
205878	1	3030879#3025879#3020879#3015879#3010879#3005879#3000879#3015879	1	0
205879	1	3030880#3025880#3020880#3015880#3010880#3005880#3000880#3015880	1	0
205880	1	3030881#3025881#3020881#3015881#3010881#3005881#3000881#3015881	1	0
205881	1	3030882#3025882#3020882#3015882#3010882#3005882#3000882#3015882	1	0
205882	1	3030883#3025883#3020883#3015883#3010883#3005883#3000883#3015883	1	0
205883	1	3030884#3025884#3020884#3015884#3010884#3005884#3000884#3015884	1	0
205884	1	3030885#3025885#3020885#3015885#3010885#3005885#3000885#3015885	1	0
205885	1	3030886#3025886#3020886#3015886#3010886#3005886#3000886#3015886	1	0
205886	1	3030887#3025887#3020887#3015887#3010887#3005887#3000887#3015887	1	0
205887	1	3030888#3025888#3020888#3015888#3010888#3005888#3000888#3015888	1	0
205888	1	3030889#3025889#3020889#3015889#3010889#3005889#3000889#3015889	1	0
205889	1	3030890#3025890#3020890#3015890#3010890#3005890#3000890#3015890	1	0
205890	1	3030891#3025891#3020891#3015891#3010891#3005891#3000891#3015891	1	0
205891	1	3030892#3025892#3020892#3015892#3010892#3005892#3000892#3015892	1	0
205892	1	3030893#3025893#3020893#3015893#3010893#3005893#3000893#3015893	1	0
205893	1	3030894#3025894#3020894#3015894#3010894#3005894#3000894#3015894	1	0
205894	1	3030895#3025895#3020895#3015895#3010895#3005895#3000895#3015895	1	0
205895	1	3030896#3025896#3020896#3015896#3010896#3005896#3000896#3015896	1	0
205896	1	3030897#3025897#3020897#3015897#3010897#3005897#3000897#3015897	1	0
205897	1	3030898#3025898#3020898#3015898#3010898#3005898#3000898#3015898	1	0
205898	1	3030899#3025899#3020899#3015899#3010899#3005899#3000899#3015899	1	0
205899	1	3030900#3025900#3020900#3015900#3010900#3005900#3000900#3015900	1	0
205900	1	3030901#3025901#3020901#3015901#3010901#3005901#3000901#3015901	1	0
205901	1	3030902#3025902#3020902#3015902#3010902#3005902#3000902#3015902	1	0
205902	1	3030903#3025903#3020903#3015903#3010903#3005903#3000903#3015903	1	0
205903	1	3030904#3025904#3020904#3015904#3010904#3005904#3000904#3015904	1	0
205904	1	3030905#3025905#3020905#3015905#3010905#3005905#3000905#3015905	1	0
205905	1	3030906#3025906#3020906#3015906#3010906#3005906#3000906#3015906	1	0
205906	1	3030907#3025907#3020907#3015907#3010907#3005907#3000907#3015907	1	0
205907	1	3030908#3025908#3020908#3015908#3010908#3005908#3000908#3015908	1	0
205908	1	3030909#3025909#3020909#3015909#3010909#3005909#3000909#3015909	1	0
205909	1	3030910#3025910#3020910#3015910#3010910#3005910#3000910#3015910	1	0
205910	1	3030911#3025911#3020911#3015911#3010911#3005911#3000911#3015911	1	0
205911	1	3030912#3025912#3020912#3015912#3010912#3005912#3000912#3015912	1	0
205912	1	3030913#3025913#3020913#3015913#3010913#3005913#3000913#3015913	1	0
205913	1	3030914#3025914#3020914#3015914#3010914#3005914#3000914#3015914	1	0
205914	1	3030915#3025915#3020915#3015915#3010915#3005915#3000915#3015915	1	0
205915	1	3030916#3025916#3020916#3015916#3010916#3005916#3000916#3015916	1	0
205916	1	3030917#3025917#3020917#3015917#3010917#3005917#3000917#3015917	1	0
205917	1	3030918#3025918#3020918#3015918#3010918#3005918#3000918#3015918	1	0
205918	1	3030919#3025919#3020919#3015919#3010919#3005919#3000919#3015919	1	0
205919	1	3030920#3025920#3020920#3015920#3010920#3005920#3000920#3015920	1	0
205920	1	3030921#3025921#3020921#3015921#3010921#3005921#3000921#3015921	1	0
205921	1	3030922#3025922#3020922#3015922#3010922#3005922#3000922#3015922	1	0
205922	1	3030923#3025923#3020923#3015923#3010923#3005923#3000923#3015923	1	0
205923	1	3030924#3025924#3020924#3015924#3010924#3005924#3000924#3015924	1	0
205924	1	3030925#3025925#3020925#3015925#3010925#3005925#3000925#3015925	1	0
205925	1	3030926#3025926#3020926#3015926#3010926#3005926#3000926#3015926	1	0
205926	1	3030927#3025927#3020927#3015927#3010927#3005927#3000927#3015927	1	0
205927	1	3030928#3025928#3020928#3015928#3010928#3005928#3000928#3015928	1	0
205928	1	3030929#3025929#3020929#3015929#3010929#3005929#3000929#3015929	1	0
205929	1	3030930#3025930#3020930#3015930#3010930#3005930#3000930#3015930	1	0
205930	1	3030931#3025931#3020931#3015931#3010931#3005931#3000931#3015931	1	0
205931	1	3030932#3025932#3020932#3015932#3010932#3005932#3000932#3015932	1	0
205932	1	3030933#3025933#3020933#3015933#3010933#3005933#3000933#3015933	1	0
205933	1	3030934#3025934#3020934#3015934#3010934#3005934#3000934#3015934	1	0
205934	1	3030935#3025935#3020935#3015935#3010935#3005935#3000935#3015935	1	0
205935	1	3030936#3025936#3020936#3015936#3010936#3005936#3000936#3015936	1	0
205936	1	3030937#3025937#3020937#3015937#3010937#3005937#3000937#3015937	1	0
205937	1	3030938#3025938#3020938#3015938#3010938#3005938#3000938#3015938	1	0
205938	1	3030939#3025939#3020939#3015939#3010939#3005939#3000939#3015939	1	0
205939	1	3030940#3025940#3020940#3015940#3010940#3005940#3000940#3015940	1	0
205940	1	3030941#3025941#3020941#3015941#3010941#3005941#3000941#3015941	1	0
205941	1	3030942#3025942#3020942#3015942#3010942#3005942#3000942#3015942	1	0
205942	1	3030943#3025943#3020943#3015943#3010943#3005943#3000943#3015943	1	0
205943	1	3030944#3025944#3020944#3015944#3010944#3005944#3000944#3015944	1	0
205944	1	3030945#3025945#3020945#3015945#3010945#3005945#3000945#3015945	1	0
205945	1	3030946#3025946#3020946#3015946#3010946#3005946#3000946#3015946	1	0
205946	1	3030947#3025947#3020947#3015947#3010947#3005947#3000947#3015947	1	0
205947	1	3030948#3025948#3020948#3015948#3010948#3005948#3000948#3015948	1	0
205948	1	3030949#3025949#3020949#3015949#3010949#3005949#3000949#3015949	1	0
205949	1	3030950#3025950#3020950#3015950#3010950#3005950#3000950#3015950	1	0
205950	1	3030951#3025951#3020951#3015951#3010951#3005951#3000951#3015951	1	0
205951	1	3030952#3025952#3020952#3015952#3010952#3005952#3000952#3015952	1	0
205952	1	3030953#3025953#3020953#3015953#3010953#3005953#3000953#3015953	1	0
205953	1	3030954#3025954#3020954#3015954#3010954#3005954#3000954#3015954	1	0
205954	1	3030955#3025955#3020955#3015955#3010955#3005955#3000955#3015955	1	0
205955	1	3030956#3025956#3020956#3015956#3010956#3005956#3000956#3015956	1	0
205956	1	3030957#3025957#3020957#3015957#3010957#3005957#3000957#3015957	1	0
205957	1	3030958#3025958#3020958#3015958#3010958#3005958#3000958#3015958	1	0
205958	1	3030959#3025959#3020959#3015959#3010959#3005959#3000959#3015959	1	0
205959	1	3030960#3025960#3020960#3015960#3010960#3005960#3000960#3015960	1	0
205960	1	3030961#3025961#3020961#3015961#3010961#3005961#3000961#3015961	1	0
205961	1	3030962#3025962#3020962#3015962#3010962#3005962#3000962#3015962	1	0
205962	1	3030963#3025963#3020963#3015963#3010963#3005963#3000963#3015963	1	0
205963	1	3030964#3025964#3020964#3015964#3010964#3005964#3000964#3015964	1	0
205964	1	3030965#3025965#3020965#3015965#3010965#3005965#3000965#3015965	1	0
205965	1	3030966#3025966#3020966#3015966#3010966#3005966#3000966#3015966	1	0
205966	1	3030967#3025967#3020967#3015967#3010967#3005967#3000967#3015967	1	0
205967	1	3030968#3025968#3020968#3015968#3010968#3005968#3000968#3015968	1	0
205968	1	3030969#3025969#3020969#3015969#3010969#3005969#3000969#3015969	1	0
205969	1	3030970#3025970#3020970#3015970#3010970#3005970#3000970#3015970	1	0
205970	1	3030971#3025971#3020971#3015971#3010971#3005971#3000971#3015971	1	0
205971	1	3030972#3025972#3020972#3015972#3010972#3005972#3000972#3015972	1	0
205972	1	3030973#3025973#3020973#3015973#3010973#3005973#3000973#3015973	1	0
205973	1	3030974#3025974#3020974#3015974#3010974#3005974#3000974#3015974	1	0
205974	1	3030975#3025975#3020975#3015975#3010975#3005975#3000975#3015975	1	0
205975	1	3030976#3025976#3020976#3015976#3010976#3005976#3000976#3015976	1	0
205976	1	3030977#3025977#3020977#3015977#3010977#3005977#3000977#3015977	1	0
205977	1	3030978#3025978#3020978#3015978#3010978#3005978#3000978#3015978	1	0
205978	1	3030979#3025979#3020979#3015979#3010979#3005979#3000979#3015979	1	0
205979	1	3030980#3025980#3020980#3015980#3010980#3005980#3000980#3015980	1	0
205980	1	3030981#3025981#3020981#3015981#3010981#3005981#3000981#3015981	1	0
205981	1	3030982#3025982#3020982#3015982#3010982#3005982#3000982#3015982	1	0
205982	1	3030983#3025983#3020983#3015983#3010983#3005983#3000983#3015983	1	0
205983	1	3030984#3025984#3020984#3015984#3010984#3005984#3000984#3015984	1	0
205984	1	3030985#3025985#3020985#3015985#3010985#3005985#3000985#3015985	1	0
205985	1	3030986#3025986#3020986#3015986#3010986#3005986#3000986#3015986	1	0
205986	1	3030987#3025987#3020987#3015987#3010987#3005987#3000987#3015987	1	0
205987	1	3030988#3025988#3020988#3015988#3010988#3005988#3000988#3015988	1	0
205988	1	3030989#3025989#3020989#3015989#3010989#3005989#3000989#3015989	1	0
205989	1	3030990#3025990#3020990#3015990#3010990#3005990#3000990#3015990	1	0
205990	1	3030991#3025991#3020991#3015991#3010991#3005991#3000991#3015991	1	0
205991	1	3030992#3025992#3020992#3015992#3010992#3005992#3000992#3015992	1	0
205992	1	3030993#3025993#3020993#3015993#3010993#3005993#3000993#3015993	1	0
205993	1	3030994#3025994#3020994#3015994#3010994#3005994#3000994#3015994	1	0
205994	1	3030995#3025995#3020995#3015995#3010995#3005995#3000995#3015995	1	0
205995	1	3030996#3025996#3020996#3015996#3010996#3005996#3000996#3015996	1	0
205996	1	3030997#3025997#3020997#3015997#3010997#3005997#3000997#3015997	1	0
205997	1	3030998#3025998#3020998#3015998#3010998#3005998#3000998#3015998	1	0
205998	1	3030999#3025999#3020999#3015999#3010999#3005999#3000999#3015999	1	0
205999	1	3031000#3026000#3021000#3016000#3011000#3006000#3001000#3016000	1	0
9101	1	910001#920001#930001#940001	4	0
9102	1	910002#920002#930002#940002	4	0
9103	1	910003#920003#930003#940003	4	0
9104	1	910004#920004#930004#940004	4	0
9105	1	910005#920005#930005#940005	4	0
9106	1	910006#920006#930006#940006	4	0
9107	1	910007#920007#930007#940007	4	0
9108	1	910008#920008#930008#940008	4	0
9109	1	910009#920009#930009#940009	4	0
9110	1	910010#920010#930010#940010	4	0
9111	1	910011#920011#930011#940011	4	0
9112	1	910012#920012#930012#940012	4	0
9113	1	910013#920013#930013#940013	4	0
9114	1	910014#920014#930014#940014	4	0
9115	1	910015#920015#930015#940015	4	0
9116	1	910016#920016#930016#940016	4	0
9117	1	910017#920017#930017#940017	4	0
9118	1	910018#920018#930018#940018	4	0
9119	1	910019#920019#930019#940019	4	0
9120	1	910020#920020#930020#940020	4	0
9121	1	910021#920021#930021#940021	4	0
9122	1	910022#920022#930022#940022	4	0
9123	1	910023#920023#930023#940023	4	0
9124	1	910024#920024#930024#940024	4	0
9125	1	910025#920025#930025#940025	4	0
9126	1	910026#920026#930026#940026	4	0
9127	1	910027#920027#930027#940027	4	0
9128	1	910028#920028#930028#940028	4	0
9129	1	910029#920029#930029#940029	4	0
9130	1	910030#920030#930030#940030	4	0
9131	1	910031#920031#930031#940031	4	0
9132	1	910032#920032#930032#940032	4	0
9133	1	910033#920033#930033#940033	4	0
9134	1	910034#920034#930034#940034	4	0
9135	1	910035#920035#930035#940035	4	0
9136	1	910036#920036#930036#940036	4	0
9137	1	910037#920037#930037#940037	4	0
9138	1	910038#920038#930038#940038	4	0
9139	1	910039#920039#930039#940039	4	0
9140	1	910040#920040#930040#940040	4	0
9141	1	910041#920041#930041#940041	4	0
9142	1	910042#920042#930042#940042	4	0
9143	1	910043#920043#930043#940043	4	0
9144	1	910044#920044#930044#940044	4	0
9145	1	910045#920045#930045#940045	4	0
9146	1	910046#920046#930046#940046	4	0
9147	1	910047#920047#930047#940047	4	0
9148	1	910048#920048#930048#940048	4	0
9149	1	910049#920049#930049#940049	4	0
9150	1	910050#920050#930050#940050	4	0
9151	1	910051#920051#930051#940051	4	0
9152	1	910052#920052#930052#940052	4	0
9153	1	910053#920053#930053#940053	4	0
9154	1	910054#920054#930054#940054	4	0
9155	1	910055#920055#930055#940055	4	0
9156	1	910056#920056#930056#940056	4	0
9157	1	910057#920057#930057#940057	4	0
9158	1	910058#920058#930058#940058	4	0
9159	1	910059#920059#930059#940059	4	0
9160	1	910060#920060#930060#940060	4	0
9161	1	910061#920061#930061#940061	4	0
9162	1	910062#920062#930062#940062	4	0
9163	1	910063#920063#930063#940063	4	0
9164	1	910064#920064#930064#940064	4	0
9165	1	910065#920065#930065#940065	4	0
9166	1	910066#920066#930066#940066	4	0
9167	1	910067#920067#930067#940067	4	0
9168	1	910068#920068#930068#940068	4	0
9169	1	910069#920069#930069#940069	4	0
9170	1	910070#920070#930070#940070	4	0
9171	1	910071#920071#930071#940071	4	0
9172	1	910072#920072#930072#940072	4	0
9173	1	910073#920073#930073#940073	4	0
9174	1	910074#920074#930074#940074	4	0
9175	1	910075#920075#930075#940075	4	0
9176	1	910076#920076#930076#940076	4	0
9177	1	910077#920077#930077#940077	4	0
9178	1	910078#920078#930078#940078	4	0
9179	1	910079#920079#930079#940079	4	0
9180	1	910080#920080#930080#940080	4	0
9181	1	910081#920081#930081#940081	4	0
9182	1	910082#920082#930082#940082	4	0
9183	1	910083#920083#930083#940083	4	0
9184	1	910084#920084#930084#940084	4	0
9185	1	910085#920085#930085#940085	4	0
9186	1	910086#920086#930086#940086	4	0
9187	1	910087#920087#930087#940087	4	0
9188	1	910088#920088#930088#940088	4	0
9189	1	910089#920089#930089#940089	4	0
9190	1	910090#920090#930090#940090	4	0
9191	1	910091#920091#930091#940091	4	0
9192	1	910092#920092#930092#940092	4	0
9193	1	910093#920093#930093#940093	4	0
9194	1	910094#920094#930094#940094	4	0
9195	1	910095#920095#930095#940095	4	0
9196	1	910096#920096#930096#940096	4	0
9197	1	910097#920097#930097#940097	4	0
9198	1	910098#920098#930098#940098	4	0
9199	1	910099#920099#930099#940099	4	0
9200	1	910100#920100#930100#940100	4	0
9201	1	910101#920101#930101#940101	4	0
9202	1	910102#920102#930102#940102	4	0
9203	1	910103#920103#930103#940103	4	0
9204	1	910104#920104#930104#940104	4	0
9205	1	910105#920105#930105#940105	4	0
9206	1	910106#920106#930106#940106	4	0
9207	1	910107#920107#930107#940107	4	0
9208	1	910108#920108#930108#940108	4	0
9209	1	910109#920109#930109#940109	4	0
9210	1	910110#920110#930110#940110	4	0
9211	1	910111#920111#930111#940111	4	0
9212	1	910112#920112#930112#940112	4	0
9213	1	910113#920113#930113#940113	4	0
9214	1	910114#920114#930114#940114	4	0
9215	1	910115#920115#930115#940115	4	0
9216	1	910116#920116#930116#940116	4	0
9217	1	910117#920117#930117#940117	4	0
9218	1	910118#920118#930118#940118	4	0
9219	1	910119#920119#930119#940119	4	0
9220	1	910120#920120#930120#940120	4	0
9221	1	910121#920121#930121#940121	4	0
9222	1	910122#920122#930122#940122	4	0
9223	1	910123#920123#930123#940123	4	0
9224	1	910124#920124#930124#940124	4	0
9225	1	910125#920125#930125#940125	4	0
9226	1	910126#920126#930126#940126	4	0
9227	1	910127#920127#930127#940127	4	0
9228	1	910128#920128#930128#940128	4	0
9229	1	910129#920129#930129#940129	4	0
9230	1	910130#920130#930130#940130	4	0
9231	1	910131#920131#930131#940131	4	0
9232	1	910132#920132#930132#940132	4	0
9233	1	910133#920133#930133#940133	4	0
9234	1	910134#920134#930134#940134	4	0
9235	1	910135#920135#930135#940135	4	0
9236	1	910136#920136#930136#940136	4	0
9237	1	910137#920137#930137#940137	4	0
9238	1	910138#920138#930138#940138	4	0
9239	1	910139#920139#930139#940139	4	0
9240	1	910140#920140#930140#940140	4	0
9241	1	910141#920141#930141#940141	4	0
9242	1	910142#920142#930142#940142	4	0
9243	1	910143#920143#930143#940143	4	0
9244	1	910144#920144#930144#940144	4	0
9245	1	910145#920145#930145#940145	4	0
9246	1	910146#920146#930146#940146	4	0
9247	1	910147#920147#930147#940147	4	0
9248	1	910148#920148#930148#940148	4	0
9249	1	910149#920149#930149#940149	4	0
9250	1	910150#920150#930150#940150	4	0
9251	1	910151#920151#930151#940151	4	0
9252	1	910152#920152#930152#940152	4	0
9253	1	910153#920153#930153#940153	4	0
9254	1	910154#920154#930154#940154	4	0
9255	1	910155#920155#930155#940155	4	0
9256	1	910156#920156#930156#940156	4	0
9257	1	910157#920157#930157#940157	4	0
9258	1	910158#920158#930158#940158	4	0
9259	1	910159#920159#930159#940159	4	0
9260	1	910160#920160#930160#940160	4	0
9261	1	910161#920161#930161#940161	4	0
9262	1	910162#920162#930162#940162	4	0
9263	1	910163#920163#930163#940163	4	0
9264	1	910164#920164#930164#940164	4	0
9265	1	910165#920165#930165#940165	4	0
9266	1	910166#920166#930166#940166	4	0
9267	1	910167#920167#930167#940167	4	0
9268	1	910168#920168#930168#940168	4	0
9269	1	910169#920169#930169#940169	4	0
9270	1	910170#920170#930170#940170	4	0
9271	1	910171#920171#930171#940171	4	0
9272	1	910172#920172#930172#940172	4	0
9273	1	910173#920173#930173#940173	4	0
9274	1	910174#920174#930174#940174	4	0
9275	1	910175#920175#930175#940175	4	0
9276	1	910176#920176#930176#940176	4	0
9277	1	910177#920177#930177#940177	4	0
9278	1	910178#920178#930178#940178	4	0
9279	1	910179#920179#930179#940179	4	0
9280	1	910180#920180#930180#940180	4	0
9281	1	910181#920181#930181#940181	4	0
9282	1	910182#920182#930182#940182	4	0
9283	1	910183#920183#930183#940183	4	0
9284	1	910184#920184#930184#940184	4	0
9285	1	910185#920185#930185#940185	4	0
9286	1	910186#920186#930186#940186	4	0
9287	1	910187#920187#930187#940187	4	0
9288	1	910188#920188#930188#940188	4	0
9289	1	910189#920189#930189#940189	4	0
9290	1	910190#920190#930190#940190	4	0
9291	1	910191#920191#930191#940191	4	0
9292	1	910192#920192#930192#940192	4	0
9293	1	910193#920193#930193#940193	4	0
9294	1	910194#920194#930194#940194	4	0
9295	1	910195#920195#930195#940195	4	0
9296	1	910196#920196#930196#940196	4	0
9297	1	910197#920197#930197#940197	4	0
9298	1	910198#920198#930198#940198	4	0
9299	1	910199#920199#930199#940199	4	0
9300	1	910200#920200#930200#940200	4	0
9301	1	910201#920201#930201#940201	4	0
9302	1	910202#920202#930202#940202	4	0
9303	1	910203#920203#930203#940203	4	0
9304	1	910204#920204#930204#940204	4	0
9305	1	910205#920205#930205#940205	4	0
9306	1	910206#920206#930206#940206	4	0
9307	1	910207#920207#930207#940207	4	0
9308	1	910208#920208#930208#940208	4	0
9309	1	910209#920209#930209#940209	4	0
9310	1	910210#920210#930210#940210	4	0
9311	1	910211#920211#930211#940211	4	0
9312	1	910212#920212#930212#940212	4	0
9313	1	910213#920213#930213#940213	4	0
9314	1	910214#920214#930214#940214	4	0
9315	1	910215#920215#930215#940215	4	0
9316	1	910216#920216#930216#940216	4	0
9317	1	910217#920217#930217#940217	4	0
9318	1	910218#920218#930218#940218	4	0
9319	1	910219#920219#930219#940219	4	0
9320	1	910220#920220#930220#940220	4	0
9321	1	910221#920221#930221#940221	4	0
9322	1	910222#920222#930222#940222	4	0
9323	1	910223#920223#930223#940223	4	0
9324	1	910224#920224#930224#940224	4	0
9325	1	910225#920225#930225#940225	4	0
9326	1	910226#920226#930226#940226	4	0
9327	1	910227#920227#930227#940227	4	0
9328	1	910228#920228#930228#940228	4	0
9329	1	910229#920229#930229#940229	4	0
9330	1	910230#920230#930230#940230	4	0
9331	1	910231#920231#930231#940231	4	0
9332	1	910232#920232#930232#940232	4	0
9333	1	910233#920233#930233#940233	4	0
9334	1	910234#920234#930234#940234	4	0
9335	1	910235#920235#930235#940235	4	0
9336	1	910236#920236#930236#940236	4	0
9337	1	910237#920237#930237#940237	4	0
9338	1	910238#920238#930238#940238	4	0
9339	1	910239#920239#930239#940239	4	0
9340	1	910240#920240#930240#940240	4	0
9341	1	910241#920241#930241#940241	4	0
9342	1	910242#920242#930242#940242	4	0
9343	1	910243#920243#930243#940243	4	0
9344	1	910244#920244#930244#940244	4	0
9345	1	910245#920245#930245#940245	4	0
9346	1	910246#920246#930246#940246	4	0
9347	1	910247#920247#930247#940247	4	0
9348	1	910248#920248#930248#940248	4	0
9349	1	910249#920249#930249#940249	4	0
9350	1	910250#920250#930250#940250	4	0
9351	1	910251#920251#930251#940251	4	0
9352	1	910252#920252#930252#940252	4	0
9353	1	910253#920253#930253#940253	4	0
9354	1	910254#920254#930254#940254	4	0
9355	1	910255#920255#930255#940255	4	0
9356	1	910256#920256#930256#940256	4	0
9357	1	910257#920257#930257#940257	4	0
9358	1	910258#920258#930258#940258	4	0
9359	1	910259#920259#930259#940259	4	0
9360	1	910260#920260#930260#940260	4	0
9361	1	910261#920261#930261#940261	4	0
9362	1	910262#920262#930262#940262	4	0
9363	1	910263#920263#930263#940263	4	0
9364	1	910264#920264#930264#940264	4	0
9365	1	910265#920265#930265#940265	4	0
9366	1	910266#920266#930266#940266	4	0
9367	1	910267#920267#930267#940267	4	0
9368	1	910268#920268#930268#940268	4	0
9369	1	910269#920269#930269#940269	4	0
9370	1	910270#920270#930270#940270	4	0
9371	1	910271#920271#930271#940271	4	0
9372	1	910272#920272#930272#940272	4	0
9373	1	910273#920273#930273#940273	4	0
9374	1	910274#920274#930274#940274	4	0
9375	1	910275#920275#930275#940275	4	0
9376	1	910276#920276#930276#940276	4	0
9377	1	910277#920277#930277#940277	4	0
9378	1	910278#920278#930278#940278	4	0
9379	1	910279#920279#930279#940279	4	0
9380	1	910280#920280#930280#940280	4	0
9381	1	910281#920281#930281#940281	4	0
9382	1	910282#920282#930282#940282	4	0
9383	1	910283#920283#930283#940283	4	0
9384	1	910284#920284#930284#940284	4	0
9385	1	910285#920285#930285#940285	4	0
9386	1	910286#920286#930286#940286	4	0
9387	1	910287#920287#930287#940287	4	0
9388	1	910288#920288#930288#940288	4	0
9389	1	910289#920289#930289#940289	4	0
9390	1	910290#920290#930290#940290	4	0
9391	1	910291#920291#930291#940291	4	0
9392	1	910292#920292#930292#940292	4	0
9393	1	910293#920293#930293#940293	4	0
9394	1	910294#920294#930294#940294	4	0
9395	1	910295#920295#930295#940295	4	0
9396	1	910296#920296#930296#940296	4	0
9397	1	910297#920297#930297#940297	4	0
9398	1	910298#920298#930298#940298	4	0
9399	1	910299#920299#930299#940299	4	0
9400	1	910300#920300#930300#940300	4	0
9401	1	910301#920301#930301#940301	4	0
9402	1	910302#920302#930302#940302	4	0
9403	1	910303#920303#930303#940303	4	0
9404	1	910304#920304#930304#940304	4	0
9405	1	910305#920305#930305#940305	4	0
9406	1	910306#920306#930306#940306	4	0
9407	1	910307#920307#930307#940307	4	0
9408	1	910308#920308#930308#940308	4	0
9409	1	910309#920309#930309#940309	4	0
9410	1	910310#920310#930310#940310	4	0
9411	1	910311#920311#930311#940311	4	0
9412	1	910312#920312#930312#940312	4	0
9413	1	910313#920313#930313#940313	4	0
9414	1	910314#920314#930314#940314	4	0
9415	1	910315#920315#930315#940315	4	0
9416	1	910316#920316#930316#940316	4	0
9417	1	910317#920317#930317#940317	4	0
9418	1	910318#920318#930318#940318	4	0
9419	1	910319#920319#930319#940319	4	0
9420	1	910320#920320#930320#940320	4	0
9421	1	910321#920321#930321#940321	4	0
9422	1	910322#920322#930322#940322	4	0
9423	1	910323#920323#930323#940323	4	0
9424	1	910324#920324#930324#940324	4	0
9425	1	910325#920325#930325#940325	4	0
9426	1	910326#920326#930326#940326	4	0
9427	1	910327#920327#930327#940327	4	0
9428	1	910328#920328#930328#940328	4	0
9429	1	910329#920329#930329#940329	4	0
9430	1	910330#920330#930330#940330	4	0
9431	1	910331#920331#930331#940331	4	0
9432	1	910332#920332#930332#940332	4	0
9433	1	910333#920333#930333#940333	4	0
9434	1	910334#920334#930334#940334	4	0
9435	1	910335#920335#930335#940335	4	0
9436	1	910336#920336#930336#940336	4	0
9437	1	910337#920337#930337#940337	4	0
9438	1	910338#920338#930338#940338	4	0
9439	1	910339#920339#930339#940339	4	0
9440	1	910340#920340#930340#940340	4	0
9441	1	910341#920341#930341#940341	4	0
9442	1	910342#920342#930342#940342	4	0
9443	1	910343#920343#930343#940343	4	0
9444	1	910344#920344#930344#940344	4	0
9445	1	910345#920345#930345#940345	4	0
9446	1	910346#920346#930346#940346	4	0
9447	1	910347#920347#930347#940347	4	0
9448	1	910348#920348#930348#940348	4	0
9449	1	910349#920349#930349#940349	4	0
9450	1	910350#920350#930350#940350	4	0
9451	1	910351#920351#930351#940351	4	0
9452	1	910352#920352#930352#940352	4	0
9453	1	910353#920353#930353#940353	4	0
9454	1	910354#920354#930354#940354	4	0
9455	1	910355#920355#930355#940355	4	0
9456	1	910356#920356#930356#940356	4	0
9457	1	910357#920357#930357#940357	4	0
9458	1	910358#920358#930358#940358	4	0
9459	1	910359#920359#930359#940359	4	0
9460	1	910360#920360#930360#940360	4	0
9461	1	910361#920361#930361#940361	4	0
9462	1	910362#920362#930362#940362	4	0
9463	1	910363#920363#930363#940363	4	0
9464	1	910364#920364#930364#940364	4	0
9465	1	910365#920365#930365#940365	4	0
9466	1	910366#920366#930366#940366	4	0
9467	1	910367#920367#930367#940367	4	0
9468	1	910368#920368#930368#940368	4	0
9469	1	910369#920369#930369#940369	4	0
9470	1	910370#920370#930370#940370	4	0
9471	1	910371#920371#930371#940371	4	0
9472	1	910372#920372#930372#940372	4	0
9473	1	910373#920373#930373#940373	4	0
9474	1	910374#920374#930374#940374	4	0
9475	1	910375#920375#930375#940375	4	0
9476	1	910376#920376#930376#940376	4	0
9477	1	910377#920377#930377#940377	4	0
9478	1	910378#920378#930378#940378	4	0
9479	1	910379#920379#930379#940379	4	0
9480	1	910380#920380#930380#940380	4	0
9481	1	910381#920381#930381#940381	4	0
9482	1	910382#920382#930382#940382	4	0
9483	1	910383#920383#930383#940383	4	0
9484	1	910384#920384#930384#940384	4	0
9485	1	910385#920385#930385#940385	4	0
9486	1	910386#920386#930386#940386	4	0
9487	1	910387#920387#930387#940387	4	0
9488	1	910388#920388#930388#940388	4	0
9489	1	910389#920389#930389#940389	4	0
9490	1	910390#920390#930390#940390	4	0
9491	1	910391#920391#930391#940391	4	0
9492	1	910392#920392#930392#940392	4	0
9493	1	910393#920393#930393#940393	4	0
9494	1	910394#920394#930394#940394	4	0
9495	1	910395#920395#930395#940395	4	0
9496	1	910396#920396#930396#940396	4	0
9497	1	910397#920397#930397#940397	4	0
9498	1	910398#920398#930398#940398	4	0
9499	1	910399#920399#930399#940399	4	0
9500	1	910400#920400#930400#940400	4	0
9501	1	910401#920401#930401#940401	4	0
9502	1	910402#920402#930402#940402	4	0
9503	1	910403#920403#930403#940403	4	0
9504	1	910404#920404#930404#940404	4	0
9505	1	910405#920405#930405#940405	4	0
9506	1	910406#920406#930406#940406	4	0
9507	1	910407#920407#930407#940407	4	0
9508	1	910408#920408#930408#940408	4	0
9509	1	910409#920409#930409#940409	4	0
9510	1	910410#920410#930410#940410	4	0
9511	1	910411#920411#930411#940411	4	0
9512	1	910412#920412#930412#940412	4	0
9513	1	910413#920413#930413#940413	4	0
9514	1	910414#920414#930414#940414	4	0
9515	1	910415#920415#930415#940415	4	0
9516	1	910416#920416#930416#940416	4	0
9517	1	910417#920417#930417#940417	4	0
9518	1	910418#920418#930418#940418	4	0
9519	1	910419#920419#930419#940419	4	0
9520	1	910420#920420#930420#940420	4	0
9521	1	910421#920421#930421#940421	4	0
9522	1	910422#920422#930422#940422	4	0
9523	1	910423#920423#930423#940423	4	0
9524	1	910424#920424#930424#940424	4	0
9525	1	910425#920425#930425#940425	4	0
9526	1	910426#920426#930426#940426	4	0
9527	1	910427#920427#930427#940427	4	0
9528	1	910428#920428#930428#940428	4	0
9529	1	910429#920429#930429#940429	4	0
9530	1	910430#920430#930430#940430	4	0
9531	1	910431#920431#930431#940431	4	0
9532	1	910432#920432#930432#940432	4	0
9533	1	910433#920433#930433#940433	4	0
9534	1	910434#920434#930434#940434	4	0
9535	1	910435#920435#930435#940435	4	0
9536	1	910436#920436#930436#940436	4	0
9537	1	910437#920437#930437#940437	4	0
9538	1	910438#920438#930438#940438	4	0
9539	1	910439#920439#930439#940439	4	0
9540	1	910440#920440#930440#940440	4	0
9541	1	910441#920441#930441#940441	4	0
9542	1	910442#920442#930442#940442	4	0
9543	1	910443#920443#930443#940443	4	0
9544	1	910444#920444#930444#940444	4	0
9545	1	910445#920445#930445#940445	4	0
9546	1	910446#920446#930446#940446	4	0
9547	1	910447#920447#930447#940447	4	0
9548	1	910448#920448#930448#940448	4	0
9549	1	910449#920449#930449#940449	4	0
9550	1	910450#920450#930450#940450	4	0
9551	1	910451#920451#930451#940451	4	0
9552	1	910452#920452#930452#940452	4	0
9553	1	910453#920453#930453#940453	4	0
9554	1	910454#920454#930454#940454	4	0
9555	1	910455#920455#930455#940455	4	0
9556	1	910456#920456#930456#940456	4	0
9557	1	910457#920457#930457#940457	4	0
9558	1	910458#920458#930458#940458	4	0
9559	1	910459#920459#930459#940459	4	0
9560	1	910460#920460#930460#940460	4	0
9561	1	910461#920461#930461#940461	4	0
9562	1	910462#920462#930462#940462	4	0
9563	1	910463#920463#930463#940463	4	0
9564	1	910464#920464#930464#940464	4	0
9565	1	910465#920465#930465#940465	4	0
9566	1	910466#920466#930466#940466	4	0
9567	1	910467#920467#930467#940467	4	0
9568	1	910468#920468#930468#940468	4	0
9569	1	910469#920469#930469#940469	4	0
9570	1	910470#920470#930470#940470	4	0
9571	1	910471#920471#930471#940471	4	0
9572	1	910472#920472#930472#940472	4	0
9573	1	910473#920473#930473#940473	4	0
9574	1	910474#920474#930474#940474	4	0
9575	1	910475#920475#930475#940475	4	0
9576	1	910476#920476#930476#940476	4	0
9577	1	910477#920477#930477#940477	4	0
9578	1	910478#920478#930478#940478	4	0
9579	1	910479#920479#930479#940479	4	0
9580	1	910480#920480#930480#940480	4	0
9581	1	910481#920481#930481#940481	4	0
9582	1	910482#920482#930482#940482	4	0
9583	1	910483#920483#930483#940483	4	0
9584	1	910484#920484#930484#940484	4	0
9585	1	910485#920485#930485#940485	4	0
9586	1	910486#920486#930486#940486	4	0
9587	1	910487#920487#930487#940487	4	0
9588	1	910488#920488#930488#940488	4	0
9589	1	910489#920489#930489#940489	4	0
9590	1	910490#920490#930490#940490	4	0
9591	1	910491#920491#930491#940491	4	0
9592	1	910492#920492#930492#940492	4	0
9593	1	910493#920493#930493#940493	4	0
9594	1	910494#920494#930494#940494	4	0
9595	1	910495#920495#930495#940495	4	0
9596	1	910496#920496#930496#940496	4	0
9597	1	910497#920497#930497#940497	4	0
9598	1	910498#920498#930498#940498	4	0
9599	1	910499#920499#930499#940499	4	0
9600	1	910500#920500#930500#940500	4	0
9601	1	910501#920501#930501#940501	4	0
9602	1	910502#920502#930502#940502	4	0
9603	1	910503#920503#930503#940503	4	0
9604	1	910504#920504#930504#940504	4	0
9605	1	910505#920505#930505#940505	4	0
9606	1	910506#920506#930506#940506	4	0
9607	1	910507#920507#930507#940507	4	0
9608	1	910508#920508#930508#940508	4	0
9609	1	910509#920509#930509#940509	4	0
9610	1	910510#920510#930510#940510	4	0
9611	1	910511#920511#930511#940511	4	0
9612	1	910512#920512#930512#940512	4	0
9613	1	910513#920513#930513#940513	4	0
9614	1	910514#920514#930514#940514	4	0
9615	1	910515#920515#930515#940515	4	0
9616	1	910516#920516#930516#940516	4	0
9617	1	910517#920517#930517#940517	4	0
9618	1	910518#920518#930518#940518	4	0
9619	1	910519#920519#930519#940519	4	0
9620	1	910520#920520#930520#940520	4	0
9621	1	910521#920521#930521#940521	4	0
9622	1	910522#920522#930522#940522	4	0
9623	1	910523#920523#930523#940523	4	0
9624	1	910524#920524#930524#940524	4	0
9625	1	910525#920525#930525#940525	4	0
9626	1	910526#920526#930526#940526	4	0
9627	1	910527#920527#930527#940527	4	0
9628	1	910528#920528#930528#940528	4	0
9629	1	910529#920529#930529#940529	4	0
9630	1	910530#920530#930530#940530	4	0
9631	1	910531#920531#930531#940531	4	0
9632	1	910532#920532#930532#940532	4	0
9633	1	910533#920533#930533#940533	4	0
9634	1	910534#920534#930534#940534	4	0
9635	1	910535#920535#930535#940535	4	0
9636	1	910536#920536#930536#940536	4	0
9637	1	910537#920537#930537#940537	4	0
9638	1	910538#920538#930538#940538	4	0
9639	1	910539#920539#930539#940539	4	0
9640	1	910540#920540#930540#940540	4	0
9641	1	910541#920541#930541#940541	4	0
9642	1	910542#920542#930542#940542	4	0
9643	1	910543#920543#930543#940543	4	0
9644	1	910544#920544#930544#940544	4	0
9645	1	910545#920545#930545#940545	4	0
9646	1	910546#920546#930546#940546	4	0
9647	1	910547#920547#930547#940547	4	0
9648	1	910548#920548#930548#940548	4	0
9649	1	910549#920549#930549#940549	4	0
9650	1	910550#920550#930550#940550	4	0
9651	1	910551#920551#930551#940551	4	0
9652	1	910552#920552#930552#940552	4	0
9653	1	910553#920553#930553#940553	4	0
9654	1	910554#920554#930554#940554	4	0
9655	1	910555#920555#930555#940555	4	0
9656	1	910556#920556#930556#940556	4	0
9657	1	910557#920557#930557#940557	4	0
9658	1	910558#920558#930558#940558	4	0
9659	1	910559#920559#930559#940559	4	0
9660	1	910560#920560#930560#940560	4	0
9661	1	910561#920561#930561#940561	4	0
9662	1	910562#920562#930562#940562	4	0
9663	1	910563#920563#930563#940563	4	0
9664	1	910564#920564#930564#940564	4	0
9665	1	910565#920565#930565#940565	4	0
9666	1	910566#920566#930566#940566	4	0
9667	1	910567#920567#930567#940567	4	0
9668	1	910568#920568#930568#940568	4	0
9669	1	910569#920569#930569#940569	4	0
9670	1	910570#920570#930570#940570	4	0
9671	1	910571#920571#930571#940571	4	0
9672	1	910572#920572#930572#940572	4	0
9673	1	910573#920573#930573#940573	4	0
9674	1	910574#920574#930574#940574	4	0
9675	1	910575#920575#930575#940575	4	0
9676	1	910576#920576#930576#940576	4	0
9677	1	910577#920577#930577#940577	4	0
9678	1	910578#920578#930578#940578	4	0
9679	1	910579#920579#930579#940579	4	0
9680	1	910580#920580#930580#940580	4	0
9681	1	910581#920581#930581#940581	4	0
9682	1	910582#920582#930582#940582	4	0
9683	1	910583#920583#930583#940583	4	0
9684	1	910584#920584#930584#940584	4	0
9685	1	910585#920585#930585#940585	4	0
9686	1	910586#920586#930586#940586	4	0
9687	1	910587#920587#930587#940587	4	0
9688	1	910588#920588#930588#940588	4	0
9689	1	910589#920589#930589#940589	4	0
9690	1	910590#920590#930590#940590	4	0
9691	1	910591#920591#930591#940591	4	0
9692	1	910592#920592#930592#940592	4	0
9693	1	910593#920593#930593#940593	4	0
9694	1	910594#920594#930594#940594	4	0
9695	1	910595#920595#930595#940595	4	0
9696	1	910596#920596#930596#940596	4	0
9697	1	910597#920597#930597#940597	4	0
9698	1	910598#920598#930598#940598	4	0
9699	1	910599#920599#930599#940599	4	0
9700	1	910600#920600#930600#940600	4	0
9701	1	910601#920601#930601#940601	4	0
9702	1	910602#920602#930602#940602	4	0
9703	1	910603#920603#930603#940603	4	0
9704	1	910604#920604#930604#940604	4	0
9705	1	910605#920605#930605#940605	4	0
9706	1	910606#920606#930606#940606	4	0
9707	1	910607#920607#930607#940607	4	0
9708	1	910608#920608#930608#940608	4	0
9709	1	910609#920609#930609#940609	4	0
9710	1	910610#920610#930610#940610	4	0
9711	1	910611#920611#930611#940611	4	0
9712	1	910612#920612#930612#940612	4	0
9713	1	910613#920613#930613#940613	4	0
9714	1	910614#920614#930614#940614	4	0
9715	1	910615#920615#930615#940615	4	0
9716	1	910616#920616#930616#940616	4	0
9717	1	910617#920617#930617#940617	4	0
9718	1	910618#920618#930618#940618	4	0
9719	1	910619#920619#930619#940619	4	0
9720	1	910620#920620#930620#940620	4	0
9721	1	910621#920621#930621#940621	4	0
9722	1	910622#920622#930622#940622	4	0
9723	1	910623#920623#930623#940623	4	0
9724	1	910624#920624#930624#940624	4	0
9725	1	910625#920625#930625#940625	4	0
9726	1	910626#920626#930626#940626	4	0
9727	1	910627#920627#930627#940627	4	0
9728	1	910628#920628#930628#940628	4	0
9729	1	910629#920629#930629#940629	4	0
9730	1	910630#920630#930630#940630	4	0
9731	1	910631#920631#930631#940631	4	0
9732	1	910632#920632#930632#940632	4	0
9733	1	910633#920633#930633#940633	4	0
9734	1	910634#920634#930634#940634	4	0
9735	1	910635#920635#930635#940635	4	0
9736	1	910636#920636#930636#940636	4	0
9737	1	910637#920637#930637#940637	4	0
9738	1	910638#920638#930638#940638	4	0
9739	1	910639#920639#930639#940639	4	0
9740	1	910640#920640#930640#940640	4	0
9741	1	910641#920641#930641#940641	4	0
9742	1	910642#920642#930642#940642	4	0
9743	1	910643#920643#930643#940643	4	0
9744	1	910644#920644#930644#940644	4	0
9745	1	910645#920645#930645#940645	4	0
9746	1	910646#920646#930646#940646	4	0
9747	1	910647#920647#930647#940647	4	0
9748	1	910648#920648#930648#940648	4	0
9749	1	910649#920649#930649#940649	4	0
9750	1	910650#920650#930650#940650	4	0
9751	1	910651#920651#930651#940651	4	0
9752	1	910652#920652#930652#940652	4	0
9753	1	910653#920653#930653#940653	4	0
9754	1	910654#920654#930654#940654	4	0
9755	1	910655#920655#930655#940655	4	0
9756	1	910656#920656#930656#940656	4	0
9757	1	910657#920657#930657#940657	4	0
9758	1	910658#920658#930658#940658	4	0
9759	1	910659#920659#930659#940659	4	0
9760	1	910660#920660#930660#940660	4	0
9761	1	910661#920661#930661#940661	4	0
9762	1	910662#920662#930662#940662	4	0
9763	1	910663#920663#930663#940663	4	0
9764	1	910664#920664#930664#940664	4	0
9765	1	910665#920665#930665#940665	4	0
9766	1	910666#920666#930666#940666	4	0
9767	1	910667#920667#930667#940667	4	0
9768	1	910668#920668#930668#940668	4	0
9769	1	910669#920669#930669#940669	4	0
9770	1	910670#920670#930670#940670	4	0
9771	1	910671#920671#930671#940671	4	0
9772	1	910672#920672#930672#940672	4	0
9773	1	910673#920673#930673#940673	4	0
9774	1	910674#920674#930674#940674	4	0
9775	1	910675#920675#930675#940675	4	0
9776	1	910676#920676#930676#940676	4	0
9777	1	910677#920677#930677#940677	4	0
9778	1	910678#920678#930678#940678	4	0
9779	1	910679#920679#930679#940679	4	0
9780	1	910680#920680#930680#940680	4	0
9781	1	910681#920681#930681#940681	4	0
9782	1	910682#920682#930682#940682	4	0
9783	1	910683#920683#930683#940683	4	0
9784	1	910684#920684#930684#940684	4	0
9785	1	910685#920685#930685#940685	4	0
9786	1	910686#920686#930686#940686	4	0
9787	1	910687#920687#930687#940687	4	0
9788	1	910688#920688#930688#940688	4	0
9789	1	910689#920689#930689#940689	4	0
9790	1	910690#920690#930690#940690	4	0
9791	1	910691#920691#930691#940691	4	0
9792	1	910692#920692#930692#940692	4	0
9793	1	910693#920693#930693#940693	4	0
9794	1	910694#920694#930694#940694	4	0
9795	1	910695#920695#930695#940695	4	0
9796	1	910696#920696#930696#940696	4	0
9797	1	910697#920697#930697#940697	4	0
9798	1	910698#920698#930698#940698	4	0
9799	1	910699#920699#930699#940699	4	0
9800	1	910700#920700#930700#940700	4	0
9801	1	910701#920701#930701#940701	4	0
9802	1	910702#920702#930702#940702	4	0
9803	1	910703#920703#930703#940703	4	0
9804	1	910704#920704#930704#940704	4	0
9805	1	910705#920705#930705#940705	4	0
9806	1	910706#920706#930706#940706	4	0
9807	1	910707#920707#930707#940707	4	0
9808	1	910708#920708#930708#940708	4	0
9809	1	910709#920709#930709#940709	4	0
9810	1	910710#920710#930710#940710	4	0
9811	1	910711#920711#930711#940711	4	0
9812	1	910712#920712#930712#940712	4	0
9813	1	910713#920713#930713#940713	4	0
9814	1	910714#920714#930714#940714	4	0
9815	1	910715#920715#930715#940715	4	0
9816	1	910716#920716#930716#940716	4	0
9817	1	910717#920717#930717#940717	4	0
9818	1	910718#920718#930718#940718	4	0
9819	1	910719#920719#930719#940719	4	0
9820	1	910720#920720#930720#940720	4	0
9821	1	910721#920721#930721#940721	4	0
9822	1	910722#920722#930722#940722	4	0
9823	1	910723#920723#930723#940723	4	0
9824	1	910724#920724#930724#940724	4	0
9825	1	910725#920725#930725#940725	4	0
9826	1	910726#920726#930726#940726	4	0
9827	1	910727#920727#930727#940727	4	0
9828	1	910728#920728#930728#940728	4	0
9829	1	910729#920729#930729#940729	4	0
9830	1	910730#920730#930730#940730	4	0
9831	1	910731#920731#930731#940731	4	0
9832	1	910732#920732#930732#940732	4	0
9833	1	910733#920733#930733#940733	4	0
9834	1	910734#920734#930734#940734	4	0
9835	1	910735#920735#930735#940735	4	0
9836	1	910736#920736#930736#940736	4	0
9837	1	910737#920737#930737#940737	4	0
9838	1	910738#920738#930738#940738	4	0
9839	1	910739#920739#930739#940739	4	0
9840	1	910740#920740#930740#940740	4	0
9841	1	910741#920741#930741#940741	4	0
9842	1	910742#920742#930742#940742	4	0
9843	1	910743#920743#930743#940743	4	0
9844	1	910744#920744#930744#940744	4	0
9845	1	910745#920745#930745#940745	4	0
9846	1	910746#920746#930746#940746	4	0
9847	1	910747#920747#930747#940747	4	0
9848	1	910748#920748#930748#940748	4	0
9849	1	910749#920749#930749#940749	4	0
9850	1	910750#920750#930750#940750	4	0
9851	1	910751#920751#930751#940751	4	0
9852	1	910752#920752#930752#940752	4	0
9853	1	910753#920753#930753#940753	4	0
9854	1	910754#920754#930754#940754	4	0
9855	1	910755#920755#930755#940755	4	0
9856	1	910756#920756#930756#940756	4	0
9857	1	910757#920757#930757#940757	4	0
9858	1	910758#920758#930758#940758	4	0
9859	1	910759#920759#930759#940759	4	0
9860	1	910760#920760#930760#940760	4	0
9861	1	910761#920761#930761#940761	4	0
9862	1	910762#920762#930762#940762	4	0
9863	1	910763#920763#930763#940763	4	0
9864	1	910764#920764#930764#940764	4	0
9865	1	910765#920765#930765#940765	4	0
9866	1	910766#920766#930766#940766	4	0
9867	1	910767#920767#930767#940767	4	0
9868	1	910768#920768#930768#940768	4	0
9869	1	910769#920769#930769#940769	4	0
9870	1	910770#920770#930770#940770	4	0
9871	1	910771#920771#930771#940771	4	0
9872	1	910772#920772#930772#940772	4	0
9873	1	910773#920773#930773#940773	4	0
9874	1	910774#920774#930774#940774	4	0
9875	1	910775#920775#930775#940775	4	0
9876	1	910776#920776#930776#940776	4	0
9877	1	910777#920777#930777#940777	4	0
9878	1	910778#920778#930778#940778	4	0
9879	1	910779#920779#930779#940779	4	0
9880	1	910780#920780#930780#940780	4	0
9881	1	910781#920781#930781#940781	4	0
9882	1	910782#920782#930782#940782	4	0
9883	1	910783#920783#930783#940783	4	0
9884	1	910784#920784#930784#940784	4	0
9885	1	910785#920785#930785#940785	4	0
9886	1	910786#920786#930786#940786	4	0
9887	1	910787#920787#930787#940787	4	0
9888	1	910788#920788#930788#940788	4	0
9889	1	910789#920789#930789#940789	4	0
9890	1	910790#920790#930790#940790	4	0
9891	1	910791#920791#930791#940791	4	0
9892	1	910792#920792#930792#940792	4	0
9893	1	910793#920793#930793#940793	4	0
9894	1	910794#920794#930794#940794	4	0
9895	1	910795#920795#930795#940795	4	0
9896	1	910796#920796#930796#940796	4	0
9897	1	910797#920797#930797#940797	4	0
9898	1	910798#920798#930798#940798	4	0
9899	1	910799#920799#930799#940799	4	0
9900	1	910800#920800#930800#940800	4	0
9901	1	910801#920801#930801#940801	4	0
9902	1	910802#920802#930802#940802	4	0
9903	1	910803#920803#930803#940803	4	0
9904	1	910804#920804#930804#940804	4	0
9905	1	910805#920805#930805#940805	4	0
9906	1	910806#920806#930806#940806	4	0
9907	1	910807#920807#930807#940807	4	0
9908	1	910808#920808#930808#940808	4	0
9909	1	910809#920809#930809#940809	4	0
9910	1	910810#920810#930810#940810	4	0
9911	1	910811#920811#930811#940811	4	0
9912	1	910812#920812#930812#940812	4	0
9913	1	910813#920813#930813#940813	4	0
9914	1	910814#920814#930814#940814	4	0
9915	1	910815#920815#930815#940815	4	0
9916	1	910816#920816#930816#940816	4	0
9917	1	910817#920817#930817#940817	4	0
9918	1	910818#920818#930818#940818	4	0
9919	1	910819#920819#930819#940819	4	0
9920	1	910820#920820#930820#940820	4	0
9921	1	910821#920821#930821#940821	4	0
9922	1	910822#920822#930822#940822	4	0
9923	1	910823#920823#930823#940823	4	0
9924	1	910824#920824#930824#940824	4	0
9925	1	910825#920825#930825#940825	4	0
9926	1	910826#920826#930826#940826	4	0
9927	1	910827#920827#930827#940827	4	0
9928	1	910828#920828#930828#940828	4	0
9929	1	910829#920829#930829#940829	4	0
9930	1	910830#920830#930830#940830	4	0
9931	1	910831#920831#930831#940831	4	0
9932	1	910832#920832#930832#940832	4	0
9933	1	910833#920833#930833#940833	4	0
9934	1	910834#920834#930834#940834	4	0
9935	1	910835#920835#930835#940835	4	0
9936	1	910836#920836#930836#940836	4	0
9937	1	910837#920837#930837#940837	4	0
9938	1	910838#920838#930838#940838	4	0
9939	1	910839#920839#930839#940839	4	0
9940	1	910840#920840#930840#940840	4	0
9941	1	910841#920841#930841#940841	4	0
9942	1	910842#920842#930842#940842	4	0
9943	1	910843#920843#930843#940843	4	0
9944	1	910844#920844#930844#940844	4	0
9945	1	910845#920845#930845#940845	4	0
9946	1	910846#920846#930846#940846	4	0
9947	1	910847#920847#930847#940847	4	0
9948	1	910848#920848#930848#940848	4	0
9949	1	910849#920849#930849#940849	4	0
9950	1	910850#920850#930850#940850	4	0
9951	1	910851#920851#930851#940851	4	0
9952	1	910852#920852#930852#940852	4	0
9953	1	910853#920853#930853#940853	4	0
9954	1	910854#920854#930854#940854	4	0
9955	1	910855#920855#930855#940855	4	0
9956	1	910856#920856#930856#940856	4	0
9957	1	910857#920857#930857#940857	4	0
9958	1	910858#920858#930858#940858	4	0
9959	1	910859#920859#930859#940859	4	0
9960	1	910860#920860#930860#940860	4	0
9961	1	910861#920861#930861#940861	4	0
9962	1	910862#920862#930862#940862	4	0
9963	1	910863#920863#930863#940863	4	0
9964	1	910864#920864#930864#940864	4	0
9965	1	910865#920865#930865#940865	4	0
9966	1	910866#920866#930866#940866	4	0
9967	1	910867#920867#930867#940867	4	0
9968	1	910868#920868#930868#940868	4	0
9969	1	910869#920869#930869#940869	4	0
9970	1	910870#920870#930870#940870	4	0
9971	1	910871#920871#930871#940871	4	0
9972	1	910872#920872#930872#940872	4	0
9973	1	910873#920873#930873#940873	4	0
9974	1	910874#920874#930874#940874	4	0
9975	1	910875#920875#930875#940875	4	0
9976	1	910876#920876#930876#940876	4	0
9977	1	910877#920877#930877#940877	4	0
9978	1	910878#920878#930878#940878	4	0
9979	1	910879#920879#930879#940879	4	0
9980	1	910880#920880#930880#940880	4	0
9981	1	910881#920881#930881#940881	4	0
9982	1	910882#920882#930882#940882	4	0
9983	1	910883#920883#930883#940883	4	0
9984	1	910884#920884#930884#940884	4	0
9985	1	910885#920885#930885#940885	4	0
9986	1	910886#920886#930886#940886	4	0
9987	1	910887#920887#930887#940887	4	0
9988	1	910888#920888#930888#940888	4	0
9989	1	910889#920889#930889#940889	4	0
9990	1	910890#920890#930890#940890	4	0
9991	1	910891#920891#930891#940891	4	0
9992	1	910892#920892#930892#940892	4	0
9993	1	910893#920893#930893#940893	4	0
9994	1	910894#920894#930894#940894	4	0
9995	1	910895#920895#930895#940895	4	0
9996	1	910896#920896#930896#940896	4	0
9997	1	910897#920897#930897#940897	4	0
9998	1	910898#920898#930898#940898	4	0
9999	1	910899#920899#930899#940899	4	0
10000	1	910900#920900#930900#940900	4	0
10001	1	910901#920901#930901#940901	4	0
10002	1	910902#920902#930902#940902	4	0
10003	1	910903#920903#930903#940903	4	0
10004	1	910904#920904#930904#940904	4	0
10005	1	910905#920905#930905#940905	4	0
10006	1	910906#920906#930906#940906	4	0
10007	1	910907#920907#930907#940907	4	0
10008	1	910908#920908#930908#940908	4	0
10009	1	910909#920909#930909#940909	4	0
10010	1	910910#920910#930910#940910	4	0
10011	1	910911#920911#930911#940911	4	0
10012	1	910912#920912#930912#940912	4	0
10013	1	910913#920913#930913#940913	4	0
10014	1	910914#920914#930914#940914	4	0
10015	1	910915#920915#930915#940915	4	0
10016	1	910916#920916#930916#940916	4	0
10017	1	910917#920917#930917#940917	4	0
10018	1	910918#920918#930918#940918	4	0
10019	1	910919#920919#930919#940919	4	0
10020	1	910920#920920#930920#940920	4	0
10021	1	910921#920921#930921#940921	4	0
10022	1	910922#920922#930922#940922	4	0
10023	1	910923#920923#930923#940923	4	0
10024	1	910924#920924#930924#940924	4	0
10025	1	910925#920925#930925#940925	4	0
10026	1	910926#920926#930926#940926	4	0
10027	1	910927#920927#930927#940927	4	0
10028	1	910928#920928#930928#940928	4	0
10029	1	910929#920929#930929#940929	4	0
10030	1	910930#920930#930930#940930	4	0
10031	1	910931#920931#930931#940931	4	0
10032	1	910932#920932#930932#940932	4	0
10033	1	910933#920933#930933#940933	4	0
10034	1	910934#920934#930934#940934	4	0
10035	1	910935#920935#930935#940935	4	0
10036	1	910936#920936#930936#940936	4	0
10037	1	910937#920937#930937#940937	4	0
10038	1	910938#920938#930938#940938	4	0
10039	1	910939#920939#930939#940939	4	0
10040	1	910940#920940#930940#940940	4	0
10041	1	910941#920941#930941#940941	4	0
10042	1	910942#920942#930942#940942	4	0
10043	1	910943#920943#930943#940943	4	0
10044	1	910944#920944#930944#940944	4	0
10045	1	910945#920945#930945#940945	4	0
10046	1	910946#920946#930946#940946	4	0
10047	1	910947#920947#930947#940947	4	0
10048	1	910948#920948#930948#940948	4	0
10049	1	910949#920949#930949#940949	4	0
10050	1	910950#920950#930950#940950	4	0
10051	1	910951#920951#930951#940951	4	0
10052	1	910952#920952#930952#940952	4	0
10053	1	910953#920953#930953#940953	4	0
10054	1	910954#920954#930954#940954	4	0
10055	1	910955#920955#930955#940955	4	0
10056	1	910956#920956#930956#940956	4	0
10057	1	910957#920957#930957#940957	4	0
10058	1	910958#920958#930958#940958	4	0
10059	1	910959#920959#930959#940959	4	0
10060	1	910960#920960#930960#940960	4	0
10061	1	910961#920961#930961#940961	4	0
10062	1	910962#920962#930962#940962	4	0
10063	1	910963#920963#930963#940963	4	0
10064	1	910964#920964#930964#940964	4	0
10065	1	910965#920965#930965#940965	4	0
10066	1	910966#920966#930966#940966	4	0
10067	1	910967#920967#930967#940967	4	0
10068	1	910968#920968#930968#940968	4	0
10069	1	910969#920969#930969#940969	4	0
10070	1	910970#920970#930970#940970	4	0
10071	1	910971#920971#930971#940971	4	0
10072	1	910972#920972#930972#940972	4	0
10073	1	910973#920973#930973#940973	4	0
10074	1	910974#920974#930974#940974	4	0
10075	1	910975#920975#930975#940975	4	0
10076	1	910976#920976#930976#940976	4	0
10077	1	910977#920977#930977#940977	4	0
10078	1	910978#920978#930978#940978	4	0
10079	1	910979#920979#930979#940979	4	0
10080	1	910980#920980#930980#940980	4	0
10081	1	910981#920981#930981#940981	4	0
10082	1	910982#920982#930982#940982	4	0
10083	1	910983#920983#930983#940983	4	0
10084	1	910984#920984#930984#940984	4	0
10085	1	910985#920985#930985#940985	4	0
10086	1	910986#920986#930986#940986	4	0
10087	1	910987#920987#930987#940987	4	0
10088	1	910988#920988#930988#940988	4	0
10089	1	910989#920989#930989#940989	4	0
10090	1	910990#920990#930990#940990	4	0
10091	1	910991#920991#930991#940991	4	0
10092	1	910992#920992#930992#940992	4	0
10093	1	910993#920993#930993#940993	4	0
10094	1	910994#920994#930994#940994	4	0
10095	1	910995#920995#930995#940995	4	0
10096	1	910996#920996#930996#940996	4	0
10097	1	910997#920997#930997#940997	4	0
10098	1	910998#920998#930998#940998	4	0
10099	1	910999#920999#930999#940999	4	0
10100	1	911000#921000#931000#941000	4	0
20001	2	911092#911133	1	0
20002	2	911117#911134	1	0
20003	2	911032#911135	1	0
20004	2	911124#911125#911136#911137#911138#911139	1	0
20005	2	911124#911125#911140#911141#911142#911143	1	0
20006	2	911124#911125#911144#911145#911146#911147	1	0
20007	2	911124#911125#911148#911149#911150#911151	1	0
20008	2	911124#911125#911152#911153#911154#911155	1	0
20009	2	911124#911125#911156#911157#911158#911159	1	0
20010	2	911124#911125#911160#911161#911162#911163	1	0
20011	2	911131#911164	1	0
20012	2	911124#911125#911165#911166#911167#911168	1	0
20013	2	911124#911125#911169#911170#911171#911172	1	0
20014	2	911124#911125#911173#911174#911175#911176	1	0
20015	2	911124#911125#911177#911178#911179#911180	1	0
20016	2	911124#911125#911486#911487#911488#911489	1	0
20017	2	911124#911125#911490#911491#911492#911493	1	0
20069	2	911131#911484	1	0
20070	2	911131#911485	1	0
20071	2	911020#911494	1	0
20072	2	911019#911495	1	0
20073	2	911019#911496	1	0
20074	2	911019#911497	1	0
20075	2	911019#911498	1	0
9001	1	900101#900102	2	0
9002	1	900201#900202	2	0
9003	1	900301#900302	2	0
9004	1	900401#900402	2	0
9005	1	900501#900502	2	0
9006	1	900601#900602	2	0
9007	1	900701#900702	2	0
9008	1	900801#900802	2	0
9009	1	900901#900902	2	0
9010	1	901001	1	0
9011	1	901101	1	0
9012	1	901201	1	0
9013	1	901301	1	0
9014	1	901401	1	0
9015	1	901501	1	0
9016	1	901601	1	0
9017	1	901701	1	0
9018	1	901801	1	0
9019	1	901901#901902	2	0
9020	1	902001#902002	2	0
9021	1	902101#902102	2	0
9022	1	902201#902202	2	0
9023	1	902301#902302	2	0
9024	1	902401#902402	2	0
9025	1	902501#902502	2	0
9026	1	902601#902602	2	0
9027	1	902701#902702	2	0
9028	1	902801	1	0
9029	1	902901	1	0
9030	1	903001	1	0
9031	1	903101	1	0
9032	1	903201	1	0
9033	1	903301	1	0
9034	1	903401	1	0
9035	1	903501	1	0
9036	1	903601	1	0
9037	1	903701	1	0
9038	1	903801	1	0
9039	1	903901	1	0
9040	1	904001	1	0
9041	1	904101	1	0
9042	1	904201	1	0
9043	1	904301	1	0
9044	1	904401	1	0
9045	1	904501	1	0
9046	1	911529	1	0
9047	1	911529	1	0
9048	1	911529	1	0
9049	1	911529	1	0
9050	1	911529#911530	1	0
9051	1	911529#911530	1	0
9052	1	911529#911530	1	0
9053	1	911530#911531	1	0
9054	1	911530#911531	1	0
18	2	20#21#22	1	0
7000	1	2000	1	0
7001	2	2001	1	0
7002	2	2002	1	0
7003	2	2003	1	0
7004	2	2004	1	0
7005	2	2005	1	0
7006	2	2006	1	0
7007	2	2007	1	0
7008	2	2008	1	0
7009	2	2009	1	0
7010	2	2010	1	0
7011	2	2011	1	0
7012	2	2012	1	0
7013	2	2013	1	0
7014	2	2014	1	0
7015	2	2015	1	0
7016	2	2016	1	0
7017	2	2017	1	0
7018	2	2018	1	0
7019	2	2019	1	0
7020	2	2020	1	0
7021	2	2021	1	0
7022	2	2022	1	0
7023	2	2023	1	0
7024	2	2024	1	0
7025	2	2025	1	0
7026	2	2026	1	0
7027	2	2027	1	0
7028	2	2028	1	0
7029	2	2029	1	0
7030	2	2030	1	0
7031	2	2031	1	0
7032	2	2032	1	0
7033	2	2033	1	0
7034	2	2034	1	0
7035	2	2035	1	0
7036	2	2036	1	0
7037	2	2037	1	0
7038	2	2038	1	0
7039	2	2039	1	0
7040	2	2040	1	0
7041	2	2041	1	0
7042	2	2042	1	0
7043	2	2043	1	0
7044	2	2044	1	0
7045	2	2045	1	0
7046	2	2046	1	0
7047	2	2047	1	0
7048	2	2048	1	0
7049	2	2049	1	0
7050	2	2050	1	0
7051	2	2051	1	0
7052	2	2052	1	0
7053	2	2053	1	0
7054	2	2054	1	0
7055	2	2055	1	0
7056	2	2056	1	0
7057	2	2057	1	0
7058	2	2058	1	0
7059	2	2059	1	0
7060	2	2060	1	0
7061	2	2061	1	0
7062	2	2062	1	0
7063	2	2063	1	0
7064	2	2064	1	0
7065	2	2065	1	0
7066	2	2066	1	0
7067	2	2067	1	0
7068	2	2068	1	0
7069	2	2069	1	0
7070	2	2070	1	0
7071	2	2071	1	0
7072	2	2072	1	0
7073	2	2073	1	0
7074	2	2074	1	0
7075	2	2075	1	0
7076	2	2076	1	0
7077	2	2077	1	0
7078	2	2078	1	0
7079	2	2079	1	0
7080	2	2080	1	0
7081	2	2081	1	0
7082	2	2082	1	0
7083	2	2083	1	0
7084	2	2084	1	0
7085	2	2085	1	0
7086	2	2086	1	0
7087	2	2087	1	0
7088	2	2088	1	0
7089	2	2089	1	0
7090	2	2090	1	0
7091	2	2091	1	0
7092	2	2092	1	0
7093	2	2093	1	0
7094	2	2094	1	0
7095	2	2095	1	0
7096	2	2096	1	0
7097	2	2097	1	0
7098	2	2098	1	0
7099	2	2099	1	0
7100	2	2100	1	0
7101	2	2101	1	0
7102	2	2102	1	0
7103	2	2103	1	0
7104	2	2104	1	0
7105	2	2105	1	0
7106	2	2106	1	0
7107	2	2107	1	0
7108	2	2108	1	0
7109	2	2109	1	0
7110	2	2110	1	0
7111	2	2111	1	0
7112	2	2112	1	0
7113	2	2113	1	0
7114	2	2114	1	0
7115	2	2115	1	0
7116	2	2116	1	0
7117	2	2117	1	0
7118	2	2118	1	0
7119	2	2119	1	0
7120	2	2120	1	0
7121	2	2121	1	0
7122	2	2122	1	0
7123	2	2123	1	0
7124	2	2124	1	0
7125	2	2125	1	0
7126	2	2126	1	0
7127	2	2127	1	0
7128	2	2128	1	0
7129	2	2129	1	0
7130	2	2130	1	0
7131	2	2131	1	0
7132	2	2132	1	0
7133	2	2133	1	0
7134	2	2134	1	0
7135	2	2135	1	0
7136	2	2136	1	0
7137	2	2137	1	0
7138	2	2138	1	0
7139	2	2139	1	0
7140	2	2140	1	0
7141	2	2141	1	0
7142	2	2142	1	0
7143	2	2143	1	0
7144	2	2144	1	0
7145	2	2145	1	0
7146	2	2146	1	0
7147	2	2147	1	0
7148	2	2148	1	0
7149	2	2149	1	0
7150	2	2150	1	0
7151	2	2151	1	0
7152	2	2152	1	0
7153	2	2153	1	0
7154	2	2154	1	0
7155	2	2155	1	0
7156	2	2156	1	0
7157	2	2157	1	0
7158	2	2158	1	0
7159	2	2159	1	0
7160	2	2160	1	0
7161	2	2161	1	0
7162	2	2162	1	0
7163	2	2163	1	0
7164	2	2164	1	0
7165	2	2165	1	0
7166	2	2166	1	0
7167	2	2167	1	0
7168	2	2168	1	0
7169	2	2169	1	0
7170	2	2170	1	0
7171	2	2171	1	0
7172	2	2172	1	0
7173	2	2173	1	0
7174	2	2174	1	0
7175	2	2175	1	0
7176	2	2176	1	0
7177	2	2177	1	0
7178	2	2178	1	0
7179	2	2179	1	0
7180	2	2180	1	0
7181	2	2181	1	0
7182	2	2182	1	0
7183	2	2183	1	0
7184	2	2184	1	0
7185	2	2185	1	0
7186	2	2186	1	0
7187	2	2187	1	0
7188	2	2188	1	0
7189	2	2189	1	0
7190	2	2190	1	0
7191	2	2191	1	0
7192	2	2192	1	0
7193	2	2193	1	0
7194	2	2194	1	0
7195	2	2195	1	0
7196	2	2196	1	0
7197	2	2197	1	0
7198	2	2198	1	0
7199	1	2199	1	0
7200	2	2410#2411	1	0
7300	2	2420#2421	1	0
51361	1	51371#51411	2	0
51362	1	51372#51411	2	0
51363	1	51373#51411	2	0
51364	1	51374#51411	2	0
51365	1	51375#51411	2	0
51366	1	51376#51411	2	0
51367	1	51377#51411	2	0
51368	1	51378#51411	2	0
51369	1	51379#51411	2	0
51370	1	51380#51411	2	0
51371	1	51381#51411	2	0
51372	1	51382#51411	2	0
51373	1	51383#51411	2	0
51374	1	51384#51411	2	0
51375	1	51385#51411	2	0
51376	1	51386#51411	2	0
51377	1	51387#51411	2	0
51378	1	51388#51411	2	0
51379	1	51389#51411	2	0
51380	1	51390#51411	2	0
51351	1	51361#51411	2	0
51352	1	51362#51411	2	0
51353	1	51363#51411	2	0
51354	1	51364#51411	2	0
51355	1	51365#51411	2	0
51356	1	51366#51411	2	0
51357	1	51367#51411	2	0
51358	1	51368#51411	2	0
51359	1	51369#51411	2	0
51360	1	51370#51411	2	0
51381	1	51391#51411	2	0
51382	1	51392#51411	2	0
51383	1	51393#51411	2	0
51384	1	51394#51411	2	0
51385	1	51395#51411	2	0
51386	1	51396#51411	2	0
51387	1	51397#51411	2	0
51388	1	51398#51411	2	0
51389	1	51399#51411	2	0
51390	1	51400#51411	2	0
51391	1	51401#51411	2	0
51392	1	51402#51411	2	0
51393	1	51403#51411	2	0
51394	1	51404#51411	2	0
51395	1	51405#51411	2	0
51396	1	51406#51411	2	0
51397	1	51407#51411	2	0
51398	1	51408#51411	2	0
51399	1	51409#51411	2	0
51400	1	51410#51411	2	0
51311	1	51311#51351	2	0
51312	1	51312#51352	2	0
51313	1	51313#51353	2	0
51314	1	51314#51354	2	0
51315	1	51315#51355	2	0
51316	1	51316#51356	2	0
51317	1	51317#51357	2	0
51318	1	51318#51358	2	0
51319	1	51319#51359	2	0
51320	1	51320#51360	2	0
51321	1	51321#51351	2	0
51322	1	51322#51352	2	0
51323	1	51323#51353	2	0
51324	1	51324#51354	2	0
51325	1	51325#51355	2	0
51326	1	51326#51356	2	0
51327	1	51327#51357	2	0
51328	1	51328#51358	2	0
51329	1	51329#51359	2	0
51330	1	51330#51360	2	0
51301	1	51301#51351	2	0
51302	1	51302#51352	2	0
51303	1	51303#51353	2	0
51304	1	51304#51354	2	0
51305	1	51305#51355	2	0
51306	1	51306#51356	2	0
51307	1	51307#51357	2	0
51308	1	51308#51358	2	0
51309	1	51309#51359	2	0
51310	1	51310#51360	2	0
51331	1	51331#51351	2	0
51332	1	51332#51352	2	0
51333	1	51333#51353	2	0
51334	1	51334#51354	2	0
51335	1	51335#51355	2	0
51336	1	51336#51356	2	0
51337	1	51337#51357	2	0
51338	1	51338#51358	2	0
51339	1	51339#51359	2	0
51340	1	51340#51360	2	0
51341	1	51341#51351	2	0
51342	1	51342#51352	2	0
51343	1	51343#51353	2	0
51344	1	51344#51354	2	0
51345	1	51345#51355	2	0
51346	1	51346#51356	2	0
51347	1	51347#51357	2	0
51348	1	51348#51358	2	0
51349	1	51349#51359	2	0
51350	1	51350#51360	2	0
52001	1	520001#521001	2	0
52002	1	520002#521002	2	0
52003	1	520003#521003	2	0
52004	1	520004#521004	2	0
52005	1	520005#521005	2	0
52006	1	520006#521006	2	0
52007	1	520007#521007	2	0
52008	1	520008#521008	2	0
52009	1	520009#521009	2	0
52010	1	520010#521010	2	0
52011	1	520011#521011	2	0
52012	1	520012#521012	2	0
52013	1	520013#521013	2	0
52014	1	520014#521014	2	0
52015	1	520015#521015	2	0
52016	1	520016#521016	2	0
52017	1	520017#521017	2	0
52018	1	520018#521018	2	0
52019	1	520019#521019	2	0
52020	1	520020#521020	2	0
52021	1	520021#521021	2	0
52022	1	520022#521022	2	0
52023	1	520023#521023	2	0
52024	1	520024#521024	2	0
52025	1	520025#521025	2	0
52026	1	520026#521026	2	0
52027	1	520027#521027	2	0
52028	1	520028#521028	2	0
52029	1	520029#521029	2	0
52030	1	520030#521030	2	0
52031	1	520031#521031	2	0
52032	1	520032#521032	2	0
52033	1	520033#521033	2	0
52034	1	520034#521034	2	0
52035	1	520035#521035	2	0
52036	1	520036#521036	2	0
52037	1	520037#521037	2	0
52038	1	520038#521038	2	0
52039	1	520039#521039	2	0
52040	1	520040#521040	2	0
52041	1	520041#521041	2	0
52042	1	520042#521042	2	0
52043	1	520043#521043	2	0
52044	1	520044#521044	2	0
52045	1	520045#521045	2	0
52046	1	520046#521046	2	0
52047	1	520047#521047	2	0
52048	1	520048#521048	2	0
52049	1	520049#521049	2	0
52050	1	520050#521050	2	0
52051	1	520051#521051	2	0
52052	1	520052#521052	2	0
52053	1	520053#521053	2	0
52054	1	520054#521054	2	0
52055	1	520055#521055	2	0
52056	1	520056#521056	2	0
52057	1	520057#521057	2	0
52058	1	520058#521058	2	0
52059	1	520059#521059	2	0
52060	1	520060#521060	2	0
52061	1	520061#521061	2	0
52062	1	520062#521062	2	0
52063	1	520063#521063	2	0
52064	1	520064#521064	2	0
52065	1	520065#521065	2	0
52066	1	520066#521066	2	0
52067	1	520067#521067	2	0
52068	1	520068#521068	2	0
52069	1	520069#521069	2	0
52070	1	520070#521070	2	0
52071	1	520071#521071	2	0
52072	1	520072#521072	2	0
52073	1	520073#521073	2	0
52074	1	520074#521074	2	0
52075	1	520075#521075	2	0
52076	1	520076#521076	2	0
52077	1	520077#521077	2	0
52078	1	520078#521078	2	0
52079	1	520079#521079	2	0
52080	1	520080#521080	2	0
52081	1	520081#521081	2	0
52082	1	520082#521082	2	0
52083	1	520083#521083	2	0
52084	1	520084#521084	2	0
52085	1	520085#521085	2	0
52086	1	520086#521086	2	0
52087	1	520087#521087	2	0
52088	1	520088#521088	2	0
52089	1	520089#521089	2	0
52090	1	520090#521090	2	0
52091	1	520091#521091	2	0
52092	1	520092#521092	2	0
52093	1	520093#521093	2	0
52094	1	520094#521094	2	0
52095	1	520095#521095	2	0
52096	1	520096#521096	2	0
52097	1	520097#521097	2	0
52098	1	520098#521098	2	0
52099	1	520099#521099	2	0
52100	1	520100#521100	2	0
52101	1	520101#521101	2	0
52102	1	520102#521102	2	0
52103	1	520103#521103	2	0
52104	1	520104#521104	2	0
52105	1	520105#521105	2	0
52106	1	520106#521106	2	0
52107	1	520107#521107	2	0
52108	1	520108#521108	2	0
52109	1	520109#521109	2	0
52110	1	520110#521110	2	0
52111	1	520111#521111	2	0
52112	1	520112#521112	2	0
52113	1	520113#521113	2	0
52114	1	520114#521114	2	0
52115	1	520115#521115	2	0
52116	1	520116#521116	2	0
52117	1	520117#521117	2	0
52118	1	520118#521118	2	0
52119	1	520119#521119	2	0
52120	1	520120#521120	2	0
52121	1	520121#521121	2	0
52122	1	520122#521122	2	0
52123	1	520123#521123	2	0
52124	1	520124#521124	2	0
52125	1	520125#521125	2	0
52901	1	522001	1	0
80000	2	800001#800002	1	0
80001	2	800011#800012	1	0
80002	2	800021#800022	1	0
80003	2	800031#800032	1	0
80004	2	800041#800042	1	0
80005	2	800051#800052	1	0
80006	2	800061#800062	1	0
80007	2	800071#800072	1	0
80008	2	800081#800082	1	0
80009	2	800091#800092	1	0
80010	2	800101#800102	1	0
80011	2	800111#800112	1	0
80012	2	800121#800122	1	0
80013	2	800131#800132	1	0
80014	2	800141#800142	1	0
