Id	Rank	Level	LevUP	Hp	Attack	PhysicalDefence	MagicDefence	Speed	Hit	Dodge	CritFactor	CritDamageFactor	DamageBocusFactor	DamageReduceFactor	CureFacter	TreatFacter
int	int	int	int	int	int	int	int	int	int	int	int	int	int	int	int	int
1	1	1	0	0	0	0	0	0	10	0	0	0	0	0	0	0
2	1	2	1	810	140	12	0	8	10	0	0	0	0	0	0	0
3	1	3	1	1630	280	22	0	16	10	0	0	0	0	0	0	0
4	1	4	2	1720	295	26	0	20	10	0	0	0	0	0	0	0
5	1	5	2	1810	310	28	0	22	10	0	0	0	0	0	0	0
6	1	6	3	1900	325	32	0	24	10	0	0	0	0	0	0	0
7	1	7	3	1990	340	36	0	26	10	0	0	0	0	0	0	0
8	1	8	4	2090	355	38	0	30	10	0	0	0	0	0	0	0
9	1	9	4	2180	370	42	0	32	10	0	0	0	0	0	0	0
10	1	10	5	2270	385	44	0	34	20	10	50	50	50	50	50	50
11	1	11	5	2360	400	48	0	38	20	0	0	0	0	0	0	0
12	1	12	6	2450	410	52	0	40	20	0	0	0	0	0	0	0
13	1	13	6	2550	425	54	0	42	20	0	0	0	0	0	0	0
14	1	14	7	2640	440	58	0	46	20	0	0	0	0	0	0	0
15	1	15	7	2730	455	60	0	48	20	0	0	0	0	0	0	0
16	1	16	8	2820	470	64	0	52	20	0	0	0	0	0	0	0
17	1	17	8	2910	485	66	0	54	20	0	0	0	0	0	0	0
18	1	18	9	3010	500	70	0	56	20	0	0	0	0	0	0	0
19	1	19	9	3100	515	74	0	58	30	0	0	0	0	0	0	0
20	1	20	10	3190	530	76	0	62	30	20	100	100	100	100	100	100
21	1	21	10	3280	540	80	0	64	30	0	0	0	0	0	0	0
22	1	22	11	3370	555	82	0	66	30	0	0	0	0	0	0	0
23	1	23	11	3470	570	86	0	70	30	0	0	0	0	0	0	0
24	1	24	12	3560	585	90	0	72	30	0	0	0	0	0	0	0
25	1	25	12	3650	600	92	0	74	30	0	0	0	0	0	0	0
26	1	26	13	3980	645	96	0	78	30	0	0	0	0	0	0	0
27	1	27	13	4310	685	98	0	80	30	0	0	0	0	0	0	0
28	1	28	14	4400	700	102	0	84	40	0	0	0	0	0	0	0
29	1	29	14	4490	715	104	0	86	40	0	0	0	0	0	0	0
30	1	30	15	4590	730	108	0	88	40	30	150	150	150	150	150	150
31	1	31	15	4680	745	112	0	90	40	0	0	0	0	0	0	0
32	1	32	16	4770	760	114	0	94	40	0	0	0	0	0	0	0
33	1	33	16	4860	770	118	0	96	40	0	0	0	0	0	0	0
34	1	34	17	4950	785	120	0	98	40	0	0	0	0	0	0	0
35	1	35	17	5050	800	124	0	102	40	0	0	0	0	0	0	0
36	1	36	18	5140	815	128	0	104	40	0	0	0	0	0	0	0
37	1	37	18	5230	830	130	0	106	50	0	0	0	0	0	0	0
38	1	38	19	5320	845	134	0	110	50	0	0	0	0	0	0	0
39	1	39	19	5410	860	136	0	112	50	0	0	0	0	0	0	0
40	1	40	20	8460	1285	140	0	120	50	40	200	200	200	200	200	200
41	1	41	20	11500	1715	142	0	126	50	0	0	0	0	0	0	0
42	1	42	21	13080	1970	154	0	134	50	0	0	0	0	0	0	0
43	1	43	21	14670	2230	164	0	142	50	0	0	0	0	0	0	0
44	1	44	22	14780	2245	168	0	146	50	0	0	0	0	0	0	0
45	1	45	22	14900	2265	172	0	148	50	0	0	0	0	0	0	0
46	1	46	23	15020	2285	174	0	150	60	0	0	0	0	0	0	0
47	1	47	23	15140	2300	178	0	154	60	0	0	0	0	0	0	0
48	1	48	24	15250	2320	180	0	156	60	0	0	0	0	0	0	0
49	1	49	24	15370	2340	184	0	158	60	0	0	0	0	0	0	0
50	1	50	25	15490	2360	188	0	162	60	50	250	250	250	250	250	250
51	1	51	25	15610	2375	190	0	164	60	0	0	0	0	0	0	0
52	1	52	26	15720	2395	194	0	166	60	0	0	0	0	0	0	0
53	1	53	26	15840	2410	196	0	170	60	0	0	0	0	0	0	0
54	1	54	27	16430	2510	200	0	172	60	0	0	0	0	0	0	0
55	1	55	27	17030	2605	202	0	174	70	0	0	0	0	0	0	0
56	1	56	28	17140	2625	206	0	178	70	0	0	0	0	0	0	0
57	1	57	28	17260	2640	210	0	180	70	0	0	0	0	0	0	0
58	1	58	29	17380	2660	212	0	182	70	0	0	0	0	0	0	0
59	1	59	29	17490	2680	216	0	184	70	0	0	0	0	0	0	0
60	1	60	30	17610	2700	218	0	188	70	60	300	300	300	300	300	300
61	1	61	30	17730	2715	222	0	190	70	0	0	0	0	0	0	0
62	1	62	31	17850	2735	226	0	194	70	0	0	0	0	0	0	0
63	1	63	31	17960	2755	228	0	196	70	0	0	0	0	0	0	0
64	1	64	32	18080	2770	232	0	198	80	0	0	0	0	0	0	0
65	1	65	32	18200	2790	234	0	200	80	0	0	0	0	0	0	0
66	1	66	33	18320	2810	238	0	204	80	0	0	0	0	0	0	0
67	1	67	33	18430	2825	240	0	206	80	0	0	0	0	0	0	0
68	1	68	34	18550	2845	244	0	210	80	0	0	0	0	0	0	0
69	1	69	34	18670	2865	246	0	212	80	0	0	0	0	0	0	0
70	1	70	35	18790	2885	250	0	214	80	70	350	350	350	350	350	350
71	1	71	35	18900	2900	254	0	216	80	0	0	0	0	0	0	0
72	1	72	36	19020	2920	256	0	220	80	0	0	0	0	0	0	0
73	1	73	36	19140	2940	260	0	222	90	0	0	0	0	0	0	0
74	1	74	37	19250	2960	262	0	226	90	0	0	0	0	0	0	0
75	1	75	37	19370	2975	266	0	228	90	0	0	0	0	0	0	0
76	1	76	38	19490	2995	270	0	230	90	0	0	0	0	0	0	0
77	1	77	38	19610	3010	272	0	232	90	0	0	0	0	0	0	0
78	1	78	39	19720	3030	276	0	236	90	0	0	0	0	0	0	0
79	1	79	39	19840	3050	278	0	238	90	0	0	0	0	0	0	0
80	1	80	40	19960	3070	282	0	240	90	80	400	400	400	400	400	400
81	1	81	40	20080	3085	284	0	244	90	0	0	0	0	0	0	0
82	1	82	41	21320	3255	288	0	246	100	0	0	0	0	0	0	0
83	1	83	41	22560	3425	292	0	248	100	0	0	0	0	0	0	0
84	1	84	42	22690	3450	294	0	252	100	0	0	0	0	0	0	0
85	1	85	42	22820	3470	298	0	254	100	0	0	0	0	0	0	0
86	1	86	43	22950	3490	300	0	256	100	0	0	0	0	0	0	0
87	1	87	43	23080	3510	304	0	260	100	0	0	0	0	0	0	0
88	1	88	44	23210	3530	308	0	262	100	0	0	0	0	0	0	0
89	1	89	44	23340	3550	310	0	264	100	0	0	0	0	0	0	0
90	1	90	45	23470	3570	314	0	268	100	90	450	450	450	450	450	450
91	1	91	45	23600	3590	316	0	270	110	0	0	0	0	0	0	0
92	1	92	46	23730	3610	320	0	272	110	0	0	0	0	0	0	0
93	1	93	46	23860	3630	322	0	276	110	0	0	0	0	0	0	0
94	1	94	47	23990	3650	326	0	278	110	0	0	0	0	0	0	0
95	1	95	47	24110	3670	330	0	280	110	0	0	0	0	0	0	0
96	1	96	48	24240	3690	332	0	284	110	0	0	0	0	0	0	0
97	1	97	48	24370	3710	336	0	286	110	0	0	0	0	0	0	0
98	1	98	49	24500	3730	338	0	288	110	0	0	0	0	0	0	0
99	1	99	49	24630	3750	342	0	292	110	0	0	0	0	0	0	0
100	1	100	50	24760	3775	344	0	294	120	100	499	499	499	499	499	499
101	1	101	50	24890	3795	348	0	296	120	0	0	0	0	0	0	0
102	1	102	51	25020	3815	352	0	300	120	0	0	0	0	0	0	0
103	1	103	51	25150	3835	354	0	302	120	0	0	0	0	0	0	0
104	1	104	52	25280	3855	358	0	304	120	0	0	0	0	0	0	0
105	1	105	52	25410	3875	360	0	306	120	0	0	0	0	0	0	0
106	1	106	53	25540	3895	364	0	310	120	0	0	0	0	0	0	0
107	1	107	53	25670	3915	366	0	312	120	0	0	0	0	0	0	0
108	1	108	54	25800	3935	370	0	316	120	0	0	0	0	0	0	0
109	1	109	54	25930	3955	374	0	318	130	0	0	0	0	0	0	0
110	1	110	55	27010	4090	376	0	320	130	110	549	549	549	549	549	549
111	1	111	55	28090	4225	380	0	322	130	0	0	0	0	0	0	0
112	1	112	56	28220	4245	382	0	326	130	0	0	0	0	0	0	0
113	1	113	56	28350	4265	386	0	328	130	0	0	0	0	0	0	0
114	1	114	57	28480	4285	390	0	332	130	0	0	0	0	0	0	0
115	1	115	57	28610	4305	392	0	334	130	0	0	0	0	0	0	0
116	1	116	58	28740	4330	396	0	336	130	0	0	0	0	0	0	0
117	1	117	58	28870	4350	398	0	338	130	0	0	0	0	0	0	0
118	1	118	59	29000	4370	402	0	342	140	0	0	0	0	0	0	0
119	1	119	59	29130	4390	404	0	344	140	0	0	0	0	0	0	0
120	1	120	60	29230	4405	408	0	348	140	120	599	599	599	599	599	599
121	1	121	60	29340	4420	410	0	350	140	0	0	0	0	0	0	0
122	1	122	61	29640	4450	414	0	352	140	0	0	0	0	0	0	0
123	1	123	61	29940	4480	418	0	356	140	0	0	0	0	0	0	0
124	1	124	62	30040	4495	420	0	358	140	0	0	0	0	0	0	0
125	1	125	62	30140	4515	424	0	360	140	0	0	0	0	0	0	0
126	1	126	63	30250	4530	426	0	364	140	0	0	0	0	0	0	0
127	1	127	63	30350	4545	430	0	366	150	0	0	0	0	0	0	0
128	1	128	64	30450	4565	434	0	368	150	0	0	0	0	0	0	0
129	1	129	64	30560	4580	436	0	370	150	0	0	0	0	0	0	0
130	1	130	65	30660	4595	440	0	374	150	130	649	649	649	649	649	649
131	1	131	65	30760	4615	442	0	376	150	0	0	0	0	0	0	0
132	1	132	66	38500	5620	446	0	384	150	0	0	0	0	0	0	0
133	1	133	66	46230	6630	448	0	392	150	0	0	0	0	0	0	0
134	1	134	67	46380	6655	452	0	394	150	0	0	0	0	0	0	0
135	1	135	67	46540	6675	456	0	396	150	0	0	0	0	0	0	0
136	1	136	68	46740	6705	458	0	400	160	0	0	0	0	0	0	0
137	1	137	68	46950	6735	462	0	402	160	0	0	0	0	0	0	0
138	1	138	69	48590	6950	464	0	410	160	0	0	0	0	0	0	0
139	1	139	69	50240	7170	468	0	416	160	0	0	0	0	0	0	0
140	1	140	70	50450	7200	472	0	418	160	140	699	699	699	699	699	699
141	1	141	70	50650	7230	474	0	420	160	0	0	0	0	0	0	0
142	1	142	71	50860	7260	478	0	424	160	0	0	0	0	0	0	0
143	1	143	71	51060	7290	480	0	426	160	0	0	0	0	0	0	0
144	1	144	72	51270	7320	484	0	428	160	0	0	0	0	0	0	0
145	1	145	72	51480	7350	486	0	432	170	0	0	0	0	0	0	0
146	1	146	73	51680	7380	490	0	434	170	0	0	0	0	0	0	0
147	1	147	73	51890	7410	494	0	436	170	0	0	0	0	0	0	0
148	1	148	74	52100	7440	496	0	440	170	0	0	0	0	0	0	0
149	1	149	74	52300	7470	500	0	442	170	0	0	0	0	0	0	0
150	1	150	75	52510	7505	502	0	444	170	150	750	750	750	750	750	750
151	1	151	75	52720	7535	506	0	448	170	0	0	0	0	0	0	0
152	1	152	76	52920	7565	508	0	450	170	0	0	0	0	0	0	0
153	1	153	76	53130	7595	512	0	452	170	0	0	0	0	0	0	0
154	1	154	77	53390	7630	516	0	456	180	0	0	0	0	0	0	0
155	1	155	77	53650	7670	518	0	458	180	0	0	0	0	0	0	0
156	1	156	78	53910	7705	522	0	460	180	0	0	0	0	0	0	0
157	1	157	78	54170	7745	524	0	464	180	0	0	0	0	0	0	0
158	1	158	79	54430	7780	528	0	466	180	0	0	0	0	0	0	0
159	1	159	79	54690	7820	530	0	468	180	0	0	0	0	0	0	0
160	1	160	80	54950	7855	534	0	472	180	160	800	800	800	800	800	800
161	1	161	80	55210	7895	538	0	474	180	0	0	0	0	0	0	0
162	1	162	81	55470	7930	540	0	476	180	0	0	0	0	0	0	0
163	1	163	81	55740	7970	544	0	480	190	0	0	0	0	0	0	0
164	1	164	82	56000	8005	546	0	482	190	0	0	0	0	0	0	0
165	1	165	82	56260	8045	550	0	484	190	0	0	0	0	0	0	0
166	1	166	83	56520	8085	554	0	488	190	0	0	0	0	0	0	0
167	1	167	83	56790	8120	556	0	490	190	0	0	0	0	0	0	0
168	1	168	84	58480	8330	560	0	492	190	0	0	0	0	0	0	0
169	1	169	84	60170	8540	562	0	494	190	0	0	0	0	0	0	0
170	1	170	85	60430	8580	566	0	498	190	170	850	850	850	850	850	850
171	1	171	85	60690	8615	568	0	500	190	0	0	0	0	0	0	0
172	1	172	86	74050	10250	572	0	508	200	0	0	0	0	0	0	0
173	1	173	86	87410	11885	576	0	516	200	0	0	0	0	0	0	0
174	1	174	87	87650	11915	578	0	518	200	0	0	0	0	0	0	0
175	1	175	87	87880	11950	582	0	520	200	0	0	0	0	0	0	0
176	1	176	88	88120	11985	584	0	524	200	0	0	0	0	0	0	0
177	1	177	88	88350	12015	588	0	526	200	0	0	0	0	0	0	0
178	1	178	89	89070	12090	592	0	530	200	0	0	0	0	0	0	0
179	1	179	89	89790	12165	594	0	532	200	0	0	0	0	0	0	0
180	1	180	90	90030	12200	598	0	534	200	180	900	900	900	900	900	900
181	1	181	90	90260	12235	600	0	536	210	0	0	0	0	0	0	0
182	1	182	91	91120	12320	604	0	540	210	0	0	0	0	0	0	0
183	1	183	91	91980	12405	606	0	542	210	0	0	0	0	0	0	0
184	1	184	92	92220	12435	610	0	546	210	0	0	0	0	0	0	0
185	1	185	92	92460	12470	614	0	548	210	0	0	0	0	0	0	0
186	1	186	93	92700	12505	616	0	550	210	0	0	0	0	0	0	0
187	1	187	93	92930	12535	620	0	554	210	0	0	0	0	0	0	0
188	1	188	94	93260	12580	622	0	556	210	0	0	0	0	0	0	0
189	1	189	94	93580	12625	626	0	558	210	0	0	0	0	0	0	0
190	1	190	95	93900	12670	628	0	562	220	190	950	950	950	950	950	950
191	1	191	95	94220	12715	632	0	564	220	0	0	0	0	0	0	0
192	1	192	96	95030	12800	636	0	566	220	0	0	0	0	0	0	0
193	1	193	96	95840	12885	638	0	568	220	0	0	0	0	0	0	0
194	1	194	97	96160	12930	642	0	572	220	0	0	0	0	0	0	0
195	1	195	97	96490	12970	644	0	574	220	0	0	0	0	0	0	0
196	1	196	98	98480	13215	648	0	578	220	0	0	0	0	0	0	0
197	1	197	98	100470	13460	650	0	580	220	0	0	0	0	0	0	0
198	1	198	99	100790	13505	654	0	582	220	0	0	0	0	0	0	0
199	1	199	99	101120	13550	656	0	584	230	0	0	0	0	0	0	0
200	1	200	100	101440	13595	660	0	588	230	200	1000	1000	1000	1000	1000	1000
201	1	201	100	101770	13635	664	0	590	230	0	0	0	0	0	0	0
202	1	202	101	102090	13680	666	0	592	230	0	0	0	0	0	0	0
203	1	203	101	102420	13725	670	0	596	230	0	0	0	0	0	0	0
204	1	204	102	103230	13810	674	0	598	230	0	0	0	0	0	0	0
205	1	205	102	104040	13895	676	0	600	230	0	0	0	0	0	0	0
206	1	206	103	104370	13940	680	0	604	230	0	0	0	0	0	0	0
207	1	207	103	104690	13985	682	0	606	230	0	0	0	0	0	0	0
208	1	208	104	105020	14030	686	0	608	240	0	0	0	0	0	0	0
209	1	209	104	105350	14075	688	0	612	240	0	0	0	0	0	0	0
210	1	210	105	105670	14120	692	0	614	240	210	1050	1050	1050	1050	1050	1050
211	1	211	105	106000	14165	696	0	616	240	0	0	0	0	0	0	0
212	1	212	106	128880	16750	698	0	624	240	0	0	0	0	0	0	0
213	1	213	106	151760	19335	702	0	632	240	0	0	0	0	0	0	0
214	1	214	107	152280	19415	704	0	636	240	0	0	0	0	0	0	0
215	1	215	107	152790	19495	708	0	638	240	0	0	0	0	0	0	0
216	1	216	108	153260	19555	712	0	640	240	0	0	0	0	0	0	0
217	1	217	108	153730	19615	714	0	642	250	0	0	0	0	0	0	0
218	1	218	109	154690	19720	718	0	646	250	0	0	0	0	0	0	0
219	1	219	109	155640	19820	720	0	648	250	0	0	0	0	0	0	0
220	1	220	110	156110	19880	724	0	650	250	220	1100	1100	1100	1100	1100	1100
221	1	221	110	156580	19940	726	0	652	250	0	0	0	0	0	0	0
222	1	222	111	157050	20000	730	0	656	250	0	0	0	0	0	0	0
223	1	223	111	157520	20060	732	0	658	250	0	0	0	0	0	0	0
224	1	224	112	159790	20445	736	0	666	250	0	0	0	0	0	0	0
225	1	225	112	162050	20830	738	0	672	250	0	0	0	0	0	0	0
226	1	226	113	162420	20880	742	0	674	260	0	0	0	0	0	0	0
227	1	227	113	162780	20930	746	0	678	260	0	0	0	0	0	0	0
228	1	228	114	163150	20975	748	0	680	260	0	0	0	0	0	0	0
229	1	229	114	163510	21025	752	0	682	260	0	0	0	0	0	0	0
230	1	230	115	163870	21070	754	0	686	260	230	1150	1150	1150	1150	1150	1150
231	1	231	115	164240	21120	758	0	688	260	0	0	0	0	0	0	0
232	1	232	116	165080	21210	762	0	690	260	0	0	0	0	0	0	0
233	1	233	116	165930	21300	764	0	692	260	0	0	0	0	0	0	0
234	1	234	117	166300	21350	768	0	696	260	0	0	0	0	0	0	0
235	1	235	117	166660	21395	770	0	698	270	0	0	0	0	0	0	0
236	1	236	118	167020	21445	774	0	702	270	0	0	0	0	0	0	0
237	1	237	118	167390	21490	778	0	704	270	0	0	0	0	0	0	0
238	1	238	119	167750	21540	780	0	706	270	0	0	0	0	0	0	0
239	1	239	119	168110	21590	784	0	708	270	0	0	0	0	0	0	0
240	1	240	120	168570	21700	786	0	712	270	240	1200	1200	1200	1200	1200	1200
241	1	241	120	169030	21810	790	0	714	270	0	0	0	0	0	0	0
242	1	242	121	169700	21930	792	0	716	270	0	0	0	0	0	0	0
243	1	243	121	170370	22045	796	0	720	270	0	0	0	0	0	0	0
244	1	244	122	170730	22095	800	0	722	280	0	0	0	0	0	0	0
245	1	245	122	171100	22140	802	0	724	280	0	0	0	0	0	0	0
246	1	246	123	172080	22250	806	0	728	280	0	0	0	0	0	0	0
247	1	247	123	173060	22355	808	0	730	280	0	0	0	0	0	0	0
248	1	248	124	173430	22405	812	0	734	280	0	0	0	0	0	0	0
249	1	249	124	173790	22450	814	0	736	280	0	0	0	0	0	0	0
250	1	250	125	174220	22505	818	0	738	280	250	1250	1250	1250	1250	1250	1250
251	1	251	125	174650	22565	822	0	740	280	0	0	0	0	0	0	0
252	1	252	126	214960	26890	824	0	748	280	0	0	0	0	0	0	0
253	1	253	126	255280	31215	828	0	756	290	0	0	0	0	0	0	0
254	1	254	127	255900	31290	830	0	760	290	0	0	0	0	0	0	0
255	1	255	127	256520	31365	834	0	762	290	0	0	0	0	0	0	0
256	1	256	128	257140	31445	836	0	764	290	0	0	0	0	0	0	0
257	1	257	128	257750	31520	840	0	766	290	0	0	0	0	0	0	0
258	1	258	129	258380	31595	844	0	770	290	0	0	0	0	0	0	0
259	1	259	129	259000	31670	846	0	772	290	0	0	0	0	0	0	0
260	1	260	130	260100	31790	850	0	774	290	260	1300	1300	1300	1300	1300	1300
261	1	261	130	261200	31905	852	0	778	290	0	0	0	0	0	0	0
262	1	262	131	261820	31980	856	0	780	300	0	0	0	0	0	0	0
263	1	263	131	262430	32060	858	0	782	300	0	0	0	0	0	0	0
264	1	264	132	263060	32135	862	0	786	300	0	0	0	0	0	0	0
265	1	265	132	263690	32210	866	0	788	300	0	0	0	0	0	0	0
266	1	266	133	264440	32355	868	0	790	300	0	0	0	0	0	0	0
267	1	267	133	265200	32500	872	0	794	300	0	0	0	0	0	0	0
268	1	268	134	265830	32575	874	0	796	300	0	0	0	0	0	0	0
269	1	269	134	266460	32650	878	0	798	300	0	0	0	0	0	0	0
270	1	270	135	267080	32725	882	0	802	300	270	1350	1350	1350	1350	1350	1350
271	1	271	135	267690	32800	884	0	804	310	0	0	0	0	0	0	0
272	1	272	136	268790	32920	888	0	806	310	0	0	0	0	0	0	0
273	1	273	136	269900	33040	890	0	810	310	0	0	0	0	0	0	0
274	1	274	137	270530	33115	894	0	812	310	0	0	0	0	0	0	0
275	1	275	137	271150	33190	896	0	814	310	0	0	0	0	0	0	0
276	1	276	138	271770	33265	900	0	818	310	0	0	0	0	0	0	0
277	1	277	138	272390	33345	904	0	820	310	0	0	0	0	0	0	0
278	1	278	139	273020	33420	906	0	822	310	0	0	0	0	0	0	0
279	1	279	139	273650	33495	910	0	826	310	0	0	0	0	0	0	0
280	1	280	140	274270	33570	912	0	828	320	280	1400	1400	1400	1400	1400	1400
281	1	281	140	274890	33645	916	0	830	320	0	0	0	0	0	0	0
282	1	282	141	277890	34015	920	0	834	320	0	0	0	0	0	0	0
283	1	283	141	280890	34380	922	0	836	320	0	0	0	0	0	0	0
284	1	284	142	281520	34455	926	0	838	320	0	0	0	0	0	0	0
285	1	285	142	282150	34530	928	0	842	320	0	0	0	0	0	0	0
286	1	286	143	283260	34650	932	0	844	320	0	0	0	0	0	0	0
287	1	287	143	284360	34770	934	0	846	320	0	0	0	0	0	0	0
288	1	288	144	284990	34845	938	0	850	320	0	0	0	0	0	0	0
289	1	289	144	285630	34920	942	0	852	330	0	0	0	0	0	0	0
290	1	290	145	286440	35610	944	0	854	330	290	1450	1450	1450	1450	1450	1450
291	1	291	145	287250	36300	948	0	856	330	0	0	0	0	0	0	0
292	1	292	146	287870	36380	950	0	860	330	0	0	0	0	0	0	0
293	1	293	146	288490	36460	954	0	862	330	0	0	0	0	0	0	0
294	1	294	147	289130	36540	956	0	866	330	0	0	0	0	0	0	0
295	1	295	147	289760	36615	960	0	868	330	0	0	0	0	0	0	0
296	1	296	148	290380	36695	964	0	870	330	0	0	0	0	0	0	0
297	1	297	148	291010	36775	966	0	872	330	0	0	0	0	0	0	0
298	1	298	149	291640	36855	970	0	876	340	0	0	0	0	0	0	0
299	1	299	149	292280	36930	972	0	878	340	0	0	0	0	0	0	0
300	1	300	150	294910	37055	976	0	882	340	300	1500	1500	1500	1500	1500	1500
301	1	301	150	297550	37180	978	0	884	340	0	0	0	0	0	0	0
302	1	302	151	299250	37425	982	0	886	340	0	0	0	0	0	0	0
303	1	303	151	300960	37675	986	0	888	340	0	0	0	0	0	0	0
304	1	304	152	301520	37745	988	0	892	340	0	0	0	0	0	0	0
305	1	305	152	302090	37815	992	0	894	340	0	0	0	0	0	0	0
306	1	306	153	302650	37885	994	0	898	340	0	0	0	0	0	0	0
307	1	307	153	303210	37955	998	0	900	350	0	0	0	0	0	0	0
308	1	308	154	304230	38080	1002	0	902	350	0	0	0	0	0	0	0
309	1	309	154	305240	38205	1004	0	904	350	0	0	0	0	0	0	0
310	1	310	155	308450	38600	1008	0	912	350	310	1550	1550	1550	1550	1550	1550
311	1	311	155	311660	39000	1010	0	918	350	0	0	0	0	0	0	0
312	1	312	156	312220	39070	1014	0	920	350	0	0	0	0	0	0	0
313	1	313	156	312790	39140	1016	0	924	350	0	0	0	0	0	0	0
314	1	314	157	313840	39255	1020	0	926	350	0	0	0	0	0	0	0
315	1	315	157	314890	39370	1024	0	928	350	0	0	0	0	0	0	0
316	1	316	158	320760	39555	1026	0	932	360	0	0	0	0	0	0	0
317	1	317	158	326620	39740	1030	0	934	360	0	0	0	0	0	0	0
318	1	318	159	327300	39825	1032	0	938	360	0	0	0	0	0	0	0
319	1	319	159	327970	39910	1036	0	940	360	0	0	0	0	0	0	0
320	1	320	160	328660	39990	1038	0	942	360	320	1600	1600	1600	1600	1600	1600
321	1	321	160	329350	40070	1042	0	944	360	0	0	0	0	0	0	0
322	1	322	161	330030	40155	1046	0	948	360	0	0	0	0	0	0	0
323	1	323	161	330700	40240	1048	0	950	360	0	0	0	0	0	0	0
324	1	324	162	331400	40320	1052	0	954	360	0	0	0	0	0	0	0
325	1	325	162	332090	40405	1054	0	956	370	0	0	0	0	0	0	0
326	1	326	163	333530	40755	1058	0	958	370	0	0	0	0	0	0	0
327	1	327	163	334980	41100	1060	0	960	370	0	0	0	0	0	0	0
328	1	328	164	335660	41185	1064	0	964	370	0	0	0	0	0	0	0
329	1	329	164	336330	41270	1068	0	966	370	0	0	0	0	0	0	0
330	1	330	165	337030	41350	1070	0	968	370	330	1650	1650	1650	1650	1650	1650
331	1	331	165	337720	41435	1074	0	970	370	0	0	0	0	0	0	0
332	1	332	166	338400	41520	1076	0	974	370	0	0	0	0	0	0	0
333	1	333	166	339080	41605	1080	0	976	370	0	0	0	0	0	0	0
334	1	334	167	339770	41740	1084	0	984	380	0	0	0	0	0	0	0
335	1	335	167	340460	41875	1086	0	992	380	0	0	0	0	0	0	0
336	1	336	168	341140	41960	1090	0	994	380	0	0	0	0	0	0	0
337	1	337	168	341820	42045	1092	0	998	380	0	0	0	0	0	0	0
338	1	338	169	345490	42700	1096	0	1000	380	0	0	0	0	0	0	0
339	1	339	169	349150	43355	1098	0	1002	380	0	0	0	0	0	0	0
340	1	340	170	350600	43505	1102	0	1006	380	340	1700	1700	1700	1700	1700	1700
341	1	341	170	352060	43655	1104	0	1008	380	0	0	0	0	0	0	0
342	1	342	171	353030	43845	1108	0	1010	380	0	0	0	0	0	0	0
343	1	343	171	354010	44035	1112	0	1014	390	0	0	0	0	0	0	0
344	1	344	172	354710	44120	1114	0	1016	390	0	0	0	0	0	0	0
345	1	345	172	355410	44205	1118	0	1018	390	0	0	0	0	0	0	0
346	1	346	173	356090	44290	1120	0	1022	390	0	0	0	0	0	0	0
347	1	347	173	356770	44375	1124	0	1024	390	0	0	0	0	0	0	0
348	1	348	174	357470	44460	1128	0	1026	390	0	0	0	0	0	0	0
349	1	349	174	358170	44545	1130	0	1028	390	0	0	0	0	0	0	0
350	1	350	175	358850	44630	1134	0	1032	390	350	1750	1750	1750	1750	1750	1750
351	1	351	175	359540	44715	1136	0	1034	390	0	0	0	0	0	0	0
352	1	352	176	405410	48565	1140	0	1042	400	0	0	0	0	0	0	0
353	1	353	176	451280	52410	1142	0	1050	400	0	0	0	0	0	0	0
354	1	354	177	455170	52580	1146	0	1052	400	0	0	0	0	0	0	0
355	1	355	177	459060	52745	1150	0	1054	400	0	0	0	0	0	0	0
356	1	356	178	459950	52845	1152	0	1058	400	0	0	0	0	0	0	0
357	1	357	178	460840	52945	1156	0	1060	400	0	0	0	0	0	0	0
358	1	358	179	461750	53050	1158	0	1064	400	0	0	0	0	0	0	0
359	1	359	179	462660	53150	1162	0	1066	400	0	0	0	0	0	0	0
360	1	360	180	463560	53255	1166	0	1068	400	360	1800	1800	1800	1800	1800	1800
361	1	361	180	464450	53355	1168	0	1070	410	0	0	0	0	0	0	0
362	1	362	181	464710	53470	1172	0	1074	410	0	0	0	0	0	0	0
363	1	363	181	464970	53585	1174	0	1076	410	0	0	0	0	0	0	0
364	1	364	182	465740	53675	1178	0	1080	410	0	0	0	0	0	0	0
365	1	365	182	466510	53760	1180	0	1082	410	0	0	0	0	0	0	0
366	1	366	183	470520	54240	1184	0	1084	410	0	0	0	0	0	0	0
367	1	367	183	474540	54720	1188	0	1086	410	0	0	0	0	0	0	0
368	1	368	184	476790	55030	1190	0	1090	410	0	0	0	0	0	0	0
369	1	369	184	479040	55335	1194	0	1092	410	0	0	0	0	0	0	0
370	1	370	185	479810	55420	1196	0	1094	420	370	1850	1850	1850	1850	1850	1850
371	1	371	185	480580	55510	1200	0	1098	420	0	0	0	0	0	0	0
372	1	372	186	481350	55595	1204	0	1100	420	0	0	0	0	0	0	0
373	1	373	186	482120	55685	1206	0	1102	420	0	0	0	0	0	0	0
374	1	374	187	483030	55790	1210	0	1106	420	0	0	0	0	0	0	0
375	1	375	187	483950	55890	1212	0	1108	420	0	0	0	0	0	0	0
376	1	376	188	484800	55990	1216	0	1112	420	0	0	0	0	0	0	0
377	1	377	188	485650	56085	1218	0	1114	420	0	0	0	0	0	0	0
378	1	378	189	486520	56185	1222	0	1116	420	0	0	0	0	0	0	0
379	1	379	189	487390	56280	1224	0	1118	430	0	0	0	0	0	0	0
380	1	380	190	488260	56380	1228	0	1122	430	380	1900	1900	1900	1900	1900	1900
381	1	381	190	489130	56480	1232	0	1124	430	0	0	0	0	0	0	0
382	1	382	191	490760	56915	1234	0	1126	430	0	0	0	0	0	0	0
383	1	383	191	492390	57350	1238	0	1130	430	0	0	0	0	0	0	0
384	1	384	192	493260	57450	1240	0	1132	430	0	0	0	0	0	0	0
385	1	385	192	494130	57550	1244	0	1134	430	0	0	0	0	0	0	0
386	1	386	193	495010	57650	1248	0	1138	430	0	0	0	0	0	0	0
387	1	387	193	495880	57750	1250	0	1140	430	0	0	0	0	0	0	0
388	1	388	194	496750	57850	1254	0	1144	440	0	0	0	0	0	0	0
389	1	389	194	497620	57950	1256	0	1146	440	0	0	0	0	0	0	0
390	1	390	195	498470	58045	1260	0	1148	440	390	1950	1950	1950	1950	1950	1950
391	1	391	195	499320	58145	1262	0	1150	440	0	0	0	0	0	0	0
392	1	392	196	500200	58245	1266	0	1154	440	0	0	0	0	0	0	0
393	1	393	196	501070	58345	1270	0	1156	440	0	0	0	0	0	0	0
394	1	394	197	506600	59060	1272	0	1158	440	0	0	0	0	0	0	0
395	1	395	197	512140	59770	1276	0	1162	440	0	0	0	0	0	0	0
396	1	396	198	513010	59870	1278	0	1164	440	0	0	0	0	0	0	0
397	1	397	198	513880	59970	1282	0	1166	450	0	0	0	0	0	0	0
398	1	398	199	514760	60070	1284	0	1170	450	0	0	0	0	0	0	0
399	1	399	199	515630	60170	1288	0	1172	450	0	0	0	0	0	0	0
400	1	400	200	516510	60270	1292	0	1174	450	400	2000	2000	2000	2000	2000	2000
401	1	401	200	517380	60370	1294	0	1176	450	0	0	0	0	0	0	0
402	1	402	201	583490	65490	1298	0	1184	450	0	0	0	0	0	0	0
403	1	403	201	649600	70610	1300	0	1192	450	0	0	0	0	0	0	0
404	1	404	202	650840	70740	1304	0	1196	450	0	0	0	0	0	0	0
405	1	405	202	652070	70870	1306	0	1198	450	0	0	0	0	0	0	0
406	1	406	203	653070	70980	1310	0	1200	460	0	0	0	0	0	0	0
407	1	407	203	654080	71085	1314	0	1204	460	0	0	0	0	0	0	0
408	1	408	204	656330	71310	1316	0	1212	460	0	0	0	0	0	0	0
409	1	409	204	658580	71530	1320	0	1218	460	0	0	0	0	0	0	0
410	1	410	205	659580	71635	1322	0	1222	460	410	2050	2050	2050	2050	2050	2050
411	1	411	205	660590	71745	1326	0	1224	460	0	0	0	0	0	0	0
412	1	412	206	662080	71900	1330	0	1226	460	0	0	0	0	0	0	0
413	1	413	206	663570	72055	1332	0	1230	460	0	0	0	0	0	0	0
414	1	414	207	664580	72165	1336	0	1232	460	0	0	0	0	0	0	0
415	1	415	207	665590	72270	1338	0	1234	470	0	0	0	0	0	0	0
416	1	416	208	667080	72425	1342	0	1238	470	0	0	0	0	0	0	0
417	1	417	208	668570	72585	1344	0	1240	470	0	0	0	0	0	0	0
418	1	418	209	669580	72690	1348	0	1242	470	0	0	0	0	0	0	0
419	1	419	209	670590	72800	1352	0	1244	470	0	0	0	0	0	0	0
420	1	420	210	672540	73080	1354	0	1248	470	420	2100	2100	2100	2100	2100	2100
421	1	421	210	674490	73360	1358	0	1250	470	0	0	0	0	0	0	0
422	1	422	211	676260	73535	1360	0	1252	470	0	0	0	0	0	0	0
423	1	423	211	678040	73710	1364	0	1256	470	0	0	0	0	0	0	0
424	1	424	212	683290	74675	1368	0	1262	480	0	0	0	0	0	0	0
425	1	425	212	688540	75645	1370	0	1268	480	0	0	0	0	0	0	0
426	1	426	213	689550	75755	1374	0	1272	480	0	0	0	0	0	0	0
427	1	427	213	690560	75860	1376	0	1274	480	0	0	0	0	0	0	0
428	1	428	214	692070	76020	1380	0	1278	480	0	0	0	0	0	0	0
429	1	429	214	693580	76180	1382	0	1280	480	0	0	0	0	0	0	0
430	1	430	215	694590	76290	1386	0	1282	480	430	2150	2150	2150	2150	2150	2150
431	1	431	215	695600	76395	1390	0	1284	480	0	0	0	0	0	0	0
432	1	432	216	697110	76555	1392	0	1288	480	0	0	0	0	0	0	0
433	1	433	216	698630	76715	1396	0	1290	490	0	0	0	0	0	0	0
434	1	434	217	699640	76825	1398	0	1294	490	0	0	0	0	0	0	0
435	1	435	217	700650	76935	1402	0	1296	490	0	0	0	0	0	0	0
436	1	436	218	706340	77160	1404	0	1298	490	0	0	0	0	0	0	0
437	1	437	218	712030	77390	1408	0	1300	490	0	0	0	0	0	0	0
438	1	438	219	713060	77500	1412	0	1304	490	0	0	0	0	0	0	0
439	1	439	219	714080	77605	1414	0	1306	490	0	0	0	0	0	0	0
440	1	440	220	715620	77765	1418	0	1308	490	440	2200	2200	2200	2200	2200	2200
441	1	441	220	717150	77930	1420	0	1312	490	0	0	0	0	0	0	0
442	1	442	221	718180	78035	1424	0	1314	500	0	0	0	0	0	0	0
443	1	443	221	719210	78145	1426	0	1316	500	0	0	0	0	0	0	0
444	1	444	222	720740	78305	1430	0	1320	500	0	0	0	0	0	0	0
445	1	445	222	722280	78465	1434	0	1322	500	0	0	0	0	0	0	0
446	1	446	223	723820	79810	1436	0	1326	500	0	0	0	0	0	0	0
447	1	447	223	725350	81155	1440	0	1330	500	0	0	0	0	0	0	0
448	1	448	224	727660	81390	1442	0	1334	500	0	0	0	0	0	0	0
449	1	449	224	729970	81620	1446	0	1336	500	0	0	0	0	0	0	0
450	1	450	225	731000	81735	1450	0	1338	500	450	2250	2250	2250	2250	2250	2250
451	1	451	225	732030	81845	1452	0	1340	510	0	0	0	0	0	0	0
452	1	452	226	737620	82520	1456	0	1344	510	0	0	0	0	0	0	0
453	1	453	226	743200	83195	1458	0	1346	510	0	0	0	0	0	0	0
454	1	454	227	744230	83305	1462	0	1350	510	0	0	0	0	0	0	0
455	1	455	227	745260	83415	1464	0	1352	510	0	0	0	0	0	0	0
456	1	456	228	746810	83585	1468	0	1354	510	0	0	0	0	0	0	0
457	1	457	228	748370	83750	1472	0	1356	510	0	0	0	0	0	0	0
458	1	458	229	749400	83865	1474	0	1360	510	0	0	0	0	0	0	0
459	1	459	229	750430	83975	1478	0	1362	510	0	0	0	0	0	0	0
460	1	460	230	751990	84145	1480	0	1366	520	460	2300	2300	2300	2300	2300	2300
461	1	461	230	753540	84310	1484	0	1368	520	0	0	0	0	0	0	0
462	1	462	231	850570	91945	1488	0	1376	520	0	0	0	0	0	0	0
463	1	463	231	947600	99585	1490	0	1382	520	0	0	0	0	0	0	0
464	1	464	232	948940	99720	1494	0	1386	520	0	0	0	0	0	0	0
465	1	465	232	950280	99855	1496	0	1388	520	0	0	0	0	0	0	0
466	1	466	233	951610	99990	1500	0	1392	520	0	0	0	0	0	0	0
467	1	467	233	952950	100125	1502	0	1394	520	0	0	0	0	0	0	0
468	1	468	234	954290	100265	1506	0	1396	520	0	0	0	0	0	0	0
469	1	469	234	955620	100400	1508	0	1398	530	0	0	0	0	0	0	0
470	1	470	235	971250	100680	1512	0	1402	530	470	2350	2350	2350	2350	2350	2350
471	1	471	235	986870	100960	1516	0	1404	530	0	0	0	0	0	0	0
472	1	472	236	988240	101095	1518	0	1406	530	0	0	0	0	0	0	0
473	1	473	236	989620	101230	1522	0	1410	530	0	0	0	0	0	0	0
474	1	474	237	990990	101365	1524	0	1412	530	0	0	0	0	0	0	0
475	1	475	237	992370	101500	1528	0	1414	530	0	0	0	0	0	0	0
476	1	476	238	994800	101730	1530	0	1418	530	0	0	0	0	0	0	0
477	1	477	238	997230	101960	1534	0	1420	530	0	0	0	0	0	0	0
478	1	478	239	998610	102095	1538	0	1424	540	0	0	0	0	0	0	0
479	1	479	239	999980	102230	1540	0	1426	540	0	0	0	0	0	0	0
480	1	480	240	1005770	102910	1544	0	1428	540	480	2400	2400	2400	2400	2400	2400
481	1	481	240	1011550	103590	1546	0	1430	540	0	0	0	0	0	0	0
482	1	482	241	1012930	103725	1550	0	1434	540	0	0	0	0	0	0	0
483	1	483	241	1014300	103860	1554	0	1436	540	0	0	0	0	0	0	0
484	1	484	242	1015670	103995	1556	0	1440	540	0	0	0	0	0	0	0
485	1	485	242	1017050	104130	1560	0	1442	540	0	0	0	0	0	0	0
486	1	486	243	1018420	104265	1562	0	1444	540	0	0	0	0	0	0	0
487	1	487	243	1019800	104400	1566	0	1446	550	0	0	0	0	0	0	0
488	1	488	244	1021170	104540	1570	0	1450	550	0	0	0	0	0	0	0
489	1	489	244	1022550	104675	1572	0	1452	550	0	0	0	0	0	0	0
490	1	490	245	1029740	104905	1576	0	1454	550	490	2450	2450	2450	2450	2450	2450
491	1	491	245	1036940	105130	1578	0	1458	550	0	0	0	0	0	0	0
492	1	492	246	1038320	105265	1582	0	1460	550	0	0	0	0	0	0	0
493	1	493	246	1039710	105400	1584	0	1462	550	0	0	0	0	0	0	0
494	1	494	247	1041100	105540	1588	0	1466	550	0	0	0	0	0	0	0
495	1	495	247	1042490	105675	1590	0	1468	550	0	0	0	0	0	0	0
496	1	496	248	1044500	105960	1594	0	1470	560	0	0	0	0	0	0	0
497	1	497	248	1046520	106245	1596	0	1474	560	0	0	0	0	0	0	0
498	1	498	249	1047910	106380	1600	0	1476	560	0	0	0	0	0	0	0
499	1	499	249	1049290	106515	1604	0	1478	560	0	0	0	0	0	0	0
500	1	500	250	1050680	106655	1606	0	1482	560	500	2500	2500	2500	2500	2500	2500
501	1	501	250	1052070	106790	1610	0	1484	560	0	0	0	0	0	0	0
502	1	502	251	1053690	106945	1612	0	1486	560	0	0	0	0	0	0	0
503	1	503	251	1055320	107100	1616	0	1488	560	0	0	0	0	0	0	0
504	1	504	252	1058160	107370	1620	0	1492	560	0	0	0	0	0	0	0
505	1	505	252	1061000	107635	1622	0	1494	570	0	0	0	0	0	0	0
506	1	506	253	1062390	107770	1626	0	1498	570	0	0	0	0	0	0	0
507	1	507	253	1063780	107905	1628	0	1500	570	0	0	0	0	0	0	0
508	1	508	254	1070710	109185	1632	0	1506	570	0	0	0	0	0	0	0
509	1	509	254	1077630	110460	1636	0	1512	570	0	0	0	0	0	0	0
510	1	510	255	1079020	110600	1638	0	1516	570	510	2550	2550	2550	2550	2550	2550
511	1	511	255	1080410	110735	1642	0	1518	570	0	0	0	0	0	0	0
512	1	512	256	1082630	110955	1646	0	1520	570	0	0	0	0	0	0	0
513	1	513	256	1084850	111170	1648	0	1524	570	0	0	0	0	0	0	0
514	1	514	257	1086240	111310	1652	0	1526	580	0	0	0	0	0	0	0
515	1	515	257	1087640	111445	1654	0	1528	580	0	0	0	0	0	0	0
516	1	516	258	1090930	112250	1658	0	1532	580	0	0	0	0	0	0	0
517	1	517	258	1094220	113060	1660	0	1534	580	0	0	0	0	0	0	0
518	1	518	259	1095610	113195	1664	0	1538	580	0	0	0	0	0	0	0
519	1	519	259	1097010	113335	1666	0	1540	580	0	0	0	0	0	0	0
520	1	520	260	1099240	113555	1670	0	1542	580	520	2600	2600	2600	2600	2600	2600
521	1	521	260	1101470	113775	1674	0	1544	580	0	0	0	0	0	0	0
522	1	522	261	1103550	114075	1676	0	1548	580	0	0	0	0	0	0	0
523	1	523	261	1105630	114375	1680	0	1550	590	0	0	0	0	0	0	0
524	1	524	262	1107870	114595	1682	0	1554	590	0	0	0	0	0	0	0
525	1	525	262	1110100	114815	1686	0	1556	590	0	0	0	0	0	0	0
526	1	526	263	1111500	114955	1690	0	1558	590	0	0	0	0	0	0	0
527	1	527	263	1112900	115090	1692	0	1560	590	0	0	0	0	0	0	0
528	1	528	264	1115150	115315	1696	0	1564	590	0	0	0	0	0	0	0
529	1	529	264	1117390	115535	1698	0	1566	590	0	0	0	0	0	0	0
530	1	530	265	1120300	115770	1702	0	1574	590	530	2650	2650	2650	2650	2650	2650
531	1	531	265	1123210	116000	1704	0	1582	590	0	0	0	0	0	0	0
532	1	532	266	1125460	116225	1708	0	1584	600	0	0	0	0	0	0	0
533	1	533	266	1127710	116445	1712	0	1586	600	0	0	0	0	0	0	0
534	1	534	267	1129120	116585	1714	0	1590	600	0	0	0	0	0	0	0
535	1	535	267	1130520	116725	1718	0	1592	600	0	0	0	0	0	0	0
536	1	536	268	1137750	117565	1720	0	1594	600	0	0	0	0	0	0	0
537	1	537	268	1144980	118405	1724	0	1598	600	0	0	0	0	0	0	0
538	1	538	269	1146390	118545	1726	0	1600	600	0	0	0	0	0	0	0
539	1	539	269	1147790	118685	1730	0	1602	600	0	0	0	0	0	0	0
540	1	540	270	1150060	118910	1732	0	1606	600	540	2700	2700	2700	2700	2700	2700
541	1	541	270	1152320	119135	1736	0	1608	610	0	0	0	0	0	0	0
542	1	542	271	1153730	119275	1740	0	1610	610	0	0	0	0	0	0	0
543	1	543	271	1155140	119410	1742	0	1614	610	0	0	0	0	0	0	0
544	1	544	272	1158480	119730	1746	0	1622	610	0	0	0	0	0	0	0
545	1	545	272	1161810	120045	1748	0	1628	610	0	0	0	0	0	0	0
546	1	546	273	1163220	120185	1752	0	1632	610	0	0	0	0	0	0	0
547	1	547	273	1164630	120325	1756	0	1634	610	0	0	0	0	0	0	0
548	1	548	274	1167640	120715	1758	0	1636	610	0	0	0	0	0	0	0
549	1	549	274	1170650	121105	1762	0	1640	610	0	0	0	0	0	0	0
550	1	550	275	1172060	121250	1764	0	1642	620	550	2750	2750	2750	2750	2750	2750
551	1	551	275	1173480	121390	1768	0	1644	620	0	0	0	0	0	0	0
552	1	552	276	1174890	121530	1772	0	1648	620	0	0	0	0	0	0	0
553	1	553	276	1176300	121670	1774	0	1650	620	0	0	0	0	0	0	0
554	1	554	277	1177710	121810	1778	0	1652	620	0	0	0	0	0	0	0
555	1	555	277	1179120	121950	1780	0	1656	620	0	0	0	0	0	0	0
556	1	556	278	1180530	122090	1784	0	1658	620	0	0	0	0	0	0	0
557	1	557	278	1181950	122230	1786	0	1660	620	0	0	0	0	0	0	0
558	1	558	279	1184420	122465	1790	0	1664	620	0	0	0	0	0	0	0
559	1	559	279	1186900	122700	1792	0	1666	630	0	0	0	0	0	0	0
560	1	560	280	1188310	122840	1796	0	1668	630	560	2800	2800	2800	2800	2800	2800
561	1	561	280	1189730	122980	1800	0	1670	630	0	0	0	0	0	0	0
562	1	562	281	1195570	123710	1802	0	1674	630	0	0	0	0	0	0	0
563	1	563	281	1201410	124435	1806	0	1676	630	0	0	0	0	0	0	0
564	1	564	282	1202830	124575	1808	0	1680	630	0	0	0	0	0	0	0
565	1	565	282	1204250	124720	1812	0	1682	630	0	0	0	0	0	0	0
566	1	566	283	1210910	125510	1816	0	1684	630	0	0	0	0	0	0	0
567	1	567	283	1217570	126305	1818	0	1686	630	0	0	0	0	0	0	0
568	1	568	284	1218990	126445	1822	0	1690	640	0	0	0	0	0	0	0
569	1	569	284	1220420	126585	1824	0	1692	640	0	0	0	0	0	0	0
570	1	570	285	1228530	126825	1828	0	1696	640	570	2850	2850	2850	2850	2850	2850
571	1	571	285	1236630	127060	1830	0	1698	640	0	0	0	0	0	0	0
572	1	572	286	1238070	127200	1834	0	1700	640	0	0	0	0	0	0	0
573	1	573	286	1239510	127345	1838	0	1704	640	0	0	0	0	0	0	0
574	1	574	287	1241730	127650	1840	0	1706	640	0	0	0	0	0	0	0
575	1	575	287	1243960	127960	1844	0	1708	640	0	0	0	0	0	0	0
576	1	576	288	1245400	128100	1846	0	1712	640	0	0	0	0	0	0	0
577	1	577	288	1246840	128245	1850	0	1714	650	0	0	0	0	0	0	0
578	1	578	289	1248270	128385	1854	0	1716	650	0	0	0	0	0	0	0
579	1	579	289	1249710	128530	1856	0	1718	650	0	0	0	0	0	0	0
580	1	580	290	1251150	128670	1860	0	1722	650	580	2900	2900	2900	2900	2900	2900
581	1	581	290	1252580	128810	1862	0	1724	650	0	0	0	0	0	0	0
582	1	582	291	1254020	128955	1866	0	1726	650	0	0	0	0	0	0	0
583	1	583	291	1255460	129095	1868	0	1730	650	0	0	0	0	0	0	0
584	1	584	292	1257970	129330	1872	0	1732	650	0	0	0	0	0	0	0
585	1	585	292	1260480	129565	1876	0	1734	650	0	0	0	0	0	0	0
586	1	586	293	1262190	129735	1878	0	1738	660	0	0	0	0	0	0	0
587	1	587	293	1263890	129900	1882	0	1740	660	0	0	0	0	0	0	0
588	1	588	294	1265650	130070	1884	0	1744	660	0	0	0	0	0	0	0
589	1	589	294	1267400	130240	1888	0	1746	660	0	0	0	0	0	0	0
590	1	590	295	1269110	130410	1890	0	1748	660	590	2950	2950	2950	2950	2950	2950
591	1	591	295	1270820	130580	1894	0	1750	660	0	0	0	0	0	0	0
592	1	592	296	1272580	130755	1898	0	1754	660	0	0	0	0	0	0	0
593	1	593	296	1274340	130925	1900	0	1756	660	0	0	0	0	0	0	0
594	1	594	297	1281600	131780	1904	0	1762	660	0	0	0	0	0	0	0
595	1	595	297	1288860	132630	1906	0	1770	670	0	0	0	0	0	0	0
596	1	596	298	1290570	132805	1910	0	1772	670	0	0	0	0	0	0	0
597	1	597	298	1292290	132975	1912	0	1774	670	0	0	0	0	0	0	0
598	1	598	299	1295390	133845	1916	0	1778	670	0	0	0	0	0	0	0
599	1	599	299	1298500	134720	1920	0	1780	670	0	0	0	0	0	0	0
600	1	600	300	1301060	136825	1922	0	1784	670	600	3000	3000	3000	3000	3000	3000
601	1	601	300	1303620	138935	1926	0	1788	670	0	0	0	0	0	0	0
602	1	602	301	1305390	139110	1928	0	1790	670	0	0	0	0	0	0	0
603	1	603	301	1307150	139290	1932	0	1794	670	0	0	0	0	0	0	0
604	1	604	302	1309150	139495	1936	0	1796	680	0	0	0	0	0	0	0
605	1	605	302	1311140	139695	1938	0	1798	680	0	0	0	0	0	0	0
606	1	606	303	1312590	139845	1942	0	1802	680	0	0	0	0	0	0	0
607	1	607	303	1314030	139990	1944	0	1804	680	0	0	0	0	0	0	0
608	1	608	304	1316630	140255	1948	0	1808	680	0	0	0	0	0	0	0
609	1	609	304	1319230	140520	1950	0	1810	680	0	0	0	0	0	0	0
610	1	610	305	1320680	140670	1954	0	1812	680	610	3050	3050	3050	3050	3050	3050
611	1	611	305	1322120	140815	1958	0	1814	680	0	0	0	0	0	0	0
612	1	612	306	1326070	141200	1960	0	1818	680	0	0	0	0	0	0	0
613	1	613	306	1330020	141590	1964	0	1820	690	0	0	0	0	0	0	0
614	1	614	307	1331470	141735	1966	0	1824	690	0	0	0	0	0	0	0
615	1	615	307	1332920	141885	1970	0	1826	690	0	0	0	0	0	0	0
616	1	616	308	1335540	142150	1972	0	1828	690	0	0	0	0	0	0	0
617	1	617	308	1338150	142415	1976	0	1830	690	0	0	0	0	0	0	0
618	1	618	309	1339600	142565	1980	0	1834	690	0	0	0	0	0	0	0
619	1	619	309	1341050	142710	1982	0	1836	690	0	0	0	0	0	0	0
620	1	620	310	1343680	142980	1986	0	1838	690	620	3100	3100	3100	3100	3100	3100
621	1	621	310	1346300	143245	1988	0	1842	690	0	0	0	0	0	0	0
622	1	622	311	1353570	144745	1992	0	1844	700	0	0	0	0	0	0	0
623	1	623	311	1360830	146245	1994	0	1846	700	0	0	0	0	0	0	0
624	1	624	312	1363470	146515	1998	0	1850	700	0	0	0	0	0	0	0
625	1	625	312	1366100	146785	2002	0	1852	700	0	0	0	0	0	0	0
626	1	626	313	1394740	147245	2004	0	1854	700	0	0	0	0	0	0	0
627	1	627	313	1423380	147705	2008	0	1858	700	0	0	0	0	0	0	0
628	1	628	314	1426110	147975	2010	0	1860	700	0	0	0	0	0	0	0
629	1	629	314	1428850	148245	2014	0	1862	700	0	0	0	0	0	0	0
630	1	630	315	1430360	148395	2018	0	1866	700	630	3150	3150	3150	3150	3150	3150
631	1	631	315	1431870	148545	2020	0	1868	710	0	0	0	0	0	0	0
632	1	632	316	1434620	148815	2024	0	1870	710	0	0	0	0	0	0	0
633	1	633	316	1437360	149085	2026	0	1874	710	0	0	0	0	0	0	0
634	1	634	317	1438880	149240	2030	0	1876	710	0	0	0	0	0	0	0
635	1	635	317	1440390	149390	2032	0	1878	710	0	0	0	0	0	0	0
636	1	636	318	1443140	149660	2036	0	1882	710	0	0	0	0	0	0	0
637	1	637	318	1445890	149930	2038	0	1884	710	0	0	0	0	0	0	0
638	1	638	319	1448800	150205	2042	0	1886	710	0	0	0	0	0	0	0
639	1	639	319	1451710	150480	2046	0	1890	710	0	0	0	0	0	0	0
640	1	640	320	1454470	150750	2048	0	1892	720	640	3200	3200	3200	3200	3200	3200
641	1	641	320	1457230	151025	2052	0	1894	720	0	0	0	0	0	0	0
642	1	642	321	1458750	151175	2054	0	1898	720	0	0	0	0	0	0	0
643	1	643	321	1460270	151325	2058	0	1900	720	0	0	0	0	0	0	0
644	1	644	322	1463040	151600	2062	0	1902	720	0	0	0	0	0	0	0
645	1	645	322	1465810	151875	2064	0	1906	720	0	0	0	0	0	0	0
646	1	646	323	1467340	152025	2068	0	1908	720	0	0	0	0	0	0	0
647	1	647	323	1468860	152175	2070	0	1910	720	0	0	0	0	0	0	0
648	1	648	324	1471640	152450	2074	0	1914	720	0	0	0	0	0	0	0
649	1	649	324	1474410	152720	2078	0	1916	730	0	0	0	0	0	0	0
650	1	650	325	1483220	153845	2080	0	1918	730	650	3250	3250	3250	3250	3250	3250
651	1	651	325	1492020	154970	2084	0	1920	730	0	0	0	0	0	0	0
652	1	652	326	1494940	155895	2086	0	1924	730	0	0	0	0	0	0	0
653	1	653	326	1497860	156820	2090	0	1926	730	0	0	0	0	0	0	0
654	1	654	327	1499380	156975	2092	0	1930	730	0	0	0	0	0	0	0
655	1	655	327	1500910	157125	2096	0	1932	730	0	0	0	0	0	0	0
656	1	656	328	1502430	157280	2100	0	1934	730	0	0	0	0	0	0	0
657	1	657	328	1503960	157430	2102	0	1936	730	0	0	0	0	0	0	0
658	1	658	329	1505480	157585	2106	0	1940	740	0	0	0	0	0	0	0
659	1	659	329	1507010	157735	2108	0	1942	740	0	0	0	0	0	0	0
660	1	660	330	1508530	157890	2112	0	1946	740	660	3300	3300	3300	3300	3300	3300
661	1	661	330	1510060	158040	2114	0	1948	740	0	0	0	0	0	0	0
662	1	662	331	1516670	158855	2118	0	1950	740	0	0	0	0	0	0	0
663	1	663	331	1523280	159670	2122	0	1954	740	0	0	0	0	0	0	0
664	1	664	332	1524820	159825	2124	0	1956	740	0	0	0	0	0	0	0
665	1	665	332	1526350	159980	2128	0	1958	740	0	0	0	0	0	0	0
666	1	666	333	1529280	160255	2130	0	1962	740	0	0	0	0	0	0	0
667	1	667	333	1532210	160535	2134	0	1964	750	0	0	0	0	0	0	0
668	1	668	334	1533750	160690	2136	0	1966	750	0	0	0	0	0	0	0
669	1	669	334	1535290	160845	2140	0	1968	750	0	0	0	0	0	0	0
670	1	670	335	1536820	161000	2144	0	1972	750	670	3350	3350	3350	3350	3350	3350
671	1	671	335	1538360	161150	2146	0	1974	750	0	0	0	0	0	0	0
672	1	672	336	1539900	161305	2150	0	1976	750	0	0	0	0	0	0	0
673	1	673	336	1541430	161460	2152	0	1980	750	0	0	0	0	0	0	0
674	1	674	337	1542970	161615	2156	0	1982	750	0	0	0	0	0	0	0
675	1	675	337	1544510	161770	2158	0	1984	750	0	0	0	0	0	0	0
676	1	676	338	1547080	162125	2162	0	1988	760	0	0	0	0	0	0	0
677	1	677	338	1549660	162485	2166	0	1990	760	0	0	0	0	0	0	0
678	1	678	339	1551200	162635	2168	0	1994	760	0	0	0	0	0	0	0
679	1	679	339	1552730	162790	2172	0	1996	760	0	0	0	0	0	0	0
680	1	680	340	1562230	163890	2174	0	2004	760	680	3400	3400	3400	3400	3400	3400
681	1	681	340	1571720	164990	2178	0	2010	760	0	0	0	0	0	0	0
682	1	682	341	1573260	165145	2182	0	2014	760	0	0	0	0	0	0	0
683	1	683	341	1574800	165295	2184	0	2016	760	0	0	0	0	0	0	0
684	1	684	342	1576330	165450	2188	0	2020	760	0	0	0	0	0	0	0
685	1	685	342	1577870	165605	2190	0	2022	770	0	0	0	0	0	0	0
686	1	686	343	1579410	165760	2194	0	2024	770	0	0	0	0	0	0	0
687	1	687	343	1580940	165915	2196	0	2026	770	0	0	0	0	0	0	0
688	1	688	344	1582480	166070	2200	0	2030	770	0	0	0	0	0	0	0
689	1	689	344	1584020	166220	2204	0	2032	770	0	0	0	0	0	0	0
690	1	690	345	1585550	166375	2206	0	2034	770	690	3450	3450	3450	3450	3450	3450
691	1	691	345	1587090	166530	2210	0	2038	770	0	0	0	0	0	0	0
692	1	692	346	1590020	166805	2212	0	2040	770	0	0	0	0	0	0	0
693	1	693	346	1592950	167085	2216	0	2042	770	0	0	0	0	0	0	0
694	1	694	347	1594490	167240	2218	0	2046	780	0	0	0	0	0	0	0
695	1	695	347	1596020	167390	2222	0	2048	780	0	0	0	0	0	0	0
696	1	696	348	1597560	167545	2226	0	2050	780	0	0	0	0	0	0	0
697	1	697	348	1599100	167700	2228	0	2054	780	0	0	0	0	0	0	0
698	1	698	349	1600630	167855	2232	0	2056	780	0	0	0	0	0	0	0
699	1	699	349	1602170	168010	2234	0	2058	780	0	0	0	0	0	0	0
700	1	700	350	1603710	168165	2238	0	2062	780	700	3500	3500	3500	3500	3500	3500
701	1	701	350	1605240	168320	2240	0	2064	780	0	0	0	0	0	0	0
702	1	702	351	1608310	168725	2244	0	2066	780	0	0	0	0	0	0	0
703	1	703	351	1611380	169130	2248	0	2070	790	0	0	0	0	0	0	0
704	1	704	352	1613680	169360	2250	0	2072	790	0	0	0	0	0	0	0
705	1	705	352	1615980	169590	2254	0	2074	790	0	0	0	0	0	0	0
706	1	706	353	1626010	169865	2256	0	2078	790	0	0	0	0	0	0	0
707	1	707	353	1636040	170145	2260	0	2080	790	0	0	0	0	0	0	0
708	1	708	354	1646100	172025	2264	0	2086	790	0	0	0	0	0	0	0
709	1	709	354	1656150	173910	2266	0	2092	790	0	0	0	0	0	0	0
710	1	710	355	1657710	174065	2270	0	2096	790	710	3550	3550	3550	3550	3550	3550
711	1	711	355	1659260	174220	2272	0	2098	790	0	0	0	0	0	0	0
712	1	712	356	1662430	174535	2276	0	2102	800	0	0	0	0	0	0	0
713	1	713	356	1665590	174855	2278	0	2104	800	0	0	0	0	0	0	0
714	1	714	357	1667150	175010	2282	0	2106	800	0	0	0	0	0	0	0
715	1	715	357	1668710	175165	2286	0	2108	800	0	0	0	0	0	0	0
716	1	716	358	1671880	175480	2288	0	2112	800	0	0	0	0	0	0	0
717	1	717	358	1675060	175800	2292	0	2114	800	0	0	0	0	0	0	0
718	1	718	359	1676620	175955	2294	0	2118	800	0	0	0	0	0	0	0
719	1	719	359	1678180	176110	2298	0	2120	800	0	0	0	0	0	0	0
720	1	720	360	1682770	176555	2300	0	2122	800	720	3600	3600	3600	3600	3600	3600
721	1	721	360	1687360	177000	2304	0	2124	810	0	0	0	0	0	0	0
722	1	722	361	1688920	177155	2308	0	2128	810	0	0	0	0	0	0	0
723	1	723	361	1690490	177310	2310	0	2130	810	0	0	0	0	0	0	0
724	1	724	362	1693680	177630	2314	0	2134	810	0	0	0	0	0	0	0
725	1	725	362	1696880	177950	2316	0	2136	810	0	0	0	0	0	0	0
726	1	726	363	1698440	178200	2320	0	2144	810	0	0	0	0	0	0	0
727	1	727	363	1700010	178450	2322	0	2150	810	0	0	0	0	0	0	0
728	1	728	364	1704380	178985	2326	0	2154	810	0	0	0	0	0	0	0
729	1	729	364	1708740	179525	2330	0	2156	810	0	0	0	0	0	0	0
730	1	730	365	1710310	179680	2332	0	2160	820	730	3650	3650	3650	3650	3650	3650
731	1	731	365	1711880	179840	2336	0	2162	820	0	0	0	0	0	0	0
732	1	732	366	1715100	180160	2338	0	2164	820	0	0	0	0	0	0	0
733	1	733	366	1718310	180485	2342	0	2166	820	0	0	0	0	0	0	0
734	1	734	367	1721570	181535	2346	0	2170	820	0	0	0	0	0	0	0
735	1	735	367	1724830	182585	2348	0	2172	820	0	0	0	0	0	0	0
736	1	736	368	1735240	183810	2352	0	2176	820	0	0	0	0	0	0	0
737	1	737	368	1745640	185040	2354	0	2178	820	0	0	0	0	0	0	0
738	1	738	369	1747220	185200	2358	0	2180	820	0	0	0	0	0	0	0
739	1	739	369	1748800	185360	2360	0	2182	830	0	0	0	0	0	0	0
740	1	740	370	1752030	185685	2364	0	2186	830	740	3700	3700	3700	3700	3700	3700
741	1	741	370	1755270	186010	2368	0	2188	830	0	0	0	0	0	0	0
742	1	742	371	1756850	186170	2370	0	2190	830	0	0	0	0	0	0	0
743	1	743	371	1758430	186330	2374	0	2194	830	0	0	0	0	0	0	0
744	1	744	372	1761670	186655	2376	0	2196	830	0	0	0	0	0	0	0
745	1	745	372	1764920	186980	2380	0	2198	830	0	0	0	0	0	0	0
746	1	746	373	1766510	187140	2384	0	2202	830	0	0	0	0	0	0	0
747	1	747	373	1768090	187300	2386	0	2204	830	0	0	0	0	0	0	0
748	1	748	374	1773030	187780	2390	0	2208	840	0	0	0	0	0	0	0
749	1	749	374	1777970	188260	2392	0	2210	840	0	0	0	0	0	0	0
750	1	750	375	1779560	188420	2396	0	2212	840	750	3750	3750	3750	3750	3750	3750
751	1	751	375	1781150	188580	2398	0	2214	840	0	0	0	0	0	0	0
752	1	752	376	1784410	188910	2402	0	2218	840	0	0	0	0	0	0	0
753	1	753	376	1787680	189235	2404	0	2220	840	0	0	0	0	0	0	0
754	1	754	377	1790490	191945	2408	0	2224	840	0	0	0	0	0	0	0
755	1	755	377	1793290	194655	2412	0	2228	840	0	0	0	0	0	0	0
756	1	756	378	1796570	194990	2414	0	2232	840	0	0	0	0	0	0	0
757	1	757	378	1799850	195330	2418	0	2234	850	0	0	0	0	0	0	0
758	1	758	379	1801440	195495	2420	0	2236	850	0	0	0	0	0	0	0
759	1	759	379	1803030	195660	2424	0	2238	850	0	0	0	0	0	0	0
760	1	760	380	1815870	196150	2428	0	2242	850	760	3800	3800	3800	3800	3800	3800
761	1	761	380	1828700	196645	2430	0	2244	850	0	0	0	0	0	0	0
762	1	762	381	1831000	196835	2434	0	2246	850	0	0	0	0	0	0	0
763	1	763	381	1833300	197030	2436	0	2250	850	0	0	0	0	0	0	0
764	1	764	382	1842420	198155	2440	0	2252	850	0	0	0	0	0	0	0
765	1	765	382	1851540	199275	2442	0	2254	850	0	0	0	0	0	0	0
766	1	766	383	1853140	199440	2446	0	2258	860	0	0	0	0	0	0	0
767	1	767	383	1854740	199605	2450	0	2260	860	0	0	0	0	0	0	0
768	1	768	384	1856340	199770	2452	0	2262	860	0	0	0	0	0	0	0
769	1	769	384	1857950	199930	2456	0	2266	860	0	0	0	0	0	0	0
770	1	770	385	1861770	200320	2458	0	2268	860	770	3850	3850	3850	3850	3850	3850
771	1	771	385	1865590	200710	2462	0	2270	860	0	0	0	0	0	0	0
772	1	772	386	1867200	200875	2466	0	2274	860	0	0	0	0	0	0	0
773	1	773	386	1868800	201040	2468	0	2276	860	0	0	0	0	0	0	0
774	1	774	387	1872110	201355	2472	0	2280	860	0	0	0	0	0	0	0
775	1	775	387	1875410	201675	2474	0	2282	870	0	0	0	0	0	0	0
776	1	776	388	1879250	202065	2478	0	2284	870	0	0	0	0	0	0	0
777	1	777	388	1883090	202455	2480	0	2286	870	0	0	0	0	0	0	0
778	1	778	389	1884700	202620	2484	0	2290	870	0	0	0	0	0	0	0
779	1	779	389	1886310	202785	2488	0	2292	870	0	0	0	0	0	0	0
780	1	780	390	1913600	203190	2490	0	2294	870	780	3900	3900	3900	3900	3900	3900
781	1	781	390	1940890	203595	2494	0	2296	870	0	0	0	0	0	0	0
782	1	782	391	1944840	203985	2496	0	2300	870	0	0	0	0	0	0	0
783	1	783	391	1948800	204380	2500	0	2302	870	0	0	0	0	0	0	0
784	1	784	392	1950450	204545	2504	0	2306	880	0	0	0	0	0	0	0
785	1	785	392	1952110	204705	2506	0	2308	880	0	0	0	0	0	0	0
786	1	786	393	1953760	204870	2510	0	2310	880	0	0	0	0	0	0	0
787	1	787	393	1955420	205035	2512	0	2314	880	0	0	0	0	0	0	0
788	1	788	394	1961130	206405	2516	0	2316	880	0	0	0	0	0	0	0
789	1	789	394	1966850	207775	2518	0	2318	880	0	0	0	0	0	0	0
790	1	790	395	1968510	207940	2522	0	2322	880	790	3950	3950	3950	3950	3950	3950
791	1	791	395	1970170	208105	2524	0	2324	880	0	0	0	0	0	0	0
792	1	792	396	1979830	210105	2528	0	2330	880	0	0	0	0	0	0	0
793	1	793	396	1989480	212105	2532	0	2338	890	0	0	0	0	0	0	0
794	1	794	397	1993470	212505	2534	0	2340	890	0	0	0	0	0	0	0
795	1	795	397	1997460	212910	2538	0	2342	890	0	0	0	0	0	0	0
796	1	796	398	1999130	213075	2540	0	2346	890	0	0	0	0	0	0	0
797	1	797	398	2000790	213245	2544	0	2348	890	0	0	0	0	0	0	0
798	1	798	399	2002460	213415	2548	0	2350	890	0	0	0	0	0	0	0
799	1	799	399	2004120	213585	2550	0	2352	890	0	0	0	0	0	0	0
800	1	800	400	2008130	213985	2554	0	2356	890	800	4000	4000	4000	4000	4000	4000
801	1	801	400	2012140	214390	2556	0	2358	890	0	0	0	0	0	0	0
802	1	802	401	2015550	214715	2560	0	2362	900	0	0	0	0	0	0	0
803	1	803	401	2018960	215040	2562	0	2364	900	0	0	0	0	0	0	0
804	1	804	402	2020630	215210	2566	0	2366	900	0	0	0	0	0	0	0
805	1	805	402	2022300	215375	2570	0	2368	900	0	0	0	0	0	0	0
806	1	806	403	2027750	216035	2572	0	2372	900	0	0	0	0	0	0	0
807	1	807	403	2033200	216690	2576	0	2374	900	0	0	0	0	0	0	0
808	1	808	404	2034880	216860	2578	0	2378	900	0	0	0	0	0	0	0
809	1	809	404	2036550	217030	2582	0	2380	900	0	0	0	0	0	0	0
810	1	810	405	2038220	217200	2586	0	2382	900	810	4050	4050	4050	4050	4050	4050
811	1	811	405	2039890	217365	2588	0	2384	910	0	0	0	0	0	0	0
812	1	812	406	2043940	217775	2592	0	2388	910	0	0	0	0	0	0	0
813	1	813	406	2047980	218180	2594	0	2390	910	0	0	0	0	0	0	0
814	1	814	407	2051400	218510	2598	0	2398	910	0	0	0	0	0	0	0
815	1	815	407	2054820	218835	2600	0	2406	910	0	0	0	0	0	0	0
816	1	816	408	2056500	219005	2604	0	2408	910	0	0	0	0	0	0	0
817	1	817	408	2058170	219170	2606	0	2410	910	0	0	0	0	0	0	0
818	1	818	409	2062230	219580	2610	0	2414	910	0	0	0	0	0	0	0
819	1	819	409	2066300	219990	2614	0	2416	910	0	0	0	0	0	0	0
820	1	820	410	2067980	220160	2616	0	2420	920	820	4100	4100	4100	4100	4100	4100
821	1	821	410	2069660	220330	2620	0	2422	920	0	0	0	0	0	0	0
822	1	822	411	2079620	221550	2622	0	2424	920	0	0	0	0	0	0	0
823	1	823	411	2089580	222765	2626	0	2426	920	0	0	0	0	0	0	0
824	1	824	412	2093660	223175	2630	0	2430	920	0	0	0	0	0	0	0
825	1	825	412	2097740	223585	2632	0	2432	920	0	0	0	0	0	0	0
826	1	826	413	2099430	223755	2636	0	2436	920	0	0	0	0	0	0	0
827	1	827	413	2101110	223925	2638	0	2438	920	0	0	0	0	0	0	0
828	1	828	414	2104540	224255	2642	0	2440	920	0	0	0	0	0	0	0
829	1	829	414	2107960	224580	2644	0	2442	930	0	0	0	0	0	0	0
830	1	830	415	2113500	225260	2648	0	2446	930	830	4150	4150	4150	4150	4150	4150
831	1	831	415	2119040	225935	2652	0	2448	930	0	0	0	0	0	0	0
832	1	832	416	2120730	226105	2654	0	2450	930	0	0	0	0	0	0	0
833	1	833	416	2122420	226275	2658	0	2454	930	0	0	0	0	0	0	0
834	1	834	417	2124110	226450	2660	0	2456	930	0	0	0	0	0	0	0
835	1	835	417	2125800	226620	2664	0	2458	930	0	0	0	0	0	0	0
836	1	836	418	2129910	227035	2666	0	2462	930	0	0	0	0	0	0	0
837	1	837	418	2134030	227445	2670	0	2464	930	0	0	0	0	0	0	0
838	1	838	419	2135720	227615	2674	0	2468	940	0	0	0	0	0	0	0
839	1	839	419	2137420	227785	2676	0	2470	940	0	0	0	0	0	0	0
840	1	840	420	2139110	227960	2680	0	2472	940	840	4200	4200	4200	4200	4200	4200
841	1	841	420	2140800	228130	2682	0	2474	940	0	0	0	0	0	0	0
842	1	842	421	2146680	228700	2686	0	2478	940	0	0	0	0	0	0	0
843	1	843	421	2152560	229275	2688	0	2480	940	0	0	0	0	0	0	0
844	1	844	422	2154250	229445	2692	0	2484	940	0	0	0	0	0	0	0
845	1	845	422	2155950	229615	2696	0	2486	940	0	0	0	0	0	0	0
846	1	846	423	2157650	229790	2698	0	2488	940	0	0	0	0	0	0	0
847	1	847	423	2159340	229960	2702	0	2490	950	0	0	0	0	0	0	0
848	1	848	424	2163490	230375	2704	0	2494	950	0	0	0	0	0	0	0
849	1	849	424	2167650	230795	2708	0	2496	950	0	0	0	0	0	0	0
850	1	850	425	2177910	232050	2712	0	2498	950	850	4250	4250	4250	4250	4250	4250
851	1	851	425	2188180	233305	2714	0	2502	950	0	0	0	0	0	0	0
852	1	852	426	2189880	233480	2718	0	2504	950	0	0	0	0	0	0	0
853	1	853	426	2191580	233650	2720	0	2506	950	0	0	0	0	0	0	0
854	1	854	427	2195750	234070	2724	0	2510	950	0	0	0	0	0	0	0
855	1	855	427	2199920	234490	2726	0	2512	950	0	0	0	0	0	0	0
856	1	856	428	2214080	235090	2730	0	2514	960	0	0	0	0	0	0	0
857	1	857	428	2228230	235695	2734	0	2516	960	0	0	0	0	0	0	0
858	1	858	429	2229950	235865	2736	0	2520	960	0	0	0	0	0	0	0
859	1	859	429	2231670	236035	2740	0	2522	960	0	0	0	0	0	0	0
860	1	860	430	2235900	236460	2742	0	2526	960	860	4300	4300	4300	4300	4300	4300
861	1	861	430	2240120	236880	2746	0	2528	960	0	0	0	0	0	0	0
862	1	862	431	2243230	237825	2750	0	2530	960	0	0	0	0	0	0	0
863	1	863	431	2246340	238775	2752	0	2534	960	0	0	0	0	0	0	0
864	1	864	432	2248050	238945	2756	0	2536	960	0	0	0	0	0	0	0
865	1	865	432	2249770	239115	2758	0	2538	970	0	0	0	0	0	0	0
866	1	866	433	2251480	239290	2762	0	2542	970	0	0	0	0	0	0	0
867	1	867	433	2253200	239460	2764	0	2544	970	0	0	0	0	0	0	0
868	1	868	434	2254910	239635	2768	0	2546	970	0	0	0	0	0	0	0
869	1	869	434	2256630	239805	2770	0	2548	970	0	0	0	0	0	0	0
870	1	870	435	2260390	240160	2774	0	2552	970	870	4350	4350	4350	4350	4350	4350
871	1	871	435	2264160	240515	2778	0	2554	970	0	0	0	0	0	0	0
872	1	872	436	2265870	240690	2780	0	2556	970	0	0	0	0	0	0	0
873	1	873	436	2267590	240860	2784	0	2560	970	0	0	0	0	0	0	0
874	1	874	437	2269300	241035	2786	0	2562	980	0	0	0	0	0	0	0
875	1	875	437	2271010	241205	2790	0	2564	980	0	0	0	0	0	0	0
876	1	876	438	2272730	241375	2794	0	2568	980	0	0	0	0	0	0	0
877	1	877	438	2274440	241550	2796	0	2570	980	0	0	0	0	0	0	0
878	1	878	439	2285090	242840	2800	0	2578	980	0	0	0	0	0	0	0
879	1	879	439	2295730	244135	2802	0	2584	980	0	0	0	0	0	0	0
880	1	880	440	2297440	244305	2806	0	2586	980	880	4400	4400	4400	4400	4400	4400
881	1	881	440	2299160	244480	2808	0	2588	980	0	0	0	0	0	0	0
882	1	882	441	2304400	245115	2812	0	2592	980	0	0	0	0	0	0	0
883	1	883	441	2309650	245750	2816	0	2594	990	0	0	0	0	0	0	0
884	1	884	442	2311360	245925	2818	0	2598	990	0	0	0	0	0	0	0
885	1	885	442	2313080	246095	2822	0	2600	990	0	0	0	0	0	0	0
886	1	886	443	2318030	246600	2824	0	2602	990	0	0	0	0	0	0	0
887	1	887	443	2322990	247105	2828	0	2604	990	0	0	0	0	0	0	0
888	1	888	444	2324710	247275	2832	0	2608	990	0	0	0	0	0	0	0
889	1	889	444	2326430	247450	2834	0	2610	990	0	0	0	0	0	0	0
890	1	890	445	2331400	247955	2838	0	2612	990	890	4450	4450	4450	4450	4450	4450
891	1	891	445	2336370	248460	2840	0	2616	990	0	0	0	0	0	0	0
892	1	892	446	2338100	248630	2844	0	2618	1000	0	0	0	0	0	0	0
893	1	893	446	2339820	248805	2846	0	2620	1000	0	0	0	0	0	0	0
894	1	894	447	2344820	249315	2850	0	2624	1000	0	0	0	0	0	0	0
895	1	895	447	2349810	249820	2854	0	2626	1000	0	0	0	0	0	0	0
896	1	896	448	2353590	251155	2856	0	2628	1000	0	0	0	0	0	0	0
897	1	897	448	2357370	252490	2860	0	2632	1000	0	0	0	0	0	0	0
898	1	898	449	2362380	253005	2862	0	2634	1000	0	0	0	0	0	0	0
899	1	899	449	2367390	253515	2866	0	2636	1000	0	0	0	0	0	0	0
900	1	900	450	2369120	253690	2870	0	2640	1000	900	4500	4500	4500	4500	4500	4500
901	1	901	450	2370860	253865	2872	0	2642	1010	0	0	0	0	0	0	0
902	1	902	451	2375880	254380	2876	0	2644	1010	0	0	0	0	0	0	0
903	1	903	451	2380910	254895	2878	0	2648	1010	0	0	0	0	0	0	0
904	1	904	452	2382650	255070	2882	0	2650	1010	0	0	0	0	0	0	0
905	1	905	452	2384390	255250	2884	0	2652	1010	0	0	0	0	0	0	0
906	1	906	453	2398650	257930	2888	0	2656	1010	0	0	0	0	0	0	0
907	1	907	453	2412910	260615	2890	0	2658	1010	0	0	0	0	0	0	0
908	1	908	454	2416150	264100	2894	0	2662	1010	0	0	0	0	0	0	0
909	1	909	454	2419390	267585	2898	0	2666	1010	0	0	0	0	0	0	0
910	1	910	455	2426510	268310	2900	0	2670	1020	910	4550	4550	4550	4550	4550	4550
911	1	911	455	2433620	269035	2904	0	2672	1020	0	0	0	0	0	0	0
912	1	912	456	2435370	269220	2906	0	2674	1020	0	0	0	0	0	0	0
913	1	913	456	2437120	269400	2910	0	2676	1020	0	0	0	0	0	0	0
914	1	914	457	2442200	269940	2912	0	2680	1020	0	0	0	0	0	0	0
915	1	915	457	2447280	270475	2916	0	2682	1020	0	0	0	0	0	0	0
916	1	916	458	2449040	270655	2920	0	2686	1020	0	0	0	0	0	0	0
917	1	917	458	2450790	270840	2922	0	2688	1020	0	0	0	0	0	0	0
918	1	918	459	2455890	271380	2926	0	2690	1020	0	0	0	0	0	0	0
919	1	919	459	2460990	271915	2928	0	2692	1030	0	0	0	0	0	0	0
920	1	920	460	2462750	272100	2932	0	2696	1030	920	4600	4600	4600	4600	4600	4600
921	1	921	460	2464510	272285	2934	0	2698	1030	0	0	0	0	0	0	0
922	1	922	461	2470240	272825	2938	0	2706	1030	0	0	0	0	0	0	0
923	1	923	461	2475960	273365	2942	0	2714	1030	0	0	0	0	0	0	0
924	1	924	462	2479770	273735	2944	0	2716	1030	0	0	0	0	0	0	0
925	1	925	462	2483590	274110	2948	0	2718	1030	0	0	0	0	0	0	0
926	1	926	463	2488730	274655	2952	0	2722	1030	0	0	0	0	0	0	0
927	1	927	463	2493860	275195	2954	0	2724	1030	0	0	0	0	0	0	0
928	1	928	464	2495630	275380	2958	0	2726	1040	0	0	0	0	0	0	0
929	1	929	464	2497400	275565	2960	0	2730	1040	0	0	0	0	0	0	0
930	1	930	465	2502560	276105	2964	0	2732	1040	930	4650	4650	4650	4650	4650	4650
931	1	931	465	2507710	276650	2966	0	2734	1040	0	0	0	0	0	0	0
932	1	932	466	2509480	276835	2970	0	2738	1040	0	0	0	0	0	0	0
933	1	933	466	2511260	277020	2972	0	2740	1040	0	0	0	0	0	0	0
934	1	934	467	2559110	279110	2976	0	2744	1040	0	0	0	0	0	0	0
935	1	935	467	2606960	281200	2980	0	2746	1040	0	0	0	0	0	0	0
936	1	936	468	2621470	281580	2982	0	2748	1040	0	0	0	0	0	0	0
937	1	937	468	2635990	281955	2986	0	2750	1050	0	0	0	0	0	0	0
938	1	938	469	2641350	282500	2988	0	2754	1050	0	0	0	0	0	0	0
939	1	939	469	2646710	283050	2992	0	2756	1050	0	0	0	0	0	0	0
940	1	940	470	2652090	283600	2994	0	2758	1050	940	4700	4700	4700	4700	4700	4700
941	1	941	470	2657460	284145	2998	0	2762	1050	0	0	0	0	0	0	0
942	1	942	471	2662850	284695	3002	0	2764	1050	0	0	0	0	0	0	0
943	1	943	471	2668240	285245	3004	0	2766	1050	0	0	0	0	0	0	0
944	1	944	472	2673640	285800	3008	0	2770	1050	0	0	0	0	0	0	0
945	1	945	472	2679040	286350	3010	0	2772	1050	0	0	0	0	0	0	0
946	1	946	473	2684450	286905	3014	0	2774	1060	0	0	0	0	0	0	0
947	1	947	473	2689870	287455	3016	0	2778	1060	0	0	0	0	0	0	0
948	1	948	474	2695300	288010	3020	0	2780	1060	0	0	0	0	0	0	0
949	1	949	474	2700730	288565	3024	0	2782	1060	0	0	0	0	0	0	0
950	1	950	475	2708290	289310	3026	0	2786	1060	950	4750	4750	4750	4750	4750	4750
951	1	951	475	2715840	290060	3030	0	2788	1060	0	0	0	0	0	0	0
952	1	952	476	2721300	290615	3032	0	2790	1060	0	0	0	0	0	0	0
953	1	953	476	2726750	291170	3036	0	2792	1060	0	0	0	0	0	0	0
954	1	954	477	2732220	291730	3040	0	2796	1060	0	0	0	0	0	0	0
955	1	955	477	2737690	292290	3042	0	2798	1070	0	0	0	0	0	0	0
956	1	956	478	2743170	292850	3046	0	2802	1070	0	0	0	0	0	0	0
957	1	957	478	2748650	293410	3048	0	2804	1070	0	0	0	0	0	0	0
958	1	958	479	2754150	293970	3052	0	2806	1070	0	0	0	0	0	0	0
959	1	959	479	2759640	294530	3054	0	2808	1070	0	0	0	0	0	0	0
960	1	960	480	2766730	295410	3058	0	2812	1070	960	4800	4800	4800	4800	4800	4800
961	1	961	480	2773810	296285	3062	0	2814	1070	0	0	0	0	0	0	0
962	1	962	481	2775710	296475	3064	0	2816	1070	0	0	0	0	0	0	0
963	1	963	481	2777610	296670	3068	0	2820	1070	0	0	0	0	0	0	0
964	1	964	482	2791750	298325	3070	0	2822	1080	0	0	0	0	0	0	0
965	1	965	482	2805880	299985	3074	0	2824	1080	0	0	0	0	0	0	0
966	1	966	483	2807790	300175	3078	0	2828	1080	0	0	0	0	0	0	0
967	1	967	483	2809690	300365	3080	0	2830	1080	0	0	0	0	0	0	0
968	1	968	484	2811590	300560	3084	0	2834	1080	0	0	0	0	0	0	0
969	1	969	484	2813490	300750	3086	0	2836	1080	0	0	0	0	0	0	0
970	1	970	485	2815390	300940	3090	0	2838	1080	970	4850	4850	4850	4850	4850	4850
971	1	971	485	2817300	301130	3092	0	2840	1080	0	0	0	0	0	0	0
972	1	972	486	2819200	301325	3096	0	2844	1080	0	0	0	0	0	0	0
973	1	973	486	2821100	301515	3098	0	2846	1090	0	0	0	0	0	0	0
974	1	974	487	2823000	301705	3102	0	2850	1090	0	0	0	0	0	0	0
975	1	975	487	2824900	301895	3106	0	2852	1090	0	0	0	0	0	0	0
976	1	976	488	2826810	302090	3108	0	2854	1090	0	0	0	0	0	0	0
977	1	977	488	2828710	302280	3112	0	2856	1090	0	0	0	0	0	0	0
978	1	978	489	2832730	303795	3114	0	2860	1090	0	0	0	0	0	0	0
979	1	979	489	2836750	305315	3118	0	2862	1090	0	0	0	0	0	0	0
980	1	980	490	2842320	305890	3122	0	2864	1090	980	4900	4900	4900	4900	4900	4900
981	1	981	490	2847890	306460	3124	0	2868	1090	0	0	0	0	0	0	0
982	1	982	491	2849800	306655	3128	0	2870	1100	0	0	0	0	0	0	0
983	1	983	491	2851700	306845	3130	0	2872	1100	0	0	0	0	0	0	0
984	1	984	492	2853610	307040	3134	0	2876	1100	0	0	0	0	0	0	0
985	1	985	492	2855520	307235	3136	0	2878	1100	0	0	0	0	0	0	0
986	1	986	493	2859010	307750	3140	0	2880	1100	0	0	0	0	0	0	0
987	1	987	493	2862510	308265	3144	0	2884	1100	0	0	0	0	0	0	0
988	1	988	494	2864420	308460	3146	0	2886	1100	0	0	0	0	0	0	0
989	1	989	494	2866320	308655	3150	0	2888	1100	0	0	0	0	0	0	0
990	1	990	495	2868230	308845	3152	0	2892	1100	990	4950	4950	4950	4950	4950	4950
991	1	991	495	2870140	309040	3156	0	2894	1110	0	0	0	0	0	0	0
992	1	992	496	2884570	311915	3160	0	2900	1110	0	0	0	0	0	0	0
993	1	993	496	2899010	314785	3162	0	2908	1110	0	0	0	0	0	0	0
994	1	994	497	2900920	314980	3166	0	2910	1110	0	0	0	0	0	0	0
995	1	995	497	2902830	315175	3168	0	2912	1110	0	0	0	0	0	0	0
996	1	996	498	2904730	315370	3172	0	2916	1110	0	0	0	0	0	0	0
997	1	997	498	2906640	315565	3174	0	2918	1110	0	0	0	0	0	0	0
998	1	998	499	2908550	315760	3178	0	2920	1110	0	0	0	0	0	0	0
999	1	999	499	2910460	315955	3182	0	2924	1110	0	0	0	0	0	0	0
1000	1	1000	500	2916090	316535	3184	0	2926	1120	1000	5000	5000	5000	5000	5000	5000
1001	1	1001	500	2921710	317120	3188	0	2928	1120	0	0	0	0	0	0	0
1002	1	1002	501	2923630	317315	3190	0	2932	1120	0	0	0	0	0	0	0
1003	1	1003	501	2925540	317510	3194	0	2934	1120	0	0	0	0	0	0	0
1004	1	1004	502	2929870	317925	3196	0	2936	1120	0	0	0	0	0	0	0
1005	1	1005	502	2934210	318340	3200	0	2940	1120	0	0	0	0	0	0	0
1006	1	1006	503	2936120	318535	3204	0	2942	1120	0	0	0	0	0	0	0
1007	1	1007	503	2938030	318730	3206	0	2944	1120	0	0	0	0	0	0	0
1008	1	1008	504	2939950	318925	3210	0	2948	1120	0	0	0	0	0	0	0
1009	1	1009	504	2941860	319120	3212	0	2950	1130	0	0	0	0	0	0	0
1010	1	1010	505	2945370	319650	3216	0	2952	1130	1010	5050	5050	5050	5050	5050	5050
1011	1	1011	505	2948890	320180	3218	0	2954	1130	0	0	0	0	0	0	0
1012	1	1012	506	2950800	320375	3222	0	2958	1130	0	0	0	0	0	0	0
1013	1	1013	506	2952710	320570	3226	0	2960	1130	0	0	0	0	0	0	0
1014	1	1014	507	2954630	320765	3228	0	2964	1130	0	0	0	0	0	0	0
1015	1	1015	507	2956540	320960	3232	0	2966	1130	0	0	0	0	0	0	0
1016	1	1016	508	2958450	321155	3234	0	2968	1130	0	0	0	0	0	0	0
1017	1	1017	508	2960360	321350	3238	0	2970	1130	0	0	0	0	0	0	0
1018	1	1018	509	2964700	321765	3242	0	2978	1140	0	0	0	0	0	0	0
1019	1	1019	509	2969030	322180	3244	0	2986	1140	0	0	0	0	0	0	0
1020	1	1020	510	2985430	324145	3248	0	2990	1140	1020	5100	5100	5100	5100	5100	5100
1021	1	1021	510	3001830	326105	3250	0	2992	1140	0	0	0	0	0	0	0
1022	1	1022	511	3003750	326300	3254	0	2994	1140	0	0	0	0	0	0	0
1023	1	1023	511	3005660	326495	3256	0	2998	1140	0	0	0	0	0	0	0
1024	1	1024	512	3007580	326690	3260	0	3000	1140	0	0	0	0	0	0	0
1025	1	1025	512	3009500	326885	3264	0	3002	1140	0	0	0	0	0	0	0
1026	1	1026	513	3011420	327080	3266	0	3006	1140	0	0	0	0	0	0	0
1027	1	1027	513	3013330	327275	3270	0	3008	1150	0	0	0	0	0	0	0
1028	1	1028	514	3015250	327475	3272	0	3010	1150	0	0	0	0	0	0	0
1029	1	1029	514	3017170	327670	3276	0	3012	1150	0	0	0	0	0	0	0
1030	1	1030	515	3019090	327865	3278	0	3016	1150	1030	5150	5150	5150	5150	5150	5150
1031	1	1031	515	3021010	328060	3282	0	3018	1150	0	0	0	0	0	0	0
1032	1	1032	516	3025340	328475	3286	0	3020	1150	0	0	0	0	0	0	0
1033	1	1033	516	3029680	328895	3288	0	3024	1150	0	0	0	0	0	0	0
1034	1	1034	517	3031600	329090	3292	0	3026	1150	0	0	0	0	0	0	0
1035	1	1035	517	3033520	329285	3294	0	3028	1150	0	0	0	0	0	0	0
1036	1	1036	518	3037050	329820	3298	0	3032	1160	0	0	0	0	0	0	0
1037	1	1037	518	3040590	330360	3300	0	3034	1160	0	0	0	0	0	0	0
1038	1	1038	519	3042510	330555	3304	0	3038	1160	0	0	0	0	0	0	0
1039	1	1039	519	3044420	330750	3308	0	3040	1160	0	0	0	0	0	0	0
1040	1	1040	520	3050170	331345	3310	0	3042	1160	1040	5200	5200	5200	5200	5200	5200
1041	1	1041	520	3055930	331940	3314	0	3044	1160	0	0	0	0	0	0	0
1042	1	1042	521	3057850	332135	3316	0	3048	1160	0	0	0	0	0	0	0
1043	1	1043	521	3059770	332330	3320	0	3050	1160	0	0	0	0	0	0	0
1044	1	1044	522	3061700	332530	3324	0	3054	1160	0	0	0	0	0	0	0
1045	1	1045	522	3063620	332725	3326	0	3056	1170	0	0	0	0	0	0	0
1046	1	1046	523	3067960	333140	3330	0	3058	1170	0	0	0	0	0	0	0
1047	1	1047	523	3072310	333555	3332	0	3060	1170	0	0	0	0	0	0	0
1048	1	1048	524	3085240	335165	3336	0	3064	1170	0	0	0	0	0	0	0
1049	1	1049	524	3098170	336770	3338	0	3066	1170	0	0	0	0	0	0	0
1050	1	1050	525	3100090	336965	3342	0	3068	1170	1050	5250	5250	5250	5250	5250	5250
1051	1	1051	525	3102010	337160	3346	0	3072	1170	0	0	0	0	0	0	0
1052	1	1052	526	3103940	337355	3348	0	3074	1170	0	0	0	0	0	0	0
1053	1	1053	526	3105860	337555	3352	0	3076	1170	0	0	0	0	0	0	0
1054	1	1054	527	3107780	337750	3354	0	3080	1180	0	0	0	0	0	0	0
1055	1	1055	527	3109710	337945	3358	0	3082	1180	0	0	0	0	0	0	0
1056	1	1056	528	3111630	338140	3362	0	3084	1180	0	0	0	0	0	0	0
1057	1	1057	528	3113550	338340	3364	0	3088	1180	0	0	0	0	0	0	0
1058	1	1058	529	3130430	338755	3368	0	3090	1180	0	0	0	0	0	0	0
1059	1	1059	529	3147300	339170	3370	0	3092	1180	0	0	0	0	0	0	0
1060	1	1060	530	3153160	339770	3374	0	3096	1180	1060	5300	5300	5300	5300	5300	5300
1061	1	1061	530	3159020	340370	3376	0	3098	1180	0	0	0	0	0	0	0
1062	1	1062	531	3162610	344705	3380	0	3102	1180	0	0	0	0	0	0	0
1063	1	1063	531	3166190	349035	3384	0	3106	1190	0	0	0	0	0	0	0
1064	1	1064	532	3168140	349240	3386	0	3110	1190	0	0	0	0	0	0	0
1065	1	1065	532	3170080	349440	3390	0	3112	1190	0	0	0	0	0	0	0
1066	1	1066	533	3172020	349640	3392	0	3114	1190	0	0	0	0	0	0	0
1067	1	1067	533	3173970	349840	3396	0	3116	1190	0	0	0	0	0	0	0
1068	1	1068	534	3175910	350040	3398	0	3120	1190	0	0	0	0	0	0	0
1069	1	1069	534	3177860	350245	3402	0	3122	1190	0	0	0	0	0	0	0
1070	1	1070	535	3179800	350445	3406	0	3124	1190	1070	5350	5350	5350	5350	5350	5350
1071	1	1071	535	3181740	350645	3408	0	3128	1190	0	0	0	0	0	0	0
1072	1	1072	536	3186130	351070	3412	0	3130	1200	0	0	0	0	0	0	0
1073	1	1073	536	3190510	351500	3414	0	3132	1200	0	0	0	0	0	0	0
1074	1	1074	537	3192460	351700	3418	0	3136	1200	0	0	0	0	0	0	0
1075	1	1075	537	3194400	351900	3420	0	3138	1200	0	0	0	0	0	0	0
1076	1	1076	538	3196340	352100	3424	0	3142	1200	0	0	0	0	0	0	0
1077	1	1077	538	3198290	352300	3428	0	3144	1200	0	0	0	0	0	0	0
1078	1	1078	539	3211630	355270	3430	0	3150	1200	0	0	0	0	0	0	0
1079	1	1079	539	3224960	358235	3434	0	3156	1200	0	0	0	0	0	0	0
1080	1	1080	540	3230880	358860	3436	0	3160	1200	1080	5400	5400	5400	5400	5400	5400
1081	1	1081	540	3236800	359485	3440	0	3162	1210	0	0	0	0	0	0	0
1082	1	1082	541	3238750	359690	3444	0	3164	1210	0	0	0	0	0	0	0
1083	1	1083	541	3240700	359890	3446	0	3168	1210	0	0	0	0	0	0	0
1084	1	1084	542	3242650	360095	3450	0	3170	1210	0	0	0	0	0	0	0
1085	1	1085	542	3244600	360300	3452	0	3172	1210	0	0	0	0	0	0	0
1086	1	1086	543	3248990	360730	3456	0	3176	1210	0	0	0	0	0	0	0
1087	1	1087	543	3253380	361160	3458	0	3178	1210	0	0	0	0	0	0	0
1088	1	1088	544	3295930	361730	3462	0	3180	1210	0	0	0	0	0	0	0
1089	1	1089	544	3338480	362300	3464	0	3184	1210	0	0	0	0	0	0	0
1090	1	1090	545	3340480	362505	3468	0	3186	1220	1090	5450	5450	5450	5450	5450	5450
1091	1	1091	545	3342470	362705	3472	0	3188	1220	0	0	0	0	0	0	0
1092	1	1092	546	3344470	362910	3474	0	3192	1220	0	0	0	0	0	0	0
1093	1	1093	546	3346460	363110	3478	0	3194	1220	0	0	0	0	0	0	0
1094	1	1094	547	3348460	363315	3480	0	3196	1220	0	0	0	0	0	0	0
1095	1	1095	547	3350450	363515	3484	0	3198	1220	0	0	0	0	0	0	0
1096	1	1096	548	3352450	363720	3488	0	3202	1220	0	0	0	0	0	0	0
1097	1	1097	548	3354450	363925	3490	0	3204	1220	0	0	0	0	0	0	0
1098	1	1098	549	3356440	364125	3494	0	3208	1220	0	0	0	0	0	0	0
1099	1	1099	549	3358440	364330	3496	0	3210	1230	0	0	0	0	0	0	0
1100	1	1100	550	3367060	366500	3500	0	3212	1230	1100	5500	5500	5500	5500	5500	5500
1101	1	1101	550	3375680	368670	3502	0	3214	1230	0	0	0	0	0	0	0
1102	1	1102	551	3377680	368875	3506	0	3218	1230	0	0	0	0	0	0	0
1103	1	1103	551	3379680	369080	3510	0	3220	1230	0	0	0	0	0	0	0
1104	1	1104	552	3381680	369285	3512	0	3224	1230	0	0	0	0	0	0	0
1105	1	1105	552	3383680	369490	3516	0	3226	1230	0	0	0	0	0	0	0
1106	1	1106	553	3397650	371235	3518	0	3228	1230	0	0	0	0	0	0	0
1107	1	1107	553	3411630	372980	3522	0	3232	1230	0	0	0	0	0	0	0
1108	1	1108	554	3413630	373185	3524	0	3234	1240	0	0	0	0	0	0	0
1109	1	1109	554	3415630	373390	3528	0	3236	1240	0	0	0	0	0	0	0
1110	1	1110	555	3417630	373595	3532	0	3240	1240	1110	5550	5550	5550	5550	5550	5550
1111	1	1111	555	3419630	373800	3534	0	3242	1240	0	0	0	0	0	0	0
1112	1	1112	556	3421630	374005	3538	0	3244	1240	0	0	0	0	0	0	0
1113	1	1113	556	3423630	374210	3540	0	3246	1240	0	0	0	0	0	0	0
1114	1	1114	557	3429840	375025	3544	0	3250	1240	0	0	0	0	0	0	0
1115	1	1115	557	3436060	375835	3546	0	3252	1240	0	0	0	0	0	0	0
1116	1	1116	558	3438060	376040	3550	0	3256	1240	0	0	0	0	0	0	0
1117	1	1117	558	3440060	376245	3554	0	3258	1250	0	0	0	0	0	0	0
1118	1	1118	559	3442060	376555	3556	0	3270	1250	0	0	0	0	0	0	0
1119	1	1119	559	3444060	376865	3560	0	3282	1250	0	0	0	0	0	0	0
1120	1	1120	560	3450240	377510	3562	0	3286	1250	1120	5600	5600	5600	5600	5600	5600
1121	1	1121	560	3456430	378150	3566	0	3288	1250	0	0	0	0	0	0	0
1122	1	1122	561	3458440	378355	3570	0	3290	1250	0	0	0	0	0	0	0
1123	1	1123	561	3460440	378560	3572	0	3294	1250	0	0	0	0	0	0	0
1124	1	1124	562	3462450	378765	3576	0	3296	1250	0	0	0	0	0	0	0
1125	1	1125	562	3464450	378970	3578	0	3298	1250	0	0	0	0	0	0	0
1126	1	1126	563	3468960	379405	3582	0	3302	1260	0	0	0	0	0	0	0
1127	1	1127	563	3473470	379835	3584	0	3304	1260	0	0	0	0	0	0	0
1128	1	1128	564	3475470	380040	3588	0	3308	1260	0	0	0	0	0	0	0
1129	1	1129	564	3477480	380250	3592	0	3310	1260	0	0	0	0	0	0	0
1130	1	1130	565	3479480	380455	3594	0	3312	1260	1130	5650	5650	5650	5650	5650	5650
1131	1	1131	565	3481490	380660	3598	0	3314	1260	0	0	0	0	0	0	0
1132	1	1132	566	3483500	380865	3600	0	3318	1260	0	0	0	0	0	0	0
1133	1	1133	566	3485500	381070	3604	0	3320	1260	0	0	0	0	0	0	0
1134	1	1134	567	3499790	382855	3608	0	3324	1260	0	0	0	0	0	0	0
1135	1	1135	567	3514080	384640	3610	0	3326	1270	0	0	0	0	0	0	0
1136	1	1136	568	3516080	384845	3614	0	3328	1270	0	0	0	0	0	0	0
1137	1	1137	568	3518090	385050	3616	0	3330	1270	0	0	0	0	0	0	0
1138	1	1138	569	3520090	385255	3620	0	3334	1270	0	0	0	0	0	0	0
1139	1	1139	569	3522100	385460	3622	0	3336	1270	0	0	0	0	0	0	0
1140	1	1140	570	3546660	386755	3626	0	3338	1270	1140	5700	5700	5700	5700	5700	5700
1141	1	1141	570	3571220	388045	3630	0	3342	1270	0	0	0	0	0	0	0
1142	1	1142	571	3573250	388255	3632	0	3344	1270	0	0	0	0	0	0	0
1143	1	1143	571	3575280	388460	3636	0	3346	1270	0	0	0	0	0	0	0
1144	1	1144	572	3577310	388665	3638	0	3350	1280	0	0	0	0	0	0	0
1145	1	1145	572	3579330	388870	3642	0	3352	1280	0	0	0	0	0	0	0
1146	1	1146	573	3581360	389075	3646	0	3354	1280	0	0	0	0	0	0	0
1147	1	1147	573	3583390	389280	3648	0	3358	1280	0	0	0	0	0	0	0
1148	1	1148	574	3585410	389490	3652	0	3360	1280	0	0	0	0	0	0	0
1149	1	1149	574	3587440	389695	3654	0	3362	1280	0	0	0	0	0	0	0
1150	1	1150	575	3589470	389900	3658	0	3366	1280	1150	5750	5750	5750	5750	5750	5750
1151	1	1151	575	3591500	390105	3660	0	3368	1280	0	0	0	0	0	0	0
1152	1	1152	576	3593520	390310	3664	0	3370	1280	0	0	0	0	0	0	0
1153	1	1153	576	3595550	390520	3666	0	3374	1290	0	0	0	0	0	0	0
1154	1	1154	577	3600410	390980	3670	0	3376	1290	0	0	0	0	0	0	0
1155	1	1155	577	3605270	391445	3674	0	3378	1290	0	0	0	0	0	0	0
1156	1	1156	578	3607300	391650	3676	0	3382	1290	0	0	0	0	0	0	0
1157	1	1157	578	3609330	391855	3680	0	3384	1290	0	0	0	0	0	0	0
1158	1	1158	579	3611350	392065	3682	0	3386	1290	0	0	0	0	0	0	0
1159	1	1159	579	3613380	392270	3686	0	3388	1290	0	0	0	0	0	0	0
1160	1	1160	580	3619740	392920	3690	0	3392	1290	1160	5800	5800	5800	5800	5800	5800
1161	1	1161	580	3626090	393575	3692	0	3394	1290	0	0	0	0	0	0	0
1162	1	1162	581	3640810	395400	3696	0	3402	1300	0	0	0	0	0	0	0
1163	1	1163	581	3655530	397225	3698	0	3408	1300	0	0	0	0	0	0	0
1164	1	1164	582	3657560	397435	3702	0	3410	1300	0	0	0	0	0	0	0
1165	1	1165	582	3659590	397640	3704	0	3412	1300	0	0	0	0	0	0	0
1166	1	1166	583	3663380	398240	3708	0	3416	1300	0	0	0	0	0	0	0
1167	1	1167	583	3667170	398840	3712	0	3418	1300	0	0	0	0	0	0	0
1168	1	1168	584	3672040	399305	3714	0	3422	1300	0	0	0	0	0	0	0
1169	1	1169	584	3676900	399770	3718	0	3424	1300	0	0	0	0	0	0	0
1170	1	1170	585	3678940	399975	3720	0	3426	1300	1170	5850	5850	5850	5850	5850	5850
1171	1	1171	585	3680970	400185	3724	0	3428	1310	0	0	0	0	0	0	0
1172	1	1172	586	3683000	400390	3728	0	3432	1310	0	0	0	0	0	0	0
1173	1	1173	586	3685030	400595	3730	0	3434	1310	0	0	0	0	0	0	0
1174	1	1174	587	3687070	400800	3734	0	3438	1310	0	0	0	0	0	0	0
1175	1	1175	587	3689100	401010	3736	0	3440	1310	0	0	0	0	0	0	0
1176	1	1176	588	3691130	401215	3740	0	3442	1310	0	0	0	0	0	0	0
1177	1	1177	588	3693160	401420	3742	0	3444	1310	0	0	0	0	0	0	0
1178	1	1178	589	3695200	401630	3746	0	3448	1310	0	0	0	0	0	0	0
1179	1	1179	589	3697230	401835	3750	0	3450	1310	0	0	0	0	0	0	0
1180	1	1180	590	3706480	404190	3752	0	3454	1320	1180	5900	5900	5900	5900	5900	5900
1181	1	1181	590	3715740	406545	3756	0	3456	1320	0	0	0	0	0	0	0
1182	1	1182	591	3717780	406755	3758	0	3458	1320	0	0	0	0	0	0	0
1183	1	1183	591	3719810	406965	3762	0	3460	1320	0	0	0	0	0	0	0
1184	1	1184	592	3721850	407170	3766	0	3464	1320	0	0	0	0	0	0	0
1185	1	1185	592	3723890	407380	3768	0	3466	1320	0	0	0	0	0	0	0
1186	1	1186	593	3725930	407590	3772	0	3468	1320	0	0	0	0	0	0	0
1187	1	1187	593	3727970	407795	3774	0	3472	1320	0	0	0	0	0	0	0
1188	1	1188	594	3730000	408005	3778	0	3474	1320	0	0	0	0	0	0	0
1189	1	1189	594	3732040	408215	3780	0	3476	1330	0	0	0	0	0	0	0
1190	1	1190	595	3748850	411960	3784	0	3480	1330	1190	5950	5950	5950	5950	5950	5950
1191	1	1191	595	3765650	415705	3786	0	3482	1330	0	0	0	0	0	0	0
1192	1	1192	596	3767690	415915	3790	0	3484	1330	0	0	0	0	0	0	0
1193	1	1193	596	3769720	416120	3794	0	3488	1330	0	0	0	0	0	0	0
1194	1	1194	597	3774600	416595	3796	0	3490	1330	0	0	0	0	0	0	0
1195	1	1195	597	3779470	417065	3800	0	3492	1330	0	0	0	0	0	0	0
1196	1	1196	598	3781500	417275	3802	0	3496	1330	0	0	0	0	0	0	0
1197	1	1197	598	3783540	417485	3806	0	3498	1330	0	0	0	0	0	0	0
1198	1	1198	599	3785580	417695	3810	0	3502	1340	0	0	0	0	0	0	0
1199	1	1199	599	3787620	417905	3812	0	3504	1340	0	0	0	0	0	0	0
1200	1	1200	600	3794100	418580	3816	0	3506	1340	1200	6000	6000	6000	6000	6000	6000
1201	1	1201	600	3800590	419250	3818	0	3508	1340	0	0	0	0	0	0	0
1202	1	1202	601	3802630	419465	3822	0	3512	1340	0	0	0	0	0	0	0
1203	1	1203	601	3804670	419675	3824	0	3514	1340	0	0	0	0	0	0	0
1204	1	1204	602	3806720	419885	3828	0	3516	1340	0	0	0	0	0	0	0
1205	1	1205	602	3808760	420095	3832	0	3520	1340	0	0	0	0	0	0	0
1206	1	1206	603	3810810	420305	3834	0	3522	1340	0	0	0	0	0	0	0
1207	1	1207	603	3812850	420515	3838	0	3524	1350	0	0	0	0	0	0	0
1208	1	1208	604	3817730	420985	3840	0	3528	1350	0	0	0	0	0	0	0
1209	1	1209	604	3822600	421460	3844	0	3530	1350	0	0	0	0	0	0	0
1210	1	1210	605	3824650	421670	3848	0	3532	1350	1210	6050	6050	6050	6050	6050	6050
1211	1	1211	605	3826690	421880	3850	0	3536	1350	0	0	0	0	0	0	0
1212	1	1212	606	3828730	422090	3854	0	3538	1350	0	0	0	0	0	0	0
1213	1	1213	606	3830780	422300	3856	0	3540	1350	0	0	0	0	0	0	0
1214	1	1214	607	3832820	422510	3860	0	3544	1350	0	0	0	0	0	0	0
1215	1	1215	607	3834860	422720	3862	0	3546	1350	0	0	0	0	0	0	0
1216	1	1216	608	3838690	427815	3866	0	3550	1360	0	0	0	0	0	0	0
1217	1	1217	608	3842520	432910	3870	0	3554	1360	0	0	0	0	0	0	0
1218	1	1218	609	3844570	433125	3872	0	3556	1360	0	0	0	0	0	0	0
1219	1	1219	609	3846610	433340	3876	0	3560	1360	0	0	0	0	0	0	0
1220	1	1220	610	3866460	435795	3878	0	3562	1360	1220	6100	6100	6100	6100	6100	6100
1221	1	1221	610	3886310	438245	3882	0	3564	1360	0	0	0	0	0	0	0
1222	1	1222	611	3891190	438730	3886	0	3572	1360	0	0	0	0	0	0	0
1223	1	1223	611	3896070	439210	3888	0	3580	1360	0	0	0	0	0	0	0
1224	1	1224	612	3898120	439425	3892	0	3584	1360	0	0	0	0	0	0	0
1225	1	1225	612	3900170	439640	3894	0	3586	1370	0	0	0	0	0	0	0
1226	1	1226	613	3902220	439855	3898	0	3588	1370	0	0	0	0	0	0	0
1227	1	1227	613	3904270	440070	3900	0	3590	1370	0	0	0	0	0	0	0
1228	1	1228	614	3906320	440290	3904	0	3594	1370	0	0	0	0	0	0	0
1229	1	1229	614	3908370	440505	3906	0	3596	1370	0	0	0	0	0	0	0
1230	1	1230	615	3910420	440720	3910	0	3598	1370	1230	6150	6150	6150	6150	6150	6150
1231	1	1231	615	3912470	440935	3912	0	3600	1370	0	0	0	0	0	0	0
1232	1	1232	616	3914510	441150	3916	0	3604	1370	0	0	0	0	0	0	0
1233	1	1233	616	3916560	441365	3920	0	3606	1370	0	0	0	0	0	0	0
1234	1	1234	617	3918610	441580	3922	0	3610	1380	0	0	0	0	0	0	0
1235	1	1235	617	3920660	441795	3926	0	3612	1380	0	0	0	0	0	0	0
1236	1	1236	618	3925540	442275	3930	0	3614	1380	0	0	0	0	0	0	0
1237	1	1237	618	3930420	442760	3932	0	3618	1380	0	0	0	0	0	0	0
1238	1	1238	619	3932470	442975	3936	0	3620	1380	0	0	0	0	0	0	0
1239	1	1239	619	3934520	443190	3938	0	3622	1380	0	0	0	0	0	0	0
1240	1	1240	620	3941130	443895	3942	0	3626	1380	1240	6200	6200	6200	6200	6200	6200
1241	1	1241	620	3947740	444595	3944	0	3628	1380	0	0	0	0	0	0	0
1242	1	1242	621	3997360	445245	3948	0	3630	1380	0	0	0	0	0	0	0
1243	1	1243	621	4046980	445895	3952	0	3634	1390	0	0	0	0	0	0	0
1244	1	1244	622	4049080	446110	3954	0	3636	1390	0	0	0	0	0	0	0
1245	1	1245	622	4051190	446325	3958	0	3638	1390	0	0	0	0	0	0	0
1246	1	1246	623	4053290	446545	3960	0	3642	1390	0	0	0	0	0	0	0
1247	1	1247	623	4055390	446760	3964	0	3644	1390	0	0	0	0	0	0	0
1248	1	1248	624	4074320	449040	3966	0	3646	1390	0	0	0	0	0	0	0
1249	1	1249	624	4093240	451320	3970	0	3648	1390	0	0	0	0	0	0	0
1250	1	1250	625	4095350	451540	3974	0	3652	1390	1250	6250	6250	6250	6250	6250	6250
1251	1	1251	625	4097450	451755	3976	0	3654	1390	0	0	0	0	0	0	0
1252	1	1252	626	4099550	451970	3980	0	3658	1400	0	0	0	0	0	0	0
1253	1	1253	626	4101650	452185	3982	0	3660	1400	0	0	0	0	0	0	0
1254	1	1254	627	4103750	452400	3986	0	3662	1400	0	0	0	0	0	0	0
1255	1	1255	627	4105860	452620	3988	0	3664	1400	0	0	0	0	0	0	0
1256	1	1256	628	4107960	452835	3992	0	3668	1400	0	0	0	0	0	0	0
1257	1	1257	628	4110060	453050	3996	0	3670	1400	0	0	0	0	0	0	0
1258	1	1258	629	4112160	453265	3998	0	3674	1400	0	0	0	0	0	0	0
1259	1	1259	629	4114260	453480	4002	0	3676	1400	0	0	0	0	0	0	0
1260	1	1260	630	4121090	454190	4004	0	3678	1400	1260	6300	6300	6300	6300	6300	6300
1261	1	1261	630	4127920	454900	4008	0	3680	1410	0	0	0	0	0	0	0
1262	1	1262	631	4148520	455380	4012	0	3684	1410	0	0	0	0	0	0	0
1263	1	1263	631	4169120	455865	4014	0	3686	1410	0	0	0	0	0	0	0
1264	1	1264	632	4171250	456080	4018	0	3690	1410	0	0	0	0	0	0	0
1265	1	1265	632	4173370	456295	4020	0	3692	1410	0	0	0	0	0	0	0
1266	1	1266	633	4175490	456515	4024	0	3694	1410	0	0	0	0	0	0	0
1267	1	1267	633	4177610	456730	4026	0	3696	1410	0	0	0	0	0	0	0
1268	1	1268	634	4181610	457390	4030	0	3700	1410	0	0	0	0	0	0	0
1269	1	1269	634	4185600	458050	4032	0	3702	1410	0	0	0	0	0	0	0
1270	1	1270	635	4187730	458265	4036	0	3706	1420	1270	6350	6350	6350	6350	6350	6350
1271	1	1271	635	4189850	458480	4040	0	3708	1420	0	0	0	0	0	0	0
1272	1	1272	636	4191980	458700	4042	0	3710	1420	0	0	0	0	0	0	0
1273	1	1273	636	4194100	458915	4046	0	3712	1420	0	0	0	0	0	0	0
1274	1	1274	637	4196220	459130	4048	0	3716	1420	0	0	0	0	0	0	0
1275	1	1275	637	4198340	459345	4052	0	3718	1420	0	0	0	0	0	0	0
1276	1	1276	638	4218060	463295	4056	0	3726	1420	0	0	0	0	0	0	0
1277	1	1277	638	4237780	467245	4058	0	3732	1420	0	0	0	0	0	0	0
1278	1	1278	639	4239910	467460	4062	0	3734	1420	0	0	0	0	0	0	0
1279	1	1279	639	4242030	467680	4064	0	3736	1430	0	0	0	0	0	0	0
1280	1	1280	640	4248970	468400	4068	0	3740	1430	1280	6400	6400	6400	6400	6400	6400
1281	1	1281	640	4255910	469120	4070	0	3742	1430	0	0	0	0	0	0	0
1282	1	1282	641	4258040	469335	4074	0	3744	1430	0	0	0	0	0	0	0
1283	1	1283	641	4260170	469555	4078	0	3748	1430	0	0	0	0	0	0	0
1284	1	1284	642	4262300	469775	4080	0	3750	1430	0	0	0	0	0	0	0
1285	1	1285	642	4264430	469990	4084	0	3752	1430	0	0	0	0	0	0	0
1286	1	1286	643	4266560	470210	4086	0	3756	1430	0	0	0	0	0	0	0
1287	1	1287	643	4268690	470430	4090	0	3758	1430	0	0	0	0	0	0	0
1288	1	1288	644	4270820	470650	4094	0	3762	1440	0	0	0	0	0	0	0
1289	1	1289	644	4272940	470865	4096	0	3764	1440	0	0	0	0	0	0	0
1290	1	1290	645	4278320	471380	4100	0	3766	1440	1290	6450	6450	6450	6450	6450	6450
1291	1	1291	645	4283690	471900	4102	0	3768	1440	0	0	0	0	0	0	0
1292	1	1292	646	4285820	472115	4106	0	3772	1440	0	0	0	0	0	0	0
1293	1	1293	646	4287950	472335	4108	0	3774	1440	0	0	0	0	0	0	0
1294	1	1294	647	4291960	473010	4112	0	3776	1440	0	0	0	0	0	0	0
1295	1	1295	647	4295980	473680	4114	0	3780	1440	0	0	0	0	0	0	0
1296	1	1296	648	4298110	473900	4118	0	3782	1440	0	0	0	0	0	0	0
1297	1	1297	648	4300240	474115	4122	0	3784	1450	0	0	0	0	0	0	0
1298	1	1298	649	4302370	474335	4124	0	3788	1450	0	0	0	0	0	0	0
1299	1	1299	649	4304500	474555	4128	0	3790	1450	0	0	0	0	0	0	0
1300	1	1300	650	4311500	475280	4132	0	3792	1450	1300	6500	6500	6500	6500	6500	6500
1301	1	1301	650	4318510	476005	4134	0	3796	1450	0	0	0	0	0	0	0
1302	1	1302	651	4323890	478155	4138	0	3798	1450	0	0	0	0	0	0	0
1303	1	1303	651	4329270	480300	4140	0	3800	1450	0	0	0	0	0	0	0
1304	1	1304	652	4346070	482425	4144	0	3804	1450	0	0	0	0	0	0	0
1305	1	1305	652	4362880	484555	4146	0	3806	1450	0	0	0	0	0	0	0
1306	1	1306	653	4365010	484775	4150	0	3808	1460	0	0	0	0	0	0	0
1307	1	1307	653	4367150	484995	4152	0	3812	1460	0	0	0	0	0	0	0
1308	1	1308	654	4369280	485215	4156	0	3814	1460	0	0	0	0	0	0	0
1309	1	1309	654	4371420	485435	4160	0	3816	1460	0	0	0	0	0	0	0
1310	1	1310	655	4373550	485655	4162	0	3820	1460	1310	6550	6550	6550	6550	6550	6550
1311	1	1311	655	4375680	485875	4166	0	3822	1460	0	0	0	0	0	0	0
1312	1	1312	656	4377820	486100	4168	0	3824	1460	0	0	0	0	0	0	0
1313	1	1313	656	4379950	486320	4172	0	3828	1460	0	0	0	0	0	0	0
1314	1	1314	657	4382890	486540	4176	0	3840	1460	0	0	0	0	0	0	0
1315	1	1315	657	4385830	486760	4178	0	3852	1470	0	0	0	0	0	0	0
1316	1	1316	658	4391210	487280	4182	0	3856	1470	0	0	0	0	0	0	0
1317	1	1317	658	4396590	487800	4184	0	3858	1470	0	0	0	0	0	0	0
1318	1	1318	659	4398720	488020	4188	0	3860	1470	0	0	0	0	0	0	0
1319	1	1319	659	4400860	488240	4190	0	3862	1470	0	0	0	0	0	0	0
1320	1	1320	660	4409830	489445	4194	0	3866	1470	1320	6600	6600	6600	6600	6600	6600
1321	1	1321	660	4418810	490645	4198	0	3868	1470	0	0	0	0	0	0	0
1322	1	1322	661	4420950	490870	4200	0	3870	1470	0	0	0	0	0	0	0
1323	1	1323	661	4423090	491090	4204	0	3874	1470	0	0	0	0	0	0	0
1324	1	1324	662	4425230	491310	4206	0	3876	1480	0	0	0	0	0	0	0
1325	1	1325	662	4427370	491530	4210	0	3878	1480	0	0	0	0	0	0	0
1326	1	1326	663	4429510	491750	4212	0	3882	1480	0	0	0	0	0	0	0
1327	1	1327	663	4431650	491975	4216	0	3884	1480	0	0	0	0	0	0	0
1328	1	1328	664	4433790	492195	4220	0	3888	1480	0	0	0	0	0	0	0
1329	1	1329	664	4435930	492415	4222	0	3890	1480	0	0	0	0	0	0	0
1330	1	1330	665	4441310	492935	4226	0	3892	1480	1330	6650	6650	6650	6650	6650	6650
1331	1	1331	665	4446700	493455	4228	0	3894	1480	0	0	0	0	0	0	0
1332	1	1332	666	4463830	495625	4232	0	3898	1480	0	0	0	0	0	0	0
1333	1	1333	666	4480950	497795	4234	0	3900	1490	0	0	0	0	0	0	0
1334	1	1334	667	4483090	498015	4238	0	3904	1490	0	0	0	0	0	0	0
1335	1	1335	667	4485230	498240	4242	0	3906	1490	0	0	0	0	0	0	0
1336	1	1336	668	4487370	498460	4244	0	3908	1490	0	0	0	0	0	0	0
1337	1	1337	668	4489510	498680	4248	0	3910	1490	0	0	0	0	0	0	0
1338	1	1338	669	4491660	498900	4250	0	3914	1490	0	0	0	0	0	0	0
1339	1	1339	669	4493800	499125	4254	0	3916	1490	0	0	0	0	0	0	0
1340	1	1340	670	4500930	499870	4258	0	3920	1490	1340	6700	6700	6700	6700	6700	6700
1341	1	1341	670	4508070	500610	4260	0	3922	1490	0	0	0	0	0	0	0
1342	1	1342	671	4510220	500835	4264	0	3924	1500	0	0	0	0	0	0	0
1343	1	1343	671	4512360	501055	4266	0	3926	1500	0	0	0	0	0	0	0
1344	1	1344	672	4534670	501575	4270	0	3930	1500	0	0	0	0	0	0	0
1345	1	1345	672	4556980	502100	4272	0	3932	1500	0	0	0	0	0	0	0
1346	1	1346	673	4561070	502795	4276	0	3934	1500	0	0	0	0	0	0	0
1347	1	1347	673	4565170	503490	4278	0	3938	1500	0	0	0	0	0	0	0
1348	1	1348	674	4567330	503710	4282	0	3940	1500	0	0	0	0	0	0	0
1349	1	1349	674	4569490	503930	4286	0	3942	1500	0	0	0	0	0	0	0
1350	1	1350	675	4571650	504155	4288	0	3946	1500	1350	6750	6750	6750	6750	6750	6750
1351	1	1351	675	4573810	504375	4292	0	3948	1510	0	0	0	0	0	0	0
1352	1	1352	676	4575980	504595	4294	0	3950	1510	0	0	0	0	0	0	0
1353	1	1353	676	4578140	504820	4298	0	3954	1510	0	0	0	0	0	0	0
1354	1	1354	677	4580300	505040	4302	0	3956	1510	0	0	0	0	0	0	0
1355	1	1355	677	4582460	505260	4304	0	3958	1510	0	0	0	0	0	0	0
1356	1	1356	678	4584620	505485	4308	0	3962	1510	0	0	0	0	0	0	0
1357	1	1357	678	4586780	505705	4310	0	3964	1510	0	0	0	0	0	0	0
1358	1	1358	679	4592210	506225	4314	0	3966	1510	0	0	0	0	0	0	0
1359	1	1359	679	4597640	506750	4316	0	3970	1510	0	0	0	0	0	0	0
1360	1	1360	680	4604900	507500	4320	0	3972	1520	1360	6800	6800	6800	6800	6800	6800
1361	1	1361	680	4612160	508250	4324	0	3974	1520	0	0	0	0	0	0	0
1362	1	1362	681	4629750	512200	4326	0	3982	1520	0	0	0	0	0	0	0
1363	1	1363	681	4647330	516150	4330	0	3988	1520	0	0	0	0	0	0	0
1364	1	1364	682	4649500	516375	4332	0	3990	1520	0	0	0	0	0	0	0
1365	1	1365	682	4651670	516595	4336	0	3994	1520	0	0	0	0	0	0	0
1366	1	1366	683	4653840	516820	4340	0	3996	1520	0	0	0	0	0	0	0
1367	1	1367	683	4656000	517045	4342	0	3998	1520	0	0	0	0	0	0	0
1368	1	1368	684	4658170	517265	4346	0	4002	1520	0	0	0	0	0	0	0
1369	1	1369	684	4660340	517490	4348	0	4004	1530	0	0	0	0	0	0	0
1370	1	1370	685	4667720	523750	4352	0	4008	1530	1370	6850	6850	6850	6850	6850	6850
1371	1	1371	685	4675110	530010	4354	0	4012	1530	0	0	0	0	0	0	0
1372	1	1372	686	4677270	530240	4358	0	4014	1530	0	0	0	0	0	0	0
1373	1	1373	686	4679440	530465	4362	0	4018	1530	0	0	0	0	0	0	0
1374	1	1374	687	4681610	530695	4364	0	4020	1530	0	0	0	0	0	0	0
1375	1	1375	687	4683780	530925	4368	0	4022	1530	0	0	0	0	0	0	0
1376	1	1376	688	4685940	531150	4370	0	4026	1530	0	0	0	0	0	0	0
1377	1	1377	688	4688110	531380	4374	0	4028	1530	0	0	0	0	0	0	0
1378	1	1378	689	4690280	531610	4378	0	4030	1540	0	0	0	0	0	0	0
1379	1	1379	689	4692450	531835	4380	0	4034	1540	0	0	0	0	0	0	0
1380	1	1380	690	4699770	532615	4384	0	4036	1540	1380	6900	6900	6900	6900	6900	6900
1381	1	1381	690	4707090	533390	4386	0	4038	1540	0	0	0	0	0	0	0
1382	1	1382	691	4709260	533620	4390	0	4042	1540	0	0	0	0	0	0	0
1383	1	1383	691	4711430	533845	4392	0	4044	1540	0	0	0	0	0	0	0
1384	1	1384	692	4716880	536150	4396	0	4046	1540	0	0	0	0	0	0	0
1385	1	1385	692	4722320	538450	4400	0	4050	1540	0	0	0	0	0	0	0
1386	1	1386	693	4724490	538680	4402	0	4052	1540	0	0	0	0	0	0	0
1387	1	1387	693	4726660	538910	4406	0	4054	1550	0	0	0	0	0	0	0
1388	1	1388	694	4728840	539145	4408	0	4058	1550	0	0	0	0	0	0	0
1389	1	1389	694	4731010	539375	4412	0	4060	1550	0	0	0	0	0	0	0
1390	1	1390	695	4748930	541705	4414	0	4062	1550	1390	6950	6950	6950	6950	6950	6950
1391	1	1391	695	4766840	544035	4418	0	4066	1550	0	0	0	0	0	0	0
1392	1	1392	696	4769020	544265	4422	0	4068	1550	0	0	0	0	0	0	0
1393	1	1393	696	4771190	544495	4424	0	4070	1550	0	0	0	0	0	0	0
1394	1	1394	697	4773360	544725	4428	0	4074	1550	0	0	0	0	0	0	0
1395	1	1395	697	4775540	544955	4430	0	4076	1550	0	0	0	0	0	0	0
1396	1	1396	698	4832950	545695	4434	0	4078	1560	0	0	0	0	0	0	0
1397	1	1397	698	4890360	546430	4436	0	4082	1560	0	0	0	0	0	0	0
1398	1	1398	699	4895920	546970	4440	0	4084	1560	0	0	0	0	0	0	0
1399	1	1399	699	4901480	547510	4444	0	4086	1560	0	0	0	0	0	0	0
1400	1	1400	700	4909030	548300	4446	0	4090	1560	1400	7000	7000	7000	7000	7000	7000
1401	1	1401	700	4916580	549090	4450	0	4092	1560	0	0	0	0	0	0	0
1402	1	1402	701	4918810	549320	4452	0	4094	1560	0	0	0	0	0	0	0
1403	1	1403	701	4921040	549550	4456	0	4098	1560	0	0	0	0	0	0	0
1404	1	1404	702	4923260	549785	4460	0	4100	1560	0	0	0	0	0	0	0
1405	1	1405	702	4925490	550015	4462	0	4102	1570	0	0	0	0	0	0	0
1406	1	1406	703	4927720	550245	4466	0	4106	1570	0	0	0	0	0	0	0
1407	1	1407	703	4929940	550475	4468	0	4108	1570	0	0	0	0	0	0	0
1408	1	1408	704	4932170	550705	4472	0	4110	1570	0	0	0	0	0	0	0
1409	1	1409	704	4934400	550940	4474	0	4112	1570	0	0	0	0	0	0	0
1410	1	1410	705	4936630	551170	4478	0	4116	1570	1410	7050	7050	7050	7050	7050	7050
1411	1	1411	705	4938850	551400	4480	0	4118	1570	0	0	0	0	0	0	0
1412	1	1412	706	4945090	552000	4484	0	4122	1570	0	0	0	0	0	0	0
1413	1	1413	706	4951330	552605	4488	0	4124	1570	0	0	0	0	0	0	0
1414	1	1414	707	4953560	552835	4490	0	4126	1580	0	0	0	0	0	0	0
1415	1	1415	707	4955780	553065	4494	0	4128	1580	0	0	0	0	0	0	0
1416	1	1416	708	4958010	553300	4496	0	4132	1580	0	0	0	0	0	0	0
1417	1	1417	708	4960240	553530	4500	0	4134	1580	0	0	0	0	0	0	0
1418	1	1418	709	4978880	555900	4504	0	4138	1580	0	0	0	0	0	0	0
1419	1	1419	709	4997530	558275	4506	0	4140	1580	0	0	0	0	0	0	0
1420	1	1420	710	5005150	559070	4510	0	4142	1580	1420	7100	7100	7100	7100	7100	7100
1421	1	1421	710	5012770	559865	4512	0	4144	1580	0	0	0	0	0	0	0
1422	1	1422	711	5017030	560615	4516	0	4148	1580	0	0	0	0	0	0	0
1423	1	1423	711	5021280	561360	4518	0	4150	1590	0	0	0	0	0	0	0
1424	1	1424	712	5027520	561965	4522	0	4158	1590	0	0	0	0	0	0	0
1425	1	1425	712	5033760	562565	4526	0	4166	1590	0	0	0	0	0	0	0
1426	1	1426	713	5036000	562795	4528	0	4168	1590	0	0	0	0	0	0	0
1427	1	1427	713	5038230	563030	4532	0	4170	1590	0	0	0	0	0	0	0
1428	1	1428	714	5040460	563260	4534	0	4174	1590	0	0	0	0	0	0	0
1429	1	1429	714	5042700	563490	4538	0	4176	1590	0	0	0	0	0	0	0
1430	1	1430	715	5044930	563725	4542	0	4178	1590	1430	7150	7150	7150	7150	7150	7150
1431	1	1431	715	5047160	563955	4544	0	4182	1590	0	0	0	0	0	0	0
1432	1	1432	716	5049400	564185	4548	0	4184	1600	0	0	0	0	0	0	0
1433	1	1433	716	5051630	564415	4550	0	4186	1600	0	0	0	0	0	0	0
1434	1	1434	717	5053860	564650	4554	0	4190	1600	0	0	0	0	0	0	0
1435	1	1435	717	5056090	564880	4556	0	4192	1600	0	0	0	0	0	0	0
1436	1	1436	718	5058330	565110	4560	0	4196	1600	0	0	0	0	0	0	0
1437	1	1437	718	5060560	565340	4562	0	4198	1600	0	0	0	0	0	0	0
1438	1	1438	719	5066800	565945	4566	0	4200	1600	0	0	0	0	0	0	0
1439	1	1439	719	5073040	566550	4570	0	4202	1600	0	0	0	0	0	0	0
1440	1	1440	720	5080730	567350	4572	0	4206	1600	1440	7200	7200	7200	7200	7200	7200
1441	1	1441	720	5088410	568155	4576	0	4208	1610	0	0	0	0	0	0	0
1442	1	1442	721	5090650	568385	4578	0	4210	1610	0	0	0	0	0	0	0
1443	1	1443	721	5092890	568620	4582	0	4214	1610	0	0	0	0	0	0	0
1444	1	1444	722	5095130	568850	4586	0	4216	1610	0	0	0	0	0	0	0
1445	1	1445	722	5097370	569080	4588	0	4218	1610	0	0	0	0	0	0	0
1446	1	1446	723	5116360	571500	4592	0	4226	1610	0	0	0	0	0	0	0
1447	1	1447	723	5135350	573915	4594	0	4232	1610	0	0	0	0	0	0	0
1448	1	1448	724	5139620	574675	4598	0	4234	1610	0	0	0	0	0	0	0
1449	1	1449	724	5143900	575430	4600	0	4238	1610	0	0	0	0	0	0	0
1450	1	1450	725	5146140	575660	4604	0	4240	1620	1450	7250	7250	7250	7250	7250	7250
1451	1	1451	725	5148380	575895	4608	0	4242	1620	0	0	0	0	0	0	0
1452	1	1452	726	5154630	576500	4610	0	4246	1620	0	0	0	0	0	0	0
1453	1	1453	726	5160870	577100	4614	0	4248	1620	0	0	0	0	0	0	0
1454	1	1454	727	5163110	577335	4616	0	4250	1620	0	0	0	0	0	0	0
1455	1	1455	727	5165350	577565	4620	0	4252	1620	0	0	0	0	0	0	0
1456	1	1456	728	5167590	577800	4624	0	4256	1620	0	0	0	0	0	0	0
1457	1	1457	728	5169830	578030	4626	0	4258	1620	0	0	0	0	0	0	0
1458	1	1458	729	5172070	578265	4630	0	4262	1620	0	0	0	0	0	0	0
1459	1	1459	729	5174310	578495	4632	0	4264	1630	0	0	0	0	0	0	0
1460	1	1460	730	5182060	579305	4636	0	4266	1630	1460	7300	7300	7300	7300	7300	7300
1461	1	1461	730	5189810	580115	4638	0	4268	1630	0	0	0	0	0	0	0
1462	1	1462	731	5192050	580345	4642	0	4272	1630	0	0	0	0	0	0	0
1463	1	1463	731	5194300	580580	4646	0	4274	1630	0	0	0	0	0	0	0
1464	1	1464	732	5196540	580810	4648	0	4278	1630	0	0	0	0	0	0	0
1465	1	1465	732	5198790	581045	4652	0	4280	1630	0	0	0	0	0	0	0
1466	1	1466	733	5223960	581650	4654	0	4282	1630	0	0	0	0	0	0	0
1467	1	1467	733	5249140	582250	4658	0	4286	1630	0	0	0	0	0	0	0
1468	1	1468	734	5251400	582485	4660	0	4288	1640	0	0	0	0	0	0	0
1469	1	1469	734	5253660	582720	4664	0	4290	1640	0	0	0	0	0	0	0
1470	1	1470	735	5255920	582950	4668	0	4294	1640	1470	7350	7350	7350	7350	7350	7350
1471	1	1471	735	5258180	583185	4670	0	4296	1640	0	0	0	0	0	0	0
1472	1	1472	736	5260440	583415	4674	0	4298	1640	0	0	0	0	0	0	0
1473	1	1473	736	5262700	583650	4676	0	4300	1640	0	0	0	0	0	0	0
1474	1	1474	737	5267030	584415	4680	0	4304	1640	0	0	0	0	0	0	0
1475	1	1475	737	5271360	585180	4682	0	4306	1640	0	0	0	0	0	0	0
1476	1	1476	738	5290820	589575	4686	0	4310	1640	0	0	0	0	0	0	0
1477	1	1477	738	5310290	593970	4690	0	4312	1650	0	0	0	0	0	0	0
1478	1	1478	739	5312550	594205	4692	0	4314	1650	0	0	0	0	0	0	0
1479	1	1479	739	5314810	594440	4696	0	4316	1650	0	0	0	0	0	0	0
1480	1	1480	740	5326720	595635	4698	0	4320	1650	1480	7400	7400	7400	7400	7400	7400
1481	1	1481	740	5338630	596830	4702	0	4322	1650	0	0	0	0	0	0	0
1482	1	1482	741	5340900	597065	4706	0	4324	1650	0	0	0	0	0	0	0
1483	1	1483	741	5343170	597300	4708	0	4328	1650	0	0	0	0	0	0	0
1484	1	1484	742	5345430	597535	4712	0	4330	1650	0	0	0	0	0	0	0
1485	1	1485	742	5347700	597770	4714	0	4332	1650	0	0	0	0	0	0	0
1486	1	1486	743	5349970	598005	4718	0	4336	1660	0	0	0	0	0	0	0
1487	1	1487	743	5352230	598240	4720	0	4338	1660	0	0	0	0	0	0	0
1488	1	1488	744	5354500	598475	4724	0	4342	1660	0	0	0	0	0	0	0
1489	1	1489	744	5356770	598705	4728	0	4344	1660	0	0	0	0	0	0	0
1490	1	1490	745	5359030	598940	4730	0	4346	1660	1490	7450	7450	7450	7450	7450	7450
1491	1	1491	745	5361300	599175	4734	0	4348	1660	0	0	0	0	0	0	0
1492	1	1492	746	5367610	599785	4736	0	4352	1660	0	0	0	0	0	0	0
1493	1	1493	746	5373910	600395	4740	0	4354	1660	0	0	0	0	0	0	0
1494	1	1494	747	5376180	600630	4744	0	4358	1660	0	0	0	0	0	0	0
1495	1	1495	747	5378440	600865	4746	0	4360	1670	0	0	0	0	0	0	0
1496	1	1496	748	5380710	601100	4750	0	4362	1670	0	0	0	0	0	0	0
1497	1	1497	748	5382980	601335	4752	0	4364	1670	0	0	0	0	0	0	0
1498	1	1498	749	5385240	601570	4756	0	4368	1670	0	0	0	0	0	0	0
1499	1	1499	749	5387510	601800	4758	0	4370	1670	0	0	0	0	0	0	0
1500	1	1500	750	5397540	603175	4762	0	4374	1670	1500	7500	7500	7500	7500	7500	7500
1501	1	1501	750	5407560	604545	4766	0	4376	1670	0	0	0	0	0	0	0
1502	1	1502	751	5409840	604780	4768	0	4378	1670	0	0	0	0	0	0	0
1503	1	1503	751	5412110	605015	4772	0	4380	1670	0	0	0	0	0	0	0
1504	1	1504	752	5431910	607540	4774	0	4384	1680	0	0	0	0	0	0	0
1505	1	1505	752	5451720	610060	4778	0	4386	1680	0	0	0	0	0	0	0
1506	1	1506	753	5458030	612660	4780	0	4388	1680	0	0	0	0	0	0	0
1507	1	1507	753	5464340	615260	4784	0	4392	1680	0	0	0	0	0	0	0
1508	1	1508	754	5466610	615495	4786	0	4394	1680	0	0	0	0	0	0	0
1509	1	1509	754	5468890	615735	4790	0	4396	1680	0	0	0	0	0	0	0
1510	1	1510	755	5471160	616085	4794	0	4410	1680	1510	7550	7550	7550	7550	7550	7550
1511	1	1511	755	5473430	616440	4796	0	4422	1680	0	0	0	0	0	0	0
1512	1	1512	756	5475710	616675	4800	0	4424	1680	0	0	0	0	0	0	0
1513	1	1513	756	5477980	616915	4802	0	4428	1690	0	0	0	0	0	0	0
1514	1	1514	757	5480250	617150	4806	0	4430	1690	0	0	0	0	0	0	0
1515	1	1515	757	5482520	617385	4810	0	4432	1690	0	0	0	0	0	0	0
1516	1	1516	758	5484790	617625	4812	0	4436	1690	0	0	0	0	0	0	0
1517	1	1517	758	5487070	617860	4816	0	4438	1690	0	0	0	0	0	0	0
1518	1	1518	759	5489340	618095	4818	0	4440	1690	0	0	0	0	0	0	0
1519	1	1519	759	5491610	618335	4822	0	4442	1690	0	0	0	0	0	0	0
1520	1	1520	760	5505760	617785	4826	0	4446	1690	1520	7600	7600	7600	7600	7600	7600
1521	1	1521	760	5519910	617235	4828	0	4448	1690	0	0	0	0	0	0	0
1522	1	1522	761	5522190	617475	4832	0	4452	1700	0	0	0	0	0	0	0
1523	1	1523	761	5524470	617710	4834	0	4454	1700	0	0	0	0	0	0	0
1524	1	1524	762	5526750	617950	4838	0	4456	1700	0	0	0	0	0	0	0
1525	1	1525	762	5529030	618185	4840	0	4460	1700	0	0	0	0	0	0	0
1526	1	1526	763	5533410	624995	4844	0	4464	1700	0	0	0	0	0	0	0
1527	1	1527	763	5537790	631805	4846	0	4468	1700	0	0	0	0	0	0	0
1528	1	1528	764	5540060	632050	4850	0	4470	1700	0	0	0	0	0	0	0
1529	1	1529	764	5542340	632290	4854	0	4472	1700	0	0	0	0	0	0	0
1530	1	1530	765	5544620	632535	4856	0	4476	1700	1530	7650	7650	7650	7650	7650	7650
1531	1	1531	765	5546900	632775	4860	0	4478	1710	0	0	0	0	0	0	0
1532	1	1532	766	5567040	635405	4862	0	4480	1710	0	0	0	0	0	0	0
1533	1	1533	766	5587180	638040	4866	0	4484	1710	0	0	0	0	0	0	0
1534	1	1534	767	5593540	638630	4870	0	4486	1710	0	0	0	0	0	0	0
1535	1	1535	767	5599890	639225	4872	0	4488	1710	0	0	0	0	0	0	0
1536	1	1536	768	5602170	639465	4876	0	4492	1710	0	0	0	0	0	0	0
1537	1	1537	768	5604450	639705	4878	0	4494	1710	0	0	0	0	0	0	0
1538	1	1538	769	5606730	639950	4882	0	4496	1710	0	0	0	0	0	0	0
1539	1	1539	769	5609010	640190	4884	0	4500	1710	0	0	0	0	0	0	0
1540	1	1540	770	5617080	641055	4888	0	4502	1720	1540	7700	7700	7700	7700	7700	7700
1541	1	1541	770	5625160	641915	4890	0	4504	1720	0	0	0	0	0	0	0
1542	1	1542	771	5627440	642160	4894	0	4508	1720	0	0	0	0	0	0	0
1543	1	1543	771	5629730	642400	4898	0	4510	1720	0	0	0	0	0	0	0
1544	1	1544	772	5632010	642645	4900	0	4512	1720	0	0	0	0	0	0	0
1545	1	1545	772	5634300	642885	4904	0	4514	1720	0	0	0	0	0	0	0
1546	1	1546	773	5661010	643480	4906	0	4518	1720	0	0	0	0	0	0	0
1547	1	1547	773	5687720	644070	4910	0	4520	1720	0	0	0	0	0	0	0
1548	1	1548	774	5690030	644315	4914	0	4524	1720	0	0	0	0	0	0	0
1549	1	1549	774	5692330	644560	4916	0	4526	1730	0	0	0	0	0	0	0
1550	1	1550	775	5757960	645380	4920	0	4528	1730	1550	7750	7750	7750	7750	7750	7750
1551	1	1551	775	5823590	646200	4922	0	4530	1730	0	0	0	0	0	0	0
1552	1	1552	776	5825940	646440	4926	0	4534	1730	0	0	0	0	0	0	0
1553	1	1553	776	5828290	646685	4928	0	4536	1730	0	0	0	0	0	0	0
1554	1	1554	777	5830640	646925	4932	0	4540	1730	0	0	0	0	0	0	0
1555	1	1555	777	5832990	647170	4936	0	4542	1730	0	0	0	0	0	0	0
1556	1	1556	778	5835340	647410	4938	0	4544	1730	0	0	0	0	0	0	0
1557	1	1557	778	5837690	647655	4942	0	4548	1730	0	0	0	0	0	0	0
1558	1	1558	779	5840040	647895	4944	0	4550	1740	0	0	0	0	0	0	0
1559	1	1559	779	5842390	648140	4948	0	4552	1740	0	0	0	0	0	0	0
1560	1	1560	780	5873680	653875	4952	0	4560	1740	1560	7800	7800	7800	7800	7800	7800
1561	1	1561	780	5904980	659610	4954	0	4566	1740	0	0	0	0	0	0	0
1562	1	1562	781	5907330	659855	4958	0	4568	1740	0	0	0	0	0	0	0
1563	1	1563	781	5909690	660100	4960	0	4572	1740	0	0	0	0	0	0	0
1564	1	1564	782	5912040	660345	4964	0	4574	1740	0	0	0	0	0	0	0
1565	1	1565	782	5914400	660590	4966	0	4576	1740	0	0	0	0	0	0	0
1566	1	1566	783	5916760	660835	4970	0	4580	1740	0	0	0	0	0	0	0
1567	1	1567	783	5919110	661080	4974	0	4582	1750	0	0	0	0	0	0	0
1568	1	1568	784	5921470	661325	4976	0	4584	1750	0	0	0	0	0	0	0
1569	1	1569	784	5923820	661565	4980	0	4586	1750	0	0	0	0	0	0	0
1570	1	1570	785	5926180	661810	4982	0	4590	1750	1570	7850	7850	7850	7850	7850	7850
1571	1	1571	785	5928530	662055	4986	0	4592	1750	0	0	0	0	0	0	0
1572	1	1572	786	5930890	662300	4990	0	4596	1750	0	0	0	0	0	0	0
1573	1	1573	786	5933250	662545	4992	0	4598	1750	0	0	0	0	0	0	0
1574	1	1574	787	5939800	663145	4996	0	4600	1750	0	0	0	0	0	0	0
1575	1	1575	787	5946350	663740	4998	0	4602	1750	0	0	0	0	0	0	0
1576	1	1576	788	5950900	664575	5002	0	4606	1760	0	0	0	0	0	0	0
1577	1	1577	788	5955450	665410	5004	0	4608	1760	0	0	0	0	0	0	0
1578	1	1578	789	5957810	665655	5008	0	4612	1760	0	0	0	0	0	0	0
1579	1	1579	789	5960160	665900	5012	0	4614	1760	0	0	0	0	0	0	0
1580	1	1580	790	5968610	666785	5014	0	4616	1760	1580	7900	7900	7900	7900	7900	7900
1581	1	1581	790	5977060	667665	5018	0	4618	1760	0	0	0	0	0	0	0
1582	1	1582	791	5979420	667910	5020	0	4622	1760	0	0	0	0	0	0	0
1583	1	1583	791	5981780	668155	5024	0	4624	1760	0	0	0	0	0	0	0
1584	1	1584	792	5984140	668400	5026	0	4628	1760	0	0	0	0	0	0	0
1585	1	1585	792	5986500	668645	5030	0	4630	1770	0	0	0	0	0	0	0
1586	1	1586	793	5988870	668890	5034	0	4632	1770	0	0	0	0	0	0	0
1587	1	1587	793	5991230	669135	5036	0	4634	1770	0	0	0	0	0	0	0
1588	1	1588	794	6016840	674355	5040	0	4638	1770	0	0	0	0	0	0	0
1589	1	1589	794	6042460	679580	5042	0	4640	1770	0	0	0	0	0	0	0
1590	1	1590	795	6044820	679825	5046	0	4642	1770	1590	7950	7950	7950	7950	7950	7950
1591	1	1591	795	6047180	680075	5048	0	4646	1770	0	0	0	0	0	0	0
1592	1	1592	796	6049540	680320	5052	0	4648	1770	0	0	0	0	0	0	0
1593	1	1593	796	6051900	680565	5056	0	4650	1770	0	0	0	0	0	0	0
1594	1	1594	797	6054270	680815	5058	0	4654	1780	0	0	0	0	0	0	0
1595	1	1595	797	6056630	681060	5062	0	4656	1780	0	0	0	0	0	0	0
1596	1	1596	798	6058990	681305	5064	0	4658	1780	0	0	0	0	0	0	0
1597	1	1597	798	6061350	681550	5068	0	4662	1780	0	0	0	0	0	0	0
1598	1	1598	799	6063710	681800	5072	0	4664	1780	0	0	0	0	0	0	0
1599	1	1599	799	6066080	682045	5074	0	4666	1780	0	0	0	0	0	0	0
1600	1	1600	800	6074590	682940	5078	0	4670	1780	1600	8000	8000	8000	8000	8000	8000
1601	1	1601	800	6083110	683835	5080	0	4672	1780	0	0	0	0	0	0	0
1602	1	1602	801	6091890	685040	5084	0	4674	1780	0	0	0	0	0	0	0
1603	1	1603	801	6100660	686250	5086	0	4678	1790	0	0	0	0	0	0	0
1604	1	1604	802	6103030	686495	5090	0	4680	1790	0	0	0	0	0	0	0
1605	1	1605	802	6105400	686745	5092	0	4682	1790	0	0	0	0	0	0	0
1606	1	1606	803	6107760	686990	5096	0	4686	1790	0	0	0	0	0	0	0
1607	1	1607	803	6110130	687240	5100	0	4688	1790	0	0	0	0	0	0	0
1608	1	1608	804	6112500	687485	5102	0	4690	1790	0	0	0	0	0	0	0
1609	1	1609	804	6114870	687735	5106	0	4692	1790	0	0	0	0	0	0	0
1610	1	1610	805	6117230	687980	5108	0	4696	1790	1610	8050	8050	8050	8050	8050	8050
1611	1	1611	805	6119600	688230	5112	0	4698	1790	0	0	0	0	0	0	0
1612	1	1612	806	6121970	688475	5116	0	4702	1800	0	0	0	0	0	0	0
1613	1	1613	806	6124340	688725	5118	0	4704	1800	0	0	0	0	0	0	0
1614	1	1614	807	6130900	689325	5122	0	4706	1800	0	0	0	0	0	0	0
1615	1	1615	807	6137460	689930	5124	0	4708	1800	0	0	0	0	0	0	0
1616	1	1616	808	6139830	690175	5128	0	4712	1800	0	0	0	0	0	0	0
1617	1	1617	808	6142200	690425	5130	0	4714	1800	0	0	0	0	0	0	0
1618	1	1618	809	6163970	693225	5134	0	4718	1800	0	0	0	0	0	0	0
1619	1	1619	809	6185730	696025	5138	0	4720	1800	0	0	0	0	0	0	0
1620	1	1620	810	6194320	696930	5140	0	4722	1800	1620	8100	8100	8100	8100	8100	8100
1621	1	1621	810	6202900	697830	5144	0	4724	1810	0	0	0	0	0	0	0
1622	1	1622	811	6205280	698080	5146	0	4728	1810	0	0	0	0	0	0	0
1623	1	1623	811	6207650	698330	5150	0	4730	1810	0	0	0	0	0	0	0
1624	1	1624	812	6210030	698575	5152	0	4734	1810	0	0	0	0	0	0	0
1625	1	1625	812	6212400	698825	5156	0	4736	1810	0	0	0	0	0	0	0
1626	1	1626	813	6214770	699070	5160	0	4738	1810	0	0	0	0	0	0	0
1627	1	1627	813	6217150	699320	5162	0	4740	1810	0	0	0	0	0	0	0
1628	1	1628	814	6225950	700535	5166	0	4748	1810	0	0	0	0	0	0	0
1629	1	1629	814	6234740	701755	5168	0	4756	1810	0	0	0	0	0	0	0
1630	1	1630	815	6237120	702000	5172	0	4760	1820	1630	8150	8150	8150	8150	8150	8150
1631	1	1631	815	6239490	702250	5174	0	4762	1820	0	0	0	0	0	0	0
1632	1	1632	816	6241870	702500	5178	0	4764	1820	0	0	0	0	0	0	0
1633	1	1633	816	6244240	702745	5182	0	4766	1820	0	0	0	0	0	0	0
1634	1	1634	817	6246610	702995	5184	0	4770	1820	0	0	0	0	0	0	0
1635	1	1635	817	6248990	703240	5188	0	4772	1820	0	0	0	0	0	0	0
1636	1	1636	818	6251360	703490	5190	0	4776	1820	0	0	0	0	0	0	0
1637	1	1637	818	6253730	703740	5194	0	4778	1820	0	0	0	0	0	0	0
1638	1	1638	819	6256110	703985	5198	0	4780	1820	0	0	0	0	0	0	0
1639	1	1639	819	6258480	704235	5200	0	4782	1830	0	0	0	0	0	0	0
1640	1	1640	820	6267140	705140	5204	0	4786	1830	1640	8200	8200	8200	8200	8200	8200
1641	1	1641	820	6275790	706050	5206	0	4788	1830	0	0	0	0	0	0	0
1642	1	1642	821	6282370	706655	5210	0	4790	1830	0	0	0	0	0	0	0
1643	1	1643	821	6288940	707260	5212	0	4794	1830	0	0	0	0	0	0	0
1644	1	1644	822	6291320	707505	5216	0	4796	1830	0	0	0	0	0	0	0
1645	1	1645	822	6293700	707755	5220	0	4798	1830	0	0	0	0	0	0	0
1646	1	1646	823	6315820	712840	5222	0	4806	1830	0	0	0	0	0	0	0
1647	1	1647	823	6337940	717920	5226	0	4812	1830	0	0	0	0	0	0	0
1648	1	1648	824	6340320	718170	5228	0	4816	1840	0	0	0	0	0	0	0
1649	1	1649	824	6342700	718420	5232	0	4818	1840	0	0	0	0	0	0	0
1650	1	1650	825	6345080	718670	5236	0	4820	1840	1650	8250	8250	8250	8250	8250	8250
1651	1	1651	825	6347460	718920	5238	0	4822	1840	0	0	0	0	0	0	0
1652	1	1652	826	6349840	719170	5242	0	4826	1840	0	0	0	0	0	0	0
1653	1	1653	826	6352220	719420	5244	0	4828	1840	0	0	0	0	0	0	0
1654	1	1654	827	6356850	720300	5248	0	4830	1840	0	0	0	0	0	0	0
1655	1	1655	827	6361470	721180	5250	0	4834	1840	0	0	0	0	0	0	0
1656	1	1656	828	6368050	721785	5254	0	4836	1840	0	0	0	0	0	0	0
1657	1	1657	828	6374620	722395	5258	0	4838	1850	0	0	0	0	0	0	0
1658	1	1658	829	6377000	722645	5260	0	4842	1850	0	0	0	0	0	0	0
1659	1	1659	829	6379380	722895	5264	0	4844	1850	0	0	0	0	0	0	0
1660	1	1660	830	6388110	723815	5266	0	4846	1850	1660	8300	8300	8300	8300	8300	8300
1661	1	1661	830	6396830	724735	5270	0	4850	1850	0	0	0	0	0	0	0
1662	1	1662	831	6399220	724985	5272	0	4852	1850	0	0	0	0	0	0	0
1663	1	1663	831	6401600	725240	5276	0	4854	1850	0	0	0	0	0	0	0
1664	1	1664	832	6403990	725490	5280	0	4858	1850	0	0	0	0	0	0	0
1665	1	1665	832	6406380	725740	5282	0	4860	1850	0	0	0	0	0	0	0
1666	1	1666	833	6408760	725990	5286	0	4862	1860	0	0	0	0	0	0	0
1667	1	1667	833	6411150	726240	5288	0	4866	1860	0	0	0	0	0	0	0
1668	1	1668	834	6440230	726850	5292	0	4868	1860	0	0	0	0	0	0	0
1669	1	1669	834	6469310	727455	5294	0	4870	1860	0	0	0	0	0	0	0
1670	1	1670	835	6471710	727705	5298	0	4874	1860	1670	8350	8350	8350	8350	8350	8350
1671	1	1671	835	6474110	727960	5302	0	4876	1860	0	0	0	0	0	0	0
1672	1	1672	836	6476520	728210	5304	0	4878	1860	0	0	0	0	0	0	0
1673	1	1673	836	6478920	728460	5308	0	4882	1860	0	0	0	0	0	0	0
1674	1	1674	837	6501540	731370	5310	0	4884	1860	0	0	0	0	0	0	0
1675	1	1675	837	6524160	734280	5314	0	4886	1870	0	0	0	0	0	0	0
1676	1	1676	838	6526570	734530	5318	0	4890	1870	0	0	0	0	0	0	0
1677	1	1677	838	6528970	734780	5320	0	4892	1870	0	0	0	0	0	0	0
1678	1	1678	839	6531370	735035	5324	0	4894	1870	0	0	0	0	0	0	0
1679	1	1679	839	6533770	735285	5326	0	4896	1870	0	0	0	0	0	0	0
1680	1	1680	840	6544910	743750	5330	0	4900	1870	1680	8400	8400	8400	8400	8400	8400
1681	1	1681	840	6556050	752215	5332	0	4904	1870	0	0	0	0	0	0	0
1682	1	1682	841	6562680	752835	5336	0	4908	1870	0	0	0	0	0	0	0
1683	1	1683	841	6569310	753455	5338	0	4910	1870	0	0	0	0	0	0	0
1684	1	1684	842	6571720	753710	5342	0	4914	1880	0	0	0	0	0	0	0
1685	1	1685	842	6574130	753965	5346	0	4916	1880	0	0	0	0	0	0	0
1686	1	1686	843	6576540	754225	5348	0	4918	1880	0	0	0	0	0	0	0
1687	1	1687	843	6578940	754480	5352	0	4922	1880	0	0	0	0	0	0	0
1688	1	1688	844	6581350	754735	5354	0	4924	1880	0	0	0	0	0	0	0
1689	1	1689	844	6583760	754990	5358	0	4926	1880	0	0	0	0	0	0	0
1690	1	1690	845	6586170	755245	5362	0	4930	1880	1690	8450	8450	8450	8450	8450	8450
1691	1	1691	845	6588580	755500	5364	0	4932	1880	0	0	0	0	0	0	0
1692	1	1692	846	6590990	755760	5368	0	4934	1880	0	0	0	0	0	0	0
1693	1	1693	846	6593400	756015	5370	0	4938	1890	0	0	0	0	0	0	0
1694	1	1694	847	6595800	756270	5374	0	4940	1890	0	0	0	0	0	0	0
1695	1	1695	847	6598210	756525	5376	0	4942	1890	0	0	0	0	0	0	0
1696	1	1696	848	6604850	757145	5380	0	4946	1890	0	0	0	0	0	0	0
1697	1	1697	848	6611480	757765	5384	0	4948	1890	0	0	0	0	0	0	0
1698	1	1698	849	6613890	758020	5386	0	4950	1890	0	0	0	0	0	0	0
1699	1	1699	849	6616300	758280	5390	0	4954	1890	0	0	0	0	0	0	0
1700	1	1700	850	6625220	759230	5392	0	4956	1890	1700	8500	8500	8500	8500	8500	8500
1701	1	1701	850	6634150	760180	5396	0	4958	1890	0	0	0	0	0	0	0
1702	1	1702	851	6657120	763195	5400	0	4962	1900	0	0	0	0	0	0	0
1703	1	1703	851	6680100	766205	5402	0	4964	1900	0	0	0	0	0	0	0
1704	1	1704	852	6682510	766465	5406	0	4966	1900	0	0	0	0	0	0	0
1705	1	1705	852	6684930	766720	5408	0	4968	1900	0	0	0	0	0	0	0
1706	1	1706	853	6760590	767640	5412	0	4982	1900	0	0	0	0	0	0	0
1707	1	1707	853	6836250	768555	5414	0	4994	1900	0	0	0	0	0	0	0
1708	1	1708	854	6838720	768815	5418	0	4998	1900	0	0	0	0	0	0	0
1709	1	1709	854	6841180	769070	5422	0	5000	1900	0	0	0	0	0	0	0
1710	1	1710	855	6847960	772045	5424	0	5002	1900	1710	8550	8550	8550	8550	8550	8550
1711	1	1711	855	6854730	775020	5428	0	5004	1910	0	0	0	0	0	0	0
1712	1	1712	856	6857200	775275	5430	0	5008	1910	0	0	0	0	0	0	0
1713	1	1713	856	6859660	775535	5434	0	5010	1910	0	0	0	0	0	0	0
1714	1	1714	857	6862130	775795	5438	0	5014	1910	0	0	0	0	0	0	0
1715	1	1715	857	6864600	776050	5440	0	5016	1910	0	0	0	0	0	0	0
1716	1	1716	858	6867060	776310	5444	0	5018	1910	0	0	0	0	0	0	0
1717	1	1717	858	6869530	776570	5446	0	5020	1910	0	0	0	0	0	0	0
1718	1	1718	859	6871990	776825	5450	0	5024	1910	0	0	0	0	0	0	0
1719	1	1719	859	6874450	777085	5452	0	5026	1910	0	0	0	0	0	0	0
1720	1	1720	860	6883640	778050	5456	0	5030	1920	1720	8600	8600	8600	8600	8600	8600
1721	1	1721	860	6892820	779015	5458	0	5032	1920	0	0	0	0	0	0	0
1722	1	1722	861	6895290	779275	5462	0	5034	1920	0	0	0	0	0	0	0
1723	1	1723	861	6897760	779535	5466	0	5038	1920	0	0	0	0	0	0	0
1724	1	1724	862	6904550	780160	5468	0	5040	1920	0	0	0	0	0	0	0
1725	1	1725	862	6911330	780785	5472	0	5042	1920	0	0	0	0	0	0	0
1726	1	1726	863	6913800	781045	5474	0	5046	1920	0	0	0	0	0	0	0
1727	1	1727	863	6916270	781305	5478	0	5048	1920	0	0	0	0	0	0	0
1728	1	1728	864	6918740	781560	5482	0	5050	1920	0	0	0	0	0	0	0
1729	1	1729	864	6921210	781820	5484	0	5052	1930	0	0	0	0	0	0	0
1730	1	1730	865	6947390	785575	5488	0	5060	1930	1730	8650	8650	8650	8650	8650	8650
1731	1	1731	865	6973570	789330	5490	0	5066	1930	0	0	0	0	0	0	0
1732	1	1732	866	6976040	789585	5494	0	5068	1930	0	0	0	0	0	0	0
1733	1	1733	866	6978510	789845	5496	0	5072	1930	0	0	0	0	0	0	0
1734	1	1734	867	6980980	790105	5500	0	5074	1930	0	0	0	0	0	0	0
1735	1	1735	867	6983450	790365	5504	0	5076	1930	0	0	0	0	0	0	0
1736	1	1736	868	6990230	790990	5506	0	5080	1930	0	0	0	0	0	0	0
1737	1	1737	868	6997020	791615	5510	0	5082	1930	0	0	0	0	0	0	0
1738	1	1738	869	6999490	791875	5512	0	5086	1940	0	0	0	0	0	0	0
1739	1	1739	869	7001960	792130	5516	0	5088	1940	0	0	0	0	0	0	0
1740	1	1740	870	7011210	793105	5520	0	5090	1940	1740	8700	8700	8700	8700	8700	8700
1741	1	1741	870	7020460	794075	5522	0	5092	1940	0	0	0	0	0	0	0
1742	1	1742	871	7022940	794335	5526	0	5096	1940	0	0	0	0	0	0	0
1743	1	1743	871	7025420	794595	5528	0	5098	1940	0	0	0	0	0	0	0
1744	1	1744	872	7027900	794855	5532	0	5100	1940	0	0	0	0	0	0	0
1745	1	1745	872	7030370	795115	5534	0	5104	1940	0	0	0	0	0	0	0
1746	1	1746	873	7032850	795375	5538	0	5106	1940	0	0	0	0	0	0	0
1747	1	1747	873	7035330	795630	5540	0	5108	1950	0	0	0	0	0	0	0
1748	1	1748	874	7037800	795890	5544	0	5112	1950	0	0	0	0	0	0	0
1749	1	1749	874	7040280	796150	5548	0	5114	1950	0	0	0	0	0	0	0
1750	1	1750	875	7071100	796775	5550	0	5116	1950	1750	8750	8750	8750	8750	8750	8750
1751	1	1751	875	7101920	797400	5554	0	5120	1950	0	0	0	0	0	0	0
1752	1	1752	876	7104410	797660	5556	0	5122	1950	0	0	0	0	0	0	0
1753	1	1753	876	7106910	797920	5560	0	5124	1950	0	0	0	0	0	0	0
1754	1	1754	877	7109400	798180	5564	0	5128	1950	0	0	0	0	0	0	0
1755	1	1755	877	7111900	798440	5566	0	5130	1950	0	0	0	0	0	0	0
1756	1	1756	878	7116790	799385	5570	0	5132	1960	0	0	0	0	0	0	0
1757	1	1757	878	7121680	800335	5572	0	5136	1960	0	0	0	0	0	0	0
1758	1	1758	879	7124180	800590	5576	0	5138	1960	0	0	0	0	0	0	0
1759	1	1759	879	7126670	800850	5578	0	5140	1960	0	0	0	0	0	0	0
1760	1	1760	880	7157900	807150	5582	0	5144	1960	1760	8800	8800	8800	8800	8800	8800
1761	1	1761	880	7189120	813455	5586	0	5146	1960	0	0	0	0	0	0	0
1762	1	1762	881	7191620	813715	5588	0	5148	1960	0	0	0	0	0	0	0
1763	1	1763	881	7194120	813975	5592	0	5152	1960	0	0	0	0	0	0	0
1764	1	1764	882	7200960	814605	5594	0	5154	1960	0	0	0	0	0	0	0
1765	1	1765	882	7207810	815235	5598	0	5156	1970	0	0	0	0	0	0	0
1766	1	1766	883	7210310	815500	5602	0	5160	1970	0	0	0	0	0	0	0
1767	1	1767	883	7212810	815760	5604	0	5162	1970	0	0	0	0	0	0	0
1768	1	1768	884	7215310	816020	5608	0	5164	1970	0	0	0	0	0	0	0
1769	1	1769	884	7217810	816280	5610	0	5166	1970	0	0	0	0	0	0	0
1770	1	1770	885	7220310	816545	5614	0	5170	1970	1770	8850	8850	8850	8850	8850	8850
1771	1	1771	885	7222810	816805	5616	0	5172	1970	0	0	0	0	0	0	0
1772	1	1772	886	7225310	817065	5620	0	5176	1970	0	0	0	0	0	0	0
1773	1	1773	886	7227810	817330	5624	0	5178	1970	0	0	0	0	0	0	0
1774	1	1774	887	7230310	817590	5626	0	5180	1980	0	0	0	0	0	0	0
1775	1	1775	887	7232810	817850	5630	0	5182	1980	0	0	0	0	0	0	0
1776	1	1776	888	7235310	818115	5632	0	5186	1980	0	0	0	0	0	0	0
1777	1	1777	888	7237810	818375	5636	0	5188	1980	0	0	0	0	0	0	0
1778	1	1778	889	7244650	819005	5640	0	5192	1980	0	0	0	0	0	0	0
1779	1	1779	889	7251490	819635	5642	0	5194	1980	0	0	0	0	0	0	0
1780	1	1780	890	7260950	820630	5646	0	5196	1980	1780	8900	8900	8900	8900	8900	8900
1781	1	1781	890	7270410	821625	5648	0	5198	1980	0	0	0	0	0	0	0
1782	1	1782	891	7275340	822590	5652	0	5202	1980	0	0	0	0	0	0	0
1783	1	1783	891	7280260	823555	5654	0	5204	1990	0	0	0	0	0	0	0
1784	1	1784	892	7282770	823815	5658	0	5208	1990	0	0	0	0	0	0	0
1785	1	1785	892	7285280	824080	5660	0	5210	1990	0	0	0	0	0	0	0
1786	1	1786	893	7287780	824340	5664	0	5212	1990	0	0	0	0	0	0	0
1787	1	1787	893	7290290	824600	5666	0	5214	1990	0	0	0	0	0	0	0
1788	1	1788	894	7314990	827795	5670	0	5218	1990	0	0	0	0	0	0	0
1789	1	1789	894	7339680	830985	5674	0	5220	1990	0	0	0	0	0	0	0
1790	1	1790	895	7346530	834125	5676	0	5224	1990	1790	8950	8950	8950	8950	8950	8950
1791	1	1791	895	7353380	837270	5680	0	5226	1990	0	0	0	0	0	0	0
1792	1	1792	896	7355890	837535	5684	0	5228	2000	0	0	0	0	0	0	0
1793	1	1793	896	7358390	837795	5686	0	5230	2000	0	0	0	0	0	0	0
1794	1	1794	897	7360900	838060	5690	0	5234	2000	0	0	0	0	0	0	0
1795	1	1795	897	7363400	838325	5692	0	5236	2000	0	0	0	0	0	0	0
1796	1	1796	898	7365910	838590	5696	0	5240	2000	0	0	0	0	0	0	0
1797	1	1797	898	7368420	838855	5698	0	5242	2000	0	0	0	0	0	0	0
1798	1	1798	899	7370920	839115	5702	0	5244	2000	0	0	0	0	0	0	0
1799	1	1799	899	7373430	839380	5706	0	5246	2000	0	0	0	0	0	0	0
1800	1	1800	900	7382960	840385	5708	0	5250	2000	1800	9000	9000	9000	9000	9000	9000
1801	1	1801	900	7392490	841395	5712	0	5252	2010	0	0	0	0	0	0	0
1802	1	1802	901	7395010	841655	5714	0	5254	2010	0	0	0	0	0	0	0
1803	1	1803	901	7397520	841920	5718	0	5258	2010	0	0	0	0	0	0	0
1804	1	1804	902	7404370	842555	5720	0	5260	2010	0	0	0	0	0	0	0
1805	1	1805	902	7411230	843190	5724	0	5262	2010	0	0	0	0	0	0	0
1806	1	1806	903	7413740	843455	5728	0	5266	2010	0	0	0	0	0	0	0
1807	1	1807	903	7416250	843720	5730	0	5268	2010	0	0	0	0	0	0	0
1808	1	1808	904	7421200	844705	5734	0	5270	2010	0	0	0	0	0	0	0
1809	1	1809	904	7426150	845685	5736	0	5274	2010	0	0	0	0	0	0	0
1810	1	1810	905	7428660	845950	5740	0	5276	2020	1810	9050	9050	9050	9050	9050	9050
1811	1	1811	905	7431180	846215	5742	0	5278	2020	0	0	0	0	0	0	0
1812	1	1812	906	7433690	846480	5746	0	5282	2020	0	0	0	0	0	0	0
1813	1	1813	906	7436200	846745	5750	0	5284	2020	0	0	0	0	0	0	0
1814	1	1814	907	7438710	847010	5752	0	5286	2020	0	0	0	0	0	0	0
1815	1	1815	907	7441230	847275	5756	0	5290	2020	0	0	0	0	0	0	0
1816	1	1816	908	7466280	850530	5758	0	5292	2020	0	0	0	0	0	0	0
1817	1	1817	908	7491340	853790	5762	0	5294	2020	0	0	0	0	0	0	0
1818	1	1818	909	7498190	854425	5766	0	5298	2020	0	0	0	0	0	0	0
1819	1	1819	909	7505050	855060	5768	0	5300	2030	0	0	0	0	0	0	0
1820	1	1820	910	7514650	856070	5772	0	5302	2030	1820	9100	9100	9100	9100	9100	9100
1821	1	1821	910	7524250	857085	5774	0	5304	2030	0	0	0	0	0	0	0
1822	1	1822	911	7526770	857350	5778	0	5308	2030	0	0	0	0	0	0	0
1823	1	1823	911	7529290	857615	5780	0	5310	2030	0	0	0	0	0	0	0
1824	1	1824	912	7531810	857880	5784	0	5314	2030	0	0	0	0	0	0	0
1825	1	1825	912	7534330	858145	5786	0	5316	2030	0	0	0	0	0	0	0
1826	1	1826	913	7536850	858410	5790	0	5318	2030	0	0	0	0	0	0	0
1827	1	1827	913	7539360	858675	5794	0	5322	2030	0	0	0	0	0	0	0
1828	1	1828	914	7541880	858940	5796	0	5324	2040	0	0	0	0	0	0	0
1829	1	1829	914	7544400	859205	5800	0	5326	2040	0	0	0	0	0	0	0
1830	1	1830	915	7546920	859470	5802	0	5330	2040	1830	9150	9150	9150	9150	9150	9150
1831	1	1831	915	7549440	859735	5806	0	5332	2040	0	0	0	0	0	0	0
1832	1	1832	916	7556300	860370	5810	0	5340	2040	0	0	0	0	0	0	0
1833	1	1833	916	7563160	861005	5812	0	5346	2040	0	0	0	0	0	0	0
1834	1	1834	917	7568140	869770	5816	0	5352	2040	0	0	0	0	0	0	0
1835	1	1835	917	7573110	878530	5818	0	5356	2040	0	0	0	0	0	0	0
1836	1	1836	918	7575630	878800	5822	0	5358	2040	0	0	0	0	0	0	0
1837	1	1837	918	7578150	879070	5824	0	5360	2050	0	0	0	0	0	0	0
1838	1	1838	919	7580670	879340	5828	0	5364	2050	0	0	0	0	0	0	0
1839	1	1839	919	7583190	879610	5832	0	5366	2050	0	0	0	0	0	0	0
1840	1	1840	920	7596670	881095	5838	0	5372	2050	1840	9200	9200	9200	9200	9200	9200
1841	1	1841	920	7610150	882575	5844	0	5376	2050	0	0	0	0	0	0	0
1842	1	1842	921	7613960	883015	5846	0	5380	2050	0	0	0	0	0	0	0
1843	1	1843	921	7617760	883460	5850	0	5382	2050	0	0	0	0	0	0	0
1844	1	1844	922	7644530	889630	5854	0	5390	2050	0	0	0	0	0	0	0
1845	1	1845	922	7671300	895800	5856	0	5396	2050	0	0	0	0	0	0	0
1846	1	1846	923	7679490	896630	5860	0	5400	2060	0	0	0	0	0	0	0
1847	1	1847	923	7687680	897455	5862	0	5402	2060	0	0	0	0	0	0	0
1848	1	1848	924	7691510	897905	5866	0	5406	2060	0	0	0	0	0	0	0
1849	1	1849	924	7695350	898355	5868	0	5408	2060	0	0	0	0	0	0	0
1850	1	1850	925	7699180	898800	5872	0	5412	2060	1850	9250	9250	9250	9250	9250	9250
1851	1	1851	925	7703020	899250	5876	0	5414	2060	0	0	0	0	0	0	0
1852	1	1852	926	7706850	899695	5878	0	5418	2060	0	0	0	0	0	0	0
1853	1	1853	926	7710680	900145	5882	0	5420	2060	0	0	0	0	0	0	0
1854	1	1854	927	7714520	900590	5886	0	5422	2060	0	0	0	0	0	0	0
1855	1	1855	927	7718350	901040	5888	0	5426	2070	0	0	0	0	0	0	0
1856	1	1856	928	7722180	901490	5892	0	5428	2070	0	0	0	0	0	0	0
1857	1	1857	928	7726020	901935	5894	0	5432	2070	0	0	0	0	0	0	0
1858	1	1858	929	7734240	902765	5898	0	5436	2070	0	0	0	0	0	0	0
1859	1	1859	929	7742460	903600	5902	0	5438	2070	0	0	0	0	0	0	0
1860	1	1860	930	7827510	904815	5904	0	5442	2070	1860	9300	9300	9300	9300	9300	9300
1861	1	1861	930	7912560	906030	5908	0	5444	2070	0	0	0	0	0	0	0
1862	1	1862	931	7916480	906480	5912	0	5446	2070	0	0	0	0	0	0	0
1863	1	1863	931	7920400	906930	5914	0	5450	2070	0	0	0	0	0	0	0
1864	1	1864	932	7924310	907380	5918	0	5452	2080	0	0	0	0	0	0	0
1865	1	1865	932	7928230	907830	5920	0	5456	2080	0	0	0	0	0	0	0
1866	1	1866	933	7932150	908275	5924	0	5458	2080	0	0	0	0	0	0	0
1867	1	1867	933	7936070	908725	5928	0	5462	2080	0	0	0	0	0	0	0
1868	1	1868	934	7939990	909175	5930	0	5464	2080	0	0	0	0	0	0	0
1869	1	1869	934	7943910	909625	5934	0	5468	2080	0	0	0	0	0	0	0
1870	1	1870	935	7947830	910075	5936	0	5470	2080	1870	9350	9350	9350	9350	9350	9350
1871	1	1871	935	7951740	910520	5940	0	5474	2080	0	0	0	0	0	0	0
1872	1	1872	936	7986590	911355	5944	0	5476	2080	0	0	0	0	0	0	0
1873	1	1873	936	8021440	912190	5946	0	5480	2090	0	0	0	0	0	0	0
1874	1	1874	937	8049690	915860	5950	0	5482	2090	0	0	0	0	0	0	0
1875	1	1875	937	8077940	919525	5952	0	5486	2090	0	0	0	0	0	0	0
1876	1	1876	938	8081920	919980	5956	0	5488	2090	0	0	0	0	0	0	0
1877	1	1877	938	8085890	920430	5958	0	5492	2090	0	0	0	0	0	0	0
1878	1	1878	939	8089860	920885	5962	0	5494	2090	0	0	0	0	0	0	0
1879	1	1879	939	8093840	921335	5966	0	5498	2090	0	0	0	0	0	0	0
1880	1	1880	940	8097810	921790	5970	0	5500	2090	1880	9400	9400	9400	9400	9400	9400
1881	1	1881	940	8101780	922240	5972	0	5504	2090	0	0	0	0	0	0	0
1882	1	1882	941	8105750	922695	5976	0	5506	2100	0	0	0	0	0	0	0
1883	1	1883	941	8109730	923145	5978	0	5510	2100	0	0	0	0	0	0	0
1884	1	1884	942	8113700	923600	5982	0	5512	2100	0	0	0	0	0	0	0
1885	1	1885	942	8117670	924050	5986	0	5516	2100	0	0	0	0	0	0	0
1886	1	1886	943	8128840	925685	5988	0	5518	2100	0	0	0	0	0	0	0
1887	1	1887	943	8140000	927315	5992	0	5522	2100	0	0	0	0	0	0	0
1888	1	1888	944	8143980	927770	5994	0	5524	2100	0	0	0	0	0	0	0
1889	1	1889	944	8147960	928225	5998	0	5528	2100	0	0	0	0	0	0	0
1890	1	1890	945	8151940	928675	6002	0	5530	2100	1890	9450	9450	9450	9450	9450	9450
1891	1	1891	945	8155920	929130	6004	0	5534	2110	0	0	0	0	0	0	0
1892	1	1892	946	8159900	929585	6008	0	5536	2110	0	0	0	0	0	0	0
1893	1	1893	946	8163880	930035	6010	0	5540	2110	0	0	0	0	0	0	0
1894	1	1894	947	8167860	930490	6014	0	5542	2110	0	0	0	0	0	0	0
1895	1	1895	947	8171840	930945	6018	0	5546	2110	0	0	0	0	0	0	0
1896	1	1896	948	8175820	931400	6020	0	5548	2110	0	0	0	0	0	0	0
1897	1	1897	948	8179800	931850	6024	0	5552	2110	0	0	0	0	0	0	0
1898	1	1898	949	8183780	932305	6028	0	5554	2110	0	0	0	0	0	0	0
1899	1	1899	949	8187760	932760	6030	0	5558	2110	0	0	0	0	0	0	0
1900	1	1900	950	8196330	933605	6034	0	5560	2120	1900	9500	9500	9500	9500	9500	9500
1901	1	1901	950	8204910	934450	6036	0	5564	2120	0	0	0	0	0	0	0
1902	1	1902	951	8233910	938350	6040	0	5582	2120	0	0	0	0	0	0	0
1903	1	1903	951	8262910	942245	6044	0	5600	2120	0	0	0	0	0	0	0
1904	1	1904	952	8266910	942705	6046	0	5604	2120	0	0	0	0	0	0	0
1905	1	1905	952	8270920	943160	6050	0	5606	2120	0	0	0	0	0	0	0
1906	1	1906	953	8274930	943620	6052	0	5610	2120	0	0	0	0	0	0	0
1907	1	1907	953	8278940	944075	6056	0	5612	2120	0	0	0	0	0	0	0
1908	1	1908	954	8282950	944535	6060	0	5616	2120	0	0	0	0	0	0	0
1909	1	1909	954	8286960	944990	6062	0	5618	2130	0	0	0	0	0	0	0
1910	1	1910	955	8293640	946260	6066	0	5622	2130	1910	9550	9550	9550	9550	9550	9550
1911	1	1911	955	8300330	947530	6070	0	5624	2130	0	0	0	0	0	0	0
1912	1	1912	956	8308960	951165	6072	0	5628	2130	0	0	0	0	0	0	0
1913	1	1913	956	8317600	954795	6076	0	5630	2130	0	0	0	0	0	0	0
1914	1	1914	957	8321610	955260	6078	0	5634	2130	0	0	0	0	0	0	0
1915	1	1915	957	8325630	955720	6082	0	5636	2130	0	0	0	0	0	0	0
1916	1	1916	958	8329640	956180	6086	0	5640	2130	0	0	0	0	0	0	0
1917	1	1917	958	8333660	956640	6088	0	5642	2130	0	0	0	0	0	0	0
1918	1	1918	959	8337680	957105	6092	0	5646	2140	0	0	0	0	0	0	0
1919	1	1919	959	8341690	957565	6094	0	5648	2140	0	0	0	0	0	0	0
1920	1	1920	960	8345710	958025	6098	0	5652	2140	1920	9600	9600	9600	9600	9600	9600
1921	1	1921	960	8349720	958485	6102	0	5654	2140	0	0	0	0	0	0	0
1922	1	1922	961	8353740	958950	6104	0	5658	2140	0	0	0	0	0	0	0
1923	1	1923	961	8357750	959410	6108	0	5660	2140	0	0	0	0	0	0	0
1924	1	1924	962	8361770	959870	6112	0	5664	2140	0	0	0	0	0	0	0
1925	1	1925	962	8365780	960330	6114	0	5666	2140	0	0	0	0	0	0	0
1926	1	1926	963	8374460	961190	6118	0	5670	2140	0	0	0	0	0	0	0
1927	1	1927	963	8383130	962050	6120	0	5672	2150	0	0	0	0	0	0	0
1928	1	1928	964	8387150	962515	6124	0	5676	2150	0	0	0	0	0	0	0
1929	1	1929	964	8391170	962975	6128	0	5678	2150	0	0	0	0	0	0	0
1930	1	1930	965	8420920	969690	6130	0	5686	2150	1930	9650	9650	9650	9650	9650	9650
1931	1	1931	965	8450670	976405	6134	0	5692	2150	0	0	0	0	0	0	0
1932	1	1932	966	8454710	976875	6136	0	5696	2150	0	0	0	0	0	0	0
1933	1	1933	966	8458760	977340	6140	0	5698	2150	0	0	0	0	0	0	0
1934	1	1934	967	8462800	977810	6144	0	5702	2150	0	0	0	0	0	0	0
1935	1	1935	967	8466850	978275	6146	0	5704	2150	0	0	0	0	0	0	0
1936	1	1936	968	8473620	979590	6150	0	5708	2160	0	0	0	0	0	0	0
1937	1	1937	968	8480400	980905	6154	0	5710	2160	0	0	0	0	0	0	0
1938	1	1938	969	8484440	981375	6156	0	5714	2160	0	0	0	0	0	0	0
1939	1	1939	969	8488490	981840	6160	0	5716	2160	0	0	0	0	0	0	0
1940	1	1940	970	8497230	982715	6162	0	5720	2160	1940	9700	9700	9700	9700	9700	9700
1941	1	1941	970	8505960	983585	6166	0	5722	2160	0	0	0	0	0	0	0
1942	1	1942	971	8510010	984055	6170	0	5726	2160	0	0	0	0	0	0	0
1943	1	1943	971	8514060	984525	6172	0	5728	2160	0	0	0	0	0	0	0
1944	1	1944	972	8518110	984990	6176	0	5732	2160	0	0	0	0	0	0	0
1945	1	1945	972	8522170	985460	6178	0	5734	2170	0	0	0	0	0	0	0
1946	1	1946	973	8526220	985930	6182	0	5738	2170	0	0	0	0	0	0	0
1947	1	1947	973	8530270	986400	6186	0	5740	2170	0	0	0	0	0	0	0
1948	1	1948	974	8534320	986865	6188	0	5744	2170	0	0	0	0	0	0	0
1949	1	1949	974	8538370	987335	6192	0	5746	2170	0	0	0	0	0	0	0
1950	1	1950	975	8542430	987805	6196	0	5750	2170	1950	9750	9750	9750	9750	9750	9750
1951	1	1951	975	8546480	988275	6198	0	5752	2170	0	0	0	0	0	0	0
1952	1	1952	976	8550530	988745	6202	0	5756	2170	0	0	0	0	0	0	0
1953	1	1953	976	8554580	989210	6204	0	5758	2170	0	0	0	0	0	0	0
1954	1	1954	977	8591580	990085	6208	0	5762	2180	0	0	0	0	0	0	0
1955	1	1955	977	8628590	990960	6210	0	5764	2180	0	0	0	0	0	0	0
1956	1	1956	978	8632670	991430	6214	0	5768	2180	0	0	0	0	0	0	0
1957	1	1957	978	8636750	991900	6218	0	5770	2180	0	0	0	0	0	0	0
1958	1	1958	979	8667470	995915	6222	0	5774	2180	0	0	0	0	0	0	0
1959	1	1959	979	8698180	999925	6224	0	5776	2180	0	0	0	0	0	0	0
1960	1	1960	980	8702290	1000400	6228	0	5780	2180	1960	9800	9800	9800	9800	9800	9800
1961	1	1961	980	8706400	1000870	6230	0	5782	2180	0	0	0	0	0	0	0
1962	1	1962	981	8713310	1002215	6234	0	5786	2180	0	0	0	0	0	0	0
1963	1	1963	981	8720220	1003555	6236	0	5788	2190	0	0	0	0	0	0	0
1964	1	1964	982	8724330	1004030	6240	0	5792	2190	0	0	0	0	0	0	0
1965	1	1965	982	8728440	1004505	6244	0	5794	2190	0	0	0	0	0	0	0
1966	1	1966	983	8732560	1004975	6246	0	5798	2190	0	0	0	0	0	0	0
1967	1	1967	983	8736670	1005450	6250	0	5800	2190	0	0	0	0	0	0	0
1968	1	1968	984	8745560	1006330	6254	0	5804	2190	0	0	0	0	0	0	0
1969	1	1969	984	8754450	1007215	6256	0	5806	2190	0	0	0	0	0	0	0
1970	1	1970	985	8758560	1007690	6260	0	5810	2190	1970	9850	9850	9850	9850	9850	9850
1971	1	1971	985	8762680	1008160	6262	0	5812	2190	0	0	0	0	0	0	0
1972	1	1972	986	8766790	1008635	6266	0	5816	2200	0	0	0	0	0	0	0
1973	1	1973	986	8770910	1009110	6268	0	5818	2200	0	0	0	0	0	0	0
1974	1	1974	987	8775020	1009585	6272	0	5822	2200	0	0	0	0	0	0	0
1975	1	1975	987	8779140	1010055	6276	0	5824	2200	0	0	0	0	0	0	0
1976	1	1976	988	8783250	1010530	6280	0	5828	2200	0	0	0	0	0	0	0
1977	1	1977	988	8787370	1011005	6282	0	5830	2200	0	0	0	0	0	0	0
1978	1	1978	989	8791480	1011480	6286	0	5834	2200	0	0	0	0	0	0	0
1979	1	1979	989	8795600	1011950	6288	0	5836	2200	0	0	0	0	0	0	0
1980	1	1980	990	8804520	1012835	6292	0	5840	2200	1980	9900	9900	9900	9900	9900	9900
1981	1	1981	990	8813440	1013720	6294	0	5842	2210	0	0	0	0	0	0	0
1982	1	1982	991	8817560	1014195	6298	0	5846	2210	0	0	0	0	0	0	0
1983	1	1983	991	8821680	1014670	6302	0	5848	2210	0	0	0	0	0	0	0
1984	1	1984	992	8825800	1015145	6304	0	5852	2210	0	0	0	0	0	0	0
1985	1	1985	992	8829920	1015620	6308	0	5854	2210	0	0	0	0	0	0	0
1986	1	1986	993	8861420	1019735	6312	0	5858	2210	0	0	0	0	0	0	0
1987	1	1987	993	8892910	1023850	6314	0	5860	2210	0	0	0	0	0	0	0
1988	1	1988	994	8899920	1034140	6318	0	5866	2210	0	0	0	0	0	0	0
1989	1	1989	994	8906920	1044430	6320	0	5870	2210	0	0	0	0	0	0	0
1990	1	1990	995	8911070	1044920	6324	0	5874	2220	1990	9950	9950	9950	9950	9950	9950
1991	1	1991	995	8915220	1045405	6328	0	5876	2220	0	0	0	0	0	0	0
1992	1	1992	996	8919370	1045890	6330	0	5878	2220	0	0	0	0	0	0	0
1993	1	1993	996	8923510	1046380	6334	0	5882	2220	0	0	0	0	0	0	0
1994	1	1994	997	8932500	1050270	6338	0	5884	2220	0	0	0	0	0	0	0
1995	1	1995	997	8941490	1054160	6340	0	5888	2220	0	0	0	0	0	0	0
1996	1	1996	998	8945640	1054650	6344	0	5890	2220	0	0	0	0	0	0	0
1997	1	1997	998	8949790	1055140	6346	0	5894	2220	0	0	0	0	0	0	0
1998	1	1998	999	8953940	1055630	6350	0	5896	2220	0	0	0	0	0	0	0
1999	1	1999	999	8958100	1056120	6352	0	5900	2230	0	0	0	0	0	0	0
2000	1	2000	1000	8962250	1056610	6356	0	5902	2230	2000	10000	10000	10000	10000	10000	10000
2001	2	1	0	0	0	0	0	0	10	0	0	0	0	0	0	0
2002	2	2	1	730	125	10	0	8	10	0	0	0	0	0	0	0
2003	2	3	1	1460	255	20	0	14	10	0	0	0	0	0	0	0
2004	2	4	2	1550	265	22	0	18	10	0	0	0	0	0	0	0
2005	2	5	2	1630	280	26	0	18	10	0	0	0	0	0	0	0
2006	2	6	3	1710	295	28	0	22	10	0	0	0	0	0	0	0
2007	2	7	3	1790	305	32	0	24	10	0	0	0	0	0	0	0
2008	2	8	4	1880	320	34	0	26	10	0	0	0	0	0	0	0
2009	2	9	4	1960	330	36	0	28	10	0	0	0	0	0	0	0
2010	2	10	5	2040	345	40	0	30	20	10	50	50	50	50	50	50
2011	2	11	5	2120	360	42	0	34	20	0	0	0	0	0	0	0
2012	2	12	6	2210	370	46	0	36	20	0	0	0	0	0	0	0
2013	2	13	6	2290	385	48	0	38	20	0	0	0	0	0	0	0
2014	2	14	7	2370	395	52	0	40	20	0	0	0	0	0	0	0
2015	2	15	7	2460	410	54	0	44	20	0	0	0	0	0	0	0
2016	2	16	8	2540	425	56	0	46	20	0	0	0	0	0	0	0
2017	2	17	8	2620	435	60	0	48	20	0	0	0	0	0	0	0
2018	2	18	9	2700	450	64	0	50	20	0	0	0	0	0	0	0
2019	2	19	9	2790	465	66	0	52	30	0	0	0	0	0	0	0
2020	2	20	10	2870	475	68	0	54	30	20	100	100	100	100	100	100
2021	2	21	10	2950	490	72	0	56	30	0	0	0	0	0	0	0
2022	2	22	11	3040	500	74	0	60	30	0	0	0	0	0	0	0
2023	2	23	11	3120	515	76	0	62	30	0	0	0	0	0	0	0
2024	2	24	12	3200	525	80	0	64	30	0	0	0	0	0	0	0
2025	2	25	12	3280	540	82	0	66	30	0	0	0	0	0	0	0
2026	2	26	13	3580	580	86	0	70	30	0	0	0	0	0	0	0
2027	2	27	13	3880	615	88	0	72	30	0	0	0	0	0	0	0
2028	2	28	14	3960	630	90	0	74	40	0	0	0	0	0	0	0
2029	2	29	14	4040	645	94	0	76	40	0	0	0	0	0	0	0
2030	2	30	15	4130	655	98	0	80	40	30	150	150	150	150	150	150
2031	2	31	15	4210	670	100	0	82	40	0	0	0	0	0	0	0
2032	2	32	16	4290	680	102	0	84	40	0	0	0	0	0	0	0
2033	2	33	16	4370	695	106	0	86	40	0	0	0	0	0	0	0
2034	2	34	17	4460	710	108	0	88	40	0	0	0	0	0	0	0
2035	2	35	17	4540	720	110	0	90	40	0	0	0	0	0	0	0
2036	2	36	18	4620	735	114	0	94	40	0	0	0	0	0	0	0
2037	2	37	18	4710	745	118	0	96	50	0	0	0	0	0	0	0
2038	2	38	19	4790	760	120	0	98	50	0	0	0	0	0	0	0
2039	2	39	19	4870	775	122	0	100	50	0	0	0	0	0	0	0
2040	2	40	20	7610	1155	126	0	108	50	40	200	200	200	200	200	200
2041	2	41	20	10350	1540	128	0	114	50	0	0	0	0	0	0	0
2042	2	42	21	11770	1775	138	0	120	50	0	0	0	0	0	0	0
2043	2	43	21	13200	2005	148	0	128	50	0	0	0	0	0	0	0
2044	2	44	22	13310	2020	152	0	130	50	0	0	0	0	0	0	0
2045	2	45	22	13410	2040	154	0	132	50	0	0	0	0	0	0	0
2046	2	46	23	13520	2055	156	0	136	60	0	0	0	0	0	0	0
2047	2	47	23	13620	2070	160	0	138	60	0	0	0	0	0	0	0
2048	2	48	24	13730	2090	162	0	140	60	0	0	0	0	0	0	0
2049	2	49	24	13830	2105	164	0	142	60	0	0	0	0	0	0	0
2050	2	50	25	13940	2120	168	0	144	60	50	250	250	250	250	250	250
2051	2	51	25	14040	2140	172	0	146	60	0	0	0	0	0	0	0
2052	2	52	26	14150	2155	174	0	150	60	0	0	0	0	0	0	0
2053	2	53	26	14260	2170	176	0	152	60	0	0	0	0	0	0	0
2054	2	54	27	14790	2260	180	0	154	60	0	0	0	0	0	0	0
2055	2	55	27	15320	2345	182	0	156	70	0	0	0	0	0	0	0
2056	2	56	28	15430	2360	186	0	160	70	0	0	0	0	0	0	0
2057	2	57	28	15530	2380	188	0	162	70	0	0	0	0	0	0	0
2058	2	58	29	15640	2395	190	0	164	70	0	0	0	0	0	0	0
2059	2	59	29	15740	2410	194	0	166	70	0	0	0	0	0	0	0
2060	2	60	30	15850	2430	196	0	168	70	60	300	300	300	300	300	300
2061	2	61	30	15960	2445	198	0	172	70	0	0	0	0	0	0	0
2062	2	62	31	16060	2460	202	0	174	70	0	0	0	0	0	0	0
2063	2	63	31	16170	2480	206	0	176	70	0	0	0	0	0	0	0
2064	2	64	32	16270	2495	208	0	178	80	0	0	0	0	0	0	0
2065	2	65	32	16380	2510	210	0	180	80	0	0	0	0	0	0	0
2066	2	66	33	16480	2530	214	0	182	80	0	0	0	0	0	0	0
2067	2	67	33	16590	2545	216	0	186	80	0	0	0	0	0	0	0
2068	2	68	34	16700	2560	218	0	188	80	0	0	0	0	0	0	0
2069	2	69	34	16800	2580	222	0	190	80	0	0	0	0	0	0	0
2070	2	70	35	16910	2595	226	0	192	80	70	350	350	350	350	350	350
2071	2	71	35	17010	2610	228	0	194	80	0	0	0	0	0	0	0
2072	2	72	36	17120	2630	230	0	198	80	0	0	0	0	0	0	0
2073	2	73	36	17220	2645	234	0	200	90	0	0	0	0	0	0	0
2074	2	74	37	17330	2660	236	0	202	90	0	0	0	0	0	0	0
2075	2	75	37	17430	2680	238	0	204	90	0	0	0	0	0	0	0
2076	2	76	38	17540	2695	242	0	208	90	0	0	0	0	0	0	0
2077	2	77	38	17640	2710	244	0	208	90	0	0	0	0	0	0	0
2078	2	78	39	17750	2730	248	0	212	90	0	0	0	0	0	0	0
2079	2	79	39	17860	2745	250	0	214	90	0	0	0	0	0	0	0
2080	2	80	40	17960	2760	252	0	216	90	80	400	400	400	400	400	400
2081	2	81	40	18070	2780	256	0	218	90	0	0	0	0	0	0	0
2082	2	82	41	19190	2930	260	0	222	100	0	0	0	0	0	0	0
2083	2	83	41	20310	3085	262	0	224	100	0	0	0	0	0	0	0
2084	2	84	42	20420	3105	264	0	226	100	0	0	0	0	0	0	0
2085	2	85	42	20540	3120	268	0	228	100	0	0	0	0	0	0	0
2086	2	86	43	20660	3140	270	0	230	100	0	0	0	0	0	0	0
2087	2	87	43	20770	3160	272	0	234	100	0	0	0	0	0	0	0
2088	2	88	44	20890	3175	276	0	236	100	0	0	0	0	0	0	0
2089	2	89	44	21000	3195	280	0	238	100	0	0	0	0	0	0	0
2090	2	90	45	21120	3215	282	0	240	100	90	450	450	450	450	450	450
2091	2	91	45	21240	3230	284	0	242	110	0	0	0	0	0	0	0
2092	2	92	46	21350	3250	288	0	244	110	0	0	0	0	0	0	0
2093	2	93	46	21470	3265	290	0	248	110	0	0	0	0	0	0	0
2094	2	94	47	21590	3285	294	0	250	110	0	0	0	0	0	0	0
2095	2	95	47	21700	3305	296	0	252	110	0	0	0	0	0	0	0
2096	2	96	48	21820	3320	298	0	254	110	0	0	0	0	0	0	0
2097	2	97	48	21930	3340	302	0	256	110	0	0	0	0	0	0	0
2098	2	98	49	22050	3360	304	0	260	110	0	0	0	0	0	0	0
2099	2	99	49	22170	3375	306	0	262	110	0	0	0	0	0	0	0
2100	2	100	50	22280	3395	310	0	264	120	100	499	499	499	499	499	499
2101	2	101	50	22400	3415	312	0	266	120	0	0	0	0	0	0	0
2102	2	102	51	22520	3435	316	0	270	120	0	0	0	0	0	0	0
2103	2	103	51	22640	3450	318	0	270	120	0	0	0	0	0	0	0
2104	2	104	52	22750	3470	322	0	274	120	0	0	0	0	0	0	0
2105	2	105	52	22870	3490	324	0	276	120	0	0	0	0	0	0	0
2106	2	106	53	22980	3505	326	0	278	120	0	0	0	0	0	0	0
2107	2	107	53	23100	3525	330	0	280	120	0	0	0	0	0	0	0
2108	2	108	54	23220	3545	334	0	284	120	0	0	0	0	0	0	0
2109	2	109	54	23330	3560	336	0	286	130	0	0	0	0	0	0	0
2110	2	110	55	24310	3680	338	0	288	130	110	549	549	549	549	549	549
2111	2	111	55	25280	3805	342	0	290	130	0	0	0	0	0	0	0
2112	2	112	56	25400	3820	344	0	292	130	0	0	0	0	0	0	0
2113	2	113	56	25520	3840	346	0	296	130	0	0	0	0	0	0	0
2114	2	114	57	25630	3860	350	0	298	130	0	0	0	0	0	0	0
2115	2	115	57	25750	3875	352	0	300	130	0	0	0	0	0	0	0
2116	2	116	58	25870	3895	356	0	302	130	0	0	0	0	0	0	0
2117	2	117	58	25980	3915	358	0	304	130	0	0	0	0	0	0	0
2118	2	118	59	26100	3930	360	0	306	140	0	0	0	0	0	0	0
2119	2	119	59	26220	3950	364	0	310	140	0	0	0	0	0	0	0
2120	2	120	60	26310	3965	366	0	312	140	120	599	599	599	599	599	599
2121	2	121	60	26400	3980	370	0	314	140	0	0	0	0	0	0	0
2122	2	122	61	26670	4005	372	0	316	140	0	0	0	0	0	0	0
2123	2	123	61	26940	4030	376	0	320	140	0	0	0	0	0	0	0
2124	2	124	62	27040	4045	378	0	322	140	0	0	0	0	0	0	0
2125	2	125	62	27130	4060	380	0	324	140	0	0	0	0	0	0	0
2126	2	126	63	27220	4075	384	0	326	140	0	0	0	0	0	0	0
2127	2	127	63	27320	4090	386	0	328	150	0	0	0	0	0	0	0
2128	2	128	64	27410	4110	390	0	332	150	0	0	0	0	0	0	0
2129	2	129	64	27500	4120	392	0	334	150	0	0	0	0	0	0	0
2130	2	130	65	27590	4135	396	0	336	150	130	649	649	649	649	649	649
2131	2	131	65	27690	4150	398	0	338	150	0	0	0	0	0	0	0
2132	2	132	66	34650	5060	400	0	344	150	0	0	0	0	0	0	0
2133	2	133	66	41600	5965	404	0	352	150	0	0	0	0	0	0	0
2134	2	134	67	41740	5990	406	0	354	150	0	0	0	0	0	0	0
2135	2	135	67	41880	6010	410	0	356	150	0	0	0	0	0	0	0
2136	2	136	68	42070	6035	412	0	360	160	0	0	0	0	0	0	0
2137	2	137	68	42250	6060	414	0	362	160	0	0	0	0	0	0	0
2138	2	138	69	43730	6255	418	0	368	160	0	0	0	0	0	0	0
2139	2	139	69	45220	6450	420	0	374	160	0	0	0	0	0	0	0
2140	2	140	70	45400	6480	424	0	376	160	140	699	699	699	699	699	699
2141	2	141	70	45590	6505	426	0	378	160	0	0	0	0	0	0	0
2142	2	142	71	45770	6535	430	0	380	160	0	0	0	0	0	0	0
2143	2	143	71	45960	6560	432	0	382	160	0	0	0	0	0	0	0
2144	2	144	72	46140	6590	434	0	386	160	0	0	0	0	0	0	0
2145	2	145	72	46330	6615	438	0	388	170	0	0	0	0	0	0	0
2146	2	146	73	46510	6640	442	0	390	170	0	0	0	0	0	0	0
2147	2	147	73	46700	6670	444	0	392	170	0	0	0	0	0	0	0
2148	2	148	74	46890	6695	446	0	396	170	0	0	0	0	0	0	0
2149	2	149	74	47070	6725	450	0	396	170	0	0	0	0	0	0	0
2150	2	150	75	47260	6755	452	0	400	170	150	750	750	750	750	750	750
2151	2	151	75	47440	6780	454	0	402	170	0	0	0	0	0	0	0
2152	2	152	76	47630	6810	458	0	406	170	0	0	0	0	0	0	0
2153	2	153	76	47820	6835	460	0	406	170	0	0	0	0	0	0	0
2154	2	154	77	48050	6870	464	0	410	180	0	0	0	0	0	0	0
2155	2	155	77	48280	6900	466	0	412	180	0	0	0	0	0	0	0
2156	2	156	78	48520	6935	468	0	414	180	0	0	0	0	0	0	0
2157	2	157	78	48750	6970	472	0	416	180	0	0	0	0	0	0	0
2158	2	158	79	48990	7005	474	0	420	180	0	0	0	0	0	0	0
2159	2	159	79	49220	7035	478	0	422	180	0	0	0	0	0	0	0
2160	2	160	80	49460	7070	480	0	424	180	160	800	800	800	800	800	800
2161	2	161	80	49690	7105	484	0	426	180	0	0	0	0	0	0	0
2162	2	162	81	49930	7140	486	0	428	180	0	0	0	0	0	0	0
2163	2	163	81	50160	7170	488	0	432	190	0	0	0	0	0	0	0
2164	2	164	82	50400	7205	492	0	434	190	0	0	0	0	0	0	0
2165	2	165	82	50630	7240	494	0	436	190	0	0	0	0	0	0	0
2166	2	166	83	50870	7275	498	0	438	190	0	0	0	0	0	0	0
2167	2	167	83	51110	7310	500	0	440	190	0	0	0	0	0	0	0
2168	2	168	84	52630	7495	504	0	442	190	0	0	0	0	0	0	0
2169	2	169	84	54150	7685	506	0	444	190	0	0	0	0	0	0	0
2170	2	170	85	54390	7720	508	0	448	190	170	850	850	850	850	850	850
2171	2	171	85	54620	7755	512	0	450	190	0	0	0	0	0	0	0
2172	2	172	86	66650	9225	514	0	458	200	0	0	0	0	0	0	0
2173	2	173	86	78670	10695	518	0	464	200	0	0	0	0	0	0	0
2174	2	174	87	78880	10725	520	0	466	200	0	0	0	0	0	0	0
2175	2	175	87	79090	10755	522	0	468	200	0	0	0	0	0	0	0
2176	2	176	88	79310	10785	526	0	470	200	0	0	0	0	0	0	0
2177	2	177	88	79520	10815	528	0	474	200	0	0	0	0	0	0	0
2178	2	178	89	80160	10885	532	0	476	200	0	0	0	0	0	0	0
2179	2	179	89	80810	10950	534	0	478	200	0	0	0	0	0	0	0
2180	2	180	90	81020	10980	538	0	480	200	180	900	900	900	900	900	900
2181	2	181	90	81240	11010	540	0	482	210	0	0	0	0	0	0	0
2182	2	182	91	82010	11085	542	0	486	210	0	0	0	0	0	0	0
2183	2	183	91	82780	11165	546	0	488	210	0	0	0	0	0	0	0
2184	2	184	92	83000	11195	550	0	490	210	0	0	0	0	0	0	0
2185	2	185	92	83210	11225	552	0	492	210	0	0	0	0	0	0	0
2186	2	186	93	83430	11255	554	0	496	210	0	0	0	0	0	0	0
2187	2	187	93	83640	11285	558	0	498	210	0	0	0	0	0	0	0
2188	2	188	94	83930	11325	560	0	500	210	0	0	0	0	0	0	0
2189	2	189	94	84220	11365	562	0	502	210	0	0	0	0	0	0	0
2190	2	190	95	84510	11400	566	0	504	220	190	950	950	950	950	950	950
2191	2	191	95	84800	11440	568	0	506	220	0	0	0	0	0	0	0
2192	2	192	96	85530	11520	572	0	510	220	0	0	0	0	0	0	0
2193	2	193	96	86260	11595	574	0	512	220	0	0	0	0	0	0	0
2194	2	194	97	86550	11635	576	0	514	220	0	0	0	0	0	0	0
2195	2	195	97	86840	11675	580	0	516	220	0	0	0	0	0	0	0
2196	2	196	98	88630	11895	582	0	520	220	0	0	0	0	0	0	0
2197	2	197	98	90420	12115	586	0	522	220	0	0	0	0	0	0	0
2198	2	198	99	90710	12155	588	0	524	220	0	0	0	0	0	0	0
2199	2	199	99	91000	12195	590	0	526	230	0	0	0	0	0	0	0
2200	2	200	100	91300	12235	594	0	528	230	200	1000	1000	1000	1000	1000	1000
2201	2	201	100	91590	12275	596	0	530	230	0	0	0	0	0	0	0
2202	2	202	101	91880	12315	600	0	532	230	0	0	0	0	0	0	0
2203	2	203	101	92180	12355	602	0	536	230	0	0	0	0	0	0	0
2204	2	204	102	92910	12430	606	0	538	230	0	0	0	0	0	0	0
2205	2	205	102	93630	12505	608	0	540	230	0	0	0	0	0	0	0
2206	2	206	103	93930	12550	612	0	542	230	0	0	0	0	0	0	0
2207	2	207	103	94220	12585	614	0	544	230	0	0	0	0	0	0	0
2208	2	208	104	94520	12630	616	0	548	240	0	0	0	0	0	0	0
2209	2	209	104	94810	12670	620	0	550	240	0	0	0	0	0	0	0
2210	2	210	105	95110	12710	622	0	552	240	210	1050	1050	1050	1050	1050	1050
2211	2	211	105	95400	12750	626	0	554	240	0	0	0	0	0	0	0
2212	2	212	106	115990	15075	628	0	562	240	0	0	0	0	0	0	0
2213	2	213	106	136580	17400	630	0	568	240	0	0	0	0	0	0	0
2214	2	214	107	137050	17475	634	0	572	240	0	0	0	0	0	0	0
2215	2	215	107	137510	17545	636	0	574	240	0	0	0	0	0	0	0
2216	2	216	108	137940	17600	640	0	576	240	0	0	0	0	0	0	0
2217	2	217	108	138360	17655	642	0	578	250	0	0	0	0	0	0	0
2218	2	218	109	139220	17745	646	0	580	250	0	0	0	0	0	0	0
2219	2	219	109	140070	17835	648	0	582	250	0	0	0	0	0	0	0
2220	2	220	110	140500	17890	650	0	586	250	220	1100	1100	1100	1100	1100	1100
2221	2	221	110	140920	17945	654	0	586	250	0	0	0	0	0	0	0
2222	2	222	111	141350	18000	656	0	590	250	0	0	0	0	0	0	0
2223	2	223	111	141770	18055	658	0	592	250	0	0	0	0	0	0	0
2224	2	224	112	143810	18400	662	0	598	250	0	0	0	0	0	0	0
2225	2	225	112	145850	18750	664	0	604	250	0	0	0	0	0	0	0
2226	2	226	113	146180	18790	668	0	606	260	0	0	0	0	0	0	0
2227	2	227	113	146500	18835	670	0	610	260	0	0	0	0	0	0	0
2228	2	228	114	146830	18880	674	0	612	260	0	0	0	0	0	0	0
2229	2	229	114	147160	18920	676	0	614	260	0	0	0	0	0	0	0
2230	2	230	115	147480	18965	678	0	616	260	230	1150	1150	1150	1150	1150	1150
2231	2	231	115	147810	19010	682	0	618	260	0	0	0	0	0	0	0
2232	2	232	116	148570	19090	684	0	622	260	0	0	0	0	0	0	0
2233	2	233	116	149340	19170	688	0	622	260	0	0	0	0	0	0	0
2234	2	234	117	149670	19215	690	0	626	260	0	0	0	0	0	0	0
2235	2	235	117	149990	19255	694	0	628	270	0	0	0	0	0	0	0
2236	2	236	118	150320	19300	696	0	630	270	0	0	0	0	0	0	0
2237	2	237	118	150650	19345	700	0	632	270	0	0	0	0	0	0	0
2238	2	238	119	150980	19385	702	0	636	270	0	0	0	0	0	0	0
2239	2	239	119	151300	19430	704	0	638	270	0	0	0	0	0	0	0
2240	2	240	120	151710	19530	708	0	640	270	240	1200	1200	1200	1200	1200	1200
2241	2	241	120	152130	19630	710	0	642	270	0	0	0	0	0	0	0
2242	2	242	121	152730	19735	712	0	644	270	0	0	0	0	0	0	0
2243	2	243	121	153330	19840	716	0	648	270	0	0	0	0	0	0	0
2244	2	244	122	153660	19885	720	0	650	280	0	0	0	0	0	0	0
2245	2	245	122	153990	19930	722	0	652	280	0	0	0	0	0	0	0
2246	2	246	123	154870	20025	724	0	654	280	0	0	0	0	0	0	0
2247	2	247	123	155750	20120	728	0	658	280	0	0	0	0	0	0	0
2248	2	248	124	156080	20165	730	0	660	280	0	0	0	0	0	0	0
2249	2	249	124	156410	20205	732	0	662	280	0	0	0	0	0	0	0
2250	2	250	125	156800	20255	736	0	664	280	250	1250	1250	1250	1250	1250	1250
2251	2	251	125	157180	20305	738	0	666	280	0	0	0	0	0	0	0
2252	2	252	126	193470	24200	742	0	674	280	0	0	0	0	0	0	0
2253	2	253	126	229750	28095	744	0	680	290	0	0	0	0	0	0	0
2254	2	254	127	230310	28165	748	0	684	290	0	0	0	0	0	0	0
2255	2	255	127	230870	28230	750	0	684	290	0	0	0	0	0	0	0
2256	2	256	128	231420	28300	752	0	688	290	0	0	0	0	0	0	0
2257	2	257	128	231980	28370	756	0	690	290	0	0	0	0	0	0	0
2258	2	258	129	232540	28435	758	0	692	290	0	0	0	0	0	0	0
2259	2	259	129	233100	28505	762	0	694	290	0	0	0	0	0	0	0
2260	2	260	130	234090	28610	764	0	696	290	260	1300	1300	1300	1300	1300	1300
2261	2	261	130	235080	28715	766	0	700	290	0	0	0	0	0	0	0
2262	2	262	131	235630	28785	770	0	702	300	0	0	0	0	0	0	0
2263	2	263	131	236190	28850	772	0	704	300	0	0	0	0	0	0	0
2264	2	264	132	236750	28920	776	0	706	300	0	0	0	0	0	0	0
2265	2	265	132	237320	28985	778	0	708	300	0	0	0	0	0	0	0
2266	2	266	133	238000	29120	782	0	712	300	0	0	0	0	0	0	0
2267	2	267	133	238680	29250	784	0	714	300	0	0	0	0	0	0	0
2268	2	268	134	239250	29315	786	0	716	300	0	0	0	0	0	0	0
2269	2	269	134	239810	29385	790	0	718	300	0	0	0	0	0	0	0
2270	2	270	135	240370	29455	792	0	720	300	270	1350	1350	1350	1350	1350	1350
2271	2	271	135	240920	29520	796	0	722	310	0	0	0	0	0	0	0
2272	2	272	136	241910	29630	798	0	726	310	0	0	0	0	0	0	0
2273	2	273	136	242910	29735	802	0	728	310	0	0	0	0	0	0	0
2274	2	274	137	243470	29805	804	0	730	310	0	0	0	0	0	0	0
2275	2	275	137	244040	29870	806	0	732	310	0	0	0	0	0	0	0
2276	2	276	138	244590	29940	810	0	736	310	0	0	0	0	0	0	0
2277	2	277	138	245150	30010	812	0	738	310	0	0	0	0	0	0	0
2278	2	278	139	245720	30075	816	0	740	310	0	0	0	0	0	0	0
2279	2	279	139	246290	30145	818	0	742	310	0	0	0	0	0	0	0
2280	2	280	140	246840	30215	820	0	746	320	280	1400	1400	1400	1400	1400	1400
2281	2	281	140	247400	30280	824	0	748	320	0	0	0	0	0	0	0
2282	2	282	141	250100	30610	828	0	750	320	0	0	0	0	0	0	0
2283	2	283	141	252800	30940	830	0	752	320	0	0	0	0	0	0	0
2284	2	284	142	253370	31010	832	0	754	320	0	0	0	0	0	0	0
2285	2	285	142	253940	31080	836	0	756	320	0	0	0	0	0	0	0
2286	2	286	143	254930	31185	838	0	760	320	0	0	0	0	0	0	0
2287	2	287	143	255920	31290	840	0	762	320	0	0	0	0	0	0	0
2288	2	288	144	256490	31360	844	0	764	320	0	0	0	0	0	0	0
2289	2	289	144	257060	31425	846	0	766	330	0	0	0	0	0	0	0
2290	2	290	145	257790	32050	850	0	768	330	290	1450	1450	1450	1450	1450	1450
2291	2	291	145	258520	32670	852	0	770	330	0	0	0	0	0	0	0
2292	2	292	146	259080	32745	856	0	774	330	0	0	0	0	0	0	0
2293	2	293	146	259640	32815	858	0	776	330	0	0	0	0	0	0	0
2294	2	294	147	260210	32885	860	0	778	330	0	0	0	0	0	0	0
2295	2	295	147	260780	32955	864	0	780	330	0	0	0	0	0	0	0
2296	2	296	148	261340	33025	866	0	784	330	0	0	0	0	0	0	0
2297	2	297	148	261900	33100	870	0	784	330	0	0	0	0	0	0	0
2298	2	298	149	262480	33170	872	0	788	340	0	0	0	0	0	0	0
2299	2	299	149	263050	33240	874	0	790	340	0	0	0	0	0	0	0
2300	2	300	150	265420	33350	878	0	792	340	300	1500	1500	1500	1500	1500	1500
2301	2	301	150	267790	33460	880	0	794	340	0	0	0	0	0	0	0
2302	2	302	151	269330	33685	884	0	798	340	0	0	0	0	0	0	0
2303	2	303	151	270860	33905	886	0	800	340	0	0	0	0	0	0	0
2304	2	304	152	271370	33970	890	0	802	340	0	0	0	0	0	0	0
2305	2	305	152	271880	34035	892	0	804	340	0	0	0	0	0	0	0
2306	2	306	153	272390	34095	894	0	808	340	0	0	0	0	0	0	0
2307	2	307	153	272890	34160	898	0	810	350	0	0	0	0	0	0	0
2308	2	308	154	273800	34270	900	0	812	350	0	0	0	0	0	0	0
2309	2	309	154	274720	34385	904	0	814	350	0	0	0	0	0	0	0
2310	2	310	155	277600	34740	906	0	820	350	310	1550	1550	1550	1550	1550	1550
2311	2	311	155	280490	35100	910	0	826	350	0	0	0	0	0	0	0
2312	2	312	156	281000	35165	912	0	828	350	0	0	0	0	0	0	0
2313	2	313	156	281510	35230	914	0	830	350	0	0	0	0	0	0	0
2314	2	314	157	282460	35330	918	0	834	350	0	0	0	0	0	0	0
2315	2	315	157	283400	35435	920	0	836	350	0	0	0	0	0	0	0
2316	2	316	158	288680	35600	924	0	838	360	0	0	0	0	0	0	0
2317	2	317	158	293960	35770	926	0	840	360	0	0	0	0	0	0	0
2318	2	318	159	294570	35845	928	0	844	360	0	0	0	0	0	0	0
2319	2	319	159	295180	35920	932	0	846	360	0	0	0	0	0	0	0
2320	2	320	160	295800	35990	934	0	848	360	320	1600	1600	1600	1600	1600	1600
2321	2	321	160	296420	36065	936	0	850	360	0	0	0	0	0	0	0
2322	2	322	161	297030	36140	940	0	852	360	0	0	0	0	0	0	0
2323	2	323	161	297630	36215	944	0	856	360	0	0	0	0	0	0	0
2324	2	324	162	298260	36290	946	0	858	360	0	0	0	0	0	0	0
2325	2	325	162	298880	36365	948	0	860	370	0	0	0	0	0	0	0
2326	2	326	163	300180	36680	952	0	862	370	0	0	0	0	0	0	0
2327	2	327	163	301480	36990	954	0	864	370	0	0	0	0	0	0	0
2328	2	328	164	302090	37065	958	0	866	370	0	0	0	0	0	0	0
2329	2	329	164	302700	37140	960	0	868	370	0	0	0	0	0	0	0
2330	2	330	165	303320	37215	964	0	872	370	330	1650	1650	1650	1650	1650	1650
2331	2	331	165	303950	37290	966	0	874	370	0	0	0	0	0	0	0
2332	2	332	166	304560	37370	968	0	876	370	0	0	0	0	0	0	0
2333	2	333	166	305170	37445	972	0	878	370	0	0	0	0	0	0	0
2334	2	334	167	305790	37565	974	0	886	380	0	0	0	0	0	0	0
2335	2	335	167	306420	37690	978	0	892	380	0	0	0	0	0	0	0
2336	2	336	168	307030	37765	980	0	894	380	0	0	0	0	0	0	0
2337	2	337	168	307640	37840	982	0	898	380	0	0	0	0	0	0	0
2338	2	338	169	310940	38430	986	0	900	380	0	0	0	0	0	0	0
2339	2	339	169	314240	39020	988	0	902	380	0	0	0	0	0	0	0
2340	2	340	170	315540	39155	990	0	904	380	340	1700	1700	1700	1700	1700	1700
2341	2	341	170	316850	39290	994	0	906	380	0	0	0	0	0	0	0
2342	2	342	171	317730	39460	998	0	910	380	0	0	0	0	0	0	0
2343	2	343	171	318610	39630	1000	0	912	390	0	0	0	0	0	0	0
2344	2	344	172	319240	39705	1002	0	914	390	0	0	0	0	0	0	0
2345	2	345	172	319870	39785	1006	0	916	390	0	0	0	0	0	0	0
2346	2	346	173	320480	39860	1008	0	918	390	0	0	0	0	0	0	0
2347	2	347	173	321090	39940	1010	0	920	390	0	0	0	0	0	0	0
2348	2	348	174	321720	40015	1014	0	924	390	0	0	0	0	0	0	0
2349	2	349	174	322350	40090	1018	0	926	390	0	0	0	0	0	0	0
2350	2	350	175	322970	40165	1020	0	928	390	350	1750	1750	1750	1750	1750	1750
2351	2	351	175	323580	40245	1022	0	930	390	0	0	0	0	0	0	0
2352	2	352	176	364870	43705	1026	0	938	400	0	0	0	0	0	0	0
2353	2	353	176	406150	47170	1028	0	944	400	0	0	0	0	0	0	0
2354	2	354	177	409650	47320	1032	0	946	400	0	0	0	0	0	0	0
2355	2	355	177	413150	47470	1034	0	948	400	0	0	0	0	0	0	0
2356	2	356	178	413960	47560	1036	0	952	400	0	0	0	0	0	0	0
2357	2	357	178	414760	47650	1040	0	954	400	0	0	0	0	0	0	0
2358	2	358	179	415580	47745	1042	0	956	400	0	0	0	0	0	0	0
2359	2	359	179	416400	47835	1044	0	958	400	0	0	0	0	0	0	0
2360	2	360	180	417200	47930	1048	0	962	400	360	1800	1800	1800	1800	1800	1800
2361	2	361	180	418000	48020	1052	0	964	410	0	0	0	0	0	0	0
2362	2	362	181	418240	48125	1054	0	966	410	0	0	0	0	0	0	0
2363	2	363	181	418480	48225	1056	0	968	410	0	0	0	0	0	0	0
2364	2	364	182	419170	48305	1060	0	972	410	0	0	0	0	0	0	0
2365	2	365	182	419860	48385	1062	0	972	410	0	0	0	0	0	0	0
2366	2	366	183	423470	48815	1066	0	976	410	0	0	0	0	0	0	0
2367	2	367	183	427080	49250	1068	0	978	410	0	0	0	0	0	0	0
2368	2	368	184	429110	49525	1072	0	980	410	0	0	0	0	0	0	0
2369	2	369	184	431140	49800	1074	0	982	410	0	0	0	0	0	0	0
2370	2	370	185	431830	49880	1076	0	984	420	370	1850	1850	1850	1850	1850	1850
2371	2	371	185	432520	49955	1080	0	988	420	0	0	0	0	0	0	0
2372	2	372	186	433210	50035	1082	0	990	420	0	0	0	0	0	0	0
2373	2	373	186	433900	50115	1086	0	992	420	0	0	0	0	0	0	0
2374	2	374	187	434730	50210	1088	0	994	420	0	0	0	0	0	0	0
2375	2	375	187	435560	50300	1090	0	998	420	0	0	0	0	0	0	0
2376	2	376	188	436320	50390	1094	0	1000	420	0	0	0	0	0	0	0
2377	2	377	188	437090	50475	1096	0	1002	420	0	0	0	0	0	0	0
2378	2	378	189	437870	50565	1098	0	1004	420	0	0	0	0	0	0	0
2379	2	379	189	438650	50655	1102	0	1006	430	0	0	0	0	0	0	0
2380	2	380	190	439430	50745	1106	0	1008	430	380	1900	1900	1900	1900	1900	1900
2381	2	381	190	440220	50835	1108	0	1010	430	0	0	0	0	0	0	0
2382	2	382	191	441680	51225	1110	0	1014	430	0	0	0	0	0	0	0
2383	2	383	191	443150	51615	1114	0	1016	430	0	0	0	0	0	0	0
2384	2	384	192	443940	51705	1116	0	1018	430	0	0	0	0	0	0	0
2385	2	385	192	444720	51795	1118	0	1020	430	0	0	0	0	0	0	0
2386	2	386	193	445500	51885	1122	0	1024	430	0	0	0	0	0	0	0
2387	2	387	193	446290	51975	1126	0	1026	430	0	0	0	0	0	0	0
2388	2	388	194	447070	52065	1128	0	1028	440	0	0	0	0	0	0	0
2389	2	389	194	447860	52155	1130	0	1030	440	0	0	0	0	0	0	0
2390	2	390	195	448620	52240	1134	0	1034	440	390	1950	1950	1950	1950	1950	1950
2391	2	391	195	449390	52330	1136	0	1036	440	0	0	0	0	0	0	0
2392	2	392	196	450180	52420	1140	0	1038	440	0	0	0	0	0	0	0
2393	2	393	196	450960	52510	1142	0	1040	440	0	0	0	0	0	0	0
2394	2	394	197	455940	53155	1144	0	1042	440	0	0	0	0	0	0	0
2395	2	395	197	460920	53795	1148	0	1044	440	0	0	0	0	0	0	0
2396	2	396	198	461710	53885	1150	0	1048	440	0	0	0	0	0	0	0
2397	2	397	198	462490	53970	1152	0	1050	450	0	0	0	0	0	0	0
2398	2	398	199	463280	54065	1156	0	1052	450	0	0	0	0	0	0	0
2399	2	399	199	464070	54155	1158	0	1054	450	0	0	0	0	0	0	0
2400	2	400	200	464860	54245	1162	0	1056	450	400	2000	2000	2000	2000	2000	2000
2401	2	401	200	465640	54330	1164	0	1058	450	0	0	0	0	0	0	0
2402	2	402	201	525140	58940	1168	0	1066	450	0	0	0	0	0	0	0
2403	2	403	201	584640	63550	1170	0	1072	450	0	0	0	0	0	0	0
2404	2	404	202	585750	63670	1172	0	1076	450	0	0	0	0	0	0	0
2405	2	405	202	586860	63785	1176	0	1078	450	0	0	0	0	0	0	0
2406	2	406	203	587760	63880	1180	0	1080	460	0	0	0	0	0	0	0
2407	2	407	203	588670	63975	1182	0	1082	460	0	0	0	0	0	0	0
2408	2	408	204	590690	64175	1184	0	1090	460	0	0	0	0	0	0	0
2409	2	409	204	592720	64375	1188	0	1096	460	0	0	0	0	0	0	0
2410	2	410	205	593620	64475	1190	0	1098	460	410	2050	2050	2050	2050	2050	2050
2411	2	411	205	594530	64570	1192	0	1100	460	0	0	0	0	0	0	0
2412	2	412	206	595870	64710	1196	0	1104	460	0	0	0	0	0	0	0
2413	2	413	206	597210	64850	1198	0	1106	460	0	0	0	0	0	0	0
2414	2	414	207	598120	64950	1202	0	1108	460	0	0	0	0	0	0	0
2415	2	415	207	599030	65045	1204	0	1110	470	0	0	0	0	0	0	0
2416	2	416	208	600370	65185	1206	0	1114	470	0	0	0	0	0	0	0
2417	2	417	208	601720	65325	1210	0	1116	470	0	0	0	0	0	0	0
2418	2	418	209	602620	65420	1214	0	1118	470	0	0	0	0	0	0	0
2419	2	419	209	603530	65520	1216	0	1120	470	0	0	0	0	0	0	0
2420	2	420	210	605290	65770	1218	0	1122	470	420	2100	2100	2100	2100	2100	2100
2421	2	421	210	607040	66025	1222	0	1124	470	0	0	0	0	0	0	0
2422	2	422	211	608640	66180	1224	0	1126	470	0	0	0	0	0	0	0
2423	2	423	211	610230	66335	1226	0	1130	470	0	0	0	0	0	0	0
2424	2	424	212	614960	67210	1230	0	1136	480	0	0	0	0	0	0	0
2425	2	425	212	619680	68080	1234	0	1142	480	0	0	0	0	0	0	0
2426	2	426	213	620600	68180	1236	0	1144	480	0	0	0	0	0	0	0
2427	2	427	213	621510	68275	1238	0	1146	480	0	0	0	0	0	0	0
2428	2	428	214	622860	68420	1242	0	1150	480	0	0	0	0	0	0	0
2429	2	429	214	624220	68560	1244	0	1152	480	0	0	0	0	0	0	0
2430	2	430	215	625130	68660	1248	0	1154	480	430	2150	2150	2150	2150	2150	2150
2431	2	431	215	626040	68755	1250	0	1156	480	0	0	0	0	0	0	0
2432	2	432	216	627400	68900	1252	0	1158	480	0	0	0	0	0	0	0
2433	2	433	216	628760	69045	1256	0	1162	490	0	0	0	0	0	0	0
2434	2	434	217	629680	69145	1258	0	1164	490	0	0	0	0	0	0	0
2435	2	435	217	630590	69240	1260	0	1166	490	0	0	0	0	0	0	0
2436	2	436	218	635710	69445	1264	0	1168	490	0	0	0	0	0	0	0
2437	2	437	218	640830	69650	1266	0	1170	490	0	0	0	0	0	0	0
2438	2	438	219	641750	69750	1270	0	1172	490	0	0	0	0	0	0	0
2439	2	439	219	642670	69845	1272	0	1174	490	0	0	0	0	0	0	0
2440	2	440	220	644060	69990	1276	0	1178	490	440	2200	2200	2200	2200	2200	2200
2441	2	441	220	645440	70135	1278	0	1180	490	0	0	0	0	0	0	0
2442	2	442	221	646360	70235	1280	0	1182	500	0	0	0	0	0	0	0
2443	2	443	221	647280	70330	1284	0	1184	500	0	0	0	0	0	0	0
2444	2	444	222	648670	70475	1288	0	1188	500	0	0	0	0	0	0	0
2445	2	445	222	650050	70620	1290	0	1188	500	0	0	0	0	0	0	0
2446	2	446	223	651430	71830	1292	0	1194	500	0	0	0	0	0	0	0
2447	2	447	223	652810	73040	1296	0	1198	500	0	0	0	0	0	0	0
2448	2	448	224	654890	73250	1298	0	1200	500	0	0	0	0	0	0	0
2449	2	449	224	656980	73460	1300	0	1202	500	0	0	0	0	0	0	0
2450	2	450	225	657900	73560	1304	0	1204	500	450	2250	2250	2250	2250	2250	2250
2451	2	451	225	658830	73660	1306	0	1206	510	0	0	0	0	0	0	0
2452	2	452	226	663850	74270	1310	0	1208	510	0	0	0	0	0	0	0
2453	2	453	226	668880	74875	1312	0	1212	510	0	0	0	0	0	0	0
2454	2	454	227	669810	74975	1314	0	1214	510	0	0	0	0	0	0	0
2455	2	455	227	670730	75075	1318	0	1216	510	0	0	0	0	0	0	0
2456	2	456	228	672130	75225	1322	0	1218	510	0	0	0	0	0	0	0
2457	2	457	228	673530	75375	1324	0	1220	510	0	0	0	0	0	0	0
2458	2	458	229	674460	75475	1326	0	1224	510	0	0	0	0	0	0	0
2459	2	459	229	675390	75580	1330	0	1226	510	0	0	0	0	0	0	0
2460	2	460	230	676790	75730	1332	0	1228	520	460	2300	2300	2300	2300	2300	2300
2461	2	461	230	678190	75880	1334	0	1230	520	0	0	0	0	0	0	0
2462	2	462	231	765510	82750	1338	0	1238	520	0	0	0	0	0	0	0
2463	2	463	231	852840	89625	1342	0	1244	520	0	0	0	0	0	0	0
2464	2	464	232	854040	89750	1344	0	1246	520	0	0	0	0	0	0	0
2465	2	465	232	855250	89870	1346	0	1250	520	0	0	0	0	0	0	0
2466	2	466	233	856450	89990	1350	0	1252	520	0	0	0	0	0	0	0
2467	2	467	233	857660	90115	1352	0	1254	520	0	0	0	0	0	0	0
2468	2	468	234	858860	90235	1354	0	1256	520	0	0	0	0	0	0	0
2469	2	469	234	860060	90360	1358	0	1258	530	0	0	0	0	0	0	0
2470	2	470	235	874120	90610	1360	0	1260	530	470	2350	2350	2350	2350	2350	2350
2471	2	471	235	888180	90860	1364	0	1262	530	0	0	0	0	0	0	0
2472	2	472	236	889420	90985	1366	0	1266	530	0	0	0	0	0	0	0
2473	2	473	236	890660	91105	1368	0	1268	530	0	0	0	0	0	0	0
2474	2	474	237	891890	91230	1372	0	1270	530	0	0	0	0	0	0	0
2475	2	475	237	893130	91350	1374	0	1272	530	0	0	0	0	0	0	0
2476	2	476	238	895320	91555	1378	0	1276	530	0	0	0	0	0	0	0
2477	2	477	238	897510	91760	1380	0	1278	530	0	0	0	0	0	0	0
2478	2	478	239	898740	91885	1384	0	1280	540	0	0	0	0	0	0	0
2479	2	479	239	899980	92005	1386	0	1282	540	0	0	0	0	0	0	0
2480	2	480	240	905190	92620	1388	0	1286	540	480	2400	2400	2400	2400	2400	2400
2481	2	481	240	910400	93230	1392	0	1288	540	0	0	0	0	0	0	0
2482	2	482	241	911630	93350	1396	0	1290	540	0	0	0	0	0	0	0
2483	2	483	241	912870	93475	1398	0	1292	540	0	0	0	0	0	0	0
2484	2	484	242	914110	93595	1400	0	1296	540	0	0	0	0	0	0	0
2485	2	485	242	915340	93720	1404	0	1296	540	0	0	0	0	0	0	0
2486	2	486	243	916580	93840	1406	0	1300	540	0	0	0	0	0	0	0
2487	2	487	243	917820	93960	1408	0	1302	550	0	0	0	0	0	0	0
2488	2	488	244	919060	94085	1412	0	1304	550	0	0	0	0	0	0	0
2489	2	489	244	920290	94205	1414	0	1306	550	0	0	0	0	0	0	0
2490	2	490	245	926770	94415	1418	0	1308	550	490	2450	2450	2450	2450	2450	2450
2491	2	491	245	933240	94620	1420	0	1312	550	0	0	0	0	0	0	0
2492	2	492	246	934490	94740	1422	0	1314	550	0	0	0	0	0	0	0
2493	2	493	246	935740	94860	1426	0	1316	550	0	0	0	0	0	0	0
2494	2	494	247	936990	94985	1428	0	1318	550	0	0	0	0	0	0	0
2495	2	495	247	938240	95105	1432	0	1320	550	0	0	0	0	0	0	0
2496	2	496	248	940050	95365	1434	0	1324	560	0	0	0	0	0	0	0
2497	2	497	248	941870	95620	1436	0	1326	560	0	0	0	0	0	0	0
2498	2	498	249	943120	95745	1440	0	1328	560	0	0	0	0	0	0	0
2499	2	499	249	944360	95865	1442	0	1330	560	0	0	0	0	0	0	0
2500	2	500	250	945610	95990	1446	0	1332	560	500	2500	2500	2500	2500	2500	2500
2501	2	501	250	946860	96110	1448	0	1334	560	0	0	0	0	0	0	0
2502	2	502	251	948320	96250	1450	0	1338	560	0	0	0	0	0	0	0
2503	2	503	251	949780	96390	1454	0	1340	560	0	0	0	0	0	0	0
2504	2	504	252	952340	96630	1458	0	1342	560	0	0	0	0	0	0	0
2505	2	505	252	954900	96870	1460	0	1344	570	0	0	0	0	0	0	0
2506	2	506	253	956150	96990	1462	0	1348	570	0	0	0	0	0	0	0
2507	2	507	253	957400	97115	1466	0	1350	570	0	0	0	0	0	0	0
2508	2	508	254	963630	98265	1468	0	1356	570	0	0	0	0	0	0	0
2509	2	509	254	969870	99415	1472	0	1360	570	0	0	0	0	0	0	0
2510	2	510	255	971120	99540	1474	0	1364	570	510	2550	2550	2550	2550	2550	2550
2511	2	511	255	972370	99665	1476	0	1366	570	0	0	0	0	0	0	0
2512	2	512	256	974370	99860	1480	0	1368	570	0	0	0	0	0	0	0
2513	2	513	256	976370	100055	1484	0	1370	570	0	0	0	0	0	0	0
2514	2	514	257	977620	100180	1486	0	1374	580	0	0	0	0	0	0	0
2515	2	515	257	978870	100300	1488	0	1376	580	0	0	0	0	0	0	0
2516	2	516	258	981830	101025	1492	0	1378	580	0	0	0	0	0	0	0
2517	2	517	258	984800	101750	1494	0	1380	580	0	0	0	0	0	0	0
2518	2	518	259	986050	101875	1496	0	1384	580	0	0	0	0	0	0	0
2519	2	519	259	987310	102000	1500	0	1386	580	0	0	0	0	0	0	0
2520	2	520	260	989320	102200	1504	0	1388	580	520	2600	2600	2600	2600	2600	2600
2521	2	521	260	991320	102400	1506	0	1390	580	0	0	0	0	0	0	0
2522	2	522	261	993200	102670	1508	0	1392	580	0	0	0	0	0	0	0
2523	2	523	261	995070	102935	1512	0	1396	590	0	0	0	0	0	0	0
2524	2	524	262	997080	103135	1514	0	1398	590	0	0	0	0	0	0	0
2525	2	525	262	999090	103330	1516	0	1400	590	0	0	0	0	0	0	0
2526	2	526	263	1000350	103460	1520	0	1402	590	0	0	0	0	0	0	0
2527	2	527	263	1001610	103585	1522	0	1404	590	0	0	0	0	0	0	0
2528	2	528	264	1003630	103785	1526	0	1406	590	0	0	0	0	0	0	0
2529	2	529	264	1005650	103980	1528	0	1408	590	0	0	0	0	0	0	0
2530	2	530	265	1008270	104190	1530	0	1416	590	530	2650	2650	2650	2650	2650	2650
2531	2	531	265	1010890	104400	1534	0	1422	590	0	0	0	0	0	0	0
2532	2	532	266	1012910	104600	1538	0	1426	600	0	0	0	0	0	0	0
2533	2	533	266	1014940	104800	1540	0	1428	600	0	0	0	0	0	0	0
2534	2	534	267	1016200	104925	1542	0	1430	600	0	0	0	0	0	0	0
2535	2	535	267	1017470	105055	1546	0	1432	600	0	0	0	0	0	0	0
2536	2	536	268	1023980	105810	1548	0	1434	600	0	0	0	0	0	0	0
2537	2	537	268	1030480	106565	1550	0	1438	600	0	0	0	0	0	0	0
2538	2	538	269	1031750	106690	1554	0	1440	600	0	0	0	0	0	0	0
2539	2	539	269	1033010	106815	1556	0	1442	600	0	0	0	0	0	0	0
2540	2	540	270	1035050	107020	1558	0	1444	600	540	2700	2700	2700	2700	2700	2700
2541	2	541	270	1037090	107220	1562	0	1446	610	0	0	0	0	0	0	0
2542	2	542	271	1038360	107345	1566	0	1450	610	0	0	0	0	0	0	0
2543	2	543	271	1039620	107470	1568	0	1452	610	0	0	0	0	0	0	0
2544	2	544	272	1042630	107755	1570	0	1458	610	0	0	0	0	0	0	0
2545	2	545	272	1045630	108040	1574	0	1466	610	0	0	0	0	0	0	0
2546	2	546	273	1046900	108170	1576	0	1468	610	0	0	0	0	0	0	0
2547	2	547	273	1048170	108295	1580	0	1470	610	0	0	0	0	0	0	0
2548	2	548	274	1050880	108645	1582	0	1472	610	0	0	0	0	0	0	0
2549	2	549	274	1053590	108995	1584	0	1476	610	0	0	0	0	0	0	0
2550	2	550	275	1054860	109125	1588	0	1478	620	550	2750	2750	2750	2750	2750	2750
2551	2	551	275	1056130	109250	1590	0	1480	620	0	0	0	0	0	0	0
2552	2	552	276	1057400	109375	1594	0	1482	620	0	0	0	0	0	0	0
2553	2	553	276	1058670	109500	1596	0	1484	620	0	0	0	0	0	0	0
2554	2	554	277	1059940	109630	1600	0	1486	620	0	0	0	0	0	0	0
2555	2	555	277	1061210	109755	1602	0	1490	620	0	0	0	0	0	0	0
2556	2	556	278	1062480	109880	1604	0	1492	620	0	0	0	0	0	0	0
2557	2	557	278	1063750	110010	1608	0	1494	620	0	0	0	0	0	0	0
2558	2	558	279	1065980	110220	1610	0	1496	620	0	0	0	0	0	0	0
2559	2	559	279	1068210	110430	1612	0	1498	630	0	0	0	0	0	0	0
2560	2	560	280	1069480	110555	1616	0	1502	630	560	2800	2800	2800	2800	2800	2800
2561	2	561	280	1070750	110680	1620	0	1504	630	0	0	0	0	0	0	0
2562	2	562	281	1076010	111335	1622	0	1506	630	0	0	0	0	0	0	0
2563	2	563	281	1081260	111990	1624	0	1508	630	0	0	0	0	0	0	0
2564	2	564	282	1082550	112120	1628	0	1512	630	0	0	0	0	0	0	0
2565	2	565	282	1083830	112245	1630	0	1512	630	0	0	0	0	0	0	0
2566	2	566	283	1089820	112960	1634	0	1516	630	0	0	0	0	0	0	0
2567	2	567	283	1095810	113675	1636	0	1518	630	0	0	0	0	0	0	0
2568	2	568	284	1097090	113800	1638	0	1520	640	0	0	0	0	0	0	0
2569	2	569	284	1098380	113930	1642	0	1522	640	0	0	0	0	0	0	0
2570	2	570	285	1105670	114140	1644	0	1526	640	570	2850	2850	2850	2850	2850	2850
2571	2	571	285	1112970	114355	1648	0	1528	640	0	0	0	0	0	0	0
2572	2	572	286	1114260	114480	1650	0	1530	640	0	0	0	0	0	0	0
2573	2	573	286	1115550	114610	1654	0	1532	640	0	0	0	0	0	0	0
2574	2	574	287	1117560	114885	1656	0	1536	640	0	0	0	0	0	0	0
2575	2	575	287	1119570	115165	1658	0	1538	640	0	0	0	0	0	0	0
2576	2	576	288	1120860	115290	1662	0	1540	640	0	0	0	0	0	0	0
2577	2	577	288	1122150	115420	1664	0	1542	650	0	0	0	0	0	0	0
2578	2	578	289	1123450	115545	1668	0	1544	650	0	0	0	0	0	0	0
2579	2	579	289	1124740	115675	1670	0	1546	650	0	0	0	0	0	0	0
2580	2	580	290	1126030	115805	1674	0	1548	650	580	2900	2900	2900	2900	2900	2900
2581	2	581	290	1127320	115930	1676	0	1550	650	0	0	0	0	0	0	0
2582	2	582	291	1128620	116060	1678	0	1554	650	0	0	0	0	0	0	0
2583	2	583	291	1129910	116185	1682	0	1556	650	0	0	0	0	0	0	0
2584	2	584	292	1132170	116400	1684	0	1558	650	0	0	0	0	0	0	0
2585	2	585	292	1134430	116610	1688	0	1560	650	0	0	0	0	0	0	0
2586	2	586	293	1135970	116760	1690	0	1564	660	0	0	0	0	0	0	0
2587	2	587	293	1137500	116910	1692	0	1566	660	0	0	0	0	0	0	0
2588	2	588	294	1139080	117065	1696	0	1568	660	0	0	0	0	0	0	0
2589	2	589	294	1140660	117215	1698	0	1570	660	0	0	0	0	0	0	0
2590	2	590	295	1142200	117370	1702	0	1574	660	590	2950	2950	2950	2950	2950	2950
2591	2	591	295	1143740	117525	1704	0	1576	660	0	0	0	0	0	0	0
2592	2	592	296	1145320	117680	1708	0	1578	660	0	0	0	0	0	0	0
2593	2	593	296	1146900	117830	1710	0	1580	660	0	0	0	0	0	0	0
2594	2	594	297	1153440	118600	1712	0	1586	660	0	0	0	0	0	0	0
2595	2	595	297	1159970	119370	1716	0	1592	670	0	0	0	0	0	0	0
2596	2	596	298	1161510	119525	1718	0	1594	670	0	0	0	0	0	0	0
2597	2	597	298	1163060	119675	1720	0	1596	670	0	0	0	0	0	0	0
2598	2	598	299	1165850	120460	1724	0	1600	670	0	0	0	0	0	0	0
2599	2	599	299	1168650	121245	1728	0	1602	670	0	0	0	0	0	0	0
2600	2	600	300	1170950	123145	1730	0	1604	670	600	3000	3000	3000	3000	3000	3000
2601	2	601	300	1173260	125040	1732	0	1608	670	0	0	0	0	0	0	0
2602	2	602	301	1174850	125200	1736	0	1612	670	0	0	0	0	0	0	0
2603	2	603	301	1176440	125360	1738	0	1614	670	0	0	0	0	0	0	0
2604	2	604	302	1178230	125545	1742	0	1616	680	0	0	0	0	0	0	0
2605	2	605	302	1180030	125725	1744	0	1618	680	0	0	0	0	0	0	0
2606	2	606	303	1181330	125860	1746	0	1620	680	0	0	0	0	0	0	0
2607	2	607	303	1182630	125990	1750	0	1624	680	0	0	0	0	0	0	0
2608	2	608	304	1184970	126230	1752	0	1626	680	0	0	0	0	0	0	0
2609	2	609	304	1187310	126470	1756	0	1628	680	0	0	0	0	0	0	0
2610	2	610	305	1188610	126600	1758	0	1630	680	610	3050	3050	3050	3050	3050	3050
2611	2	611	305	1189910	126735	1762	0	1632	680	0	0	0	0	0	0	0
2612	2	612	306	1193460	127080	1764	0	1636	680	0	0	0	0	0	0	0
2613	2	613	306	1197020	127430	1766	0	1638	690	0	0	0	0	0	0	0
2614	2	614	307	1198320	127560	1770	0	1640	690	0	0	0	0	0	0	0
2615	2	615	307	1199630	127695	1772	0	1642	690	0	0	0	0	0	0	0
2616	2	616	308	1201980	127935	1774	0	1646	690	0	0	0	0	0	0	0
2617	2	617	308	1204340	128175	1778	0	1648	690	0	0	0	0	0	0	0
2618	2	618	309	1205640	128305	1782	0	1650	690	0	0	0	0	0	0	0
2619	2	619	309	1206950	128440	1784	0	1652	690	0	0	0	0	0	0	0
2620	2	620	310	1209310	128680	1786	0	1654	690	620	3100	3100	3100	3100	3100	3100
2621	2	621	310	1211670	128920	1790	0	1656	690	0	0	0	0	0	0	0
2622	2	622	311	1218210	130270	1792	0	1660	700	0	0	0	0	0	0	0
2623	2	623	311	1224750	131620	1794	0	1662	700	0	0	0	0	0	0	0
2624	2	624	312	1227120	131865	1798	0	1664	700	0	0	0	0	0	0	0
2625	2	625	312	1229490	132105	1800	0	1666	700	0	0	0	0	0	0	0
2626	2	626	313	1255260	132520	1804	0	1668	700	0	0	0	0	0	0	0
2627	2	627	313	1281040	132935	1806	0	1672	700	0	0	0	0	0	0	0
2628	2	628	314	1283500	133180	1810	0	1674	700	0	0	0	0	0	0	0
2629	2	629	314	1285960	133420	1812	0	1676	700	0	0	0	0	0	0	0
2630	2	630	315	1287320	133555	1816	0	1678	700	630	3150	3150	3150	3150	3150	3150
2631	2	631	315	1288680	133690	1818	0	1680	710	0	0	0	0	0	0	0
2632	2	632	316	1291160	133935	1820	0	1684	710	0	0	0	0	0	0	0
2633	2	633	316	1293620	134180	1824	0	1686	710	0	0	0	0	0	0	0
2634	2	634	317	1294990	134315	1826	0	1688	710	0	0	0	0	0	0	0
2635	2	635	317	1296350	134450	1828	0	1690	710	0	0	0	0	0	0	0
2636	2	636	318	1298830	134695	1832	0	1692	710	0	0	0	0	0	0	0
2637	2	637	318	1301300	134940	1834	0	1694	710	0	0	0	0	0	0	0
2638	2	638	319	1303920	135185	1838	0	1698	710	0	0	0	0	0	0	0
2639	2	639	319	1306540	135430	1840	0	1700	710	0	0	0	0	0	0	0
2640	2	640	320	1309030	135675	1844	0	1702	720	640	3200	3200	3200	3200	3200	3200
2641	2	641	320	1311510	135920	1846	0	1704	720	0	0	0	0	0	0	0
2642	2	642	321	1312880	136060	1848	0	1708	720	0	0	0	0	0	0	0
2643	2	643	321	1314250	136195	1852	0	1710	720	0	0	0	0	0	0	0
2644	2	644	322	1316740	136440	1854	0	1712	720	0	0	0	0	0	0	0
2645	2	645	322	1319230	136685	1858	0	1714	720	0	0	0	0	0	0	0
2646	2	646	323	1320600	136820	1860	0	1718	720	0	0	0	0	0	0	0
2647	2	647	323	1321970	136955	1864	0	1720	720	0	0	0	0	0	0	0
2648	2	648	324	1324470	137205	1866	0	1722	720	0	0	0	0	0	0	0
2649	2	649	324	1326970	137450	1870	0	1724	730	0	0	0	0	0	0	0
2650	2	650	325	1334900	138460	1872	0	1726	730	650	3250	3250	3250	3250	3250	3250
2651	2	651	325	1342820	139475	1874	0	1728	730	0	0	0	0	0	0	0
2652	2	652	326	1345450	140305	1878	0	1730	730	0	0	0	0	0	0	0
2653	2	653	326	1348070	141140	1880	0	1734	730	0	0	0	0	0	0	0
2654	2	654	327	1349440	141275	1882	0	1736	730	0	0	0	0	0	0	0
2655	2	655	327	1350820	141415	1886	0	1738	730	0	0	0	0	0	0	0
2656	2	656	328	1352190	141550	1890	0	1740	730	0	0	0	0	0	0	0
2657	2	657	328	1353560	141690	1892	0	1742	730	0	0	0	0	0	0	0
2658	2	658	329	1354930	141825	1894	0	1746	740	0	0	0	0	0	0	0
2659	2	659	329	1356310	141960	1898	0	1748	740	0	0	0	0	0	0	0
2660	2	660	330	1357680	142100	1900	0	1750	740	660	3300	3300	3300	3300	3300	3300
2661	2	661	330	1359050	142235	1902	0	1752	740	0	0	0	0	0	0	0
2662	2	662	331	1365000	142970	1906	0	1756	740	0	0	0	0	0	0	0
2663	2	663	331	1370950	143705	1908	0	1758	740	0	0	0	0	0	0	0
2664	2	664	332	1372340	143845	1912	0	1760	740	0	0	0	0	0	0	0
2665	2	665	332	1373720	143980	1914	0	1762	740	0	0	0	0	0	0	0
2666	2	666	333	1376350	144230	1918	0	1764	740	0	0	0	0	0	0	0
2667	2	667	333	1378990	144480	1920	0	1766	750	0	0	0	0	0	0	0
2668	2	668	334	1380370	144620	1922	0	1770	750	0	0	0	0	0	0	0
2669	2	669	334	1381760	144760	1926	0	1772	750	0	0	0	0	0	0	0
2670	2	670	335	1383140	144900	1928	0	1774	750	670	3350	3350	3350	3350	3350	3350
2671	2	671	335	1384520	145035	1932	0	1776	750	0	0	0	0	0	0	0
2672	2	672	336	1385910	145175	1934	0	1778	750	0	0	0	0	0	0	0
2673	2	673	336	1387290	145315	1936	0	1782	750	0	0	0	0	0	0	0
2674	2	674	337	1388670	145455	1940	0	1784	750	0	0	0	0	0	0	0
2675	2	675	337	1390050	145590	1942	0	1786	750	0	0	0	0	0	0	0
2676	2	676	338	1392370	145915	1946	0	1788	760	0	0	0	0	0	0	0
2677	2	677	338	1394690	146235	1948	0	1792	760	0	0	0	0	0	0	0
2678	2	678	339	1396080	146375	1952	0	1794	760	0	0	0	0	0	0	0
2679	2	679	339	1397460	146510	1954	0	1796	760	0	0	0	0	0	0	0
2680	2	680	340	1406010	147500	1956	0	1802	760	680	3400	3400	3400	3400	3400	3400
2681	2	681	340	1414550	148490	1960	0	1810	760	0	0	0	0	0	0	0
2682	2	682	341	1415930	148630	1962	0	1812	760	0	0	0	0	0	0	0
2683	2	683	341	1417320	148765	1966	0	1814	760	0	0	0	0	0	0	0
2684	2	684	342	1418700	148905	1968	0	1818	760	0	0	0	0	0	0	0
2685	2	685	342	1420080	149045	1972	0	1818	770	0	0	0	0	0	0	0
2686	2	686	343	1421470	149185	1974	0	1822	770	0	0	0	0	0	0	0
2687	2	687	343	1422850	149320	1976	0	1824	770	0	0	0	0	0	0	0
2688	2	688	344	1424230	149460	1980	0	1826	770	0	0	0	0	0	0	0
2689	2	689	344	1425620	149600	1982	0	1828	770	0	0	0	0	0	0	0
2690	2	690	345	1427000	149740	1986	0	1830	770	690	3450	3450	3450	3450	3450	3450
2691	2	691	345	1428380	149875	1988	0	1834	770	0	0	0	0	0	0	0
2692	2	692	346	1431020	150125	1990	0	1836	770	0	0	0	0	0	0	0
2693	2	693	346	1433650	150375	1994	0	1838	770	0	0	0	0	0	0	0
2694	2	694	347	1435040	150515	1996	0	1840	780	0	0	0	0	0	0	0
2695	2	695	347	1436420	150655	1998	0	1842	780	0	0	0	0	0	0	0
2696	2	696	348	1437800	150790	2002	0	1846	780	0	0	0	0	0	0	0
2697	2	697	348	1439190	150930	2006	0	1848	780	0	0	0	0	0	0	0
2698	2	698	349	1440570	151070	2008	0	1850	780	0	0	0	0	0	0	0
2699	2	699	349	1441950	151210	2010	0	1852	780	0	0	0	0	0	0	0
2700	2	700	350	1443330	151350	2014	0	1854	780	700	3500	3500	3500	3500	3500	3500
2701	2	701	350	1444720	151485	2016	0	1856	780	0	0	0	0	0	0	0
2702	2	702	351	1447480	151850	2020	0	1860	780	0	0	0	0	0	0	0
2703	2	703	351	1450240	152215	2022	0	1862	790	0	0	0	0	0	0	0
2704	2	704	352	1452310	152425	2026	0	1864	790	0	0	0	0	0	0	0
2705	2	705	352	1454380	152630	2028	0	1866	790	0	0	0	0	0	0	0
2706	2	706	353	1463410	152880	2030	0	1870	790	0	0	0	0	0	0	0
2707	2	707	353	1472440	153130	2034	0	1872	790	0	0	0	0	0	0	0
2708	2	708	354	1481490	154825	2036	0	1878	790	0	0	0	0	0	0	0
2709	2	709	354	1490540	156515	2040	0	1882	790	0	0	0	0	0	0	0
2710	2	710	355	1491940	156660	2042	0	1886	790	710	3550	3550	3550	3550	3550	3550
2711	2	711	355	1493340	156795	2044	0	1888	790	0	0	0	0	0	0	0
2712	2	712	356	1496180	157080	2048	0	1890	800	0	0	0	0	0	0	0
2713	2	713	356	1499030	157370	2050	0	1892	800	0	0	0	0	0	0	0
2714	2	714	357	1500430	157510	2054	0	1896	800	0	0	0	0	0	0	0
2715	2	715	357	1501840	157650	2056	0	1898	800	0	0	0	0	0	0	0
2716	2	716	358	1504690	157935	2060	0	1900	800	0	0	0	0	0	0	0
2717	2	717	358	1507550	158220	2062	0	1902	800	0	0	0	0	0	0	0
2718	2	718	359	1508960	158360	2064	0	1906	800	0	0	0	0	0	0	0
2719	2	719	359	1510360	158500	2068	0	1908	800	0	0	0	0	0	0	0
2720	2	720	360	1514490	158900	2070	0	1910	800	720	3600	3600	3600	3600	3600	3600
2721	2	721	360	1518620	159300	2072	0	1912	810	0	0	0	0	0	0	0
2722	2	722	361	1520030	159440	2076	0	1914	810	0	0	0	0	0	0	0
2723	2	723	361	1521440	159580	2080	0	1918	810	0	0	0	0	0	0	0
2724	2	724	362	1524310	159870	2082	0	1920	810	0	0	0	0	0	0	0
2725	2	725	362	1527190	160155	2084	0	1922	810	0	0	0	0	0	0	0
2726	2	726	363	1528600	160380	2088	0	1928	810	0	0	0	0	0	0	0
2727	2	727	363	1530010	160605	2090	0	1936	810	0	0	0	0	0	0	0
2728	2	728	364	1533940	161090	2094	0	1938	810	0	0	0	0	0	0	0
2729	2	729	364	1537870	161575	2096	0	1940	810	0	0	0	0	0	0	0
2730	2	730	365	1539280	161715	2098	0	1944	820	730	3650	3650	3650	3650	3650	3650
2731	2	731	365	1540690	161855	2102	0	1944	820	0	0	0	0	0	0	0
2732	2	732	366	1543590	162145	2104	0	1948	820	0	0	0	0	0	0	0
2733	2	733	366	1546480	162435	2106	0	1950	820	0	0	0	0	0	0	0
2734	2	734	367	1549410	163380	2110	0	1952	820	0	0	0	0	0	0	0
2735	2	735	367	1552350	164325	2114	0	1954	820	0	0	0	0	0	0	0
2736	2	736	368	1561710	165430	2116	0	1958	820	0	0	0	0	0	0	0
2737	2	737	368	1571080	166535	2118	0	1960	820	0	0	0	0	0	0	0
2738	2	738	369	1572500	166680	2122	0	1962	820	0	0	0	0	0	0	0
2739	2	739	369	1573920	166820	2124	0	1964	830	0	0	0	0	0	0	0
2740	2	740	370	1576830	167115	2128	0	1966	830	740	3700	3700	3700	3700	3700	3700
2741	2	741	370	1579740	167410	2130	0	1968	830	0	0	0	0	0	0	0
2742	2	742	371	1581160	167550	2134	0	1972	830	0	0	0	0	0	0	0
2743	2	743	371	1582590	167695	2136	0	1974	830	0	0	0	0	0	0	0
2744	2	744	372	1585510	167990	2138	0	1976	830	0	0	0	0	0	0	0
2745	2	745	372	1588430	168285	2142	0	1978	830	0	0	0	0	0	0	0
2746	2	746	373	1589850	168430	2144	0	1980	830	0	0	0	0	0	0	0
2747	2	747	373	1591280	168570	2148	0	1984	830	0	0	0	0	0	0	0
2748	2	748	374	1595730	169000	2150	0	1986	840	0	0	0	0	0	0	0
2749	2	749	374	1600170	169430	2152	0	1988	840	0	0	0	0	0	0	0
2750	2	750	375	1601600	169575	2156	0	1990	840	750	3750	3750	3750	3750	3750	3750
2751	2	751	375	1603030	169720	2158	0	1992	840	0	0	0	0	0	0	0
2752	2	752	376	1605970	170015	2160	0	1996	840	0	0	0	0	0	0	0
2753	2	753	376	1608910	170315	2164	0	1998	840	0	0	0	0	0	0	0
2754	2	754	377	1611440	172750	2168	0	2002	840	0	0	0	0	0	0	0
2755	2	755	377	1613960	175190	2170	0	2006	840	0	0	0	0	0	0	0
2756	2	756	378	1616910	175495	2172	0	2008	840	0	0	0	0	0	0	0
2757	2	757	378	1619860	175795	2176	0	2010	850	0	0	0	0	0	0	0
2758	2	758	379	1621300	175945	2178	0	2012	850	0	0	0	0	0	0	0
2759	2	759	379	1622730	176095	2180	0	2014	850	0	0	0	0	0	0	0
2760	2	760	380	1634280	176535	2184	0	2016	850	760	3800	3800	3800	3800	3800	3800
2761	2	761	380	1645830	176980	2188	0	2018	850	0	0	0	0	0	0	0
2762	2	762	381	1647900	177155	2190	0	2022	850	0	0	0	0	0	0	0
2763	2	763	381	1649970	177325	2192	0	2024	850	0	0	0	0	0	0	0
2764	2	764	382	1658180	178340	2196	0	2026	850	0	0	0	0	0	0	0
2765	2	765	382	1666380	179350	2198	0	2028	850	0	0	0	0	0	0	0
2766	2	766	383	1667830	179495	2202	0	2032	860	0	0	0	0	0	0	0
2767	2	767	383	1669270	179645	2204	0	2034	860	0	0	0	0	0	0	0
2768	2	768	384	1670710	179790	2206	0	2036	860	0	0	0	0	0	0	0
2769	2	769	384	1672150	179940	2210	0	2038	860	0	0	0	0	0	0	0
2770	2	770	385	1675590	180290	2212	0	2042	860	770	3850	3850	3850	3850	3850	3850
2771	2	771	385	1679030	180640	2214	0	2044	860	0	0	0	0	0	0	0
2772	2	772	386	1680480	180790	2218	0	2046	860	0	0	0	0	0	0	0
2773	2	773	386	1681920	180935	2222	0	2048	860	0	0	0	0	0	0	0
2774	2	774	387	1684900	181220	2224	0	2052	860	0	0	0	0	0	0	0
2775	2	775	387	1687870	181510	2226	0	2052	870	0	0	0	0	0	0	0
2776	2	776	388	1691330	181860	2230	0	2056	870	0	0	0	0	0	0	0
2777	2	777	388	1694780	182210	2232	0	2058	870	0	0	0	0	0	0	0
2778	2	778	389	1696230	182360	2236	0	2060	870	0	0	0	0	0	0	0
2779	2	779	389	1697680	182505	2238	0	2062	870	0	0	0	0	0	0	0
2780	2	780	390	1722240	182870	2242	0	2064	870	780	3900	3900	3900	3900	3900	3900
2781	2	781	390	1746800	183235	2244	0	2066	870	0	0	0	0	0	0	0
2782	2	782	391	1750360	183585	2246	0	2070	870	0	0	0	0	0	0	0
2783	2	783	391	1753920	183940	2250	0	2072	870	0	0	0	0	0	0	0
2784	2	784	392	1755410	184090	2252	0	2074	880	0	0	0	0	0	0	0
2785	2	785	392	1756900	184235	2256	0	2076	880	0	0	0	0	0	0	0
2786	2	786	393	1758390	184385	2258	0	2080	880	0	0	0	0	0	0	0
2787	2	787	393	1759880	184530	2260	0	2082	880	0	0	0	0	0	0	0
2788	2	788	394	1765020	185765	2264	0	2084	880	0	0	0	0	0	0	0
2789	2	789	394	1770170	186995	2266	0	2086	880	0	0	0	0	0	0	0
2790	2	790	395	1771660	187145	2268	0	2088	880	790	3950	3950	3950	3950	3950	3950
2791	2	791	395	1773150	187295	2272	0	2090	880	0	0	0	0	0	0	0
2792	2	792	396	1781840	189095	2276	0	2098	880	0	0	0	0	0	0	0
2793	2	793	396	1790530	190895	2278	0	2104	890	0	0	0	0	0	0	0
2794	2	794	397	1794120	191255	2280	0	2106	890	0	0	0	0	0	0	0
2795	2	795	397	1797720	191620	2284	0	2108	890	0	0	0	0	0	0	0
2796	2	796	398	1799210	191770	2286	0	2110	890	0	0	0	0	0	0	0
2797	2	797	398	1800710	191920	2288	0	2112	890	0	0	0	0	0	0	0
2798	2	798	399	1802210	192075	2292	0	2116	890	0	0	0	0	0	0	0
2799	2	799	399	1803710	192225	2296	0	2116	890	0	0	0	0	0	0	0
2800	2	800	400	1807310	192590	2298	0	2120	890	800	4000	4000	4000	4000	4000	4000
2801	2	801	400	1810920	192950	2300	0	2122	890	0	0	0	0	0	0	0
2802	2	802	401	1813990	193245	2304	0	2124	900	0	0	0	0	0	0	0
2803	2	803	401	1817060	193535	2306	0	2126	900	0	0	0	0	0	0	0
2804	2	804	402	1818560	193690	2310	0	2130	900	0	0	0	0	0	0	0
2805	2	805	402	1820070	193840	2312	0	2132	900	0	0	0	0	0	0	0
2806	2	806	403	1824970	194430	2314	0	2134	900	0	0	0	0	0	0	0
2807	2	807	403	1829880	195025	2318	0	2136	900	0	0	0	0	0	0	0
2808	2	808	404	1831390	195175	2320	0	2140	900	0	0	0	0	0	0	0
2809	2	809	404	1832890	195325	2322	0	2142	900	0	0	0	0	0	0	0
2810	2	810	405	1834400	195480	2326	0	2144	900	810	4050	4050	4050	4050	4050	4050
2811	2	811	405	1835900	195630	2330	0	2146	910	0	0	0	0	0	0	0
2812	2	812	406	1839540	196000	2332	0	2148	910	0	0	0	0	0	0	0
2813	2	813	406	1843180	196365	2334	0	2152	910	0	0	0	0	0	0	0
2814	2	814	407	1846260	196655	2338	0	2158	910	0	0	0	0	0	0	0
2815	2	815	407	1849340	196950	2340	0	2164	910	0	0	0	0	0	0	0
2816	2	816	408	1850850	197105	2342	0	2168	910	0	0	0	0	0	0	0
2817	2	817	408	1852350	197255	2346	0	2170	910	0	0	0	0	0	0	0
2818	2	818	409	1856010	197625	2350	0	2172	910	0	0	0	0	0	0	0
2819	2	819	409	1859670	197990	2352	0	2174	910	0	0	0	0	0	0	0
2820	2	820	410	1861180	198145	2354	0	2178	920	820	4100	4100	4100	4100	4100	4100
2821	2	821	410	1862690	198295	2358	0	2178	920	0	0	0	0	0	0	0
2822	2	822	411	1871660	199395	2360	0	2182	920	0	0	0	0	0	0	0
2823	2	823	411	1880620	200490	2362	0	2184	920	0	0	0	0	0	0	0
2824	2	824	412	1884290	200860	2366	0	2186	920	0	0	0	0	0	0	0
2825	2	825	412	1887970	201225	2368	0	2188	920	0	0	0	0	0	0	0
2826	2	826	413	1889480	201380	2372	0	2192	920	0	0	0	0	0	0	0
2827	2	827	413	1891000	201535	2374	0	2194	920	0	0	0	0	0	0	0
2828	2	828	414	1894080	201830	2376	0	2196	920	0	0	0	0	0	0	0
2829	2	829	414	1897170	202120	2380	0	2198	930	0	0	0	0	0	0	0
2830	2	830	415	1902150	202730	2384	0	2200	930	830	4150	4150	4150	4150	4150	4150
2831	2	831	415	1907140	203340	2386	0	2202	930	0	0	0	0	0	0	0
2832	2	832	416	1908660	203495	2388	0	2206	930	0	0	0	0	0	0	0
2833	2	833	416	1910180	203650	2392	0	2208	930	0	0	0	0	0	0	0
2834	2	834	417	1911700	203805	2394	0	2210	930	0	0	0	0	0	0	0
2835	2	835	417	1913220	203955	2396	0	2212	930	0	0	0	0	0	0	0
2836	2	836	418	1916920	204330	2400	0	2214	930	0	0	0	0	0	0	0
2837	2	837	418	1920630	204700	2402	0	2218	930	0	0	0	0	0	0	0
2838	2	838	419	1922150	204855	2406	0	2220	940	0	0	0	0	0	0	0
2839	2	839	419	1923670	205010	2408	0	2222	940	0	0	0	0	0	0	0
2840	2	840	420	1925200	205160	2412	0	2224	940	840	4200	4200	4200	4200	4200	4200
2841	2	841	420	1926720	205315	2414	0	2226	940	0	0	0	0	0	0	0
2842	2	842	421	1932010	205830	2416	0	2230	940	0	0	0	0	0	0	0
2843	2	843	421	1937300	206350	2420	0	2232	940	0	0	0	0	0	0	0
2844	2	844	422	1938830	206500	2422	0	2234	940	0	0	0	0	0	0	0
2845	2	845	422	1940350	206655	2426	0	2236	940	0	0	0	0	0	0	0
2846	2	846	423	1941880	206810	2428	0	2240	940	0	0	0	0	0	0	0
2847	2	847	423	1943410	206965	2430	0	2242	950	0	0	0	0	0	0	0
2848	2	848	424	1947140	207340	2434	0	2244	950	0	0	0	0	0	0	0
2849	2	849	424	1950880	207715	2436	0	2246	950	0	0	0	0	0	0	0
2850	2	850	425	1960120	208845	2440	0	2248	950	850	4250	4250	4250	4250	4250	4250
2851	2	851	425	1969360	209975	2442	0	2250	950	0	0	0	0	0	0	0
2852	2	852	426	1970890	210130	2446	0	2254	950	0	0	0	0	0	0	0
2853	2	853	426	1972420	210285	2448	0	2256	950	0	0	0	0	0	0	0
2854	2	854	427	1976180	210660	2450	0	2258	950	0	0	0	0	0	0	0
2855	2	855	427	1979930	211040	2454	0	2260	950	0	0	0	0	0	0	0
2856	2	856	428	1992670	211585	2458	0	2262	960	0	0	0	0	0	0	0
2857	2	857	428	2005410	212125	2460	0	2264	960	0	0	0	0	0	0	0
2858	2	858	429	2006960	212280	2462	0	2268	960	0	0	0	0	0	0	0
2859	2	859	429	2008500	212435	2466	0	2270	960	0	0	0	0	0	0	0
2860	2	860	430	2012310	212815	2468	0	2272	960	860	4300	4300	4300	4300	4300	4300
2861	2	861	430	2016110	213190	2470	0	2274	960	0	0	0	0	0	0	0
2862	2	862	431	2018910	214045	2474	0	2278	960	0	0	0	0	0	0	0
2863	2	863	431	2021710	214895	2476	0	2280	960	0	0	0	0	0	0	0
2864	2	864	432	2023250	215050	2480	0	2282	960	0	0	0	0	0	0	0
2865	2	865	432	2024790	215205	2482	0	2284	970	0	0	0	0	0	0	0
2866	2	866	433	2026330	215360	2484	0	2286	970	0	0	0	0	0	0	0
2867	2	867	433	2027880	215515	2488	0	2288	970	0	0	0	0	0	0	0
2868	2	868	434	2029420	215670	2490	0	2292	970	0	0	0	0	0	0	0
2869	2	869	434	2030960	215825	2494	0	2294	970	0	0	0	0	0	0	0
2870	2	870	435	2034350	216145	2496	0	2296	970	870	4350	4350	4350	4350	4350	4350
2871	2	871	435	2037740	216465	2500	0	2298	970	0	0	0	0	0	0	0
2872	2	872	436	2039280	216620	2502	0	2300	970	0	0	0	0	0	0	0
2873	2	873	436	2040830	216775	2504	0	2304	970	0	0	0	0	0	0	0
2874	2	874	437	2042370	216930	2508	0	2306	980	0	0	0	0	0	0	0
2875	2	875	437	2043910	217085	2510	0	2308	980	0	0	0	0	0	0	0
2876	2	876	438	2045460	217240	2514	0	2310	980	0	0	0	0	0	0	0
2877	2	877	438	2047000	217395	2516	0	2314	980	0	0	0	0	0	0	0
2878	2	878	439	2056580	218560	2520	0	2320	980	0	0	0	0	0	0	0
2879	2	879	439	2066150	219720	2522	0	2324	980	0	0	0	0	0	0	0
2880	2	880	440	2067700	219875	2524	0	2328	980	880	4400	4400	4400	4400	4400	4400
2881	2	881	440	2069240	220030	2528	0	2330	980	0	0	0	0	0	0	0
2882	2	882	441	2073960	220605	2530	0	2332	980	0	0	0	0	0	0	0
2883	2	883	441	2078680	221175	2534	0	2334	990	0	0	0	0	0	0	0
2884	2	884	442	2080230	221330	2536	0	2338	990	0	0	0	0	0	0	0
2885	2	885	442	2081770	221485	2538	0	2340	990	0	0	0	0	0	0	0
2886	2	886	443	2086230	221940	2542	0	2342	990	0	0	0	0	0	0	0
2887	2	887	443	2090690	222395	2544	0	2344	990	0	0	0	0	0	0	0
2888	2	888	444	2092240	222550	2548	0	2346	990	0	0	0	0	0	0	0
2889	2	889	444	2093790	222705	2550	0	2348	990	0	0	0	0	0	0	0
2890	2	890	445	2098260	223160	2554	0	2350	990	890	4450	4450	4450	4450	4450	4450
2891	2	891	445	2102740	223615	2556	0	2354	990	0	0	0	0	0	0	0
2892	2	892	446	2104290	223770	2558	0	2356	1000	0	0	0	0	0	0	0
2893	2	893	446	2105840	223925	2562	0	2358	1000	0	0	0	0	0	0	0
2894	2	894	447	2110330	224380	2566	0	2360	1000	0	0	0	0	0	0	0
2895	2	895	447	2114830	224840	2568	0	2362	1000	0	0	0	0	0	0	0
2896	2	896	448	2118230	226040	2570	0	2366	1000	0	0	0	0	0	0	0
2897	2	897	448	2121630	227240	2574	0	2368	1000	0	0	0	0	0	0	0
2898	2	898	449	2126140	227705	2576	0	2370	1000	0	0	0	0	0	0	0
2899	2	899	449	2130650	228165	2578	0	2372	1000	0	0	0	0	0	0	0
2900	2	900	450	2132210	228325	2582	0	2376	1000	900	4500	4500	4500	4500	4500	4500
2901	2	901	450	2133770	228480	2584	0	2376	1010	0	0	0	0	0	0	0
2902	2	902	451	2138290	228945	2588	0	2380	1010	0	0	0	0	0	0	0
2903	2	903	451	2142820	229405	2590	0	2382	1010	0	0	0	0	0	0	0
2904	2	904	452	2144390	229565	2592	0	2386	1010	0	0	0	0	0	0	0
2905	2	905	452	2145950	229725	2596	0	2386	1010	0	0	0	0	0	0	0
2906	2	906	453	2158790	232140	2598	0	2390	1010	0	0	0	0	0	0	0
2907	2	907	453	2171620	234555	2602	0	2392	1010	0	0	0	0	0	0	0
2908	2	908	454	2174540	237690	2604	0	2396	1010	0	0	0	0	0	0	0
2909	2	909	454	2177450	240830	2608	0	2400	1010	0	0	0	0	0	0	0
2910	2	910	455	2183860	241480	2610	0	2402	1020	910	4550	4550	4550	4550	4550	4550
2911	2	911	455	2190260	242135	2612	0	2404	1020	0	0	0	0	0	0	0
2912	2	912	456	2191830	242300	2616	0	2406	1020	0	0	0	0	0	0	0
2913	2	913	456	2193410	242460	2618	0	2408	1020	0	0	0	0	0	0	0
2914	2	914	457	2197980	242945	2620	0	2412	1020	0	0	0	0	0	0	0
2915	2	915	457	2202560	243425	2624	0	2414	1020	0	0	0	0	0	0	0
2916	2	916	458	2204140	243590	2628	0	2416	1020	0	0	0	0	0	0	0
2917	2	917	458	2205710	243755	2630	0	2418	1020	0	0	0	0	0	0	0
2918	2	918	459	2210300	244240	2632	0	2422	1020	0	0	0	0	0	0	0
2919	2	919	459	2214890	244725	2636	0	2422	1030	0	0	0	0	0	0	0
2920	2	920	460	2216480	244890	2638	0	2426	1030	920	4600	4600	4600	4600	4600	4600
2921	2	921	460	2218060	245055	2640	0	2428	1030	0	0	0	0	0	0	0
2922	2	922	461	2223210	245540	2644	0	2434	1030	0	0	0	0	0	0	0
2923	2	923	461	2228360	246025	2646	0	2442	1030	0	0	0	0	0	0	0
2924	2	924	462	2231800	246365	2650	0	2444	1030	0	0	0	0	0	0	0
2925	2	925	462	2235230	246700	2652	0	2446	1030	0	0	0	0	0	0	0
2926	2	926	463	2239850	247190	2656	0	2448	1030	0	0	0	0	0	0	0
2927	2	927	463	2244470	247675	2658	0	2450	1030	0	0	0	0	0	0	0
2928	2	928	464	2246070	247840	2662	0	2454	1040	0	0	0	0	0	0	0
2929	2	929	464	2247660	248005	2664	0	2456	1040	0	0	0	0	0	0	0
2930	2	930	465	2252300	248495	2666	0	2458	1040	930	4650	4650	4650	4650	4650	4650
2931	2	931	465	2256940	248985	2670	0	2460	1040	0	0	0	0	0	0	0
2932	2	932	466	2258540	249150	2672	0	2464	1040	0	0	0	0	0	0	0
2933	2	933	466	2260130	249320	2674	0	2466	1040	0	0	0	0	0	0	0
2934	2	934	467	2303200	251200	2678	0	2468	1040	0	0	0	0	0	0	0
2935	2	935	467	2346260	253080	2682	0	2470	1040	0	0	0	0	0	0	0
2936	2	936	468	2359330	253420	2684	0	2474	1040	0	0	0	0	0	0	0
2937	2	937	468	2372390	253760	2686	0	2476	1050	0	0	0	0	0	0	0
2938	2	938	469	2377220	254250	2690	0	2478	1050	0	0	0	0	0	0	0
2939	2	939	469	2382040	254745	2692	0	2480	1050	0	0	0	0	0	0	0
2940	2	940	470	2386880	255240	2694	0	2482	1050	940	4700	4700	4700	4700	4700	4700
2941	2	941	470	2391710	255730	2698	0	2484	1050	0	0	0	0	0	0	0
2942	2	942	471	2396560	256225	2700	0	2488	1050	0	0	0	0	0	0	0
2943	2	943	471	2401410	256720	2704	0	2490	1050	0	0	0	0	0	0	0
2944	2	944	472	2406270	257220	2706	0	2492	1050	0	0	0	0	0	0	0
2945	2	945	472	2411130	257715	2710	0	2494	1050	0	0	0	0	0	0	0
2946	2	946	473	2416010	258215	2712	0	2496	1060	0	0	0	0	0	0	0
2947	2	947	473	2420880	258710	2714	0	2500	1060	0	0	0	0	0	0	0
2948	2	948	474	2425770	259210	2718	0	2502	1060	0	0	0	0	0	0	0
2949	2	949	474	2430650	259710	2720	0	2504	1060	0	0	0	0	0	0	0
2950	2	950	475	2437460	260380	2724	0	2506	1060	950	4750	4750	4750	4750	4750	4750
2951	2	951	475	2444260	261050	2726	0	2508	1060	0	0	0	0	0	0	0
2952	2	952	476	2449170	261555	2728	0	2512	1060	0	0	0	0	0	0	0
2953	2	953	476	2454080	262055	2732	0	2512	1060	0	0	0	0	0	0	0
2954	2	954	477	2459000	262555	2736	0	2516	1060	0	0	0	0	0	0	0
2955	2	955	477	2463920	263060	2738	0	2518	1070	0	0	0	0	0	0	0
2956	2	956	478	2468860	263565	2740	0	2520	1070	0	0	0	0	0	0	0
2957	2	957	478	2473790	264070	2744	0	2522	1070	0	0	0	0	0	0	0
2958	2	958	479	2478730	264575	2746	0	2526	1070	0	0	0	0	0	0	0
2959	2	959	479	2483680	265075	2748	0	2528	1070	0	0	0	0	0	0	0
2960	2	960	480	2490050	265865	2752	0	2530	1070	960	4800	4800	4800	4800	4800	4800
2961	2	961	480	2496430	266655	2754	0	2532	1070	0	0	0	0	0	0	0
2962	2	962	481	2498140	266830	2758	0	2534	1070	0	0	0	0	0	0	0
2963	2	963	481	2499850	267000	2760	0	2538	1070	0	0	0	0	0	0	0
2964	2	964	482	2512570	268495	2764	0	2540	1080	0	0	0	0	0	0	0
2965	2	965	482	2525290	269985	2766	0	2542	1080	0	0	0	0	0	0	0
2966	2	966	483	2527010	270160	2770	0	2544	1080	0	0	0	0	0	0	0
2967	2	967	483	2528720	270330	2772	0	2548	1080	0	0	0	0	0	0	0
2968	2	968	484	2530430	270500	2774	0	2550	1080	0	0	0	0	0	0	0
2969	2	969	484	2532140	270675	2778	0	2552	1080	0	0	0	0	0	0	0
2970	2	970	485	2533850	270845	2780	0	2554	1080	970	4850	4850	4850	4850	4850	4850
2971	2	971	485	2535570	271020	2782	0	2556	1080	0	0	0	0	0	0	0
2972	2	972	486	2537280	271190	2786	0	2558	1080	0	0	0	0	0	0	0
2973	2	973	486	2538990	271365	2788	0	2562	1090	0	0	0	0	0	0	0
2974	2	974	487	2540700	271535	2792	0	2564	1090	0	0	0	0	0	0	0
2975	2	975	487	2542410	271705	2794	0	2566	1090	0	0	0	0	0	0	0
2976	2	976	488	2544130	271880	2798	0	2568	1090	0	0	0	0	0	0	0
2977	2	977	488	2545840	272050	2800	0	2570	1090	0	0	0	0	0	0	0
2978	2	978	489	2549460	273415	2802	0	2574	1090	0	0	0	0	0	0	0
2979	2	979	489	2553080	274785	2806	0	2574	1090	0	0	0	0	0	0	0
2980	2	980	490	2558090	275300	2808	0	2578	1090	980	4900	4900	4900	4900	4900	4900
2981	2	981	490	2563100	275815	2812	0	2580	1090	0	0	0	0	0	0	0
2982	2	982	491	2564820	275990	2814	0	2584	1100	0	0	0	0	0	0	0
2983	2	983	491	2566530	276160	2818	0	2584	1100	0	0	0	0	0	0	0
2984	2	984	492	2568250	276335	2820	0	2588	1100	0	0	0	0	0	0	0
2985	2	985	492	2569970	276510	2822	0	2590	1100	0	0	0	0	0	0	0
2986	2	986	493	2573110	276975	2826	0	2592	1100	0	0	0	0	0	0	0
2987	2	987	493	2576260	277440	2828	0	2594	1100	0	0	0	0	0	0	0
2988	2	988	494	2577970	277615	2832	0	2598	1100	0	0	0	0	0	0	0
2989	2	989	494	2579690	277790	2834	0	2600	1100	0	0	0	0	0	0	0
2990	2	990	495	2581410	277960	2836	0	2602	1100	990	4950	4950	4950	4950	4950	4950
2991	2	991	495	2583120	278135	2840	0	2604	1110	0	0	0	0	0	0	0
2992	2	992	496	2596120	280720	2844	0	2610	1110	0	0	0	0	0	0	0
2993	2	993	496	2609110	283305	2846	0	2616	1110	0	0	0	0	0	0	0
2994	2	994	497	2610830	283480	2848	0	2620	1110	0	0	0	0	0	0	0
2995	2	995	497	2612540	283655	2852	0	2620	1110	0	0	0	0	0	0	0
2996	2	996	498	2614260	283830	2854	0	2624	1110	0	0	0	0	0	0	0
2997	2	997	498	2615980	284010	2856	0	2626	1110	0	0	0	0	0	0	0
2998	2	998	499	2617690	284185	2860	0	2628	1110	0	0	0	0	0	0	0
2999	2	999	499	2619410	284360	2862	0	2630	1110	0	0	0	0	0	0	0
3000	2	1000	500	2624480	284880	2866	0	2634	1120	1000	5000	5000	5000	5000	5000	5000
3001	2	1001	500	2629540	285405	2868	0	2636	1120	0	0	0	0	0	0	0
3002	2	1002	501	2631260	285580	2872	0	2638	1120	0	0	0	0	0	0	0
3003	2	1003	501	2632990	285755	2874	0	2640	1120	0	0	0	0	0	0	0
3004	2	1004	502	2636890	286135	2876	0	2642	1120	0	0	0	0	0	0	0
3005	2	1005	502	2640790	286505	2880	0	2646	1120	0	0	0	0	0	0	0
3006	2	1006	503	2642510	286680	2882	0	2648	1120	0	0	0	0	0	0	0
3007	2	1007	503	2644230	286860	2886	0	2650	1120	0	0	0	0	0	0	0
3008	2	1008	504	2645950	287035	2888	0	2652	1120	0	0	0	0	0	0	0
3009	2	1009	504	2647670	287210	2890	0	2654	1130	0	0	0	0	0	0	0
3010	2	1010	505	2650830	287685	2894	0	2656	1130	1010	5050	5050	5050	5050	5050	5050
3011	2	1011	505	2654000	288165	2896	0	2658	1130	0	0	0	0	0	0	0
3012	2	1012	506	2655720	288340	2900	0	2662	1130	0	0	0	0	0	0	0
3013	2	1013	506	2657440	288515	2902	0	2664	1130	0	0	0	0	0	0	0
3014	2	1014	507	2659160	288690	2906	0	2666	1130	0	0	0	0	0	0	0
3015	2	1015	507	2660880	288865	2908	0	2668	1130	0	0	0	0	0	0	0
3016	2	1016	508	2662610	289040	2910	0	2672	1130	0	0	0	0	0	0	0
3017	2	1017	508	2664330	289215	2914	0	2674	1130	0	0	0	0	0	0	0
3018	2	1018	509	2668230	289590	2916	0	2680	1140	0	0	0	0	0	0	0
3019	2	1019	509	2672130	289965	2920	0	2688	1140	0	0	0	0	0	0	0
3020	2	1020	510	2686890	291730	2922	0	2690	1140	1020	5100	5100	5100	5100	5100	5100
3021	2	1021	510	2701640	293495	2926	0	2692	1140	0	0	0	0	0	0	0
3022	2	1022	511	2703370	293670	2928	0	2694	1140	0	0	0	0	0	0	0
3023	2	1023	511	2705100	293845	2930	0	2698	1140	0	0	0	0	0	0	0
3024	2	1024	512	2706820	294020	2934	0	2700	1140	0	0	0	0	0	0	0
3025	2	1025	512	2708550	294200	2936	0	2702	1140	0	0	0	0	0	0	0
3026	2	1026	513	2710270	294375	2940	0	2704	1140	0	0	0	0	0	0	0
3027	2	1027	513	2712000	294550	2942	0	2706	1150	0	0	0	0	0	0	0
3028	2	1028	514	2713730	294725	2944	0	2710	1150	0	0	0	0	0	0	0
3029	2	1029	514	2715450	294905	2948	0	2710	1150	0	0	0	0	0	0	0
3030	2	1030	515	2717180	295080	2950	0	2714	1150	1030	5150	5150	5150	5150	5150	5150
3031	2	1031	515	2718900	295255	2952	0	2716	1150	0	0	0	0	0	0	0
3032	2	1032	516	2722810	295630	2956	0	2718	1150	0	0	0	0	0	0	0
3033	2	1033	516	2726710	296005	2960	0	2720	1150	0	0	0	0	0	0	0
3034	2	1034	517	2728440	296180	2962	0	2724	1150	0	0	0	0	0	0	0
3035	2	1035	517	2730170	296355	2964	0	2726	1150	0	0	0	0	0	0	0
3036	2	1036	518	2733350	296840	2968	0	2728	1160	0	0	0	0	0	0	0
3037	2	1037	518	2736530	297325	2970	0	2730	1160	0	0	0	0	0	0	0
3038	2	1038	519	2738260	297500	2974	0	2734	1160	0	0	0	0	0	0	0
3039	2	1039	519	2739980	297675	2976	0	2736	1160	0	0	0	0	0	0	0
3040	2	1040	520	2745160	298210	2980	0	2738	1160	1040	5200	5200	5200	5200	5200	5200
3041	2	1041	520	2750330	298745	2982	0	2740	1160	0	0	0	0	0	0	0
3042	2	1042	521	2752060	298920	2984	0	2742	1160	0	0	0	0	0	0	0
3043	2	1043	521	2753790	299100	2988	0	2746	1160	0	0	0	0	0	0	0
3044	2	1044	522	2755530	299275	2990	0	2748	1160	0	0	0	0	0	0	0
3045	2	1045	522	2757260	299455	2994	0	2750	1170	0	0	0	0	0	0	0
3046	2	1046	523	2761170	299825	2996	0	2752	1170	0	0	0	0	0	0	0
3047	2	1047	523	2765080	300200	2998	0	2754	1170	0	0	0	0	0	0	0
3048	2	1048	524	2776710	301645	3002	0	2756	1170	0	0	0	0	0	0	0
3049	2	1049	524	2788350	303090	3004	0	2758	1170	0	0	0	0	0	0	0
3050	2	1050	525	2790080	303270	3008	0	2762	1170	1050	5250	5250	5250	5250	5250	5250
3051	2	1051	525	2791810	303445	3010	0	2764	1170	0	0	0	0	0	0	0
3052	2	1052	526	2793540	303620	3014	0	2766	1170	0	0	0	0	0	0	0
3053	2	1053	526	2795270	303800	3016	0	2768	1170	0	0	0	0	0	0	0
3054	2	1054	527	2797000	303975	3018	0	2772	1180	0	0	0	0	0	0	0
3055	2	1055	527	2798730	304150	3022	0	2772	1180	0	0	0	0	0	0	0
3056	2	1056	528	2800470	304330	3024	0	2776	1180	0	0	0	0	0	0	0
3057	2	1057	528	2802200	304505	3028	0	2778	1180	0	0	0	0	0	0	0
3058	2	1058	529	2817390	304880	3030	0	2782	1180	0	0	0	0	0	0	0
3059	2	1059	529	2832570	305255	3034	0	2782	1180	0	0	0	0	0	0	0
3060	2	1060	530	2837840	305795	3036	0	2786	1180	1060	5300	5300	5300	5300	5300	5300
3061	2	1061	530	2843120	306335	3038	0	2788	1180	0	0	0	0	0	0	0
3062	2	1062	531	2846340	310235	3042	0	2792	1180	0	0	0	0	0	0	0
3063	2	1063	531	2849570	314135	3044	0	2796	1190	0	0	0	0	0	0	0
3064	2	1064	532	2851320	314315	3048	0	2798	1190	0	0	0	0	0	0	0
3065	2	1065	532	2853070	314495	3050	0	2800	1190	0	0	0	0	0	0	0
3066	2	1066	533	2854820	314675	3052	0	2802	1190	0	0	0	0	0	0	0
3067	2	1067	533	2856570	314855	3056	0	2804	1190	0	0	0	0	0	0	0
3068	2	1068	534	2858320	315040	3058	0	2808	1190	0	0	0	0	0	0	0
3069	2	1069	534	2860070	315220	3060	0	2808	1190	0	0	0	0	0	0	0
3070	2	1070	535	2861820	315400	3064	0	2812	1190	1070	5350	5350	5350	5350	5350	5350
3071	2	1071	535	2863570	315580	3068	0	2814	1190	0	0	0	0	0	0	0
3072	2	1072	536	2867510	315965	3070	0	2818	1200	0	0	0	0	0	0	0
3073	2	1073	536	2871460	316350	3072	0	2818	1200	0	0	0	0	0	0	0
3074	2	1074	537	2873210	316530	3076	0	2822	1200	0	0	0	0	0	0	0
3075	2	1075	537	2874960	316710	3078	0	2824	1200	0	0	0	0	0	0	0
3076	2	1076	538	2876710	316890	3082	0	2826	1200	0	0	0	0	0	0	0
3077	2	1077	538	2878460	317070	3084	0	2828	1200	0	0	0	0	0	0	0
3078	2	1078	539	2890460	319740	3088	0	2836	1200	0	0	0	0	0	0	0
3079	2	1079	539	2902470	322410	3090	0	2840	1200	0	0	0	0	0	0	0
3080	2	1080	540	2907790	322975	3092	0	2844	1200	1080	5400	5400	5400	5400	5400	5400
3081	2	1081	540	2913120	323535	3096	0	2844	1210	0	0	0	0	0	0	0
3082	2	1082	541	2914870	323720	3098	0	2848	1210	0	0	0	0	0	0	0
3083	2	1083	541	2916630	323905	3102	0	2850	1210	0	0	0	0	0	0	0
3084	2	1084	542	2918380	324085	3104	0	2854	1210	0	0	0	0	0	0	0
3085	2	1085	542	2920140	324270	3106	0	2854	1210	0	0	0	0	0	0	0
3086	2	1086	543	2924090	324655	3110	0	2858	1210	0	0	0	0	0	0	0
3087	2	1087	543	2928040	325040	3112	0	2860	1210	0	0	0	0	0	0	0
3088	2	1088	544	2966340	325555	3114	0	2862	1210	0	0	0	0	0	0	0
3089	2	1089	544	3004630	326070	3118	0	2864	1210	0	0	0	0	0	0	0
3090	2	1090	545	3006430	326255	3122	0	2868	1220	1090	5450	5450	5450	5450	5450	5450
3091	2	1091	545	3008220	326435	3124	0	2870	1220	0	0	0	0	0	0	0
3092	2	1092	546	3010020	326620	3126	0	2872	1220	0	0	0	0	0	0	0
3093	2	1093	546	3011820	326800	3130	0	2874	1220	0	0	0	0	0	0	0
3094	2	1094	547	3013610	326985	3132	0	2876	1220	0	0	0	0	0	0	0
3095	2	1095	547	3015410	327165	3134	0	2878	1220	0	0	0	0	0	0	0
3096	2	1096	548	3017210	327350	3138	0	2880	1220	0	0	0	0	0	0	0
3097	2	1097	548	3019000	327530	3142	0	2884	1220	0	0	0	0	0	0	0
3098	2	1098	549	3020800	327715	3144	0	2886	1220	0	0	0	0	0	0	0
3099	2	1099	549	3022590	327895	3146	0	2888	1230	0	0	0	0	0	0	0
3100	2	1100	550	3030350	329850	3150	0	2890	1230	1100	5500	5500	5500	5500	5500	5500
3101	2	1101	550	3038110	331805	3152	0	2892	1230	0	0	0	0	0	0	0
3102	2	1102	551	3039910	331990	3156	0	2896	1230	0	0	0	0	0	0	0
3103	2	1103	551	3041710	332170	3158	0	2898	1230	0	0	0	0	0	0	0
3104	2	1104	552	3043510	332355	3160	0	2900	1230	0	0	0	0	0	0	0
3105	2	1105	552	3045310	332540	3164	0	2902	1230	0	0	0	0	0	0	0
3106	2	1106	553	3057890	334110	3166	0	2906	1230	0	0	0	0	0	0	0
3107	2	1107	553	3070470	335685	3168	0	2908	1230	0	0	0	0	0	0	0
3108	2	1108	554	3072270	335865	3172	0	2910	1240	0	0	0	0	0	0	0
3109	2	1109	554	3074070	336050	3174	0	2912	1240	0	0	0	0	0	0	0
3110	2	1110	555	3075870	336235	3178	0	2916	1240	1110	5550	5550	5550	5550	5550	5550
3111	2	1111	555	3077670	336420	3180	0	2916	1240	0	0	0	0	0	0	0
3112	2	1112	556	3079470	336605	3184	0	2920	1240	0	0	0	0	0	0	0
3113	2	1113	556	3081270	336790	3186	0	2922	1240	0	0	0	0	0	0	0
3114	2	1114	557	3086860	337520	3188	0	2924	1240	0	0	0	0	0	0	0
3115	2	1115	557	3092450	338250	3192	0	2926	1240	0	0	0	0	0	0	0
3116	2	1116	558	3094250	338435	3196	0	2930	1240	0	0	0	0	0	0	0
3117	2	1117	558	3096050	338620	3198	0	2932	1250	0	0	0	0	0	0	0
3118	2	1118	559	3097850	338900	3200	0	2944	1250	0	0	0	0	0	0	0
3119	2	1119	559	3099650	339180	3204	0	2954	1250	0	0	0	0	0	0	0
3120	2	1120	560	3105220	339755	3206	0	2956	1250	1120	5600	5600	5600	5600	5600	5600
3121	2	1121	560	3110790	340335	3208	0	2958	1250	0	0	0	0	0	0	0
3122	2	1122	561	3112590	340520	3212	0	2962	1250	0	0	0	0	0	0	0
3123	2	1123	561	3114400	340705	3214	0	2964	1250	0	0	0	0	0	0	0
3124	2	1124	562	3116200	340890	3218	0	2966	1250	0	0	0	0	0	0	0
3125	2	1125	562	3118010	341075	3220	0	2968	1250	0	0	0	0	0	0	0
3126	2	1126	563	3122060	341465	3222	0	2970	1260	0	0	0	0	0	0	0
3127	2	1127	563	3126120	341850	3226	0	2974	1260	0	0	0	0	0	0	0
3128	2	1128	564	3127920	342040	3230	0	2976	1260	0	0	0	0	0	0	0
3129	2	1129	564	3129730	342225	3232	0	2978	1260	0	0	0	0	0	0	0
3130	2	1130	565	3131540	342410	3234	0	2980	1260	1130	5650	5650	5650	5650	5650	5650
3131	2	1131	565	3133340	342590	3238	0	2982	1260	0	0	0	0	0	0	0
3132	2	1132	566	3135150	342780	3240	0	2986	1260	0	0	0	0	0	0	0
3133	2	1133	566	3136950	342960	3242	0	2988	1260	0	0	0	0	0	0	0
3134	2	1134	567	3149810	344570	3246	0	2990	1260	0	0	0	0	0	0	0
3135	2	1135	567	3162670	346175	3250	0	2992	1270	0	0	0	0	0	0	0
3136	2	1136	568	3164470	346360	3252	0	2996	1270	0	0	0	0	0	0	0
3137	2	1137	568	3166280	346545	3254	0	2998	1270	0	0	0	0	0	0	0
3138	2	1138	569	3168080	346730	3258	0	3000	1270	0	0	0	0	0	0	0
3139	2	1139	569	3169890	346915	3260	0	3002	1270	0	0	0	0	0	0	0
3140	2	1140	570	3192000	348080	3264	0	3004	1270	1140	5700	5700	5700	5700	5700	5700
3141	2	1141	570	3214100	349240	3266	0	3006	1270	0	0	0	0	0	0	0
3142	2	1142	571	3215930	349430	3268	0	3010	1270	0	0	0	0	0	0	0
3143	2	1143	571	3217750	349615	3272	0	3012	1270	0	0	0	0	0	0	0
3144	2	1144	572	3219570	349800	3274	0	3014	1280	0	0	0	0	0	0	0
3145	2	1145	572	3221400	349980	3276	0	3016	1280	0	0	0	0	0	0	0
3146	2	1146	573	3223220	350170	3280	0	3018	1280	0	0	0	0	0	0	0
3147	2	1147	573	3225050	350355	3284	0	3022	1280	0	0	0	0	0	0	0
3148	2	1148	574	3226870	350540	3286	0	3024	1280	0	0	0	0	0	0	0
3149	2	1149	574	3228700	350725	3288	0	3026	1280	0	0	0	0	0	0	0
3150	2	1150	575	3230520	350910	3292	0	3028	1280	1150	5750	5750	5750	5750	5750	5750
3151	2	1151	575	3232350	351095	3294	0	3030	1280	0	0	0	0	0	0	0
3152	2	1152	576	3234170	351280	3296	0	3034	1280	0	0	0	0	0	0	0
3153	2	1153	576	3235990	351465	3300	0	3036	1290	0	0	0	0	0	0	0
3154	2	1154	577	3240370	351885	3304	0	3038	1290	0	0	0	0	0	0	0
3155	2	1155	577	3244740	352300	3306	0	3040	1290	0	0	0	0	0	0	0
3156	2	1156	578	3246570	352485	3308	0	3042	1290	0	0	0	0	0	0	0
3157	2	1157	578	3248390	352670	3312	0	3044	1290	0	0	0	0	0	0	0
3158	2	1158	579	3250220	352855	3314	0	3048	1290	0	0	0	0	0	0	0
3159	2	1159	579	3252040	353040	3316	0	3050	1290	0	0	0	0	0	0	0
3160	2	1160	580	3257760	353630	3320	0	3052	1290	1160	5800	5800	5800	5800	5800	5800
3161	2	1161	580	3263480	354220	3322	0	3054	1290	0	0	0	0	0	0	0
3162	2	1162	581	3276730	355860	3326	0	3060	1300	0	0	0	0	0	0	0
3163	2	1163	581	3289980	357505	3328	0	3066	1300	0	0	0	0	0	0	0
3164	2	1164	582	3291810	357690	3330	0	3070	1300	0	0	0	0	0	0	0
3165	2	1165	582	3293630	357875	3334	0	3070	1300	0	0	0	0	0	0	0
3166	2	1166	583	3297040	358415	3338	0	3074	1300	0	0	0	0	0	0	0
3167	2	1167	583	3300450	358960	3340	0	3076	1300	0	0	0	0	0	0	0
3168	2	1168	584	3304830	359375	3342	0	3078	1300	0	0	0	0	0	0	0
3169	2	1169	584	3309210	359795	3346	0	3080	1300	0	0	0	0	0	0	0
3170	2	1170	585	3311040	359980	3348	0	3084	1300	1170	5850	5850	5850	5850	5850	5850
3171	2	1171	585	3312870	360165	3350	0	3086	1310	0	0	0	0	0	0	0
3172	2	1172	586	3314700	360350	3354	0	3088	1310	0	0	0	0	0	0	0
3173	2	1173	586	3316530	360535	3358	0	3090	1310	0	0	0	0	0	0	0
3174	2	1174	587	3318360	360720	3360	0	3094	1310	0	0	0	0	0	0	0
3175	2	1175	587	3320190	360910	3362	0	3096	1310	0	0	0	0	0	0	0
3176	2	1176	588	3322020	361095	3366	0	3098	1310	0	0	0	0	0	0	0
3177	2	1177	588	3323850	361280	3368	0	3100	1310	0	0	0	0	0	0	0
3178	2	1178	589	3325680	361465	3372	0	3102	1310	0	0	0	0	0	0	0
3179	2	1179	589	3327510	361650	3374	0	3106	1310	0	0	0	0	0	0	0
3180	2	1180	590	3335830	363770	3376	0	3108	1320	1180	5900	5900	5900	5900	5900	5900
3181	2	1181	590	3344160	365890	3380	0	3110	1320	0	0	0	0	0	0	0
3182	2	1182	591	3346000	366080	3382	0	3112	1320	0	0	0	0	0	0	0
3183	2	1183	591	3347830	366265	3384	0	3114	1320	0	0	0	0	0	0	0
3184	2	1184	592	3349670	366455	3388	0	3116	1320	0	0	0	0	0	0	0
3185	2	1185	592	3351500	366640	3392	0	3118	1320	0	0	0	0	0	0	0
3186	2	1186	593	3353340	366830	3394	0	3122	1320	0	0	0	0	0	0	0
3187	2	1187	593	3355170	367015	3396	0	3124	1320	0	0	0	0	0	0	0
3188	2	1188	594	3357000	367205	3400	0	3126	1320	0	0	0	0	0	0	0
3189	2	1189	594	3358840	367390	3402	0	3128	1330	0	0	0	0	0	0	0
3190	2	1190	595	3373960	370760	3404	0	3132	1330	1190	5950	5950	5950	5950	5950	5950
3191	2	1191	595	3389080	374135	3408	0	3132	1330	0	0	0	0	0	0	0
3192	2	1192	596	3390920	374320	3412	0	3136	1330	0	0	0	0	0	0	0
3193	2	1193	596	3392750	374510	3414	0	3138	1330	0	0	0	0	0	0	0
3194	2	1194	597	3397140	374935	3416	0	3142	1330	0	0	0	0	0	0	0
3195	2	1195	597	3401520	375355	3420	0	3142	1330	0	0	0	0	0	0	0
3196	2	1196	598	3403350	375545	3422	0	3146	1330	0	0	0	0	0	0	0
3197	2	1197	598	3405190	375735	3424	0	3148	1330	0	0	0	0	0	0	0
3198	2	1198	599	3407020	375925	3428	0	3150	1340	0	0	0	0	0	0	0
3199	2	1199	599	3408860	376115	3430	0	3152	1340	0	0	0	0	0	0	0
3200	2	1200	600	3414690	376720	3434	0	3156	1340	1200	6000	6000	6000	6000	6000	6000
3201	2	1201	600	3420530	377325	3436	0	3158	1340	0	0	0	0	0	0	0
3202	2	1202	601	3422370	377515	3438	0	3160	1340	0	0	0	0	0	0	0
3203	2	1203	601	3424210	377705	3442	0	3162	1340	0	0	0	0	0	0	0
3204	2	1204	602	3426050	377895	3446	0	3164	1340	0	0	0	0	0	0	0
3205	2	1205	602	3427890	378085	3448	0	3168	1340	0	0	0	0	0	0	0
3206	2	1206	603	3429730	378275	3450	0	3170	1340	0	0	0	0	0	0	0
3207	2	1207	603	3431560	378465	3454	0	3172	1350	0	0	0	0	0	0	0
3208	2	1208	604	3435950	378890	3456	0	3174	1350	0	0	0	0	0	0	0
3209	2	1209	604	3440340	379310	3458	0	3176	1350	0	0	0	0	0	0	0
3210	2	1210	605	3442180	379500	3462	0	3178	1350	1210	6050	6050	6050	6050	6050	6050
3211	2	1211	605	3444020	379690	3466	0	3182	1350	0	0	0	0	0	0	0
3212	2	1212	606	3445860	379880	3468	0	3184	1350	0	0	0	0	0	0	0
3213	2	1213	606	3447700	380070	3470	0	3186	1350	0	0	0	0	0	0	0
3214	2	1214	607	3449540	380260	3474	0	3188	1350	0	0	0	0	0	0	0
3215	2	1215	607	3451380	380450	3476	0	3190	1350	0	0	0	0	0	0	0
3216	2	1216	608	3454820	385035	3480	0	3194	1360	0	0	0	0	0	0	0
3217	2	1217	608	3458270	389615	3482	0	3198	1360	0	0	0	0	0	0	0
3218	2	1218	609	3460110	389810	3484	0	3200	1360	0	0	0	0	0	0	0
3219	2	1219	609	3461950	390005	3488	0	3204	1360	0	0	0	0	0	0	0
3220	2	1220	610	3479810	392215	3490	0	3206	1360	1220	6100	6100	6100	6100	6100	6100
3221	2	1221	610	3497680	394420	3492	0	3208	1360	0	0	0	0	0	0	0
3222	2	1222	611	3502070	394855	3496	0	3214	1360	0	0	0	0	0	0	0
3223	2	1223	611	3506470	395290	3500	0	3222	1360	0	0	0	0	0	0	0
3224	2	1224	612	3508310	395485	3502	0	3224	1360	0	0	0	0	0	0	0
3225	2	1225	612	3510150	395675	3504	0	3226	1370	0	0	0	0	0	0	0
3226	2	1226	613	3512000	395870	3508	0	3230	1370	0	0	0	0	0	0	0
3227	2	1227	613	3513840	396065	3510	0	3232	1370	0	0	0	0	0	0	0
3228	2	1228	614	3515690	396260	3512	0	3234	1370	0	0	0	0	0	0	0
3229	2	1229	614	3517530	396455	3516	0	3236	1370	0	0	0	0	0	0	0
3230	2	1230	615	3519370	396645	3518	0	3238	1370	1230	6150	6150	6150	6150	6150	6150
3231	2	1231	615	3521220	396840	3520	0	3240	1370	0	0	0	0	0	0	0
3232	2	1232	616	3523060	397035	3524	0	3242	1370	0	0	0	0	0	0	0
3233	2	1233	616	3524910	397230	3528	0	3246	1370	0	0	0	0	0	0	0
3234	2	1234	617	3526750	397420	3530	0	3248	1380	0	0	0	0	0	0	0
3235	2	1235	617	3528590	397615	3532	0	3250	1380	0	0	0	0	0	0	0
3236	2	1236	618	3532990	398050	3536	0	3252	1380	0	0	0	0	0	0	0
3237	2	1237	618	3537380	398485	3538	0	3256	1380	0	0	0	0	0	0	0
3238	2	1238	619	3539230	398680	3542	0	3258	1380	0	0	0	0	0	0	0
3239	2	1239	619	3541070	398870	3544	0	3260	1380	0	0	0	0	0	0	0
3240	2	1240	620	3547020	399505	3546	0	3262	1380	1240	6200	6200	6200	6200	6200	6200
3241	2	1241	620	3552970	400135	3550	0	3264	1380	0	0	0	0	0	0	0
3242	2	1242	621	3597630	400720	3554	0	3268	1380	0	0	0	0	0	0	0
3243	2	1243	621	3642280	401305	3556	0	3270	1390	0	0	0	0	0	0	0
3244	2	1244	622	3644170	401500	3558	0	3272	1390	0	0	0	0	0	0	0
3245	2	1245	622	3646070	401695	3562	0	3274	1390	0	0	0	0	0	0	0
3246	2	1246	623	3647960	401890	3564	0	3276	1390	0	0	0	0	0	0	0
3247	2	1247	623	3649850	402085	3566	0	3278	1390	0	0	0	0	0	0	0
3248	2	1248	624	3666880	404135	3570	0	3282	1390	0	0	0	0	0	0	0
3249	2	1249	624	3683920	406190	3572	0	3284	1390	0	0	0	0	0	0	0
3250	2	1250	625	3685810	406385	3576	0	3286	1390	1250	6250	6250	6250	6250	6250	6250
3251	2	1251	625	3687700	406580	3578	0	3288	1390	0	0	0	0	0	0	0
3252	2	1252	626	3689590	406775	3582	0	3292	1400	0	0	0	0	0	0	0
3253	2	1253	626	3691490	406965	3584	0	3294	1400	0	0	0	0	0	0	0
3254	2	1254	627	3693380	407160	3586	0	3296	1400	0	0	0	0	0	0	0
3255	2	1255	627	3695270	407355	3590	0	3298	1400	0	0	0	0	0	0	0
3256	2	1256	628	3697160	407550	3592	0	3300	1400	0	0	0	0	0	0	0
3257	2	1257	628	3699050	407745	3596	0	3304	1400	0	0	0	0	0	0	0
3258	2	1258	629	3700940	407940	3598	0	3306	1400	0	0	0	0	0	0	0
3259	2	1259	629	3702840	408135	3600	0	3308	1400	0	0	0	0	0	0	0
3260	2	1260	630	3708980	408770	3604	0	3310	1400	1260	6300	6300	6300	6300	6300	6300
3261	2	1261	630	3715130	409410	3606	0	3312	1410	0	0	0	0	0	0	0
3262	2	1262	631	3733670	409845	3610	0	3314	1410	0	0	0	0	0	0	0
3263	2	1263	631	3752210	410280	3612	0	3318	1410	0	0	0	0	0	0	0
3264	2	1264	632	3754120	410470	3616	0	3320	1410	0	0	0	0	0	0	0
3265	2	1265	632	3756030	410665	3618	0	3322	1410	0	0	0	0	0	0	0
3266	2	1266	633	3757940	410860	3620	0	3324	1410	0	0	0	0	0	0	0
3267	2	1267	633	3759850	411055	3624	0	3326	1410	0	0	0	0	0	0	0
3268	2	1268	634	3763450	411650	3626	0	3330	1410	0	0	0	0	0	0	0
3269	2	1269	634	3767040	412245	3628	0	3332	1410	0	0	0	0	0	0	0
3270	2	1270	635	3768960	412440	3632	0	3334	1420	1270	6350	6350	6350	6350	6350	6350
3271	2	1271	635	3770870	412635	3636	0	3336	1420	0	0	0	0	0	0	0
3272	2	1272	636	3772780	412830	3638	0	3340	1420	0	0	0	0	0	0	0
3273	2	1273	636	3774690	413025	3640	0	3340	1420	0	0	0	0	0	0	0
3274	2	1274	637	3776600	413220	3644	0	3344	1420	0	0	0	0	0	0	0
3275	2	1275	637	3778510	413410	3646	0	3346	1420	0	0	0	0	0	0	0
3276	2	1276	638	3796260	416965	3650	0	3352	1420	0	0	0	0	0	0	0
3277	2	1277	638	3814000	420520	3652	0	3358	1420	0	0	0	0	0	0	0
3278	2	1278	639	3815910	420715	3654	0	3360	1420	0	0	0	0	0	0	0
3279	2	1279	639	3817830	420910	3658	0	3362	1430	0	0	0	0	0	0	0
3280	2	1280	640	3824070	421560	3660	0	3366	1430	1280	6400	6400	6400	6400	6400	6400
3281	2	1281	640	3830320	422205	3664	0	3366	1430	0	0	0	0	0	0	0
3282	2	1282	641	3832240	422405	3666	0	3370	1430	0	0	0	0	0	0	0
3283	2	1283	641	3834150	422600	3670	0	3372	1430	0	0	0	0	0	0	0
3284	2	1284	642	3836070	422795	3672	0	3376	1430	0	0	0	0	0	0	0
3285	2	1285	642	3837990	422995	3674	0	3376	1430	0	0	0	0	0	0	0
3286	2	1286	643	3839900	423190	3678	0	3380	1430	0	0	0	0	0	0	0
3287	2	1287	643	3841820	423385	3680	0	3382	1430	0	0	0	0	0	0	0
3288	2	1288	644	3843730	423585	3684	0	3384	1440	0	0	0	0	0	0	0
3289	2	1289	644	3845650	423780	3686	0	3386	1440	0	0	0	0	0	0	0
3290	2	1290	645	3850490	424245	3690	0	3390	1440	1290	6450	6450	6450	6450	6450	6450
3291	2	1291	645	3855320	424710	3692	0	3392	1440	0	0	0	0	0	0	0
3292	2	1292	646	3857240	424905	3694	0	3394	1440	0	0	0	0	0	0	0
3293	2	1293	646	3859150	425100	3698	0	3396	1440	0	0	0	0	0	0	0
3294	2	1294	647	3862770	425705	3700	0	3398	1440	0	0	0	0	0	0	0
3295	2	1295	647	3866380	426310	3702	0	3402	1440	0	0	0	0	0	0	0
3296	2	1296	648	3868300	426510	3706	0	3404	1440	0	0	0	0	0	0	0
3297	2	1297	648	3870210	426705	3708	0	3406	1450	0	0	0	0	0	0	0
3298	2	1298	649	3872130	426900	3712	0	3408	1450	0	0	0	0	0	0	0
3299	2	1299	649	3874050	427100	3714	0	3410	1450	0	0	0	0	0	0	0
3300	2	1300	650	3880350	427755	3718	0	3412	1450	1300	6500	6500	6500	6500	6500	6500
3301	2	1301	650	3886660	428405	3720	0	3416	1450	0	0	0	0	0	0	0
3302	2	1302	651	3891500	430340	3724	0	3418	1450	0	0	0	0	0	0	0
3303	2	1303	651	3896340	432270	3726	0	3420	1450	0	0	0	0	0	0	0
3304	2	1304	652	3911460	434185	3728	0	3422	1450	0	0	0	0	0	0	0
3305	2	1305	652	3926590	436100	3732	0	3424	1450	0	0	0	0	0	0	0
3306	2	1306	653	3928510	436300	3734	0	3428	1460	0	0	0	0	0	0	0
3307	2	1307	653	3930430	436495	3736	0	3430	1460	0	0	0	0	0	0	0
3308	2	1308	654	3932350	436695	3740	0	3432	1460	0	0	0	0	0	0	0
3309	2	1309	654	3934270	436890	3744	0	3434	1460	0	0	0	0	0	0	0
3310	2	1310	655	3936200	437090	3746	0	3438	1460	1310	6550	6550	6550	6550	6550	6550
3311	2	1311	655	3938120	437290	3748	0	3438	1460	0	0	0	0	0	0	0
3312	2	1312	656	3940040	437490	3752	0	3442	1460	0	0	0	0	0	0	0
3313	2	1313	656	3941960	437685	3754	0	3444	1460	0	0	0	0	0	0	0
3314	2	1314	657	3944600	437885	3758	0	3456	1460	0	0	0	0	0	0	0
3315	2	1315	657	3947250	438085	3760	0	3466	1470	0	0	0	0	0	0	0
3316	2	1316	658	3952090	438555	3762	0	3470	1470	0	0	0	0	0	0	0
3317	2	1317	658	3956930	439020	3766	0	3472	1470	0	0	0	0	0	0	0
3318	2	1318	659	3958850	439220	3768	0	3474	1470	0	0	0	0	0	0	0
3319	2	1319	659	3960770	439420	3772	0	3476	1470	0	0	0	0	0	0	0
3320	2	1320	660	3968850	440500	3774	0	3478	1470	1320	6600	6600	6600	6600	6600	6600
3321	2	1321	660	3976930	441580	3778	0	3480	1470	0	0	0	0	0	0	0
3322	2	1322	661	3978850	441780	3780	0	3484	1470	0	0	0	0	0	0	0
3323	2	1323	661	3980780	441980	3782	0	3486	1470	0	0	0	0	0	0	0
3324	2	1324	662	3982700	442180	3786	0	3488	1480	0	0	0	0	0	0	0
3325	2	1325	662	3984630	442375	3788	0	3490	1480	0	0	0	0	0	0	0
3326	2	1326	663	3986560	442575	3790	0	3492	1480	0	0	0	0	0	0	0
3327	2	1327	663	3988480	442775	3794	0	3496	1480	0	0	0	0	0	0	0
3328	2	1328	664	3990410	442975	3798	0	3498	1480	0	0	0	0	0	0	0
3329	2	1329	664	3992340	443175	3800	0	3500	1480	0	0	0	0	0	0	0
3330	2	1330	665	3997180	443640	3802	0	3502	1480	1330	6650	6650	6650	6650	6650	6650
3331	2	1331	665	4002030	444110	3806	0	3504	1480	0	0	0	0	0	0	0
3332	2	1332	666	4017440	446065	3808	0	3508	1480	0	0	0	0	0	0	0
3333	2	1333	666	4032860	448015	3810	0	3510	1490	0	0	0	0	0	0	0
3334	2	1334	667	4034780	448215	3814	0	3512	1490	0	0	0	0	0	0	0
3335	2	1335	667	4036710	448415	3816	0	3514	1490	0	0	0	0	0	0	0
3336	2	1336	668	4038640	448615	3820	0	3518	1490	0	0	0	0	0	0	0
3337	2	1337	668	4040560	448810	3822	0	3520	1490	0	0	0	0	0	0	0
3338	2	1338	669	4042490	449010	3826	0	3522	1490	0	0	0	0	0	0	0
3339	2	1339	669	4044420	449210	3828	0	3524	1490	0	0	0	0	0	0	0
3340	2	1340	670	4050840	449880	3832	0	3528	1490	1340	6700	6700	6700	6700	6700	6700
3341	2	1341	670	4057260	450550	3834	0	3528	1490	0	0	0	0	0	0	0
3342	2	1342	671	4059200	450750	3836	0	3532	1500	0	0	0	0	0	0	0
3343	2	1343	671	4061130	450950	3840	0	3534	1500	0	0	0	0	0	0	0
3344	2	1344	672	4081200	451420	3842	0	3536	1500	0	0	0	0	0	0	0
3345	2	1345	672	4101280	451890	3844	0	3538	1500	0	0	0	0	0	0	0
3346	2	1346	673	4104970	452515	3848	0	3540	1500	0	0	0	0	0	0	0
3347	2	1347	673	4108650	453140	3850	0	3544	1500	0	0	0	0	0	0	0
3348	2	1348	674	4110600	453340	3854	0	3546	1500	0	0	0	0	0	0	0
3349	2	1349	674	4112540	453540	3856	0	3548	1500	0	0	0	0	0	0	0
3350	2	1350	675	4114490	453740	3860	0	3550	1500	1350	6750	6750	6750	6750	6750	6750
3351	2	1351	675	4116430	453940	3862	0	3552	1510	0	0	0	0	0	0	0
3352	2	1352	676	4118380	454135	3864	0	3556	1510	0	0	0	0	0	0	0
3353	2	1353	676	4120320	454335	3868	0	3558	1510	0	0	0	0	0	0	0
3354	2	1354	677	4122270	454535	3870	0	3560	1510	0	0	0	0	0	0	0
3355	2	1355	677	4124210	454735	3874	0	3562	1510	0	0	0	0	0	0	0
3356	2	1356	678	4126160	454935	3876	0	3564	1510	0	0	0	0	0	0	0
3357	2	1357	678	4128110	455135	3880	0	3566	1510	0	0	0	0	0	0	0
3358	2	1358	679	4132990	455605	3882	0	3570	1510	0	0	0	0	0	0	0
3359	2	1359	679	4137880	456075	3884	0	3572	1510	0	0	0	0	0	0	0
3360	2	1360	680	4144410	456750	3888	0	3574	1520	1360	6800	6800	6800	6800	6800	6800
3361	2	1361	680	4150940	457425	3890	0	3576	1520	0	0	0	0	0	0	0
3362	2	1362	681	4166770	460980	3894	0	3582	1520	0	0	0	0	0	0	0
3363	2	1363	681	4182600	464535	3896	0	3588	1520	0	0	0	0	0	0	0
3364	2	1364	682	4184550	464735	3898	0	3592	1520	0	0	0	0	0	0	0
3365	2	1365	682	4186500	464935	3902	0	3594	1520	0	0	0	0	0	0	0
3366	2	1366	683	4188450	465140	3906	0	3596	1520	0	0	0	0	0	0	0
3367	2	1367	683	4190400	465340	3908	0	3598	1520	0	0	0	0	0	0	0
3368	2	1368	684	4192350	465540	3910	0	3600	1520	0	0	0	0	0	0	0
3369	2	1369	684	4194310	465740	3914	0	3602	1530	0	0	0	0	0	0	0
3370	2	1370	685	4200950	471375	3916	0	3606	1530	1370	6850	6850	6850	6850	6850	6850
3371	2	1371	685	4207600	477010	3918	0	3610	1530	0	0	0	0	0	0	0
3372	2	1372	686	4209550	477215	3922	0	3612	1530	0	0	0	0	0	0	0
3373	2	1373	686	4211500	477420	3924	0	3616	1530	0	0	0	0	0	0	0
3374	2	1374	687	4213450	477625	3928	0	3618	1530	0	0	0	0	0	0	0
3375	2	1375	687	4215400	477830	3930	0	3620	1530	0	0	0	0	0	0	0
3376	2	1376	688	4217350	478035	3934	0	3622	1530	0	0	0	0	0	0	0
3377	2	1377	688	4219300	478240	3936	0	3624	1530	0	0	0	0	0	0	0
3378	2	1378	689	4221250	478445	3940	0	3628	1540	0	0	0	0	0	0	0
3379	2	1379	689	4223200	478650	3942	0	3630	1540	0	0	0	0	0	0	0
3380	2	1380	690	4229790	479350	3944	0	3632	1540	1380	6900	6900	6900	6900	6900	6900
3381	2	1381	690	4236380	480050	3948	0	3634	1540	0	0	0	0	0	0	0
3382	2	1382	691	4238330	480255	3950	0	3636	1540	0	0	0	0	0	0	0
3383	2	1383	691	4240290	480460	3952	0	3638	1540	0	0	0	0	0	0	0
3384	2	1384	692	4245190	482535	3956	0	3642	1540	0	0	0	0	0	0	0
3385	2	1385	692	4250090	484605	3960	0	3644	1540	0	0	0	0	0	0	0
3386	2	1386	693	4252040	484815	3962	0	3646	1540	0	0	0	0	0	0	0
3387	2	1387	693	4254000	485020	3964	0	3648	1550	0	0	0	0	0	0	0
3388	2	1388	694	4255950	485230	3968	0	3652	1550	0	0	0	0	0	0	0
3389	2	1389	694	4257910	485435	3970	0	3654	1550	0	0	0	0	0	0	0
3390	2	1390	695	4274030	487535	3972	0	3656	1550	1390	6950	6950	6950	6950	6950	6950
3391	2	1391	695	4290160	489630	3976	0	3658	1550	0	0	0	0	0	0	0
3392	2	1392	696	4292120	489840	3978	0	3662	1550	0	0	0	0	0	0	0
3393	2	1393	696	4294070	490045	3982	0	3664	1550	0	0	0	0	0	0	0
3394	2	1394	697	4296030	490255	3984	0	3666	1550	0	0	0	0	0	0	0
3395	2	1395	697	4297980	490460	3988	0	3668	1550	0	0	0	0	0	0	0
3396	2	1396	698	4349650	491125	3990	0	3670	1560	0	0	0	0	0	0	0
3397	2	1397	698	4401320	491785	3992	0	3672	1560	0	0	0	0	0	0	0
3398	2	1398	699	4406330	492275	3996	0	3676	1560	0	0	0	0	0	0	0
3399	2	1399	699	4411330	492760	3998	0	3678	1560	0	0	0	0	0	0	0
3400	2	1400	700	4418130	493470	4002	0	3680	1560	1400	7000	7000	7000	7000	7000	7000
3401	2	1401	700	4424920	494180	4004	0	3682	1560	0	0	0	0	0	0	0
3402	2	1402	701	4426930	494390	4006	0	3684	1560	0	0	0	0	0	0	0
3403	2	1403	701	4428930	494595	4010	0	3688	1560	0	0	0	0	0	0	0
3404	2	1404	702	4430940	494805	4014	0	3690	1560	0	0	0	0	0	0	0
3405	2	1405	702	4432940	495015	4016	0	3692	1570	0	0	0	0	0	0	0
3406	2	1406	703	4434950	495220	4018	0	3694	1570	0	0	0	0	0	0	0
3407	2	1407	703	4436950	495430	4022	0	3696	1570	0	0	0	0	0	0	0
3408	2	1408	704	4438950	495635	4024	0	3700	1570	0	0	0	0	0	0	0
3409	2	1409	704	4440960	495845	4026	0	3700	1570	0	0	0	0	0	0	0
3410	2	1410	705	4442960	496050	4030	0	3704	1570	1410	7050	7050	7050	7050	7050	7050
3411	2	1411	705	4444970	496260	4032	0	3706	1570	0	0	0	0	0	0	0
3412	2	1412	706	4450580	496800	4036	0	3708	1570	0	0	0	0	0	0	0
3413	2	1413	706	4456190	497345	4038	0	3710	1570	0	0	0	0	0	0	0
3414	2	1414	707	4458200	497550	4042	0	3714	1580	0	0	0	0	0	0	0
3415	2	1415	707	4460200	497760	4044	0	3716	1580	0	0	0	0	0	0	0
3416	2	1416	708	4462210	497970	4046	0	3718	1580	0	0	0	0	0	0	0
3417	2	1417	708	4464210	498175	4050	0	3720	1580	0	0	0	0	0	0	0
3418	2	1418	709	4481000	500310	4052	0	3724	1580	0	0	0	0	0	0	0
3419	2	1419	709	4497780	502450	4056	0	3726	1580	0	0	0	0	0	0	0
3420	2	1420	710	4504640	503165	4058	0	3728	1580	1420	7100	7100	7100	7100	7100	7100
3421	2	1421	710	4511490	503880	4060	0	3730	1580	0	0	0	0	0	0	0
3422	2	1422	711	4515320	504550	4064	0	3732	1580	0	0	0	0	0	0	0
3423	2	1423	711	4519150	505225	4066	0	3736	1590	0	0	0	0	0	0	0
3424	2	1424	712	4524770	505765	4070	0	3742	1590	0	0	0	0	0	0	0
3425	2	1425	712	4530390	506310	4072	0	3748	1590	0	0	0	0	0	0	0
3426	2	1426	713	4532400	506515	4076	0	3752	1590	0	0	0	0	0	0	0
3427	2	1427	713	4534410	506725	4078	0	3754	1590	0	0	0	0	0	0	0
3428	2	1428	714	4536420	506935	4080	0	3756	1590	0	0	0	0	0	0	0
3429	2	1429	714	4538430	507140	4084	0	3758	1590	0	0	0	0	0	0	0
3430	2	1430	715	4540440	507350	4086	0	3760	1590	1430	7150	7150	7150	7150	7150	7150
3431	2	1431	715	4542450	507560	4090	0	3762	1590	0	0	0	0	0	0	0
3432	2	1432	716	4544460	507765	4092	0	3766	1600	0	0	0	0	0	0	0
3433	2	1433	716	4546470	507975	4096	0	3768	1600	0	0	0	0	0	0	0
3434	2	1434	717	4548470	508185	4098	0	3770	1600	0	0	0	0	0	0	0
3435	2	1435	717	4550480	508390	4100	0	3772	1600	0	0	0	0	0	0	0
3436	2	1436	718	4552490	508600	4104	0	3776	1600	0	0	0	0	0	0	0
3437	2	1437	718	4554500	508810	4106	0	3778	1600	0	0	0	0	0	0	0
3438	2	1438	719	4560120	509350	4110	0	3780	1600	0	0	0	0	0	0	0
3439	2	1439	719	4565740	509895	4112	0	3782	1600	0	0	0	0	0	0	0
3440	2	1440	720	4572660	510615	4114	0	3784	1600	1440	7200	7200	7200	7200	7200	7200
3441	2	1441	720	4579570	511340	4118	0	3786	1610	0	0	0	0	0	0	0
3442	2	1442	721	4581590	511545	4120	0	3790	1610	0	0	0	0	0	0	0
3443	2	1443	721	4583600	511755	4122	0	3792	1610	0	0	0	0	0	0	0
3444	2	1444	722	4585620	511965	4126	0	3794	1610	0	0	0	0	0	0	0
3445	2	1445	722	4587630	512175	4130	0	3796	1610	0	0	0	0	0	0	0
3446	2	1446	723	4604720	514350	4132	0	3802	1610	0	0	0	0	0	0	0
3447	2	1447	723	4621810	516525	4134	0	3808	1610	0	0	0	0	0	0	0
3448	2	1448	724	4625660	517205	4138	0	3810	1610	0	0	0	0	0	0	0
3449	2	1449	724	4629510	517885	4140	0	3814	1610	0	0	0	0	0	0	0
3450	2	1450	725	4631530	518095	4144	0	3816	1620	1450	7250	7250	7250	7250	7250	7250
3451	2	1451	725	4633540	518305	4146	0	3818	1620	0	0	0	0	0	0	0
3452	2	1452	726	4639160	518850	4150	0	3820	1620	0	0	0	0	0	0	0
3453	2	1453	726	4644780	519390	4152	0	3822	1620	0	0	0	0	0	0	0
3454	2	1454	727	4646800	519600	4154	0	3826	1620	0	0	0	0	0	0	0
3455	2	1455	727	4648820	519810	4158	0	3826	1620	0	0	0	0	0	0	0
3456	2	1456	728	4650830	520020	4160	0	3830	1620	0	0	0	0	0	0	0
3457	2	1457	728	4652840	520230	4164	0	3832	1620	0	0	0	0	0	0	0
3458	2	1458	729	4654860	520435	4166	0	3834	1620	0	0	0	0	0	0	0
3459	2	1459	729	4656870	520645	4168	0	3836	1630	0	0	0	0	0	0	0
3460	2	1460	730	4663850	521375	4172	0	3840	1630	1460	7300	7300	7300	7300	7300	7300
3461	2	1461	730	4670830	522105	4174	0	3842	1630	0	0	0	0	0	0	0
3462	2	1462	731	4672850	522310	4178	0	3844	1630	0	0	0	0	0	0	0
3463	2	1463	731	4674870	522520	4180	0	3846	1630	0	0	0	0	0	0	0
3464	2	1464	732	4676890	522730	4184	0	3850	1630	0	0	0	0	0	0	0
3465	2	1465	732	4678910	522940	4186	0	3852	1630	0	0	0	0	0	0	0
3466	2	1466	733	4701560	523485	4188	0	3854	1630	0	0	0	0	0	0	0
3467	2	1467	733	4724220	524025	4192	0	3856	1630	0	0	0	0	0	0	0
3468	2	1468	734	4726260	524235	4194	0	3860	1640	0	0	0	0	0	0	0
3469	2	1469	734	4728290	524445	4196	0	3862	1640	0	0	0	0	0	0	0
3470	2	1470	735	4730330	524655	4200	0	3864	1640	1470	7350	7350	7350	7350	7350	7350
3471	2	1471	735	4732360	524865	4204	0	3866	1640	0	0	0	0	0	0	0
3472	2	1472	736	4734400	525075	4206	0	3868	1640	0	0	0	0	0	0	0
3473	2	1473	736	4736430	525285	4208	0	3870	1640	0	0	0	0	0	0	0
3474	2	1474	737	4740330	525975	4212	0	3872	1640	0	0	0	0	0	0	0
3475	2	1475	737	4744220	526660	4214	0	3876	1640	0	0	0	0	0	0	0
3476	2	1476	738	4761740	530620	4218	0	3878	1640	0	0	0	0	0	0	0
3477	2	1477	738	4779260	534575	4220	0	3880	1650	0	0	0	0	0	0	0
3478	2	1478	739	4781290	534785	4222	0	3882	1650	0	0	0	0	0	0	0
3479	2	1479	739	4783330	534995	4226	0	3884	1650	0	0	0	0	0	0	0
3480	2	1480	740	4794050	536070	4228	0	3888	1650	1480	7400	7400	7400	7400	7400	7400
3481	2	1481	740	4804770	537145	4230	0	3888	1650	0	0	0	0	0	0	0
3482	2	1482	741	4806810	537360	4234	0	3892	1650	0	0	0	0	0	0	0
3483	2	1483	741	4808850	537570	4238	0	3894	1650	0	0	0	0	0	0	0
3484	2	1484	742	4810890	537780	4240	0	3898	1650	0	0	0	0	0	0	0
3485	2	1485	742	4812930	537990	4242	0	3898	1650	0	0	0	0	0	0	0
3486	2	1486	743	4814970	538205	4246	0	3902	1660	0	0	0	0	0	0	0
3487	2	1487	743	4817010	538415	4248	0	3904	1660	0	0	0	0	0	0	0
3488	2	1488	744	4819050	538625	4252	0	3906	1660	0	0	0	0	0	0	0
3489	2	1489	744	4821090	538835	4254	0	3908	1660	0	0	0	0	0	0	0
3490	2	1490	745	4823130	539050	4258	0	3912	1660	1490	7450	7450	7450	7450	7450	7450
3491	2	1491	745	4825170	539260	4260	0	3914	1660	0	0	0	0	0	0	0
3492	2	1492	746	4830840	539805	4262	0	3916	1660	0	0	0	0	0	0	0
3493	2	1493	746	4836520	540355	4266	0	3918	1660	0	0	0	0	0	0	0
3494	2	1494	747	4838560	540565	4268	0	3922	1660	0	0	0	0	0	0	0
3495	2	1495	747	4840600	540780	4272	0	3924	1670	0	0	0	0	0	0	0
3496	2	1496	748	4842640	540990	4274	0	3926	1670	0	0	0	0	0	0	0
3497	2	1497	748	4844680	541200	4276	0	3928	1670	0	0	0	0	0	0	0
3498	2	1498	749	4846720	541410	4280	0	3930	1670	0	0	0	0	0	0	0
3499	2	1499	749	4848760	541620	4282	0	3934	1670	0	0	0	0	0	0	0
3500	2	1500	750	4857780	542860	4286	0	3936	1670	1500	7500	7500	7500	7500	7500	7500
3501	2	1501	750	4866810	544090	4288	0	3938	1670	0	0	0	0	0	0	0
3502	2	1502	751	4868850	544305	4292	0	3940	1670	0	0	0	0	0	0	0
3503	2	1503	751	4870900	544515	4294	0	3942	1670	0	0	0	0	0	0	0
3504	2	1504	752	4888720	546785	4296	0	3944	1680	0	0	0	0	0	0	0
3505	2	1505	752	4906550	549055	4300	0	3946	1680	0	0	0	0	0	0	0
3506	2	1506	753	4912230	551395	4302	0	3950	1680	0	0	0	0	0	0	0
3507	2	1507	753	4917910	553735	4304	0	3952	1680	0	0	0	0	0	0	0
3508	2	1508	754	4919950	553945	4308	0	3954	1680	0	0	0	0	0	0	0
3509	2	1509	754	4922000	554160	4310	0	3956	1680	0	0	0	0	0	0	0
3510	2	1510	755	4924040	554480	4314	0	3968	1680	1510	7550	7550	7550	7550	7550	7550
3511	2	1511	755	4926090	554795	4316	0	3978	1680	0	0	0	0	0	0	0
3512	2	1512	756	4928130	555010	4320	0	3982	1680	0	0	0	0	0	0	0
3513	2	1513	756	4930180	555220	4322	0	3984	1690	0	0	0	0	0	0	0
3514	2	1514	757	4932230	555435	4326	0	3988	1690	0	0	0	0	0	0	0
3515	2	1515	757	4934270	555650	4328	0	3988	1690	0	0	0	0	0	0	0
3516	2	1516	758	4936310	555860	4330	0	3992	1690	0	0	0	0	0	0	0
3517	2	1517	758	4938360	556075	4334	0	3994	1690	0	0	0	0	0	0	0
3518	2	1518	759	4940400	556285	4336	0	3996	1690	0	0	0	0	0	0	0
3519	2	1519	759	4942450	556500	4338	0	3998	1690	0	0	0	0	0	0	0
3520	2	1520	760	4955180	556005	4342	0	4000	1690	1520	7600	7600	7600	7600	7600	7600
3521	2	1521	760	4967920	555510	4346	0	4004	1690	0	0	0	0	0	0	0
3522	2	1522	761	4969970	555725	4348	0	4006	1700	0	0	0	0	0	0	0
3523	2	1523	761	4972020	555940	4350	0	4008	1700	0	0	0	0	0	0	0
3524	2	1524	762	4974070	556155	4354	0	4010	1700	0	0	0	0	0	0	0
3525	2	1525	762	4976120	556365	4356	0	4014	1700	0	0	0	0	0	0	0
3526	2	1526	763	4980070	562495	4358	0	4016	1700	0	0	0	0	0	0	0
3527	2	1527	763	4984010	568625	4362	0	4020	1700	0	0	0	0	0	0	0
3528	2	1528	764	4986060	568845	4366	0	4024	1700	0	0	0	0	0	0	0
3529	2	1529	764	4988110	569060	4368	0	4024	1700	0	0	0	0	0	0	0
3530	2	1530	765	4990160	569280	4370	0	4028	1700	1530	7650	7650	7650	7650	7650	7650
3531	2	1531	765	4992210	569495	4374	0	4030	1710	0	0	0	0	0	0	0
3532	2	1532	766	5010340	571865	4376	0	4032	1710	0	0	0	0	0	0	0
3533	2	1533	766	5028460	574235	4378	0	4034	1710	0	0	0	0	0	0	0
3534	2	1534	767	5034190	574770	4382	0	4038	1710	0	0	0	0	0	0	0
3535	2	1535	767	5039900	575300	4384	0	4040	1710	0	0	0	0	0	0	0
3536	2	1536	768	5041950	575520	4388	0	4042	1710	0	0	0	0	0	0	0
3537	2	1537	768	5044010	575735	4390	0	4044	1710	0	0	0	0	0	0	0
3538	2	1538	769	5046060	575955	4392	0	4046	1710	0	0	0	0	0	0	0
3539	2	1539	769	5048110	576170	4396	0	4050	1710	0	0	0	0	0	0	0
3540	2	1540	770	5055380	576950	4398	0	4052	1720	1540	7700	7700	7700	7700	7700	7700
3541	2	1541	770	5062640	577725	4402	0	4054	1720	0	0	0	0	0	0	0
3542	2	1542	771	5064700	577945	4404	0	4056	1720	0	0	0	0	0	0	0
3543	2	1543	771	5066760	578160	4408	0	4058	1720	0	0	0	0	0	0	0
3544	2	1544	772	5068810	578380	4410	0	4060	1720	0	0	0	0	0	0	0
3545	2	1545	772	5070870	578595	4412	0	4062	1720	0	0	0	0	0	0	0
3546	2	1546	773	5094910	579130	4416	0	4066	1720	0	0	0	0	0	0	0
3547	2	1547	773	5118950	579665	4418	0	4068	1720	0	0	0	0	0	0	0
3548	2	1548	774	5121020	579885	4422	0	4070	1720	0	0	0	0	0	0	0
3549	2	1549	774	5123090	580100	4424	0	4072	1730	0	0	0	0	0	0	0
3550	2	1550	775	5182160	580840	4428	0	4076	1730	1550	7750	7750	7750	7750	7750	7750
3551	2	1551	775	5241230	581580	4430	0	4078	1730	0	0	0	0	0	0	0
3552	2	1552	776	5243350	581800	4432	0	4080	1730	0	0	0	0	0	0	0
3553	2	1553	776	5245460	582015	4436	0	4082	1730	0	0	0	0	0	0	0
3554	2	1554	777	5247580	582235	4438	0	4086	1730	0	0	0	0	0	0	0
3555	2	1555	777	5249690	582450	4442	0	4086	1730	0	0	0	0	0	0	0
3556	2	1556	778	5251810	582670	4444	0	4090	1730	0	0	0	0	0	0	0
3557	2	1557	778	5253920	582890	4446	0	4092	1730	0	0	0	0	0	0	0
3558	2	1558	779	5256040	583105	4450	0	4096	1740	0	0	0	0	0	0	0
3559	2	1559	779	5258150	583325	4452	0	4096	1740	0	0	0	0	0	0	0
3560	2	1560	780	5286310	588490	4456	0	4104	1740	1560	7800	7800	7800	7800	7800	7800
3561	2	1561	780	5314480	593650	4458	0	4108	1740	0	0	0	0	0	0	0
3562	2	1562	781	5316600	593870	4462	0	4112	1740	0	0	0	0	0	0	0
3563	2	1563	781	5318720	594090	4464	0	4114	1740	0	0	0	0	0	0	0
3564	2	1564	782	5320840	594310	4466	0	4116	1740	0	0	0	0	0	0	0
3565	2	1565	782	5322960	594530	4470	0	4118	1740	0	0	0	0	0	0	0
3566	2	1566	783	5325080	594750	4474	0	4122	1740	0	0	0	0	0	0	0
3567	2	1567	783	5327200	594970	4476	0	4122	1750	0	0	0	0	0	0	0
3568	2	1568	784	5329320	595190	4478	0	4126	1750	0	0	0	0	0	0	0
3569	2	1569	784	5331440	595410	4482	0	4128	1750	0	0	0	0	0	0	0
3570	2	1570	785	5333560	595630	4484	0	4130	1750	1570	7850	7850	7850	7850	7850	7850
3571	2	1571	785	5335680	595850	4486	0	4132	1750	0	0	0	0	0	0	0
3572	2	1572	786	5337800	596070	4490	0	4136	1750	0	0	0	0	0	0	0
3573	2	1573	786	5339920	596290	4492	0	4138	1750	0	0	0	0	0	0	0
3574	2	1574	787	5345820	596830	4496	0	4140	1750	0	0	0	0	0	0	0
3575	2	1575	787	5351710	597365	4498	0	4142	1750	0	0	0	0	0	0	0
3576	2	1576	788	5355810	598120	4500	0	4144	1760	0	0	0	0	0	0	0
3577	2	1577	788	5359910	598870	4504	0	4148	1760	0	0	0	0	0	0	0
3578	2	1578	789	5362030	599090	4508	0	4150	1760	0	0	0	0	0	0	0
3579	2	1579	789	5364150	599310	4510	0	4152	1760	0	0	0	0	0	0	0
3580	2	1580	790	5371750	600105	4512	0	4154	1760	1580	7900	7900	7900	7900	7900	7900
3581	2	1581	790	5379350	600900	4516	0	4156	1760	0	0	0	0	0	0	0
3582	2	1582	791	5381480	601120	4518	0	4158	1760	0	0	0	0	0	0	0
3583	2	1583	791	5383600	601340	4520	0	4162	1760	0	0	0	0	0	0	0
3584	2	1584	792	5385730	601560	4524	0	4164	1760	0	0	0	0	0	0	0
3585	2	1585	792	5387850	601780	4526	0	4166	1770	0	0	0	0	0	0	0
3586	2	1586	793	5389980	602000	4530	0	4168	1770	0	0	0	0	0	0	0
3587	2	1587	793	5392100	602220	4532	0	4170	1770	0	0	0	0	0	0	0
3588	2	1588	794	5415160	606920	4536	0	4174	1770	0	0	0	0	0	0	0
3589	2	1589	794	5438210	611620	4538	0	4176	1770	0	0	0	0	0	0	0
3590	2	1590	795	5440340	611845	4540	0	4178	1770	1590	7950	7950	7950	7950	7950	7950
3591	2	1591	795	5442460	612065	4544	0	4180	1770	0	0	0	0	0	0	0
3592	2	1592	796	5444590	612290	4546	0	4184	1770	0	0	0	0	0	0	0
3593	2	1593	796	5446710	612510	4550	0	4186	1770	0	0	0	0	0	0	0
3594	2	1594	797	5448840	612730	4552	0	4188	1780	0	0	0	0	0	0	0
3595	2	1595	797	5450970	612955	4554	0	4190	1780	0	0	0	0	0	0	0
3596	2	1596	798	5453090	613175	4558	0	4192	1780	0	0	0	0	0	0	0
3597	2	1597	798	5455220	613395	4560	0	4194	1780	0	0	0	0	0	0	0
3598	2	1598	799	5457340	613620	4564	0	4198	1780	0	0	0	0	0	0	0
3599	2	1599	799	5459470	613840	4566	0	4200	1780	0	0	0	0	0	0	0
3600	2	1600	800	5467130	614645	4570	0	4202	1780	1600	8000	8000	8000	8000	8000	8000
3601	2	1601	800	5474800	615450	4572	0	4204	1780	0	0	0	0	0	0	0
3602	2	1602	801	5482700	616540	4574	0	4206	1780	0	0	0	0	0	0	0
3603	2	1603	801	5490590	617625	4578	0	4210	1790	0	0	0	0	0	0	0
3604	2	1604	802	5492730	617845	4580	0	4212	1790	0	0	0	0	0	0	0
3605	2	1605	802	5494860	618070	4582	0	4214	1790	0	0	0	0	0	0	0
3606	2	1606	803	5496990	618295	4586	0	4216	1790	0	0	0	0	0	0	0
3607	2	1607	803	5499120	618515	4590	0	4218	1790	0	0	0	0	0	0	0
3608	2	1608	804	5501250	618740	4592	0	4222	1790	0	0	0	0	0	0	0
3609	2	1609	804	5503380	618960	4594	0	4222	1790	0	0	0	0	0	0	0
3610	2	1610	805	5505510	619185	4598	0	4226	1790	1610	8050	8050	8050	8050	8050	8050
3611	2	1611	805	5507640	619405	4600	0	4228	1790	0	0	0	0	0	0	0
3612	2	1612	806	5509770	619630	4604	0	4230	1800	0	0	0	0	0	0	0
3613	2	1613	806	5511900	619850	4606	0	4232	1800	0	0	0	0	0	0	0
3614	2	1614	807	5517810	620395	4608	0	4236	1800	0	0	0	0	0	0	0
3615	2	1615	807	5523720	620935	4612	0	4238	1800	0	0	0	0	0	0	0
3616	2	1616	808	5525850	621160	4614	0	4240	1800	0	0	0	0	0	0	0
3617	2	1617	808	5527980	621380	4618	0	4242	1800	0	0	0	0	0	0	0
3618	2	1618	809	5547570	623905	4620	0	4246	1800	0	0	0	0	0	0	0
3619	2	1619	809	5567160	626425	4624	0	4248	1800	0	0	0	0	0	0	0
3620	2	1620	810	5574890	627235	4626	0	4250	1800	1620	8100	8100	8100	8100	8100	8100
3621	2	1621	810	5582610	628050	4628	0	4252	1810	0	0	0	0	0	0	0
3622	2	1622	811	5584750	628270	4632	0	4254	1810	0	0	0	0	0	0	0
3623	2	1623	811	5586890	628495	4634	0	4258	1810	0	0	0	0	0	0	0
3624	2	1624	812	5589020	628720	4636	0	4260	1810	0	0	0	0	0	0	0
3625	2	1625	812	5591160	628940	4640	0	4262	1810	0	0	0	0	0	0	0
3626	2	1626	813	5593300	629165	4644	0	4264	1810	0	0	0	0	0	0	0
3627	2	1627	813	5595430	629385	4646	0	4266	1810	0	0	0	0	0	0	0
3628	2	1628	814	5603350	630485	4648	0	4274	1810	0	0	0	0	0	0	0
3629	2	1629	814	5611270	631580	4652	0	4280	1810	0	0	0	0	0	0	0
3630	2	1630	815	5613410	631800	4654	0	4284	1820	1630	8150	8150	8150	8150	8150	8150
3631	2	1631	815	5615540	632025	4656	0	4284	1820	0	0	0	0	0	0	0
3632	2	1632	816	5617680	632250	4660	0	4288	1820	0	0	0	0	0	0	0
3633	2	1633	816	5619820	632470	4662	0	4290	1820	0	0	0	0	0	0	0
3634	2	1634	817	5621950	632695	4666	0	4292	1820	0	0	0	0	0	0	0
3635	2	1635	817	5624090	632920	4668	0	4294	1820	0	0	0	0	0	0	0
3636	2	1636	818	5626220	633140	4672	0	4298	1820	0	0	0	0	0	0	0
3637	2	1637	818	5628360	633365	4674	0	4300	1820	0	0	0	0	0	0	0
3638	2	1638	819	5630500	633585	4678	0	4302	1820	0	0	0	0	0	0	0
3639	2	1639	819	5632630	633810	4680	0	4304	1830	0	0	0	0	0	0	0
3640	2	1640	820	5640420	634625	4682	0	4306	1830	1640	8200	8200	8200	8200	8200	8200
3641	2	1641	820	5648210	635445	4686	0	4308	1830	0	0	0	0	0	0	0
3642	2	1642	821	5654130	635990	4688	0	4312	1830	0	0	0	0	0	0	0
3643	2	1643	821	5660050	636535	4690	0	4314	1830	0	0	0	0	0	0	0
3644	2	1644	822	5662190	636755	4694	0	4316	1830	0	0	0	0	0	0	0
3645	2	1645	822	5664330	636980	4698	0	4318	1830	0	0	0	0	0	0	0
3646	2	1646	823	5684240	641555	4700	0	4324	1830	0	0	0	0	0	0	0
3647	2	1647	823	5704150	646130	4702	0	4330	1830	0	0	0	0	0	0	0
3648	2	1648	824	5706290	646355	4706	0	4334	1840	0	0	0	0	0	0	0
3649	2	1649	824	5708430	646580	4708	0	4336	1840	0	0	0	0	0	0	0
3650	2	1650	825	5710570	646805	4712	0	4338	1840	1650	8250	8250	8250	8250	8250	8250
3651	2	1651	825	5712710	647030	4714	0	4340	1840	0	0	0	0	0	0	0
3652	2	1652	826	5714860	647255	4716	0	4342	1840	0	0	0	0	0	0	0
3653	2	1653	826	5717000	647480	4720	0	4344	1840	0	0	0	0	0	0	0
3654	2	1654	827	5721160	648270	4722	0	4348	1840	0	0	0	0	0	0	0
3655	2	1655	827	5725330	649060	4726	0	4350	1840	0	0	0	0	0	0	0
3656	2	1656	828	5731240	649605	4728	0	4352	1840	0	0	0	0	0	0	0
3657	2	1657	828	5737160	650155	4732	0	4354	1850	0	0	0	0	0	0	0
3658	2	1658	829	5739300	650380	4734	0	4356	1850	0	0	0	0	0	0	0
3659	2	1659	829	5741440	650605	4736	0	4358	1850	0	0	0	0	0	0	0
3660	2	1660	830	5749300	651435	4740	0	4362	1850	1660	8300	8300	8300	8300	8300	8300
3661	2	1661	830	5757150	652260	4742	0	4364	1850	0	0	0	0	0	0	0
3662	2	1662	831	5759300	652490	4744	0	4366	1850	0	0	0	0	0	0	0
3663	2	1663	831	5761440	652715	4748	0	4368	1850	0	0	0	0	0	0	0
3664	2	1664	832	5763590	652940	4752	0	4372	1850	0	0	0	0	0	0	0
3665	2	1665	832	5765740	653165	4754	0	4374	1850	0	0	0	0	0	0	0
3666	2	1666	833	5767880	653390	4756	0	4376	1860	0	0	0	0	0	0	0
3667	2	1667	833	5770030	653615	4760	0	4378	1860	0	0	0	0	0	0	0
3668	2	1668	834	5796210	654165	4762	0	4382	1860	0	0	0	0	0	0	0
3669	2	1669	834	5822380	654710	4764	0	4384	1860	0	0	0	0	0	0	0
3670	2	1670	835	5824540	654935	4768	0	4386	1860	1670	8350	8350	8350	8350	8350	8350
3671	2	1671	835	5826700	655160	4770	0	4388	1860	0	0	0	0	0	0	0
3672	2	1672	836	5828870	655385	4774	0	4390	1860	0	0	0	0	0	0	0
3673	2	1673	836	5831030	655610	4776	0	4392	1860	0	0	0	0	0	0	0
3674	2	1674	837	5851390	658235	4780	0	4396	1860	0	0	0	0	0	0	0
3675	2	1675	837	5871750	660855	4782	0	4398	1870	0	0	0	0	0	0	0
3676	2	1676	838	5873910	661080	4786	0	4400	1870	0	0	0	0	0	0	0
3677	2	1677	838	5876070	661305	4788	0	4402	1870	0	0	0	0	0	0	0
3678	2	1678	839	5878230	661530	4790	0	4404	1870	0	0	0	0	0	0	0
3679	2	1679	839	5880400	661755	4794	0	4406	1870	0	0	0	0	0	0	0
3680	2	1680	840	5890420	669375	4796	0	4410	1870	1680	8400	8400	8400	8400	8400	8400
3681	2	1681	840	5900440	676995	4798	0	4414	1870	0	0	0	0	0	0	0
3682	2	1682	841	5906410	677550	4802	0	4416	1870	0	0	0	0	0	0	0
3683	2	1683	841	5912380	678110	4804	0	4420	1870	0	0	0	0	0	0	0
3684	2	1684	842	5914550	678340	4808	0	4422	1880	0	0	0	0	0	0	0
3685	2	1685	842	5916720	678570	4810	0	4424	1880	0	0	0	0	0	0	0
3686	2	1686	843	5918880	678800	4814	0	4426	1880	0	0	0	0	0	0	0
3687	2	1687	843	5921050	679030	4816	0	4428	1880	0	0	0	0	0	0	0
3688	2	1688	844	5923220	679260	4818	0	4432	1880	0	0	0	0	0	0	0
3689	2	1689	844	5925380	679490	4822	0	4434	1880	0	0	0	0	0	0	0
3690	2	1690	845	5927550	679720	4824	0	4436	1880	1690	8450	8450	8450	8450	8450	8450
3691	2	1691	845	5929720	679950	4828	0	4438	1880	0	0	0	0	0	0	0
3692	2	1692	846	5931890	680180	4830	0	4440	1880	0	0	0	0	0	0	0
3693	2	1693	846	5934060	680415	4834	0	4444	1890	0	0	0	0	0	0	0
3694	2	1694	847	5936220	680645	4836	0	4446	1890	0	0	0	0	0	0	0
3695	2	1695	847	5938390	680875	4838	0	4448	1890	0	0	0	0	0	0	0
3696	2	1696	848	5944360	681430	4842	0	4450	1890	0	0	0	0	0	0	0
3697	2	1697	848	5950330	681990	4844	0	4452	1890	0	0	0	0	0	0	0
3698	2	1698	849	5952500	682220	4848	0	4456	1890	0	0	0	0	0	0	0
3699	2	1699	849	5954670	682450	4850	0	4458	1890	0	0	0	0	0	0	0
3700	2	1700	850	5962700	683305	4852	0	4460	1890	1700	8500	8500	8500	8500	8500	8500
3701	2	1701	850	5970730	684165	4856	0	4462	1890	0	0	0	0	0	0	0
3702	2	1702	851	5991410	686875	4860	0	4464	1900	0	0	0	0	0	0	0
3703	2	1703	851	6012090	689585	4862	0	4466	1900	0	0	0	0	0	0	0
3704	2	1704	852	6014260	689820	4864	0	4470	1900	0	0	0	0	0	0	0
3705	2	1705	852	6016440	690050	4868	0	4472	1900	0	0	0	0	0	0	0
3706	2	1706	853	6084530	690875	4870	0	4482	1900	0	0	0	0	0	0	0
3707	2	1707	853	6152630	691700	4872	0	4494	1900	0	0	0	0	0	0	0
3708	2	1708	854	6154840	691930	4876	0	4498	1900	0	0	0	0	0	0	0
3709	2	1709	854	6157060	692160	4878	0	4500	1900	0	0	0	0	0	0	0
3710	2	1710	855	6163160	694840	4882	0	4502	1900	1710	8550	8550	8550	8550	8550	8550
3711	2	1711	855	6169260	697515	4884	0	4504	1910	0	0	0	0	0	0	0
3712	2	1712	856	6171480	697750	4888	0	4506	1910	0	0	0	0	0	0	0
3713	2	1713	856	6173700	697980	4890	0	4510	1910	0	0	0	0	0	0	0
3714	2	1714	857	6175920	698215	4894	0	4512	1910	0	0	0	0	0	0	0
3715	2	1715	857	6178140	698445	4896	0	4514	1910	0	0	0	0	0	0	0
3716	2	1716	858	6180350	698680	4898	0	4516	1910	0	0	0	0	0	0	0
3717	2	1717	858	6182570	698910	4902	0	4518	1910	0	0	0	0	0	0	0
3718	2	1718	859	6184790	699145	4904	0	4520	1910	0	0	0	0	0	0	0
3719	2	1719	859	6187010	699375	4906	0	4524	1910	0	0	0	0	0	0	0
3720	2	1720	860	6195270	700245	4910	0	4526	1920	1720	8600	8600	8600	8600	8600	8600
3721	2	1721	860	6203540	701115	4912	0	4528	1920	0	0	0	0	0	0	0
3722	2	1722	861	6205760	701350	4916	0	4530	1920	0	0	0	0	0	0	0
3723	2	1723	861	6207980	701580	4918	0	4534	1920	0	0	0	0	0	0	0
3724	2	1724	862	6214090	702145	4922	0	4536	1920	0	0	0	0	0	0	0
3725	2	1725	862	6220200	702705	4924	0	4538	1920	0	0	0	0	0	0	0
3726	2	1726	863	6222420	702940	4926	0	4540	1920	0	0	0	0	0	0	0
3727	2	1727	863	6224640	703175	4930	0	4542	1920	0	0	0	0	0	0	0
3728	2	1728	864	6226870	703405	4932	0	4546	1920	0	0	0	0	0	0	0
3729	2	1729	864	6229090	703635	4936	0	4546	1930	0	0	0	0	0	0	0
3730	2	1730	865	6252650	707015	4938	0	4554	1930	1730	8650	8650	8650	8650	8650	8650
3731	2	1731	865	6276210	710395	4942	0	4558	1930	0	0	0	0	0	0	0
3732	2	1732	866	6278430	710630	4944	0	4562	1930	0	0	0	0	0	0	0
3733	2	1733	866	6280660	710860	4946	0	4564	1930	0	0	0	0	0	0	0
3734	2	1734	867	6282880	711095	4950	0	4566	1930	0	0	0	0	0	0	0
3735	2	1735	867	6285110	711325	4952	0	4568	1930	0	0	0	0	0	0	0
3736	2	1736	868	6291210	711890	4956	0	4572	1930	0	0	0	0	0	0	0
3737	2	1737	868	6297310	712455	4958	0	4574	1930	0	0	0	0	0	0	0
3738	2	1738	869	6299540	712685	4960	0	4576	1940	0	0	0	0	0	0	0
3739	2	1739	869	6301760	712920	4964	0	4578	1940	0	0	0	0	0	0	0
3740	2	1740	870	6310090	713795	4968	0	4582	1940	1740	8700	8700	8700	8700	8700	8700
3741	2	1741	870	6318420	714670	4970	0	4582	1940	0	0	0	0	0	0	0
3742	2	1742	871	6320650	714900	4972	0	4586	1940	0	0	0	0	0	0	0
3743	2	1743	871	6322880	715135	4976	0	4588	1940	0	0	0	0	0	0	0
3744	2	1744	872	6325110	715370	4978	0	4590	1940	0	0	0	0	0	0	0
3745	2	1745	872	6327330	715600	4980	0	4592	1940	0	0	0	0	0	0	0
3746	2	1746	873	6329570	715835	4984	0	4596	1940	0	0	0	0	0	0	0
3747	2	1747	873	6331790	716070	4986	0	4598	1950	0	0	0	0	0	0	0
3748	2	1748	874	6334020	716305	4990	0	4600	1950	0	0	0	0	0	0	0
3749	2	1749	874	6336250	716535	4992	0	4602	1950	0	0	0	0	0	0	0
3750	2	1750	875	6363990	717100	4996	0	4604	1950	1750	8750	8750	8750	8750	8750	8750
3751	2	1751	875	6391730	717660	4998	0	4608	1950	0	0	0	0	0	0	0
3752	2	1752	876	6393970	717895	5000	0	4610	1950	0	0	0	0	0	0	0
3753	2	1753	876	6396220	718130	5004	0	4612	1950	0	0	0	0	0	0	0
3754	2	1754	877	6398460	718360	5006	0	4614	1950	0	0	0	0	0	0	0
3755	2	1755	877	6400710	718595	5010	0	4616	1950	0	0	0	0	0	0	0
3756	2	1756	878	6405110	719445	5012	0	4618	1960	0	0	0	0	0	0	0
3757	2	1757	878	6409510	720300	5014	0	4622	1960	0	0	0	0	0	0	0
3758	2	1758	879	6411760	720535	5018	0	4624	1960	0	0	0	0	0	0	0
3759	2	1759	879	6414000	720765	5020	0	4626	1960	0	0	0	0	0	0	0
3760	2	1760	880	6442110	726435	5024	0	4628	1960	1760	8800	8800	8800	8800	8800	8800
3761	2	1761	880	6470210	732110	5026	0	4630	1960	0	0	0	0	0	0	0
3762	2	1762	881	6472460	732345	5030	0	4634	1960	0	0	0	0	0	0	0
3763	2	1763	881	6474710	732580	5032	0	4636	1960	0	0	0	0	0	0	0
3764	2	1764	882	6480870	733145	5034	0	4638	1960	0	0	0	0	0	0	0
3765	2	1765	882	6487030	733715	5038	0	4640	1970	0	0	0	0	0	0	0
3766	2	1766	883	6489280	733950	5040	0	4644	1970	0	0	0	0	0	0	0
3767	2	1767	883	6491530	734185	5044	0	4644	1970	0	0	0	0	0	0	0
3768	2	1768	884	6493780	734420	5046	0	4648	1970	0	0	0	0	0	0	0
3769	2	1769	884	6496030	734655	5050	0	4650	1970	0	0	0	0	0	0	0
3770	2	1770	885	6498280	734890	5052	0	4652	1970	1770	8850	8850	8850	8850	8850	8850
3771	2	1771	885	6500530	735125	5054	0	4654	1970	0	0	0	0	0	0	0
3772	2	1772	886	6502780	735360	5058	0	4658	1970	0	0	0	0	0	0	0
3773	2	1773	886	6505030	735595	5060	0	4660	1970	0	0	0	0	0	0	0
3774	2	1774	887	6507280	735830	5064	0	4662	1980	0	0	0	0	0	0	0
3775	2	1775	887	6509530	736065	5066	0	4664	1980	0	0	0	0	0	0	0
3776	2	1776	888	6511780	736300	5068	0	4666	1980	0	0	0	0	0	0	0
3777	2	1777	888	6514030	736535	5072	0	4670	1980	0	0	0	0	0	0	0
3778	2	1778	889	6520190	737105	5076	0	4672	1980	0	0	0	0	0	0	0
3779	2	1779	889	6526340	737670	5078	0	4674	1980	0	0	0	0	0	0	0
3780	2	1780	890	6534860	738565	5080	0	4676	1980	1780	8900	8900	8900	8900	8900	8900
3781	2	1781	890	6543370	739460	5084	0	4678	1980	0	0	0	0	0	0	0
3782	2	1782	891	6547810	740330	5086	0	4680	1980	0	0	0	0	0	0	0
3783	2	1783	891	6552240	741200	5088	0	4684	1990	0	0	0	0	0	0	0
3784	2	1784	892	6554490	741435	5092	0	4686	1990	0	0	0	0	0	0	0
3785	2	1785	892	6556750	741670	5094	0	4688	1990	0	0	0	0	0	0	0
3786	2	1786	893	6559000	741905	5096	0	4690	1990	0	0	0	0	0	0	0
3787	2	1787	893	6561260	742140	5100	0	4692	1990	0	0	0	0	0	0	0
3788	2	1788	894	6583490	745015	5104	0	4696	1990	0	0	0	0	0	0	0
3789	2	1789	894	6605720	747885	5106	0	4698	1990	0	0	0	0	0	0	0
3790	2	1790	895	6611880	750715	5108	0	4700	1990	1790	8950	8950	8950	8950	8950	8950
3791	2	1791	895	6618040	753545	5112	0	4702	1990	0	0	0	0	0	0	0
3792	2	1792	896	6620300	753780	5114	0	4706	2000	0	0	0	0	0	0	0
3793	2	1793	896	6622550	754015	5118	0	4708	2000	0	0	0	0	0	0	0
3794	2	1794	897	6624810	754255	5120	0	4710	2000	0	0	0	0	0	0	0
3795	2	1795	897	6627060	754495	5122	0	4712	2000	0	0	0	0	0	0	0
3796	2	1796	898	6629320	754730	5126	0	4716	2000	0	0	0	0	0	0	0
3797	2	1797	898	6631580	754970	5128	0	4716	2000	0	0	0	0	0	0	0
3798	2	1798	899	6633830	755205	5132	0	4720	2000	0	0	0	0	0	0	0
3799	2	1799	899	6636090	755440	5134	0	4722	2000	0	0	0	0	0	0	0
3800	2	1800	900	6644660	756350	5138	0	4724	2000	1800	9000	9000	9000	9000	9000	9000
3801	2	1801	900	6653240	757255	5140	0	4726	2010	0	0	0	0	0	0	0
3802	2	1802	901	6655500	757490	5142	0	4728	2010	0	0	0	0	0	0	0
3803	2	1803	901	6657770	757730	5146	0	4732	2010	0	0	0	0	0	0	0
3804	2	1804	902	6663930	758300	5148	0	4734	2010	0	0	0	0	0	0	0
3805	2	1805	902	6670100	758875	5150	0	4736	2010	0	0	0	0	0	0	0
3806	2	1806	903	6672370	759110	5154	0	4738	2010	0	0	0	0	0	0	0
3807	2	1807	903	6674630	759345	5158	0	4740	2010	0	0	0	0	0	0	0
3808	2	1808	904	6679080	760235	5160	0	4744	2010	0	0	0	0	0	0	0
3809	2	1809	904	6683540	761120	5162	0	4746	2010	0	0	0	0	0	0	0
3810	2	1810	905	6685800	761355	5166	0	4748	2020	1810	9050	9050	9050	9050	9050	9050
3811	2	1811	905	6688060	761595	5168	0	4750	2020	0	0	0	0	0	0	0
3812	2	1812	906	6690320	761830	5172	0	4752	2020	0	0	0	0	0	0	0
3813	2	1813	906	6692580	762070	5174	0	4754	2020	0	0	0	0	0	0	0
3814	2	1814	907	6694840	762305	5176	0	4758	2020	0	0	0	0	0	0	0
3815	2	1815	907	6697100	762545	5180	0	4760	2020	0	0	0	0	0	0	0
3816	2	1816	908	6719650	765480	5182	0	4762	2020	0	0	0	0	0	0	0
3817	2	1817	908	6742200	768410	5184	0	4764	2020	0	0	0	0	0	0	0
3818	2	1818	909	6748370	768980	5188	0	4768	2020	0	0	0	0	0	0	0
3819	2	1819	909	6754540	769550	5192	0	4770	2030	0	0	0	0	0	0	0
3820	2	1820	910	6763180	770465	5194	0	4772	2030	1820	9100	9100	9100	9100	9100	9100
3821	2	1821	910	6771830	771375	5196	0	4774	2030	0	0	0	0	0	0	0
3822	2	1822	911	6774090	771615	5200	0	4776	2030	0	0	0	0	0	0	0
3823	2	1823	911	6776360	771855	5202	0	4780	2030	0	0	0	0	0	0	0
3824	2	1824	912	6778630	772095	5204	0	4782	2030	0	0	0	0	0	0	0
3825	2	1825	912	6780890	772330	5208	0	4784	2030	0	0	0	0	0	0	0
3826	2	1826	913	6783160	772570	5212	0	4786	2030	0	0	0	0	0	0	0
3827	2	1827	913	6785430	772810	5214	0	4788	2030	0	0	0	0	0	0	0
3828	2	1828	914	6787690	773045	5216	0	4792	2040	0	0	0	0	0	0	0
3829	2	1829	914	6789960	773285	5220	0	4794	2040	0	0	0	0	0	0	0
3830	2	1830	915	6792230	773525	5222	0	4796	2040	1830	9150	9150	9150	9150	9150	9150
3831	2	1831	915	6794500	773760	5224	0	4798	2040	0	0	0	0	0	0	0
3832	2	1832	916	6800670	774335	5228	0	4806	2040	0	0	0	0	0	0	0
3833	2	1833	916	6806840	774905	5230	0	4812	2040	0	0	0	0	0	0	0
3834	2	1834	917	6811320	782795	5234	0	4816	2040	0	0	0	0	0	0	0
3835	2	1835	917	6815800	790680	5236	0	4820	2040	0	0	0	0	0	0	0
3836	2	1836	918	6818070	790920	5238	0	4822	2040	0	0	0	0	0	0	0
3837	2	1837	918	6820330	791165	5242	0	4824	2050	0	0	0	0	0	0	0
3838	2	1838	919	6822600	791410	5246	0	4826	2050	0	0	0	0	0	0	0
3839	2	1839	919	6824870	791650	5248	0	4828	2050	0	0	0	0	0	0	0
3840	2	1840	920	6837000	792985	5254	0	4834	2050	1840	9200	9200	9200	9200	9200	9200
3841	2	1841	920	6849130	794320	5258	0	4838	2050	0	0	0	0	0	0	0
3842	2	1842	921	6852560	794715	5262	0	4842	2050	0	0	0	0	0	0	0
3843	2	1843	921	6855980	795115	5264	0	4844	2050	0	0	0	0	0	0	0
3844	2	1844	922	6880080	800665	5268	0	4850	2050	0	0	0	0	0	0	0
3845	2	1845	922	6904170	806220	5270	0	4856	2050	0	0	0	0	0	0	0
3846	2	1846	923	6911540	806965	5274	0	4860	2060	0	0	0	0	0	0	0
3847	2	1847	923	6918910	807710	5276	0	4862	2060	0	0	0	0	0	0	0
3848	2	1848	924	6922360	808115	5278	0	4864	2060	0	0	0	0	0	0	0
3849	2	1849	924	6925810	808520	5282	0	4868	2060	0	0	0	0	0	0	0
3850	2	1850	925	6929260	808920	5284	0	4870	2060	1850	9250	9250	9250	9250	9250	9250
3851	2	1851	925	6932710	809325	5288	0	4872	2060	0	0	0	0	0	0	0
3852	2	1852	926	6936160	809725	5290	0	4876	2060	0	0	0	0	0	0	0
3853	2	1853	926	6939610	810130	5292	0	4878	2060	0	0	0	0	0	0	0
3854	2	1854	927	6943060	810535	5296	0	4880	2060	0	0	0	0	0	0	0
3855	2	1855	927	6946520	810935	5300	0	4882	2070	0	0	0	0	0	0	0
3856	2	1856	928	6949970	811340	5302	0	4886	2070	0	0	0	0	0	0	0
3857	2	1857	928	6953420	811740	5304	0	4888	2070	0	0	0	0	0	0	0
3858	2	1858	929	6960810	812490	5308	0	4892	2070	0	0	0	0	0	0	0
3859	2	1859	929	6968210	813240	5310	0	4894	2070	0	0	0	0	0	0	0
3860	2	1860	930	7044760	814335	5314	0	4896	2070	1860	9300	9300	9300	9300	9300	9300
3861	2	1861	930	7121300	815430	5316	0	4898	2070	0	0	0	0	0	0	0
3862	2	1862	931	7124830	815835	5320	0	4902	2070	0	0	0	0	0	0	0
3863	2	1863	931	7128360	816235	5322	0	4904	2070	0	0	0	0	0	0	0
3864	2	1864	932	7131880	816640	5326	0	4906	2080	0	0	0	0	0	0	0
3865	2	1865	932	7135410	817045	5328	0	4910	2080	0	0	0	0	0	0	0
3866	2	1866	933	7138940	817450	5332	0	4912	2080	0	0	0	0	0	0	0
3867	2	1867	933	7142460	817855	5334	0	4914	2080	0	0	0	0	0	0	0
3868	2	1868	934	7145990	818260	5338	0	4918	2080	0	0	0	0	0	0	0
3869	2	1869	934	7149520	818660	5340	0	4920	2080	0	0	0	0	0	0	0
3870	2	1870	935	7153040	819065	5342	0	4924	2080	1870	9350	9350	9350	9350	9350	9350
3871	2	1871	935	7156570	819470	5346	0	4926	2080	0	0	0	0	0	0	0
3872	2	1872	936	7187930	820220	5348	0	4928	2080	0	0	0	0	0	0	0
3873	2	1873	936	7219290	820975	5352	0	4932	2090	0	0	0	0	0	0	0
3874	2	1874	937	7244720	824275	5354	0	4934	2090	0	0	0	0	0	0	0
3875	2	1875	937	7270150	827575	5356	0	4936	2090	0	0	0	0	0	0	0
3876	2	1876	938	7273720	827980	5360	0	4940	2090	0	0	0	0	0	0	0
3877	2	1877	938	7277300	828390	5362	0	4942	2090	0	0	0	0	0	0	0
3878	2	1878	939	7280880	828795	5366	0	4944	2090	0	0	0	0	0	0	0
3879	2	1879	939	7284450	829200	5368	0	4948	2090	0	0	0	0	0	0	0
3880	2	1880	940	7288030	829610	5372	0	4950	2090	1880	9400	9400	9400	9400	9400	9400
3881	2	1881	940	7291600	830020	5374	0	4952	2090	0	0	0	0	0	0	0
3882	2	1882	941	7295180	830425	5378	0	4956	2100	0	0	0	0	0	0	0
3883	2	1883	941	7298750	830830	5380	0	4958	2100	0	0	0	0	0	0	0
3884	2	1884	942	7302330	831240	5384	0	4960	2100	0	0	0	0	0	0	0
3885	2	1885	942	7305900	831645	5386	0	4964	2100	0	0	0	0	0	0	0
3886	2	1886	943	7315950	833115	5390	0	4966	2100	0	0	0	0	0	0	0
3887	2	1887	943	7326000	834585	5392	0	4968	2100	0	0	0	0	0	0	0
3888	2	1888	944	7329580	834990	5394	0	4972	2100	0	0	0	0	0	0	0
3889	2	1889	944	7333160	835400	5398	0	4974	2100	0	0	0	0	0	0	0
3890	2	1890	945	7336740	835810	5400	0	4978	2100	1890	9450	9450	9450	9450	9450	9450
3891	2	1891	945	7340330	836215	5404	0	4980	2110	0	0	0	0	0	0	0
3892	2	1892	946	7343910	836625	5406	0	4982	2110	0	0	0	0	0	0	0
3893	2	1893	946	7347490	837035	5410	0	4986	2110	0	0	0	0	0	0	0
3894	2	1894	947	7351070	837440	5412	0	4988	2110	0	0	0	0	0	0	0
3895	2	1895	947	7354650	837850	5416	0	4990	2110	0	0	0	0	0	0	0
3896	2	1896	948	7358240	838260	5418	0	4994	2110	0	0	0	0	0	0	0
3897	2	1897	948	7361820	838665	5420	0	4996	2110	0	0	0	0	0	0	0
3898	2	1898	949	7365400	839075	5424	0	4998	2110	0	0	0	0	0	0	0
3899	2	1899	949	7368980	839485	5428	0	5002	2110	0	0	0	0	0	0	0
3900	2	1900	950	7376700	840245	5430	0	5004	2120	1900	9500	9500	9500	9500	9500	9500
3901	2	1901	950	7384420	841005	5432	0	5006	2120	0	0	0	0	0	0	0
3902	2	1902	951	7410520	844515	5436	0	5024	2120	0	0	0	0	0	0	0
3903	2	1903	951	7436610	848020	5438	0	5040	2120	0	0	0	0	0	0	0
3904	2	1904	952	7440220	848435	5442	0	5042	2120	0	0	0	0	0	0	0
3905	2	1905	952	7443830	848845	5444	0	5046	2120	0	0	0	0	0	0	0
3906	2	1906	953	7447440	849255	5446	0	5048	2120	0	0	0	0	0	0	0
3907	2	1907	953	7451050	849670	5450	0	5050	2120	0	0	0	0	0	0	0
3908	2	1908	954	7454650	850080	5454	0	5054	2120	0	0	0	0	0	0	0
3909	2	1909	954	7458260	850490	5456	0	5056	2130	0	0	0	0	0	0	0
3910	2	1910	955	7464280	851635	5460	0	5058	2130	1910	9550	9550	9550	9550	9550	9550
3911	2	1911	955	7470290	852780	5462	0	5062	2130	0	0	0	0	0	0	0
3912	2	1912	956	7478070	856050	5464	0	5064	2130	0	0	0	0	0	0	0
3913	2	1913	956	7485840	859315	5468	0	5066	2130	0	0	0	0	0	0	0
3914	2	1914	957	7489450	859730	5470	0	5070	2130	0	0	0	0	0	0	0
3915	2	1915	957	7493070	860145	5472	0	5072	2130	0	0	0	0	0	0	0
3916	2	1916	958	7496680	860565	5476	0	5076	2130	0	0	0	0	0	0	0
3917	2	1917	958	7500290	860980	5480	0	5078	2130	0	0	0	0	0	0	0
3918	2	1918	959	7503910	861395	5482	0	5080	2140	0	0	0	0	0	0	0
3919	2	1919	959	7507520	861810	5484	0	5084	2140	0	0	0	0	0	0	0
3920	2	1920	960	7511140	862225	5488	0	5086	2140	1920	9600	9600	9600	9600	9600	9600
3921	2	1921	960	7514750	862640	5490	0	5088	2140	0	0	0	0	0	0	0
3922	2	1922	961	7518360	863055	5494	0	5092	2140	0	0	0	0	0	0	0
3923	2	1923	961	7521980	863470	5496	0	5094	2140	0	0	0	0	0	0	0
3924	2	1924	962	7525590	863885	5500	0	5096	2140	0	0	0	0	0	0	0
3925	2	1925	962	7529210	864300	5502	0	5100	2140	0	0	0	0	0	0	0
3926	2	1926	963	7537010	865075	5506	0	5102	2140	0	0	0	0	0	0	0
3927	2	1927	963	7544810	865845	5508	0	5104	2150	0	0	0	0	0	0	0
3928	2	1928	964	7548430	866260	5512	0	5108	2150	0	0	0	0	0	0	0
3929	2	1929	964	7552050	866680	5514	0	5110	2150	0	0	0	0	0	0	0
3930	2	1930	965	7578830	872720	5518	0	5116	2150	1930	9650	9650	9650	9650	9650	9650
3931	2	1931	965	7605600	878765	5520	0	5122	2150	0	0	0	0	0	0	0
3932	2	1932	966	7609240	879185	5522	0	5126	2150	0	0	0	0	0	0	0
3933	2	1933	966	7612880	879605	5526	0	5128	2150	0	0	0	0	0	0	0
3934	2	1934	967	7616520	880030	5528	0	5130	2150	0	0	0	0	0	0	0
3935	2	1935	967	7620160	880450	5532	0	5134	2150	0	0	0	0	0	0	0
3936	2	1936	968	7626260	881630	5536	0	5136	2160	0	0	0	0	0	0	0
3937	2	1937	968	7632360	882815	5538	0	5140	2160	0	0	0	0	0	0	0
3938	2	1938	969	7636000	883235	5540	0	5142	2160	0	0	0	0	0	0	0
3939	2	1939	969	7639640	883655	5544	0	5144	2160	0	0	0	0	0	0	0
3940	2	1940	970	7647500	884445	5546	0	5148	2160	1940	9700	9700	9700	9700	9700	9700
3941	2	1941	970	7655360	885225	5548	0	5150	2160	0	0	0	0	0	0	0
3942	2	1942	971	7659010	885650	5552	0	5152	2160	0	0	0	0	0	0	0
3943	2	1943	971	7662660	886070	5554	0	5156	2160	0	0	0	0	0	0	0
3944	2	1944	972	7666300	886495	5558	0	5158	2160	0	0	0	0	0	0	0
3945	2	1945	972	7669950	886915	5560	0	5160	2170	0	0	0	0	0	0	0
3946	2	1946	973	7673600	887335	5564	0	5164	2170	0	0	0	0	0	0	0
3947	2	1947	973	7677240	887760	5566	0	5166	2170	0	0	0	0	0	0	0
3948	2	1948	974	7680890	888180	5570	0	5168	2170	0	0	0	0	0	0	0
3949	2	1949	974	7684540	888600	5572	0	5172	2170	0	0	0	0	0	0	0
3950	2	1950	975	7688180	889025	5576	0	5174	2170	1950	9750	9750	9750	9750	9750	9750
3951	2	1951	975	7691830	889445	5578	0	5176	2170	0	0	0	0	0	0	0
3952	2	1952	976	7695480	889870	5580	0	5180	2170	0	0	0	0	0	0	0
3953	2	1953	976	7699120	890290	5584	0	5182	2170	0	0	0	0	0	0	0
3954	2	1954	977	7732420	891080	5586	0	5184	2180	0	0	0	0	0	0	0
3955	2	1955	977	7765730	891865	5590	0	5188	2180	0	0	0	0	0	0	0
3956	2	1956	978	7769400	892290	5592	0	5190	2180	0	0	0	0	0	0	0
3957	2	1957	978	7773080	892710	5596	0	5194	2180	0	0	0	0	0	0	0
3958	2	1958	979	7800720	896320	5598	0	5196	2180	0	0	0	0	0	0	0
3959	2	1959	979	7828360	899935	5602	0	5198	2180	0	0	0	0	0	0	0
3960	2	1960	980	7832060	900360	5604	0	5202	2180	1960	9800	9800	9800	9800	9800	9800
3961	2	1961	980	7835760	900785	5608	0	5204	2180	0	0	0	0	0	0	0
3962	2	1962	981	7841980	901995	5610	0	5206	2180	0	0	0	0	0	0	0
3963	2	1963	981	7848200	903200	5612	0	5210	2190	0	0	0	0	0	0	0
3964	2	1964	982	7851900	903625	5616	0	5212	2190	0	0	0	0	0	0	0
3965	2	1965	982	7855600	904055	5618	0	5214	2190	0	0	0	0	0	0	0
3966	2	1966	983	7859300	904480	5622	0	5218	2190	0	0	0	0	0	0	0
3967	2	1967	983	7863000	904905	5624	0	5220	2190	0	0	0	0	0	0	0
3968	2	1968	984	7871000	905700	5628	0	5222	2190	0	0	0	0	0	0	0
3969	2	1969	984	7879000	906495	5630	0	5226	2190	0	0	0	0	0	0	0
3970	2	1970	985	7882710	906920	5634	0	5228	2190	1970	9850	9850	9850	9850	9850	9850
3971	2	1971	985	7886410	907345	5636	0	5230	2190	0	0	0	0	0	0	0
3972	2	1972	986	7890110	907770	5638	0	5234	2200	0	0	0	0	0	0	0
3973	2	1973	986	7893820	908200	5642	0	5236	2200	0	0	0	0	0	0	0
3974	2	1974	987	7897520	908625	5644	0	5238	2200	0	0	0	0	0	0	0
3975	2	1975	987	7901220	909050	5648	0	5242	2200	0	0	0	0	0	0	0
3976	2	1976	988	7904930	909475	5652	0	5244	2200	0	0	0	0	0	0	0
3977	2	1977	988	7908630	909905	5654	0	5248	2200	0	0	0	0	0	0	0
3978	2	1978	989	7912340	910330	5656	0	5250	2200	0	0	0	0	0	0	0
3979	2	1979	989	7916040	910755	5660	0	5252	2200	0	0	0	0	0	0	0
3980	2	1980	990	7924070	911555	5662	0	5256	2200	1980	9900	9900	9900	9900	9900	9900
3981	2	1981	990	7932100	912350	5664	0	5258	2210	0	0	0	0	0	0	0
3982	2	1982	991	7935810	912775	5668	0	5260	2210	0	0	0	0	0	0	0
3983	2	1983	991	7939510	913205	5670	0	5264	2210	0	0	0	0	0	0	0
3984	2	1984	992	7943220	913630	5674	0	5266	2210	0	0	0	0	0	0	0
3985	2	1985	992	7946930	914055	5676	0	5268	2210	0	0	0	0	0	0	0
3986	2	1986	993	7975270	917760	5680	0	5272	2210	0	0	0	0	0	0	0
3987	2	1987	993	8003620	921465	5682	0	5274	2210	0	0	0	0	0	0	0
3988	2	1988	994	8009930	930730	5686	0	5278	2210	0	0	0	0	0	0	0
3989	2	1989	994	8016230	939990	5688	0	5284	2210	0	0	0	0	0	0	0
3990	2	1990	995	8019960	940425	5692	0	5286	2220	1990	9950	9950	9950	9950	9950	9950
3991	2	1991	995	8023700	940865	5694	0	5288	2220	0	0	0	0	0	0	0
3992	2	1992	996	8027430	941305	5698	0	5290	2220	0	0	0	0	0	0	0
3993	2	1993	996	8031160	941740	5700	0	5292	2220	0	0	0	0	0	0	0
3994	2	1994	997	8039250	945245	5704	0	5296	2220	0	0	0	0	0	0	0
3995	2	1995	997	8047340	948745	5706	0	5298	2220	0	0	0	0	0	0	0
3996	2	1996	998	8051080	949185	5708	0	5302	2220	0	0	0	0	0	0	0
3997	2	1997	998	8054810	949625	5712	0	5304	2220	0	0	0	0	0	0	0
3998	2	1998	999	8058550	950065	5714	0	5306	2220	0	0	0	0	0	0	0
3999	2	1999	999	8062290	950510	5716	0	5310	2230	0	0	0	0	0	0	0
4000	2	2000	1000	8066020	950950	5720	0	5312	2230	2000	10000	10000	10000	10000	10000	10000
4001	3	1	0	0	0	0	0	0	10	0	0	0	0	0	0	0
4002	3	2	1	650	115	8	0	6	10	0	0	0	0	0	0	0
4003	3	3	1	1300	225	18	0	12	10	0	0	0	0	0	0	0
4004	3	4	2	1370	235	20	0	16	10	0	0	0	0	0	0	0
4005	3	5	2	1450	250	22	0	16	10	0	0	0	0	0	0	0
4006	3	6	3	1520	260	26	0	20	10	0	0	0	0	0	0	0
4007	3	7	3	1590	270	28	0	20	10	0	0	0	0	0	0	0
4008	3	8	4	1670	285	30	0	24	10	0	0	0	0	0	0	0
4009	3	9	4	1740	295	32	0	24	10	0	0	0	0	0	0	0
4010	3	10	5	1820	305	36	0	28	20	10	50	50	50	50	50	50
4011	3	11	5	1890	320	38	0	30	20	0	0	0	0	0	0	0
4012	3	12	6	1960	330	40	0	32	20	0	0	0	0	0	0	0
4013	3	13	6	2040	340	44	0	34	20	0	0	0	0	0	0	0
4014	3	14	7	2110	355	46	0	36	20	0	0	0	0	0	0	0
4015	3	15	7	2180	365	48	0	38	20	0	0	0	0	0	0	0
4016	3	16	8	2260	375	50	0	40	20	0	0	0	0	0	0	0
4017	3	17	8	2330	390	52	0	42	20	0	0	0	0	0	0	0
4018	3	18	9	2400	400	56	0	44	20	0	0	0	0	0	0	0
4019	3	19	9	2480	410	58	0	46	30	0	0	0	0	0	0	0
4020	3	20	10	2550	420	60	0	48	30	20	100	100	100	100	100	100
4021	3	21	10	2620	435	64	0	50	30	0	0	0	0	0	0	0
4022	3	22	11	2700	445	66	0	52	30	0	0	0	0	0	0	0
4023	3	23	11	2770	460	68	0	56	30	0	0	0	0	0	0	0
4024	3	24	12	2850	470	72	0	58	30	0	0	0	0	0	0	0
4025	3	25	12	2920	480	74	0	60	30	0	0	0	0	0	0	0
4026	3	26	13	3180	515	76	0	62	30	0	0	0	0	0	0	0
4027	3	27	13	3450	550	78	0	64	30	0	0	0	0	0	0	0
4028	3	28	14	3520	560	80	0	66	40	0	0	0	0	0	0	0
4029	3	29	14	3590	570	84	0	68	40	0	0	0	0	0	0	0
4030	3	30	15	3670	585	86	0	70	40	30	150	150	150	150	150	150
4031	3	31	15	3740	595	88	0	72	40	0	0	0	0	0	0	0
4032	3	32	16	3820	605	92	0	74	40	0	0	0	0	0	0	0
4033	3	33	16	3890	620	94	0	76	40	0	0	0	0	0	0	0
4034	3	34	17	3960	630	96	0	78	40	0	0	0	0	0	0	0
4035	3	35	17	4040	640	98	0	80	40	0	0	0	0	0	0	0
4036	3	36	18	4110	655	102	0	84	40	0	0	0	0	0	0	0
4037	3	37	18	4180	665	104	0	84	50	0	0	0	0	0	0	0
4038	3	38	19	4260	675	106	0	88	50	0	0	0	0	0	0	0
4039	3	39	19	4330	685	108	0	88	50	0	0	0	0	0	0	0
4040	3	40	20	6760	1030	112	0	96	50	40	200	200	200	200	200	200
4041	3	41	20	9200	1370	114	0	100	50	0	0	0	0	0	0	0
4042	3	42	21	10470	1575	122	0	108	50	0	0	0	0	0	0	0
4043	3	43	21	11730	1780	132	0	114	50	0	0	0	0	0	0	0
4044	3	44	22	11830	1800	134	0	116	50	0	0	0	0	0	0	0
4045	3	45	22	11920	1810	136	0	118	50	0	0	0	0	0	0	0
4046	3	46	23	12020	1825	140	0	120	60	0	0	0	0	0	0	0
4047	3	47	23	12110	1840	142	0	122	60	0	0	0	0	0	0	0
4048	3	48	24	12200	1855	144	0	124	60	0	0	0	0	0	0	0
4049	3	49	24	12300	1870	146	0	126	60	0	0	0	0	0	0	0
4050	3	50	25	12390	1885	150	0	128	60	50	250	250	250	250	250	250
4051	3	51	25	12480	1900	152	0	130	60	0	0	0	0	0	0	0
4052	3	52	26	12580	1915	154	0	132	60	0	0	0	0	0	0	0
4053	3	53	26	12670	1930	156	0	136	60	0	0	0	0	0	0	0
4054	3	54	27	13150	2005	160	0	138	60	0	0	0	0	0	0	0
4055	3	55	27	13620	2085	162	0	140	70	0	0	0	0	0	0	0
4056	3	56	28	13710	2100	164	0	142	70	0	0	0	0	0	0	0
4057	3	57	28	13810	2115	168	0	144	70	0	0	0	0	0	0	0
4058	3	58	29	13900	2130	170	0	146	70	0	0	0	0	0	0	0
4059	3	59	29	14000	2145	172	0	148	70	0	0	0	0	0	0	0
4060	3	60	30	14090	2160	174	0	150	70	60	300	300	300	300	300	300
4061	3	61	30	14180	2175	176	0	152	70	0	0	0	0	0	0	0
4062	3	62	31	14280	2190	180	0	154	70	0	0	0	0	0	0	0
4063	3	63	31	14370	2205	182	0	156	70	0	0	0	0	0	0	0
4064	3	64	32	14460	2220	184	0	158	80	0	0	0	0	0	0	0
4065	3	65	32	14560	2230	188	0	160	80	0	0	0	0	0	0	0
4066	3	66	33	14650	2245	190	0	162	80	0	0	0	0	0	0	0
4067	3	67	33	14750	2260	192	0	164	80	0	0	0	0	0	0	0
4068	3	68	34	14840	2275	194	0	168	80	0	0	0	0	0	0	0
4069	3	69	34	14930	2290	196	0	168	80	0	0	0	0	0	0	0
4070	3	70	35	15030	2305	200	0	172	80	70	350	350	350	350	350	350
4071	3	71	35	15120	2320	202	0	172	80	0	0	0	0	0	0	0
4072	3	72	36	15220	2335	204	0	176	80	0	0	0	0	0	0	0
4073	3	73	36	15310	2350	208	0	178	90	0	0	0	0	0	0	0
4074	3	74	37	15400	2365	210	0	180	90	0	0	0	0	0	0	0
4075	3	75	37	15500	2380	212	0	182	90	0	0	0	0	0	0	0
4076	3	76	38	15590	2395	216	0	184	90	0	0	0	0	0	0	0
4077	3	77	38	15680	2410	218	0	186	90	0	0	0	0	0	0	0
4078	3	78	39	15780	2425	220	0	188	90	0	0	0	0	0	0	0
4079	3	79	39	15870	2440	222	0	190	90	0	0	0	0	0	0	0
4080	3	80	40	15970	2455	224	0	192	90	80	400	400	400	400	400	400
4081	3	81	40	16060	2470	228	0	194	90	0	0	0	0	0	0	0
4082	3	82	41	17060	2605	230	0	196	100	0	0	0	0	0	0	0
4083	3	83	41	18050	2740	232	0	198	100	0	0	0	0	0	0	0
4084	3	84	42	18160	2760	236	0	200	100	0	0	0	0	0	0	0
4085	3	85	42	18260	2775	238	0	202	100	0	0	0	0	0	0	0
4086	3	86	43	18360	2790	240	0	204	100	0	0	0	0	0	0	0
4087	3	87	43	18460	2805	242	0	208	100	0	0	0	0	0	0	0
4088	3	88	44	18570	2825	246	0	210	100	0	0	0	0	0	0	0
4089	3	89	44	18670	2840	248	0	212	100	0	0	0	0	0	0	0
4090	3	90	45	18770	2855	250	0	214	100	90	450	450	450	450	450	450
4091	3	91	45	18880	2870	252	0	216	110	0	0	0	0	0	0	0
4092	3	92	46	18980	2890	256	0	218	110	0	0	0	0	0	0	0
4093	3	93	46	19080	2905	258	0	220	110	0	0	0	0	0	0	0
4094	3	94	47	19190	2920	260	0	222	110	0	0	0	0	0	0	0
4095	3	95	47	19290	2935	264	0	224	110	0	0	0	0	0	0	0
4096	3	96	48	19390	2955	266	0	226	110	0	0	0	0	0	0	0
4097	3	97	48	19500	2970	268	0	228	110	0	0	0	0	0	0	0
4098	3	98	49	19600	2985	270	0	230	110	0	0	0	0	0	0	0
4099	3	99	49	19700	3000	272	0	232	110	0	0	0	0	0	0	0
4100	3	100	50	19810	3020	276	0	236	120	100	499	499	499	499	499	499
4101	3	101	50	19910	3035	278	0	236	120	0	0	0	0	0	0	0
4102	3	102	51	20020	3050	280	0	240	120	0	0	0	0	0	0	0
4103	3	103	51	20120	3065	284	0	240	120	0	0	0	0	0	0	0
4104	3	104	52	20220	3085	286	0	244	120	0	0	0	0	0	0	0
4105	3	105	52	20330	3100	288	0	244	120	0	0	0	0	0	0	0
4106	3	106	53	20430	3115	290	0	248	120	0	0	0	0	0	0	0
4107	3	107	53	20530	3135	292	0	250	120	0	0	0	0	0	0	0
4108	3	108	54	20640	3150	296	0	252	120	0	0	0	0	0	0	0
4109	3	109	54	20740	3165	298	0	254	130	0	0	0	0	0	0	0
4110	3	110	55	21610	3275	300	0	256	130	110	549	549	549	549	549	549
4111	3	111	55	22470	3380	304	0	258	130	0	0	0	0	0	0	0
4112	3	112	56	22580	3395	306	0	260	130	0	0	0	0	0	0	0
4113	3	113	56	22680	3415	308	0	262	130	0	0	0	0	0	0	0
4114	3	114	57	22780	3430	312	0	264	130	0	0	0	0	0	0	0
4115	3	115	57	22890	3445	314	0	266	130	0	0	0	0	0	0	0
4116	3	116	58	22990	3460	316	0	268	130	0	0	0	0	0	0	0
4117	3	117	58	23100	3480	318	0	270	130	0	0	0	0	0	0	0
4118	3	118	59	23200	3495	320	0	272	140	0	0	0	0	0	0	0
4119	3	119	59	23300	3510	324	0	276	140	0	0	0	0	0	0	0
4120	3	120	60	23390	3525	326	0	278	140	120	599	599	599	599	599	599
4121	3	121	60	23470	3540	328	0	280	140	0	0	0	0	0	0	0
4122	3	122	61	23710	3560	332	0	282	140	0	0	0	0	0	0	0
4123	3	123	61	23950	3585	334	0	284	140	0	0	0	0	0	0	0
4124	3	124	62	24030	3600	336	0	286	140	0	0	0	0	0	0	0
4125	3	125	62	24120	3610	338	0	288	140	0	0	0	0	0	0	0
4126	3	126	63	24200	3625	340	0	290	140	0	0	0	0	0	0	0
4127	3	127	63	24280	3640	344	0	292	150	0	0	0	0	0	0	0
4128	3	128	64	24360	3650	346	0	294	150	0	0	0	0	0	0	0
4129	3	129	64	24450	3665	348	0	296	150	0	0	0	0	0	0	0
4130	3	130	65	24530	3680	352	0	298	150	130	649	649	649	649	649	649
4131	3	131	65	24610	3690	354	0	300	150	0	0	0	0	0	0	0
4132	3	132	66	30800	4495	356	0	306	150	0	0	0	0	0	0	0
4133	3	133	66	36980	5305	358	0	312	150	0	0	0	0	0	0	0
4134	3	134	67	37110	5320	362	0	316	150	0	0	0	0	0	0	0
4135	3	135	67	37230	5340	364	0	316	150	0	0	0	0	0	0	0
4136	3	136	68	37390	5365	366	0	320	160	0	0	0	0	0	0	0
4137	3	137	68	37560	5390	368	0	322	160	0	0	0	0	0	0	0
4138	3	138	69	38880	5560	372	0	328	160	0	0	0	0	0	0	0
4139	3	139	69	40190	5735	374	0	332	160	0	0	0	0	0	0	0
4140	3	140	70	40360	5760	376	0	334	160	140	699	699	699	699	699	699
4141	3	141	70	40520	5785	380	0	336	160	0	0	0	0	0	0	0
4142	3	142	71	40690	5805	382	0	338	160	0	0	0	0	0	0	0
4143	3	143	71	40850	5830	384	0	340	160	0	0	0	0	0	0	0
4144	3	144	72	41020	5855	386	0	342	160	0	0	0	0	0	0	0
4145	3	145	72	41180	5880	388	0	344	170	0	0	0	0	0	0	0
4146	3	146	73	41350	5905	392	0	348	170	0	0	0	0	0	0	0
4147	3	147	73	41510	5930	394	0	348	170	0	0	0	0	0	0	0
4148	3	148	74	41680	5955	396	0	352	170	0	0	0	0	0	0	0
4149	3	149	74	41840	5980	400	0	352	170	0	0	0	0	0	0	0
4150	3	150	75	42010	6000	402	0	356	170	150	750	750	750	750	750	750
4151	3	151	75	42170	6025	404	0	358	170	0	0	0	0	0	0	0
4152	3	152	76	42340	6050	406	0	360	170	0	0	0	0	0	0	0
4153	3	153	76	42500	6075	408	0	362	170	0	0	0	0	0	0	0
4154	3	154	77	42710	6105	412	0	364	180	0	0	0	0	0	0	0
4155	3	155	77	42920	6135	414	0	366	180	0	0	0	0	0	0	0
4156	3	156	78	43130	6165	416	0	368	180	0	0	0	0	0	0	0
4157	3	157	78	43340	6195	420	0	370	180	0	0	0	0	0	0	0
4158	3	158	79	43540	6225	422	0	372	180	0	0	0	0	0	0	0
4159	3	159	79	43750	6255	424	0	374	180	0	0	0	0	0	0	0
4160	3	160	80	43960	6285	428	0	376	180	160	800	800	800	800	800	800
4161	3	161	80	44170	6315	430	0	378	180	0	0	0	0	0	0	0
4162	3	162	81	44380	6345	432	0	380	180	0	0	0	0	0	0	0
4163	3	163	81	44590	6375	434	0	384	190	0	0	0	0	0	0	0
4164	3	164	82	44800	6405	436	0	386	190	0	0	0	0	0	0	0
4165	3	165	82	45010	6435	440	0	388	190	0	0	0	0	0	0	0
4166	3	166	83	45220	6465	442	0	390	190	0	0	0	0	0	0	0
4167	3	167	83	45430	6495	444	0	392	190	0	0	0	0	0	0	0
4168	3	168	84	46780	6665	448	0	394	190	0	0	0	0	0	0	0
4169	3	169	84	48130	6830	450	0	396	190	0	0	0	0	0	0	0
4170	3	170	85	48340	6860	452	0	398	190	170	850	850	850	850	850	850
4171	3	171	85	48560	6895	454	0	400	190	0	0	0	0	0	0	0
4172	3	172	86	59240	8200	458	0	406	200	0	0	0	0	0	0	0
4173	3	173	86	69930	9505	460	0	412	200	0	0	0	0	0	0	0
4174	3	174	87	70120	9535	462	0	414	200	0	0	0	0	0	0	0
4175	3	175	87	70300	9560	464	0	416	200	0	0	0	0	0	0	0
4176	3	176	88	70490	9585	468	0	418	200	0	0	0	0	0	0	0
4177	3	177	88	70680	9615	470	0	420	200	0	0	0	0	0	0	0
4178	3	178	89	71260	9675	472	0	424	200	0	0	0	0	0	0	0
4179	3	179	89	71830	9735	476	0	424	200	0	0	0	0	0	0	0
4180	3	180	90	72020	9760	478	0	428	200	180	900	900	900	900	900	900
4181	3	181	90	72210	9785	480	0	428	210	0	0	0	0	0	0	0
4182	3	182	91	72900	9855	482	0	432	210	0	0	0	0	0	0	0
4183	3	183	91	73580	9920	484	0	434	210	0	0	0	0	0	0	0
4184	3	184	92	73770	9950	488	0	436	210	0	0	0	0	0	0	0
4185	3	185	92	73970	9975	490	0	438	210	0	0	0	0	0	0	0
4186	3	186	93	74160	10005	492	0	440	210	0	0	0	0	0	0	0
4187	3	187	93	74350	10030	496	0	442	210	0	0	0	0	0	0	0
4188	3	188	94	74600	10065	498	0	444	210	0	0	0	0	0	0	0
4189	3	189	94	74860	10100	500	0	446	210	0	0	0	0	0	0	0
4190	3	190	95	75120	10135	502	0	448	220	190	950	950	950	950	950	950
4191	3	191	95	75380	10170	504	0	450	220	0	0	0	0	0	0	0
4192	3	192	96	76030	10240	508	0	452	220	0	0	0	0	0	0	0
4193	3	193	96	76670	10305	510	0	454	220	0	0	0	0	0	0	0
4194	3	194	97	76930	10340	512	0	456	220	0	0	0	0	0	0	0
4195	3	195	97	77190	10375	516	0	460	220	0	0	0	0	0	0	0
4196	3	196	98	78780	10575	518	0	462	220	0	0	0	0	0	0	0
4197	3	197	98	80370	10770	520	0	464	220	0	0	0	0	0	0	0
4198	3	198	99	80630	10805	522	0	466	220	0	0	0	0	0	0	0
4199	3	199	99	80890	10840	524	0	468	230	0	0	0	0	0	0	0
4200	3	200	100	81150	10875	528	0	470	230	200	1000	1000	1000	1000	1000	1000
4201	3	201	100	81410	10910	530	0	472	230	0	0	0	0	0	0	0
4202	3	202	101	81670	10945	532	0	474	230	0	0	0	0	0	0	0
4203	3	203	101	81930	10980	536	0	476	230	0	0	0	0	0	0	0
4204	3	204	102	82580	11050	538	0	478	230	0	0	0	0	0	0	0
4205	3	205	102	83230	11120	540	0	480	230	0	0	0	0	0	0	0
4206	3	206	103	83490	11155	544	0	482	230	0	0	0	0	0	0	0
4207	3	207	103	83750	11190	546	0	484	230	0	0	0	0	0	0	0
4208	3	208	104	84020	11225	548	0	486	240	0	0	0	0	0	0	0
4209	3	209	104	84280	11260	550	0	488	240	0	0	0	0	0	0	0
4210	3	210	105	84540	11295	554	0	492	240	210	1050	1050	1050	1050	1050	1050
4211	3	211	105	84800	11330	556	0	492	240	0	0	0	0	0	0	0
4212	3	212	106	103100	13400	558	0	500	240	0	0	0	0	0	0	0
4213	3	213	106	121410	15470	560	0	506	240	0	0	0	0	0	0	0
4214	3	214	107	121820	15535	564	0	508	240	0	0	0	0	0	0	0
4215	3	215	107	122240	15595	566	0	510	240	0	0	0	0	0	0	0
4216	3	216	108	122610	15645	568	0	512	240	0	0	0	0	0	0	0
4217	3	217	108	122980	15695	572	0	514	250	0	0	0	0	0	0	0
4218	3	218	109	123750	15775	574	0	516	250	0	0	0	0	0	0	0
4219	3	219	109	124510	15855	576	0	518	250	0	0	0	0	0	0	0
4220	3	220	110	124890	15905	578	0	520	250	220	1100	1100	1100	1100	1100	1100
4221	3	221	110	125260	15950	580	0	522	250	0	0	0	0	0	0	0
4222	3	222	111	125640	16000	584	0	524	250	0	0	0	0	0	0	0
4223	3	223	111	126020	16045	586	0	526	250	0	0	0	0	0	0	0
4224	3	224	112	127830	16355	588	0	532	250	0	0	0	0	0	0	0
4225	3	225	112	129640	16665	590	0	536	250	0	0	0	0	0	0	0
4226	3	226	113	129930	16705	594	0	540	260	0	0	0	0	0	0	0
4227	3	227	113	130220	16740	596	0	542	260	0	0	0	0	0	0	0
4228	3	228	114	130520	16780	598	0	544	260	0	0	0	0	0	0	0
4229	3	229	114	130810	16820	600	0	546	260	0	0	0	0	0	0	0
4230	3	230	115	131100	16860	604	0	548	260	230	1150	1150	1150	1150	1150	1150
4231	3	231	115	131390	16895	606	0	550	260	0	0	0	0	0	0	0
4232	3	232	116	132070	16970	608	0	552	260	0	0	0	0	0	0	0
4233	3	233	116	132740	17040	612	0	554	260	0	0	0	0	0	0	0
4234	3	234	117	133040	17080	614	0	556	260	0	0	0	0	0	0	0
4235	3	235	117	133330	17115	616	0	558	270	0	0	0	0	0	0	0
4236	3	236	118	133620	17155	620	0	560	270	0	0	0	0	0	0	0
4237	3	237	118	133910	17195	622	0	562	270	0	0	0	0	0	0	0
4238	3	238	119	134200	17230	624	0	564	270	0	0	0	0	0	0	0
4239	3	239	119	134490	17270	626	0	566	270	0	0	0	0	0	0	0
4240	3	240	120	134860	17360	628	0	568	270	240	1200	1200	1200	1200	1200	1200
4241	3	241	120	135220	17450	632	0	570	270	0	0	0	0	0	0	0
4242	3	242	121	135760	17540	634	0	572	270	0	0	0	0	0	0	0
4243	3	243	121	136290	17635	636	0	576	270	0	0	0	0	0	0	0
4244	3	244	122	136580	17675	640	0	578	280	0	0	0	0	0	0	0
4245	3	245	122	136880	17715	642	0	580	280	0	0	0	0	0	0	0
4246	3	246	123	137660	17800	644	0	582	280	0	0	0	0	0	0	0
4247	3	247	123	138450	17885	646	0	584	280	0	0	0	0	0	0	0
4248	3	248	124	138740	17920	648	0	586	280	0	0	0	0	0	0	0
4249	3	249	124	139030	17960	652	0	588	280	0	0	0	0	0	0	0
4250	3	250	125	139380	18005	654	0	590	280	250	1250	1250	1250	1250	1250	1250
4251	3	251	125	139720	18050	656	0	592	280	0	0	0	0	0	0	0
4252	3	252	126	171970	21510	660	0	598	280	0	0	0	0	0	0	0
4253	3	253	126	204220	24975	662	0	604	290	0	0	0	0	0	0	0
4254	3	254	127	204720	25035	664	0	608	290	0	0	0	0	0	0	0
4255	3	255	127	205220	25095	666	0	608	290	0	0	0	0	0	0	0
4256	3	256	128	205710	25155	668	0	612	290	0	0	0	0	0	0	0
4257	3	257	128	206200	25215	672	0	612	290	0	0	0	0	0	0	0
4258	3	258	129	206700	25275	674	0	616	290	0	0	0	0	0	0	0
4259	3	259	129	207200	25335	676	0	616	290	0	0	0	0	0	0	0
4260	3	260	130	208080	25430	680	0	620	290	260	1300	1300	1300	1300	1300	1300
4261	3	261	130	208960	25525	682	0	622	290	0	0	0	0	0	0	0
4262	3	262	131	209450	25585	684	0	624	300	0	0	0	0	0	0	0
4263	3	263	131	209940	25645	686	0	626	300	0	0	0	0	0	0	0
4264	3	264	132	210450	25705	690	0	628	300	0	0	0	0	0	0	0
4265	3	265	132	210950	25765	692	0	630	300	0	0	0	0	0	0	0
4266	3	266	133	211560	25885	694	0	632	300	0	0	0	0	0	0	0
4267	3	267	133	212160	26000	696	0	634	300	0	0	0	0	0	0	0
4268	3	268	134	212660	26060	700	0	636	300	0	0	0	0	0	0	0
4269	3	269	134	213170	26120	702	0	638	300	0	0	0	0	0	0	0
4270	3	270	135	213660	26180	704	0	640	300	270	1350	1350	1350	1350	1350	1350
4271	3	271	135	214150	26240	708	0	642	310	0	0	0	0	0	0	0
4272	3	272	136	215040	26335	710	0	644	310	0	0	0	0	0	0	0
4273	3	273	136	215920	26430	712	0	648	310	0	0	0	0	0	0	0
4274	3	274	137	216420	26490	714	0	650	310	0	0	0	0	0	0	0
4275	3	275	137	216920	26550	716	0	652	310	0	0	0	0	0	0	0
4276	3	276	138	217420	26615	720	0	654	310	0	0	0	0	0	0	0
4277	3	277	138	217910	26675	722	0	656	310	0	0	0	0	0	0	0
4278	3	278	139	218420	26735	724	0	658	310	0	0	0	0	0	0	0
4279	3	279	139	218920	26795	728	0	660	310	0	0	0	0	0	0	0
4280	3	280	140	219420	26855	730	0	662	320	280	1400	1400	1400	1400	1400	1400
4281	3	281	140	219910	26920	732	0	664	320	0	0	0	0	0	0	0
4282	3	282	141	222310	27210	736	0	666	320	0	0	0	0	0	0	0
4283	3	283	141	224710	27505	738	0	668	320	0	0	0	0	0	0	0
4284	3	284	142	225220	27565	740	0	670	320	0	0	0	0	0	0	0
4285	3	285	142	225720	27625	742	0	672	320	0	0	0	0	0	0	0
4286	3	286	143	226600	27720	744	0	676	320	0	0	0	0	0	0	0
4287	3	287	143	227490	27815	748	0	676	320	0	0	0	0	0	0	0
4288	3	288	144	227990	27875	750	0	680	320	0	0	0	0	0	0	0
4289	3	289	144	228500	27935	752	0	680	330	0	0	0	0	0	0	0
4290	3	290	145	229150	28490	756	0	684	330	290	1450	1450	1450	1450	1450	1450
4291	3	291	145	229800	29040	758	0	684	330	0	0	0	0	0	0	0
4292	3	292	146	230300	29105	760	0	688	330	0	0	0	0	0	0	0
4293	3	293	146	230790	29170	762	0	690	330	0	0	0	0	0	0	0
4294	3	294	147	231300	29230	764	0	692	330	0	0	0	0	0	0	0
4295	3	295	147	231810	29295	768	0	694	330	0	0	0	0	0	0	0
4296	3	296	148	232310	29360	770	0	696	330	0	0	0	0	0	0	0
4297	3	297	148	232800	29420	772	0	698	330	0	0	0	0	0	0	0
4298	3	298	149	233310	29485	776	0	700	340	0	0	0	0	0	0	0
4299	3	299	149	233820	29545	778	0	702	340	0	0	0	0	0	0	0
4300	3	300	150	235930	29645	780	0	704	340	300	1500	1500	1500	1500	1500	1500
4301	3	301	150	238040	29740	782	0	706	340	0	0	0	0	0	0	0
4302	3	302	151	239400	29940	786	0	708	340	0	0	0	0	0	0	0
4303	3	303	151	240770	30140	788	0	710	340	0	0	0	0	0	0	0
4304	3	304	152	241220	30195	790	0	712	340	0	0	0	0	0	0	0
4305	3	305	152	241670	30250	792	0	716	340	0	0	0	0	0	0	0
4306	3	306	153	242120	30310	796	0	718	340	0	0	0	0	0	0	0
4307	3	307	153	242570	30365	798	0	720	350	0	0	0	0	0	0	0
4308	3	308	154	243380	30465	800	0	722	350	0	0	0	0	0	0	0
4309	3	309	154	244190	30560	804	0	724	350	0	0	0	0	0	0	0
4310	3	310	155	246760	30880	806	0	728	350	310	1550	1550	1550	1550	1550	1550
4311	3	311	155	249320	31200	808	0	734	350	0	0	0	0	0	0	0
4312	3	312	156	249780	31255	810	0	736	350	0	0	0	0	0	0	0
4313	3	313	156	250230	31315	812	0	738	350	0	0	0	0	0	0	0
4314	3	314	157	251070	31405	816	0	740	350	0	0	0	0	0	0	0
4315	3	315	157	251910	31495	818	0	742	350	0	0	0	0	0	0	0
4316	3	316	158	256610	31645	820	0	744	360	0	0	0	0	0	0	0
4317	3	317	158	261300	31795	824	0	748	360	0	0	0	0	0	0	0
4318	3	318	159	261840	31860	826	0	750	360	0	0	0	0	0	0	0
4319	3	319	159	262380	31925	828	0	752	360	0	0	0	0	0	0	0
4320	3	320	160	262930	31990	830	0	754	360	320	1600	1600	1600	1600	1600	1600
4321	3	321	160	263480	32055	832	0	756	360	0	0	0	0	0	0	0
4322	3	322	161	264020	32125	836	0	758	360	0	0	0	0	0	0	0
4323	3	323	161	264560	32190	838	0	760	360	0	0	0	0	0	0	0
4324	3	324	162	265120	32260	840	0	762	360	0	0	0	0	0	0	0
4325	3	325	162	265670	32325	844	0	764	370	0	0	0	0	0	0	0
4326	3	326	163	266830	32605	846	0	766	370	0	0	0	0	0	0	0
4327	3	327	163	267980	32880	848	0	768	370	0	0	0	0	0	0	0
4328	3	328	164	268520	32950	852	0	770	370	0	0	0	0	0	0	0
4329	3	329	164	269070	33015	854	0	772	370	0	0	0	0	0	0	0
4330	3	330	165	269620	33080	856	0	774	370	330	1650	1650	1650	1650	1650	1650
4331	3	331	165	270170	33150	858	0	776	370	0	0	0	0	0	0	0
4332	3	332	166	270720	33215	860	0	778	370	0	0	0	0	0	0	0
4333	3	333	166	271260	33285	864	0	780	370	0	0	0	0	0	0	0
4334	3	334	167	271820	33395	866	0	788	380	0	0	0	0	0	0	0
4335	3	335	167	272370	33500	868	0	792	380	0	0	0	0	0	0	0
4336	3	336	168	272920	33570	872	0	796	380	0	0	0	0	0	0	0
4337	3	337	168	273460	33635	874	0	798	380	0	0	0	0	0	0	0
4338	3	338	169	276390	34160	876	0	800	380	0	0	0	0	0	0	0
4339	3	339	169	279320	34685	878	0	802	380	0	0	0	0	0	0	0
4340	3	340	170	280480	34805	880	0	804	380	340	1700	1700	1700	1700	1700	1700
4341	3	341	170	281640	34925	884	0	806	380	0	0	0	0	0	0	0
4342	3	342	171	282430	35075	886	0	808	380	0	0	0	0	0	0	0
4343	3	343	171	283210	35225	888	0	810	390	0	0	0	0	0	0	0
4344	3	344	172	283770	35295	892	0	812	390	0	0	0	0	0	0	0
4345	3	345	172	284320	35365	894	0	814	390	0	0	0	0	0	0	0
4346	3	346	173	284870	35430	896	0	816	390	0	0	0	0	0	0	0
4347	3	347	173	285420	35500	898	0	818	390	0	0	0	0	0	0	0
4348	3	348	174	285980	35570	902	0	820	390	0	0	0	0	0	0	0
4349	3	349	174	286530	35635	904	0	822	390	0	0	0	0	0	0	0
4350	3	350	175	287080	35705	906	0	824	390	350	1750	1750	1750	1750	1750	1750
4351	3	351	175	287630	35770	908	0	828	390	0	0	0	0	0	0	0
4352	3	352	176	324320	38850	912	0	834	400	0	0	0	0	0	0	0
4353	3	353	176	361020	41930	914	0	840	400	0	0	0	0	0	0	0
4354	3	354	177	364140	42065	916	0	842	400	0	0	0	0	0	0	0
4355	3	355	177	367250	42200	920	0	844	400	0	0	0	0	0	0	0
4356	3	356	178	367960	42280	922	0	846	400	0	0	0	0	0	0	0
4357	3	357	178	368670	42355	924	0	848	400	0	0	0	0	0	0	0
4358	3	358	179	369400	42440	926	0	850	400	0	0	0	0	0	0	0
4359	3	359	179	370130	42520	928	0	852	400	0	0	0	0	0	0	0
4360	3	360	180	370840	42605	932	0	854	400	360	1800	1800	1800	1800	1800	1800
4361	3	361	180	371560	42685	934	0	856	410	0	0	0	0	0	0	0
4362	3	362	181	371770	42775	936	0	858	410	0	0	0	0	0	0	0
4363	3	363	181	371980	42870	940	0	860	410	0	0	0	0	0	0	0
4364	3	364	182	372590	42940	942	0	864	410	0	0	0	0	0	0	0
4365	3	365	182	373210	43010	944	0	864	410	0	0	0	0	0	0	0
4366	3	366	183	376420	43395	948	0	868	410	0	0	0	0	0	0	0
4367	3	367	183	379630	43780	950	0	868	410	0	0	0	0	0	0	0
4368	3	368	184	381430	44020	952	0	872	410	0	0	0	0	0	0	0
4369	3	369	184	383230	44265	954	0	872	410	0	0	0	0	0	0	0
4370	3	370	185	383850	44335	956	0	876	420	370	1850	1850	1850	1850	1850	1850
4371	3	371	185	384460	44405	960	0	878	420	0	0	0	0	0	0	0
4372	3	372	186	385080	44475	962	0	880	420	0	0	0	0	0	0	0
4373	3	373	186	385690	44545	964	0	882	420	0	0	0	0	0	0	0
4374	3	374	187	386430	44630	968	0	884	420	0	0	0	0	0	0	0
4375	3	375	187	387160	44715	970	0	886	420	0	0	0	0	0	0	0
4376	3	376	188	387840	44790	972	0	888	420	0	0	0	0	0	0	0
4377	3	377	188	388520	44870	974	0	890	420	0	0	0	0	0	0	0
4378	3	378	189	389220	44945	976	0	892	420	0	0	0	0	0	0	0
4379	3	379	189	389910	45025	980	0	894	430	0	0	0	0	0	0	0
4380	3	380	190	390610	45105	982	0	896	430	380	1900	1900	1900	1900	1900	1900
4381	3	381	190	391300	45185	984	0	898	430	0	0	0	0	0	0	0
4382	3	382	191	392610	45535	988	0	900	430	0	0	0	0	0	0	0
4383	3	383	191	393910	45880	990	0	904	430	0	0	0	0	0	0	0
4384	3	384	192	394610	45960	992	0	906	430	0	0	0	0	0	0	0
4385	3	385	192	395310	46040	994	0	908	430	0	0	0	0	0	0	0
4386	3	386	193	396000	46120	998	0	910	430	0	0	0	0	0	0	0
4387	3	387	193	396700	46200	1000	0	912	430	0	0	0	0	0	0	0
4388	3	388	194	397400	46280	1002	0	914	440	0	0	0	0	0	0	0
4389	3	389	194	398100	46360	1004	0	916	440	0	0	0	0	0	0	0
4390	3	390	195	398780	46440	1008	0	918	440	390	1950	1950	1950	1950	1950	1950
4391	3	391	195	399460	46515	1010	0	920	440	0	0	0	0	0	0	0
4392	3	392	196	400160	46595	1012	0	922	440	0	0	0	0	0	0	0
4393	3	393	196	400860	46680	1016	0	924	440	0	0	0	0	0	0	0
4394	3	394	197	405280	47245	1018	0	926	440	0	0	0	0	0	0	0
4395	3	395	197	409710	47815	1020	0	928	440	0	0	0	0	0	0	0
4396	3	396	198	410410	47895	1022	0	932	440	0	0	0	0	0	0	0
4397	3	397	198	411110	47975	1024	0	932	450	0	0	0	0	0	0	0
4398	3	398	199	411810	48055	1028	0	936	450	0	0	0	0	0	0	0
4399	3	399	199	412500	48135	1030	0	936	450	0	0	0	0	0	0	0
4400	3	400	200	413200	48215	1032	0	940	450	400	2000	2000	2000	2000	2000	2000
4401	3	401	200	413900	48295	1036	0	940	450	0	0	0	0	0	0	0
4402	3	402	201	466790	52390	1038	0	948	450	0	0	0	0	0	0	0
4403	3	403	201	519680	56490	1040	0	954	450	0	0	0	0	0	0	0
4404	3	404	202	520670	56595	1042	0	956	450	0	0	0	0	0	0	0
4405	3	405	202	521650	56700	1044	0	958	450	0	0	0	0	0	0	0
4406	3	406	203	522460	56785	1048	0	960	460	0	0	0	0	0	0	0
4407	3	407	203	523260	56870	1050	0	962	460	0	0	0	0	0	0	0
4408	3	408	204	525060	57045	1052	0	968	460	0	0	0	0	0	0	0
4409	3	409	204	526860	57225	1056	0	974	460	0	0	0	0	0	0	0
4410	3	410	205	527670	57310	1058	0	976	460	410	2050	2050	2050	2050	2050	2050
4411	3	411	205	528470	57395	1060	0	978	460	0	0	0	0	0	0	0
4412	3	412	206	529660	57520	1064	0	980	460	0	0	0	0	0	0	0
4413	3	413	206	530860	57645	1066	0	984	460	0	0	0	0	0	0	0
4414	3	414	207	531660	57730	1068	0	986	460	0	0	0	0	0	0	0
4415	3	415	207	532470	57815	1070	0	988	470	0	0	0	0	0	0	0
4416	3	416	208	533660	57940	1072	0	990	470	0	0	0	0	0	0	0
4417	3	417	208	534860	58065	1076	0	992	470	0	0	0	0	0	0	0
4418	3	418	209	535670	58155	1078	0	994	470	0	0	0	0	0	0	0
4419	3	419	209	536470	58240	1080	0	996	470	0	0	0	0	0	0	0
4420	3	420	210	538030	58465	1084	0	998	470	420	2100	2100	2100	2100	2100	2100
4421	3	421	210	539590	58690	1086	0	1000	470	0	0	0	0	0	0	0
4422	3	422	211	541010	58830	1088	0	1002	470	0	0	0	0	0	0	0
4423	3	423	211	542430	58965	1090	0	1004	470	0	0	0	0	0	0	0
4424	3	424	212	546630	59740	1094	0	1010	480	0	0	0	0	0	0	0
4425	3	425	212	550830	60515	1096	0	1014	480	0	0	0	0	0	0	0
4426	3	426	213	551640	60600	1098	0	1016	480	0	0	0	0	0	0	0
4427	3	427	213	552450	60690	1100	0	1020	480	0	0	0	0	0	0	0
4428	3	428	214	553660	60815	1104	0	1022	480	0	0	0	0	0	0	0
4429	3	429	214	554860	60945	1106	0	1024	480	0	0	0	0	0	0	0
4430	3	430	215	555670	61030	1108	0	1026	480	430	2150	2150	2150	2150	2150	2150
4431	3	431	215	556480	61120	1112	0	1028	480	0	0	0	0	0	0	0
4432	3	432	216	557690	61245	1114	0	1030	480	0	0	0	0	0	0	0
4433	3	433	216	558900	61375	1116	0	1032	490	0	0	0	0	0	0	0
4434	3	434	217	559710	61460	1118	0	1034	490	0	0	0	0	0	0	0
4435	3	435	217	560520	61545	1120	0	1036	490	0	0	0	0	0	0	0
4436	3	436	218	565070	61730	1124	0	1038	490	0	0	0	0	0	0	0
4437	3	437	218	569630	61910	1126	0	1040	490	0	0	0	0	0	0	0
4438	3	438	219	570450	62000	1128	0	1042	490	0	0	0	0	0	0	0
4439	3	439	219	571270	62085	1132	0	1044	490	0	0	0	0	0	0	0
4440	3	440	220	572490	62215	1134	0	1046	490	440	2200	2200	2200	2200	2200	2200
4441	3	441	220	573720	62340	1136	0	1048	490	0	0	0	0	0	0	0
4442	3	442	221	574540	62430	1138	0	1052	500	0	0	0	0	0	0	0
4443	3	443	221	575360	62515	1140	0	1052	500	0	0	0	0	0	0	0
4444	3	444	222	576600	62645	1144	0	1056	500	0	0	0	0	0	0	0
4445	3	445	222	577830	62775	1146	0	1056	500	0	0	0	0	0	0	0
4446	3	446	223	579050	63850	1148	0	1060	500	0	0	0	0	0	0	0
4447	3	447	223	580280	64920	1152	0	1064	500	0	0	0	0	0	0	0
4448	3	448	224	582130	65110	1154	0	1066	500	0	0	0	0	0	0	0
4449	3	449	224	583980	65300	1156	0	1068	500	0	0	0	0	0	0	0
4450	3	450	225	584800	65385	1160	0	1070	500	450	2250	2250	2250	2250	2250	2250
4451	3	451	225	585630	65475	1162	0	1072	510	0	0	0	0	0	0	0
4452	3	452	226	590090	66015	1164	0	1074	510	0	0	0	0	0	0	0
4453	3	453	226	594560	66555	1166	0	1076	510	0	0	0	0	0	0	0
4454	3	454	227	595380	66645	1168	0	1080	510	0	0	0	0	0	0	0
4455	3	455	227	596210	66735	1172	0	1080	510	0	0	0	0	0	0	0
4456	3	456	228	597450	66865	1174	0	1084	510	0	0	0	0	0	0	0
4457	3	457	228	598690	67000	1176	0	1084	510	0	0	0	0	0	0	0
4458	3	458	229	599520	67090	1180	0	1088	510	0	0	0	0	0	0	0
4459	3	459	229	600340	67180	1182	0	1090	510	0	0	0	0	0	0	0
4460	3	460	230	601590	67315	1184	0	1092	520	460	2300	2300	2300	2300	2300	2300
4461	3	461	230	602830	67450	1186	0	1094	520	0	0	0	0	0	0	0
4462	3	462	231	680460	73560	1190	0	1100	520	0	0	0	0	0	0	0
4463	3	463	231	758080	79665	1192	0	1106	520	0	0	0	0	0	0	0
4464	3	464	232	759150	79775	1194	0	1108	520	0	0	0	0	0	0	0
4465	3	465	232	760220	79885	1196	0	1110	520	0	0	0	0	0	0	0
4466	3	466	233	761290	79995	1200	0	1112	520	0	0	0	0	0	0	0
4467	3	467	233	762360	80100	1202	0	1114	520	0	0	0	0	0	0	0
4468	3	468	234	763430	80210	1204	0	1116	520	0	0	0	0	0	0	0
4469	3	469	234	764500	80320	1206	0	1118	530	0	0	0	0	0	0	0
4470	3	470	235	777000	80540	1210	0	1120	530	470	2350	2350	2350	2350	2350	2350
4471	3	471	235	789490	80765	1212	0	1122	530	0	0	0	0	0	0	0
4472	3	472	236	790590	80875	1214	0	1124	530	0	0	0	0	0	0	0
4473	3	473	236	791690	80985	1216	0	1128	530	0	0	0	0	0	0	0
4474	3	474	237	792790	81090	1220	0	1130	530	0	0	0	0	0	0	0
4475	3	475	237	793890	81200	1222	0	1132	530	0	0	0	0	0	0	0
4476	3	476	238	795840	81385	1224	0	1134	530	0	0	0	0	0	0	0
4477	3	477	238	797780	81565	1226	0	1136	530	0	0	0	0	0	0	0
4478	3	478	239	798880	81675	1230	0	1138	540	0	0	0	0	0	0	0
4479	3	479	239	799980	81785	1232	0	1140	540	0	0	0	0	0	0	0
4480	3	480	240	804610	82325	1234	0	1142	540	480	2400	2400	2400	2400	2400	2400
4481	3	481	240	809240	82870	1236	0	1144	540	0	0	0	0	0	0	0
4482	3	482	241	810340	82980	1240	0	1146	540	0	0	0	0	0	0	0
4483	3	483	241	811440	83085	1242	0	1148	540	0	0	0	0	0	0	0
4484	3	484	242	812540	83195	1244	0	1152	540	0	0	0	0	0	0	0
4485	3	485	242	813640	83305	1248	0	1152	540	0	0	0	0	0	0	0
4486	3	486	243	814740	83415	1250	0	1156	540	0	0	0	0	0	0	0
4487	3	487	243	815840	83520	1252	0	1156	550	0	0	0	0	0	0	0
4488	3	488	244	816940	83630	1256	0	1160	550	0	0	0	0	0	0	0
4489	3	489	244	818040	83740	1258	0	1160	550	0	0	0	0	0	0	0
4490	3	490	245	823790	83920	1260	0	1164	550	490	2450	2450	2450	2450	2450	2450
4491	3	491	245	829550	84105	1262	0	1166	550	0	0	0	0	0	0	0
4492	3	492	246	830660	84215	1264	0	1168	550	0	0	0	0	0	0	0
4493	3	493	246	831770	84320	1268	0	1170	550	0	0	0	0	0	0	0
4494	3	494	247	832880	84430	1270	0	1172	550	0	0	0	0	0	0	0
4495	3	495	247	833990	84540	1272	0	1174	550	0	0	0	0	0	0	0
4496	3	496	248	835600	84770	1274	0	1176	560	0	0	0	0	0	0	0
4497	3	497	248	837210	84995	1276	0	1178	560	0	0	0	0	0	0	0
4498	3	498	249	838320	85105	1280	0	1180	560	0	0	0	0	0	0	0
4499	3	499	249	839430	85215	1282	0	1182	560	0	0	0	0	0	0	0
4500	3	500	250	840540	85320	1284	0	1184	560	500	2500	2500	2500	2500	2500	2500
4501	3	501	250	841650	85430	1288	0	1186	560	0	0	0	0	0	0	0
4502	3	502	251	842950	85555	1290	0	1188	560	0	0	0	0	0	0	0
4503	3	503	251	844250	85680	1292	0	1190	560	0	0	0	0	0	0	0
4504	3	504	252	846530	85895	1296	0	1192	560	0	0	0	0	0	0	0
4505	3	505	252	848800	86105	1298	0	1196	570	0	0	0	0	0	0	0
4506	3	506	253	849910	86215	1300	0	1198	570	0	0	0	0	0	0	0
4507	3	507	253	851020	86325	1302	0	1200	570	0	0	0	0	0	0	0
4508	3	508	254	856560	87345	1306	0	1204	570	0	0	0	0	0	0	0
4509	3	509	254	862100	88370	1308	0	1210	570	0	0	0	0	0	0	0
4510	3	510	255	863220	88480	1310	0	1212	570	510	2550	2550	2550	2550	2550	2550
4511	3	511	255	864330	88590	1312	0	1214	570	0	0	0	0	0	0	0
4512	3	512	256	866100	88765	1316	0	1216	570	0	0	0	0	0	0	0
4513	3	513	256	867880	88935	1318	0	1218	570	0	0	0	0	0	0	0
4514	3	514	257	868990	89045	1320	0	1220	580	0	0	0	0	0	0	0
4515	3	515	257	870110	89155	1324	0	1222	580	0	0	0	0	0	0	0
4516	3	516	258	872740	89800	1326	0	1224	580	0	0	0	0	0	0	0
4517	3	517	258	875370	90445	1328	0	1228	580	0	0	0	0	0	0	0
4518	3	518	259	876490	90560	1330	0	1230	580	0	0	0	0	0	0	0
4519	3	519	259	877610	90670	1332	0	1232	580	0	0	0	0	0	0	0
4520	3	520	260	879390	90845	1336	0	1234	580	520	2600	2600	2600	2600	2600	2600
4521	3	521	260	881180	91020	1338	0	1236	580	0	0	0	0	0	0	0
4522	3	522	261	882840	91260	1340	0	1238	580	0	0	0	0	0	0	0
4523	3	523	261	884500	91500	1344	0	1240	590	0	0	0	0	0	0	0
4524	3	524	262	886290	91675	1346	0	1242	590	0	0	0	0	0	0	0
4525	3	525	262	888080	91850	1348	0	1244	590	0	0	0	0	0	0	0
4526	3	526	263	889200	91960	1352	0	1246	590	0	0	0	0	0	0	0
4527	3	527	263	890320	92075	1354	0	1248	590	0	0	0	0	0	0	0
4528	3	528	264	892120	92250	1356	0	1250	590	0	0	0	0	0	0	0
4529	3	529	264	893920	92430	1358	0	1252	590	0	0	0	0	0	0	0
4530	3	530	265	896240	92615	1360	0	1258	590	530	2650	2650	2650	2650	2650	2650
4531	3	531	265	898570	92800	1364	0	1264	590	0	0	0	0	0	0	0
4532	3	532	266	900370	92980	1366	0	1268	600	0	0	0	0	0	0	0
4533	3	533	266	902170	93155	1368	0	1268	600	0	0	0	0	0	0	0
4534	3	534	267	903290	93270	1372	0	1272	600	0	0	0	0	0	0	0
4535	3	535	267	904410	93380	1374	0	1272	600	0	0	0	0	0	0	0
4536	3	536	268	910200	94055	1376	0	1276	600	0	0	0	0	0	0	0
4537	3	537	268	915990	94725	1378	0	1278	600	0	0	0	0	0	0	0
4538	3	538	269	917110	94835	1380	0	1280	600	0	0	0	0	0	0	0
4539	3	539	269	918230	94950	1384	0	1282	600	0	0	0	0	0	0	0
4540	3	540	270	920050	95125	1386	0	1284	600	540	2700	2700	2700	2700	2700	2700
4541	3	541	270	921860	95305	1388	0	1286	610	0	0	0	0	0	0	0
4542	3	542	271	922980	95420	1392	0	1288	610	0	0	0	0	0	0	0
4543	3	543	271	924110	95530	1394	0	1290	610	0	0	0	0	0	0	0
4544	3	544	272	926780	95785	1396	0	1296	610	0	0	0	0	0	0	0
4545	3	545	272	929450	96040	1398	0	1302	610	0	0	0	0	0	0	0
4546	3	546	273	930580	96150	1402	0	1304	610	0	0	0	0	0	0	0
4547	3	547	273	931700	96260	1404	0	1306	610	0	0	0	0	0	0	0
4548	3	548	274	934110	96575	1406	0	1308	610	0	0	0	0	0	0	0
4549	3	549	274	936520	96885	1408	0	1312	610	0	0	0	0	0	0	0
4550	3	550	275	937650	97000	1412	0	1314	620	550	2750	2750	2750	2750	2750	2750
4551	3	551	275	938780	97110	1414	0	1316	620	0	0	0	0	0	0	0
4552	3	552	276	939910	97225	1416	0	1318	620	0	0	0	0	0	0	0
4553	3	553	276	941040	97335	1420	0	1320	620	0	0	0	0	0	0	0
4554	3	554	277	942170	97450	1422	0	1322	620	0	0	0	0	0	0	0
4555	3	555	277	943300	97560	1424	0	1324	620	0	0	0	0	0	0	0
4556	3	556	278	944430	97675	1426	0	1326	620	0	0	0	0	0	0	0
4557	3	557	278	945560	97785	1428	0	1328	620	0	0	0	0	0	0	0
4558	3	558	279	947540	97970	1432	0	1330	620	0	0	0	0	0	0	0
4559	3	559	279	949520	98160	1434	0	1332	630	0	0	0	0	0	0	0
4560	3	560	280	950650	98270	1436	0	1334	630	560	2800	2800	2800	2800	2800	2800
4561	3	561	280	951780	98385	1440	0	1336	630	0	0	0	0	0	0	0
4562	3	562	281	956450	98965	1442	0	1338	630	0	0	0	0	0	0	0
4563	3	563	281	961120	99550	1444	0	1340	630	0	0	0	0	0	0	0
4564	3	564	282	962260	99660	1446	0	1344	630	0	0	0	0	0	0	0
4565	3	565	282	963400	99775	1448	0	1344	630	0	0	0	0	0	0	0
4566	3	566	283	968730	100410	1452	0	1348	630	0	0	0	0	0	0	0
4567	3	567	283	974060	101040	1454	0	1348	630	0	0	0	0	0	0	0
4568	3	568	284	975200	101155	1456	0	1352	640	0	0	0	0	0	0	0
4569	3	569	284	976330	101270	1460	0	1354	640	0	0	0	0	0	0	0
4570	3	570	285	982820	101460	1462	0	1356	640	570	2850	2850	2850	2850	2850	2850
4571	3	571	285	989310	101650	1464	0	1358	640	0	0	0	0	0	0	0
4572	3	572	286	990460	101760	1468	0	1360	640	0	0	0	0	0	0	0
4573	3	573	286	991600	101875	1470	0	1362	640	0	0	0	0	0	0	0
4574	3	574	287	993390	102120	1472	0	1364	640	0	0	0	0	0	0	0
4575	3	575	287	995170	102370	1474	0	1366	640	0	0	0	0	0	0	0
4576	3	576	288	996320	102480	1476	0	1368	640	0	0	0	0	0	0	0
4577	3	577	288	997470	102595	1480	0	1370	650	0	0	0	0	0	0	0
4578	3	578	289	998620	102710	1482	0	1372	650	0	0	0	0	0	0	0
4579	3	579	289	999770	102820	1484	0	1374	650	0	0	0	0	0	0	0
4580	3	580	290	1000920	102935	1488	0	1376	650	580	2900	2900	2900	2900	2900	2900
4581	3	581	290	1002060	103050	1490	0	1378	650	0	0	0	0	0	0	0
4582	3	582	291	1003210	103160	1492	0	1380	650	0	0	0	0	0	0	0
4583	3	583	291	1004360	103275	1494	0	1384	650	0	0	0	0	0	0	0
4584	3	584	292	1006370	103465	1498	0	1386	650	0	0	0	0	0	0	0
4585	3	585	292	1008380	103655	1500	0	1388	650	0	0	0	0	0	0	0
4586	3	586	293	1009750	103785	1502	0	1390	660	0	0	0	0	0	0	0
4587	3	587	293	1011110	103920	1504	0	1392	660	0	0	0	0	0	0	0
4588	3	588	294	1012520	104055	1508	0	1394	660	0	0	0	0	0	0	0
4589	3	589	294	1013920	104195	1510	0	1396	660	0	0	0	0	0	0	0
4590	3	590	295	1015290	104330	1512	0	1398	660	590	2950	2950	2950	2950	2950	2950
4591	3	591	295	1016660	104465	1514	0	1400	660	0	0	0	0	0	0	0
4592	3	592	296	1018060	104600	1518	0	1402	660	0	0	0	0	0	0	0
4593	3	593	296	1019470	104740	1520	0	1404	660	0	0	0	0	0	0	0
4594	3	594	297	1025280	105420	1522	0	1410	660	0	0	0	0	0	0	0
4595	3	595	297	1031090	106105	1524	0	1416	670	0	0	0	0	0	0	0
4596	3	596	298	1032460	106240	1528	0	1418	670	0	0	0	0	0	0	0
4597	3	597	298	1033830	106380	1530	0	1420	670	0	0	0	0	0	0	0
4598	3	598	299	1036310	107075	1532	0	1422	670	0	0	0	0	0	0	0
4599	3	599	299	1038800	107775	1536	0	1424	670	0	0	0	0	0	0	0
4600	3	600	300	1040850	109460	1538	0	1426	670	600	3000	3000	3000	3000	3000	3000
4601	3	601	300	1042900	111145	1540	0	1430	670	0	0	0	0	0	0	0
4602	3	602	301	1044310	111290	1542	0	1432	670	0	0	0	0	0	0	0
4603	3	603	301	1045720	111430	1544	0	1434	670	0	0	0	0	0	0	0
4604	3	604	302	1047320	111595	1548	0	1436	680	0	0	0	0	0	0	0
4605	3	605	302	1048910	111755	1550	0	1438	680	0	0	0	0	0	0	0
4606	3	606	303	1050070	111875	1552	0	1440	680	0	0	0	0	0	0	0
4607	3	607	303	1051220	111995	1556	0	1444	680	0	0	0	0	0	0	0
4608	3	608	304	1053300	112205	1558	0	1446	680	0	0	0	0	0	0	0
4609	3	609	304	1055380	112415	1560	0	1448	680	0	0	0	0	0	0	0
4610	3	610	305	1056540	112535	1564	0	1450	680	610	3050	3050	3050	3050	3050	3050
4611	3	611	305	1057700	112650	1566	0	1452	680	0	0	0	0	0	0	0
4612	3	612	306	1060860	112960	1568	0	1454	680	0	0	0	0	0	0	0
4613	3	613	306	1064020	113270	1570	0	1456	690	0	0	0	0	0	0	0
4614	3	614	307	1065180	113390	1572	0	1458	690	0	0	0	0	0	0	0
4615	3	615	307	1066340	113505	1576	0	1460	690	0	0	0	0	0	0	0
4616	3	616	308	1068430	113720	1578	0	1462	690	0	0	0	0	0	0	0
4617	3	617	308	1070520	113930	1580	0	1464	690	0	0	0	0	0	0	0
4618	3	618	309	1071680	114050	1584	0	1466	690	0	0	0	0	0	0	0
4619	3	619	309	1072840	114170	1586	0	1468	690	0	0	0	0	0	0	0
4620	3	620	310	1074940	114380	1588	0	1470	690	620	3100	3100	3100	3100	3100	3100
4621	3	621	310	1077040	114595	1590	0	1472	690	0	0	0	0	0	0	0
4622	3	622	311	1082850	115795	1592	0	1476	700	0	0	0	0	0	0	0
4623	3	623	311	1088670	116995	1596	0	1476	700	0	0	0	0	0	0	0
4624	3	624	312	1090770	117210	1598	0	1480	700	0	0	0	0	0	0	0
4625	3	625	312	1092880	117425	1600	0	1480	700	0	0	0	0	0	0	0
4626	3	626	313	1115790	117795	1604	0	1484	700	0	0	0	0	0	0	0
4627	3	627	313	1138700	118165	1606	0	1486	700	0	0	0	0	0	0	0
4628	3	628	314	1140890	118380	1608	0	1488	700	0	0	0	0	0	0	0
4629	3	629	314	1143080	118595	1610	0	1490	700	0	0	0	0	0	0	0
4630	3	630	315	1144290	118715	1614	0	1492	700	630	3150	3150	3150	3150	3150	3150
4631	3	631	315	1145500	118835	1616	0	1494	710	0	0	0	0	0	0	0
4632	3	632	316	1147690	119055	1618	0	1496	710	0	0	0	0	0	0	0
4633	3	633	316	1149890	119270	1620	0	1498	710	0	0	0	0	0	0	0
4634	3	634	317	1151100	119390	1624	0	1500	710	0	0	0	0	0	0	0
4635	3	635	317	1152310	119510	1626	0	1502	710	0	0	0	0	0	0	0
4636	3	636	318	1154510	119730	1628	0	1504	710	0	0	0	0	0	0	0
4637	3	637	318	1156720	119945	1630	0	1506	710	0	0	0	0	0	0	0
4638	3	638	319	1159040	120165	1634	0	1508	710	0	0	0	0	0	0	0
4639	3	639	319	1161370	120385	1636	0	1512	710	0	0	0	0	0	0	0
4640	3	640	320	1163580	120600	1638	0	1514	720	640	3200	3200	3200	3200	3200	3200
4641	3	641	320	1165790	120820	1640	0	1516	720	0	0	0	0	0	0	0
4642	3	642	321	1167000	120940	1644	0	1518	720	0	0	0	0	0	0	0
4643	3	643	321	1168220	121060	1646	0	1520	720	0	0	0	0	0	0	0
4644	3	644	322	1170440	121280	1648	0	1522	720	0	0	0	0	0	0	0
4645	3	645	322	1172650	121500	1652	0	1524	720	0	0	0	0	0	0	0
4646	3	646	323	1173870	121620	1654	0	1526	720	0	0	0	0	0	0	0
4647	3	647	323	1175090	121740	1656	0	1528	720	0	0	0	0	0	0	0
4648	3	648	324	1177310	121960	1660	0	1530	720	0	0	0	0	0	0	0
4649	3	649	324	1179530	122175	1662	0	1532	730	0	0	0	0	0	0	0
4650	3	650	325	1186580	123080	1664	0	1534	730	650	3250	3250	3250	3250	3250	3250
4651	3	651	325	1193620	123980	1666	0	1536	730	0	0	0	0	0	0	0
4652	3	652	326	1195950	124715	1668	0	1538	730	0	0	0	0	0	0	0
4653	3	653	326	1198290	125455	1672	0	1540	730	0	0	0	0	0	0	0
4654	3	654	327	1199510	125580	1674	0	1544	730	0	0	0	0	0	0	0
4655	3	655	327	1200730	125700	1676	0	1544	730	0	0	0	0	0	0	0
4656	3	656	328	1201950	125825	1680	0	1548	730	0	0	0	0	0	0	0
4657	3	657	328	1203170	125945	1682	0	1548	730	0	0	0	0	0	0	0
4658	3	658	329	1204390	126065	1684	0	1552	740	0	0	0	0	0	0	0
4659	3	659	329	1205610	126190	1686	0	1554	740	0	0	0	0	0	0	0
4660	3	660	330	1206830	126310	1688	0	1556	740	660	3300	3300	3300	3300	3300	3300
4661	3	661	330	1208050	126435	1692	0	1558	740	0	0	0	0	0	0	0
4662	3	662	331	1213340	127085	1694	0	1560	740	0	0	0	0	0	0	0
4663	3	663	331	1218620	127735	1696	0	1562	740	0	0	0	0	0	0	0
4664	3	664	332	1219850	127860	1700	0	1564	740	0	0	0	0	0	0	0
4665	3	665	332	1221080	127985	1702	0	1566	740	0	0	0	0	0	0	0
4666	3	666	333	1223430	128205	1704	0	1568	740	0	0	0	0	0	0	0
4667	3	667	333	1225770	128430	1706	0	1570	750	0	0	0	0	0	0	0
4668	3	668	334	1227000	128550	1708	0	1572	750	0	0	0	0	0	0	0
4669	3	669	334	1228230	128675	1712	0	1574	750	0	0	0	0	0	0	0
4670	3	670	335	1229460	128800	1714	0	1576	750	670	3350	3350	3350	3350	3350	3350
4671	3	671	335	1230690	128920	1716	0	1578	750	0	0	0	0	0	0	0
4672	3	672	336	1231920	129045	1720	0	1580	750	0	0	0	0	0	0	0
4673	3	673	336	1233150	129170	1722	0	1584	750	0	0	0	0	0	0	0
4674	3	674	337	1234380	129290	1724	0	1586	750	0	0	0	0	0	0	0
4675	3	675	337	1235600	129415	1726	0	1588	750	0	0	0	0	0	0	0
4676	3	676	338	1237670	129700	1730	0	1590	760	0	0	0	0	0	0	0
4677	3	677	338	1239730	129985	1732	0	1592	760	0	0	0	0	0	0	0
4678	3	678	339	1240960	130110	1734	0	1594	760	0	0	0	0	0	0	0
4679	3	679	339	1242190	130235	1736	0	1596	760	0	0	0	0	0	0	0
4680	3	680	340	1249780	131110	1740	0	1602	760	680	3400	3400	3400	3400	3400	3400
4681	3	681	340	1257380	131990	1742	0	1608	760	0	0	0	0	0	0	0
4682	3	682	341	1258610	132115	1744	0	1610	760	0	0	0	0	0	0	0
4683	3	683	341	1259840	132240	1748	0	1612	760	0	0	0	0	0	0	0
4684	3	684	342	1261070	132360	1750	0	1616	760	0	0	0	0	0	0	0
4685	3	685	342	1262300	132485	1752	0	1616	770	0	0	0	0	0	0	0
4686	3	686	343	1263530	132605	1754	0	1620	770	0	0	0	0	0	0	0
4687	3	687	343	1264760	132730	1756	0	1620	770	0	0	0	0	0	0	0
4688	3	688	344	1265980	132855	1760	0	1624	770	0	0	0	0	0	0	0
4689	3	689	344	1267210	132980	1762	0	1624	770	0	0	0	0	0	0	0
4690	3	690	345	1268440	133100	1764	0	1628	770	690	3450	3450	3450	3450	3450	3450
4691	3	691	345	1269670	133225	1768	0	1630	770	0	0	0	0	0	0	0
4692	3	692	346	1272020	133445	1770	0	1632	770	0	0	0	0	0	0	0
4693	3	693	346	1274360	133665	1772	0	1634	770	0	0	0	0	0	0	0
4694	3	694	347	1275590	133790	1774	0	1636	780	0	0	0	0	0	0	0
4695	3	695	347	1276820	133915	1776	0	1638	780	0	0	0	0	0	0	0
4696	3	696	348	1278050	134040	1780	0	1640	780	0	0	0	0	0	0	0
4697	3	697	348	1279280	134160	1782	0	1642	780	0	0	0	0	0	0	0
4698	3	698	349	1280510	134285	1784	0	1644	780	0	0	0	0	0	0	0
4699	3	699	349	1281730	134405	1788	0	1646	780	0	0	0	0	0	0	0
4700	3	700	350	1282960	134530	1790	0	1648	780	700	3500	3500	3500	3500	3500	3500
4701	3	701	350	1284190	134655	1792	0	1650	780	0	0	0	0	0	0	0
4702	3	702	351	1286650	134980	1796	0	1652	780	0	0	0	0	0	0	0
4703	3	703	351	1289100	135300	1798	0	1656	790	0	0	0	0	0	0	0
4704	3	704	352	1290940	135485	1800	0	1658	790	0	0	0	0	0	0	0
4705	3	705	352	1292790	135670	1802	0	1660	790	0	0	0	0	0	0	0
4706	3	706	353	1300810	135895	1804	0	1662	790	0	0	0	0	0	0	0
4707	3	707	353	1308830	136115	1808	0	1664	790	0	0	0	0	0	0	0
4708	3	708	354	1316880	137620	1810	0	1668	790	0	0	0	0	0	0	0
4709	3	709	354	1324920	139125	1812	0	1674	790	0	0	0	0	0	0	0
4710	3	710	355	1326170	139250	1816	0	1676	790	710	3550	3550	3550	3550	3550	3550
4711	3	711	355	1327410	139375	1818	0	1678	790	0	0	0	0	0	0	0
4712	3	712	356	1329940	139630	1820	0	1680	800	0	0	0	0	0	0	0
4713	3	713	356	1332470	139880	1822	0	1682	800	0	0	0	0	0	0	0
4714	3	714	357	1333720	140005	1826	0	1684	800	0	0	0	0	0	0	0
4715	3	715	357	1334970	140130	1828	0	1686	800	0	0	0	0	0	0	0
4716	3	716	358	1337510	140385	1830	0	1688	800	0	0	0	0	0	0	0
4717	3	717	358	1340040	140640	1832	0	1692	800	0	0	0	0	0	0	0
4718	3	718	359	1341290	140765	1836	0	1694	800	0	0	0	0	0	0	0
4719	3	719	359	1342540	140890	1838	0	1696	800	0	0	0	0	0	0	0
4720	3	720	360	1346210	141245	1840	0	1698	800	720	3600	3600	3600	3600	3600	3600
4721	3	721	360	1349880	141600	1842	0	1700	810	0	0	0	0	0	0	0
4722	3	722	361	1351140	141725	1846	0	1702	810	0	0	0	0	0	0	0
4723	3	723	361	1352390	141850	1848	0	1704	810	0	0	0	0	0	0	0
4724	3	724	362	1354940	142105	1850	0	1706	810	0	0	0	0	0	0	0
4725	3	725	362	1357500	142360	1852	0	1708	810	0	0	0	0	0	0	0
4726	3	726	363	1358760	142560	1856	0	1714	810	0	0	0	0	0	0	0
4727	3	727	363	1360010	142760	1858	0	1720	810	0	0	0	0	0	0	0
4728	3	728	364	1363500	143190	1860	0	1722	810	0	0	0	0	0	0	0
4729	3	729	364	1366990	143620	1864	0	1724	810	0	0	0	0	0	0	0
4730	3	730	365	1368250	143745	1866	0	1728	820	730	3650	3650	3650	3650	3650	3650
4731	3	731	365	1369510	143870	1868	0	1728	820	0	0	0	0	0	0	0
4732	3	732	366	1372080	144130	1870	0	1732	820	0	0	0	0	0	0	0
4733	3	733	366	1374650	144385	1872	0	1732	820	0	0	0	0	0	0	0
4734	3	734	367	1377260	145225	1876	0	1736	820	0	0	0	0	0	0	0
4735	3	735	367	1379870	146065	1878	0	1738	820	0	0	0	0	0	0	0
4736	3	736	368	1388190	147050	1880	0	1740	820	0	0	0	0	0	0	0
4737	3	737	368	1396510	148030	1884	0	1742	820	0	0	0	0	0	0	0
4738	3	738	369	1397770	148160	1886	0	1744	820	0	0	0	0	0	0	0
4739	3	739	369	1399040	148285	1888	0	1746	830	0	0	0	0	0	0	0
4740	3	740	370	1401620	148545	1892	0	1748	830	740	3700	3700	3700	3700	3700	3700
4741	3	741	370	1404210	148805	1894	0	1750	830	0	0	0	0	0	0	0
4742	3	742	371	1405480	148935	1896	0	1752	830	0	0	0	0	0	0	0
4743	3	743	371	1406740	149060	1898	0	1754	830	0	0	0	0	0	0	0
4744	3	744	372	1409340	149325	1900	0	1756	830	0	0	0	0	0	0	0
4745	3	745	372	1411940	149585	1904	0	1758	830	0	0	0	0	0	0	0
4746	3	746	373	1413200	149715	1906	0	1760	830	0	0	0	0	0	0	0
4747	3	747	373	1414470	149840	1908	0	1764	830	0	0	0	0	0	0	0
4748	3	748	374	1418420	150225	1912	0	1766	840	0	0	0	0	0	0	0
4749	3	749	374	1422380	150605	1914	0	1768	840	0	0	0	0	0	0	0
4750	3	750	375	1423650	150735	1916	0	1770	840	750	3750	3750	3750	3750	3750	3750
4751	3	751	375	1424920	150860	1918	0	1772	840	0	0	0	0	0	0	0
4752	3	752	376	1427530	151125	1920	0	1774	840	0	0	0	0	0	0	0
4753	3	753	376	1430140	151390	1924	0	1776	840	0	0	0	0	0	0	0
4754	3	754	377	1432390	153555	1926	0	1780	840	0	0	0	0	0	0	0
4755	3	755	377	1434630	155725	1928	0	1782	840	0	0	0	0	0	0	0
4756	3	756	378	1437260	155995	1932	0	1784	840	0	0	0	0	0	0	0
4757	3	757	378	1439880	156265	1934	0	1786	850	0	0	0	0	0	0	0
4758	3	758	379	1441150	156395	1936	0	1788	850	0	0	0	0	0	0	0
4759	3	759	379	1442430	156525	1938	0	1790	850	0	0	0	0	0	0	0
4760	3	760	380	1452690	156920	1942	0	1792	850	760	3800	3800	3800	3800	3800	3800
4761	3	761	380	1462960	157315	1944	0	1794	850	0	0	0	0	0	0	0
4762	3	762	381	1464800	157470	1946	0	1796	850	0	0	0	0	0	0	0
4763	3	763	381	1466640	157625	1948	0	1800	850	0	0	0	0	0	0	0
4764	3	764	382	1473930	158520	1952	0	1802	850	0	0	0	0	0	0	0
4765	3	765	382	1481230	159420	1954	0	1804	850	0	0	0	0	0	0	0
4766	3	766	383	1482510	159555	1956	0	1806	860	0	0	0	0	0	0	0
4767	3	767	383	1483790	159685	1960	0	1808	860	0	0	0	0	0	0	0
4768	3	768	384	1485080	159815	1962	0	1810	860	0	0	0	0	0	0	0
4769	3	769	384	1486360	159945	1964	0	1812	860	0	0	0	0	0	0	0
4770	3	770	385	1489410	160260	1966	0	1814	860	770	3850	3850	3850	3850	3850	3850
4771	3	771	385	1492470	160570	1968	0	1816	860	0	0	0	0	0	0	0
4772	3	772	386	1493760	160700	1972	0	1818	860	0	0	0	0	0	0	0
4773	3	773	386	1495040	160830	1974	0	1820	860	0	0	0	0	0	0	0
4774	3	774	387	1497690	161085	1976	0	1824	860	0	0	0	0	0	0	0
4775	3	775	387	1500330	161340	1980	0	1824	870	0	0	0	0	0	0	0
4776	3	776	388	1503400	161655	1982	0	1828	870	0	0	0	0	0	0	0
4777	3	777	388	1506470	161965	1984	0	1828	870	0	0	0	0	0	0	0
4778	3	778	389	1507760	162095	1988	0	1832	870	0	0	0	0	0	0	0
4779	3	779	389	1509050	162230	1990	0	1832	870	0	0	0	0	0	0	0
4780	3	780	390	1530880	162550	1992	0	1836	870	780	3900	3900	3900	3900	3900	3900
4781	3	781	390	1552710	162875	1994	0	1836	870	0	0	0	0	0	0	0
4782	3	782	391	1555870	163190	1996	0	1840	870	0	0	0	0	0	0	0
4783	3	783	391	1559040	163500	2000	0	1842	870	0	0	0	0	0	0	0
4784	3	784	392	1560360	163635	2002	0	1844	880	0	0	0	0	0	0	0
4785	3	785	392	1561690	163765	2004	0	1846	880	0	0	0	0	0	0	0
4786	3	786	393	1563010	163900	2008	0	1848	880	0	0	0	0	0	0	0
4787	3	787	393	1564330	164030	2010	0	1850	880	0	0	0	0	0	0	0
4788	3	788	394	1568910	165125	2012	0	1852	880	0	0	0	0	0	0	0
4789	3	789	394	1573480	166220	2014	0	1854	880	0	0	0	0	0	0	0
4790	3	790	395	1574810	166350	2016	0	1856	880	790	3950	3950	3950	3950	3950	3950
4791	3	791	395	1576140	166485	2020	0	1858	880	0	0	0	0	0	0	0
4792	3	792	396	1583860	168085	2022	0	1864	880	0	0	0	0	0	0	0
4793	3	793	396	1591580	169685	2024	0	1870	890	0	0	0	0	0	0	0
4794	3	794	397	1594780	170005	2028	0	1872	890	0	0	0	0	0	0	0
4795	3	795	397	1597970	170325	2030	0	1874	890	0	0	0	0	0	0	0
4796	3	796	398	1599300	170460	2032	0	1876	890	0	0	0	0	0	0	0
4797	3	797	398	1600630	170595	2034	0	1878	890	0	0	0	0	0	0	0
4798	3	798	399	1601960	170730	2038	0	1880	890	0	0	0	0	0	0	0
4799	3	799	399	1603290	170865	2040	0	1882	890	0	0	0	0	0	0	0
4800	3	800	400	1606500	171190	2042	0	1884	890	800	4000	4000	4000	4000	4000	4000
4801	3	801	400	1609710	171510	2044	0	1886	890	0	0	0	0	0	0	0
4802	3	802	401	1612440	171770	2048	0	1888	900	0	0	0	0	0	0	0
4803	3	803	401	1615170	172030	2050	0	1890	900	0	0	0	0	0	0	0
4804	3	804	402	1616500	172165	2052	0	1892	900	0	0	0	0	0	0	0
4805	3	805	402	1617840	172300	2056	0	1894	900	0	0	0	0	0	0	0
4806	3	806	403	1622200	172830	2058	0	1896	900	0	0	0	0	0	0	0
4807	3	807	403	1626560	173355	2060	0	1900	900	0	0	0	0	0	0	0
4808	3	808	404	1627900	173490	2062	0	1902	900	0	0	0	0	0	0	0
4809	3	809	404	1629240	173625	2064	0	1904	900	0	0	0	0	0	0	0
4810	3	810	405	1630580	173760	2068	0	1906	900	810	4050	4050	4050	4050	4050	4050
4811	3	811	405	1631910	173895	2070	0	1908	910	0	0	0	0	0	0	0
4812	3	812	406	1635150	174220	2072	0	1910	910	0	0	0	0	0	0	0
4813	3	813	406	1638380	174545	2076	0	1912	910	0	0	0	0	0	0	0
4814	3	814	407	1641120	174805	2078	0	1918	910	0	0	0	0	0	0	0
4815	3	815	407	1643860	175065	2080	0	1924	910	0	0	0	0	0	0	0
4816	3	816	408	1645200	175200	2082	0	1926	910	0	0	0	0	0	0	0
4817	3	817	408	1646540	175340	2084	0	1928	910	0	0	0	0	0	0	0
4818	3	818	409	1649790	175665	2088	0	1930	910	0	0	0	0	0	0	0
4819	3	819	409	1653040	175990	2090	0	1932	910	0	0	0	0	0	0	0
4820	3	820	410	1654380	176130	2092	0	1936	920	820	4100	4100	4100	4100	4100	4100
4821	3	821	410	1655730	176265	2096	0	1936	920	0	0	0	0	0	0	0
4822	3	822	411	1663700	177240	2098	0	1940	920	0	0	0	0	0	0	0
4823	3	823	411	1671660	178215	2100	0	1940	920	0	0	0	0	0	0	0
4824	3	824	412	1674930	178540	2104	0	1944	920	0	0	0	0	0	0	0
4825	3	825	412	1678190	178870	2106	0	1946	920	0	0	0	0	0	0	0
4826	3	826	413	1679540	179005	2108	0	1948	920	0	0	0	0	0	0	0
4827	3	827	413	1680890	179140	2110	0	1950	920	0	0	0	0	0	0	0
4828	3	828	414	1683630	179400	2112	0	1952	920	0	0	0	0	0	0	0
4829	3	829	414	1686370	179665	2116	0	1954	930	0	0	0	0	0	0	0
4830	3	830	415	1690800	180205	2118	0	1956	930	830	4150	4150	4150	4150	4150	4150
4831	3	831	415	1695240	180750	2120	0	1958	930	0	0	0	0	0	0	0
4832	3	832	416	1696590	180885	2124	0	1960	930	0	0	0	0	0	0	0
4833	3	833	416	1697940	181020	2126	0	1962	930	0	0	0	0	0	0	0
4834	3	834	417	1699290	181160	2128	0	1964	930	0	0	0	0	0	0	0
4835	3	835	417	1700640	181295	2130	0	1966	930	0	0	0	0	0	0	0
4836	3	836	418	1703930	181625	2132	0	1968	930	0	0	0	0	0	0	0
4837	3	837	418	1707220	181960	2136	0	1972	930	0	0	0	0	0	0	0
4838	3	838	419	1708580	182095	2138	0	1974	940	0	0	0	0	0	0	0
4839	3	839	419	1709930	182230	2140	0	1976	940	0	0	0	0	0	0	0
4840	3	840	420	1711290	182365	2144	0	1978	940	840	4200	4200	4200	4200	4200	4200
4841	3	841	420	1712640	182505	2146	0	1980	940	0	0	0	0	0	0	0
4842	3	842	421	1717340	182960	2148	0	1982	940	0	0	0	0	0	0	0
4843	3	843	421	1722040	183420	2150	0	1984	940	0	0	0	0	0	0	0
4844	3	844	422	1723400	183555	2154	0	1986	940	0	0	0	0	0	0	0
4845	3	845	422	1724760	183695	2156	0	1988	940	0	0	0	0	0	0	0
4846	3	846	423	1726120	183830	2158	0	1990	940	0	0	0	0	0	0	0
4847	3	847	423	1727470	183970	2160	0	1992	950	0	0	0	0	0	0	0
4848	3	848	424	1730800	184300	2164	0	1994	950	0	0	0	0	0	0	0
4849	3	849	424	1734120	184635	2166	0	1996	950	0	0	0	0	0	0	0
4850	3	850	425	1742330	185640	2168	0	1998	950	850	4250	4250	4250	4250	4250	4250
4851	3	851	425	1750550	186645	2172	0	2000	950	0	0	0	0	0	0	0
4852	3	852	426	1751910	186780	2174	0	2004	950	0	0	0	0	0	0	0
4853	3	853	426	1753270	186920	2176	0	2004	950	0	0	0	0	0	0	0
4854	3	854	427	1756600	187255	2178	0	2008	950	0	0	0	0	0	0	0
4855	3	855	427	1759940	187590	2180	0	2008	950	0	0	0	0	0	0	0
4856	3	856	428	1771260	188075	2184	0	2012	960	0	0	0	0	0	0	0
4857	3	857	428	1782590	188555	2186	0	2012	960	0	0	0	0	0	0	0
4858	3	858	429	1783960	188695	2188	0	2016	960	0	0	0	0	0	0	0
4859	3	859	429	1785340	188830	2192	0	2018	960	0	0	0	0	0	0	0
4860	3	860	430	1788720	189165	2194	0	2020	960	860	4300	4300	4300	4300	4300	4300
4861	3	861	430	1792090	189505	2196	0	2022	960	0	0	0	0	0	0	0
4862	3	862	431	1794580	190260	2200	0	2024	960	0	0	0	0	0	0	0
4863	3	863	431	1797070	191020	2202	0	2026	960	0	0	0	0	0	0	0
4864	3	864	432	1798440	191155	2204	0	2028	960	0	0	0	0	0	0	0
4865	3	865	432	1799810	191295	2206	0	2030	970	0	0	0	0	0	0	0
4866	3	866	433	1801190	191430	2208	0	2032	970	0	0	0	0	0	0	0
4867	3	867	433	1802560	191570	2212	0	2034	970	0	0	0	0	0	0	0
4868	3	868	434	1803930	191705	2214	0	2036	970	0	0	0	0	0	0	0
4869	3	869	434	1805300	191845	2216	0	2038	970	0	0	0	0	0	0	0
4870	3	870	435	1808310	192130	2220	0	2040	970	870	4350	4350	4350	4350	4350	4350
4871	3	871	435	1811320	192415	2222	0	2042	970	0	0	0	0	0	0	0
4872	3	872	436	1812700	192550	2224	0	2044	970	0	0	0	0	0	0	0
4873	3	873	436	1814070	192690	2226	0	2048	970	0	0	0	0	0	0	0
4874	3	874	437	1815440	192825	2228	0	2050	980	0	0	0	0	0	0	0
4875	3	875	437	1816810	192965	2232	0	2052	980	0	0	0	0	0	0	0
4876	3	876	438	1818180	193100	2234	0	2054	980	0	0	0	0	0	0	0
4877	3	877	438	1819550	193240	2236	0	2056	980	0	0	0	0	0	0	0
4878	3	878	439	1828070	194275	2240	0	2062	980	0	0	0	0	0	0	0
4879	3	879	439	1836580	195305	2242	0	2066	980	0	0	0	0	0	0	0
4880	3	880	440	1837950	195445	2244	0	2068	980	880	4400	4400	4400	4400	4400	4400
4881	3	881	440	1839320	195585	2246	0	2070	980	0	0	0	0	0	0	0
4882	3	882	441	1843520	196090	2250	0	2072	980	0	0	0	0	0	0	0
4883	3	883	441	1847720	196600	2252	0	2076	990	0	0	0	0	0	0	0
4884	3	884	442	1849090	196740	2254	0	2078	990	0	0	0	0	0	0	0
4885	3	885	442	1850460	196875	2256	0	2080	990	0	0	0	0	0	0	0
4886	3	886	443	1854430	197280	2260	0	2082	990	0	0	0	0	0	0	0
4887	3	887	443	1858390	197680	2262	0	2084	990	0	0	0	0	0	0	0
4888	3	888	444	1859770	197820	2264	0	2086	990	0	0	0	0	0	0	0
4889	3	889	444	1861140	197960	2268	0	2088	990	0	0	0	0	0	0	0
4890	3	890	445	1865120	198365	2270	0	2090	990	890	4450	4450	4450	4450	4450	4450
4891	3	891	445	1869100	198765	2272	0	2092	990	0	0	0	0	0	0	0
4892	3	892	446	1870480	198905	2274	0	2094	1000	0	0	0	0	0	0	0
4893	3	893	446	1871860	199045	2276	0	2096	1000	0	0	0	0	0	0	0
4894	3	894	447	1875850	199450	2280	0	2098	1000	0	0	0	0	0	0	0
4895	3	895	447	1879850	199855	2282	0	2100	1000	0	0	0	0	0	0	0
4896	3	896	448	1882870	200925	2284	0	2102	1000	0	0	0	0	0	0	0
4897	3	897	448	1885890	201990	2288	0	2104	1000	0	0	0	0	0	0	0
4898	3	898	449	1889900	202400	2290	0	2108	1000	0	0	0	0	0	0	0
4899	3	899	449	1893910	202815	2292	0	2108	1000	0	0	0	0	0	0	0
4900	3	900	450	1895300	202955	2296	0	2112	1000	900	4500	4500	4500	4500	4500	4500
4901	3	901	450	1896680	203095	2298	0	2112	1010	0	0	0	0	0	0	0
4902	3	902	451	1900710	203505	2300	0	2116	1010	0	0	0	0	0	0	0
4903	3	903	451	1904730	203915	2302	0	2118	1010	0	0	0	0	0	0	0
4904	3	904	452	1906120	204060	2304	0	2120	1010	0	0	0	0	0	0	0
4905	3	905	452	1907510	204200	2308	0	2122	1010	0	0	0	0	0	0	0
4906	3	906	453	1918920	206345	2310	0	2124	1010	0	0	0	0	0	0	0
4907	3	907	453	1930330	208495	2312	0	2126	1010	0	0	0	0	0	0	0
4908	3	908	454	1932920	211280	2316	0	2130	1010	0	0	0	0	0	0	0
4909	3	909	454	1935510	214070	2318	0	2132	1010	0	0	0	0	0	0	0
4910	3	910	455	1941200	214650	2320	0	2136	1020	910	4550	4550	4550	4550	4550	4550
4911	3	911	455	1946900	215230	2322	0	2136	1020	0	0	0	0	0	0	0
4912	3	912	456	1948300	215375	2324	0	2140	1020	0	0	0	0	0	0	0
4913	3	913	456	1949700	215520	2328	0	2140	1020	0	0	0	0	0	0	0
4914	3	914	457	1953760	215950	2330	0	2144	1020	0	0	0	0	0	0	0
4915	3	915	457	1957830	216380	2332	0	2146	1020	0	0	0	0	0	0	0
4916	3	916	458	1959230	216525	2336	0	2148	1020	0	0	0	0	0	0	0
4917	3	917	458	1960630	216670	2338	0	2150	1020	0	0	0	0	0	0	0
4918	3	918	459	1964710	217100	2340	0	2152	1020	0	0	0	0	0	0	0
4919	3	919	459	1968790	217535	2342	0	2154	1030	0	0	0	0	0	0	0
4920	3	920	460	1970200	217680	2344	0	2156	1030	920	4600	4600	4600	4600	4600	4600
4921	3	921	460	1971610	217825	2348	0	2158	1030	0	0	0	0	0	0	0
4922	3	922	461	1976190	218260	2350	0	2164	1030	0	0	0	0	0	0	0
4923	3	923	461	1980770	218690	2352	0	2170	1030	0	0	0	0	0	0	0
4924	3	924	462	1983820	218990	2356	0	2172	1030	0	0	0	0	0	0	0
4925	3	925	462	1986870	219290	2358	0	2174	1030	0	0	0	0	0	0	0
4926	3	926	463	1990980	219720	2360	0	2176	1030	0	0	0	0	0	0	0
4927	3	927	463	1995090	220155	2364	0	2178	1030	0	0	0	0	0	0	0
4928	3	928	464	1996510	220305	2366	0	2180	1040	0	0	0	0	0	0	0
4929	3	929	464	1997920	220450	2368	0	2184	1040	0	0	0	0	0	0	0
4930	3	930	465	2002040	220885	2370	0	2186	1040	930	4650	4650	4650	4650	4650	4650
4931	3	931	465	2006170	221320	2372	0	2188	1040	0	0	0	0	0	0	0
4932	3	932	466	2007590	221470	2376	0	2190	1040	0	0	0	0	0	0	0
4933	3	933	466	2009010	221615	2378	0	2192	1040	0	0	0	0	0	0	0
4934	3	934	467	2047290	223290	2380	0	2194	1040	0	0	0	0	0	0	0
4935	3	935	467	2085570	224960	2384	0	2196	1040	0	0	0	0	0	0	0
4936	3	936	468	2097180	225260	2386	0	2198	1040	0	0	0	0	0	0	0
4937	3	937	468	2108790	225565	2388	0	2200	1050	0	0	0	0	0	0	0
4938	3	938	469	2113080	226000	2390	0	2202	1050	0	0	0	0	0	0	0
4939	3	939	469	2117370	226440	2392	0	2204	1050	0	0	0	0	0	0	0
4940	3	940	470	2121670	226880	2396	0	2206	1050	940	4700	4700	4700	4700	4700	4700
4941	3	941	470	2125970	227320	2398	0	2208	1050	0	0	0	0	0	0	0
4942	3	942	471	2130280	227760	2400	0	2212	1050	0	0	0	0	0	0	0
4943	3	943	471	2134590	228195	2404	0	2212	1050	0	0	0	0	0	0	0
4944	3	944	472	2138910	228640	2406	0	2216	1050	0	0	0	0	0	0	0
4945	3	945	472	2143230	229080	2408	0	2216	1050	0	0	0	0	0	0	0
4946	3	946	473	2147560	229525	2410	0	2220	1060	0	0	0	0	0	0	0
4947	3	947	473	2151900	229965	2412	0	2222	1060	0	0	0	0	0	0	0
4948	3	948	474	2156240	230410	2416	0	2224	1060	0	0	0	0	0	0	0
4949	3	949	474	2160580	230850	2418	0	2226	1060	0	0	0	0	0	0	0
4950	3	950	475	2166630	231450	2420	0	2228	1060	950	4750	4750	4750	4750	4750	4750
4951	3	951	475	2172680	232045	2424	0	2230	1060	0	0	0	0	0	0	0
4952	3	952	476	2177040	232490	2426	0	2232	1060	0	0	0	0	0	0	0
4953	3	953	476	2181400	232935	2428	0	2234	1060	0	0	0	0	0	0	0
4954	3	954	477	2185780	233385	2432	0	2236	1060	0	0	0	0	0	0	0
4955	3	955	477	2190150	233830	2434	0	2238	1070	0	0	0	0	0	0	0
4956	3	956	478	2194540	234280	2436	0	2240	1070	0	0	0	0	0	0	0
4957	3	957	478	2198920	234725	2438	0	2242	1070	0	0	0	0	0	0	0
4958	3	958	479	2203320	235175	2440	0	2244	1070	0	0	0	0	0	0	0
4959	3	959	479	2207720	235625	2444	0	2246	1070	0	0	0	0	0	0	0
4960	3	960	480	2213380	236325	2446	0	2248	1070	960	4800	4800	4800	4800	4800	4800
4961	3	961	480	2219050	237030	2448	0	2250	1070	0	0	0	0	0	0	0
4962	3	962	481	2220570	237180	2452	0	2252	1070	0	0	0	0	0	0	0
4963	3	963	481	2222090	237335	2454	0	2256	1070	0	0	0	0	0	0	0
4964	3	964	482	2233400	238660	2456	0	2258	1080	0	0	0	0	0	0	0
4965	3	965	482	2244710	239985	2458	0	2260	1080	0	0	0	0	0	0	0
4966	3	966	483	2246230	240140	2462	0	2262	1080	0	0	0	0	0	0	0
4967	3	967	483	2247750	240295	2464	0	2264	1080	0	0	0	0	0	0	0
4968	3	968	484	2249270	240445	2466	0	2266	1080	0	0	0	0	0	0	0
4969	3	969	484	2250790	240600	2468	0	2268	1080	0	0	0	0	0	0	0
4970	3	970	485	2252320	240755	2472	0	2270	1080	970	4850	4850	4850	4850	4850	4850
4971	3	971	485	2253840	240905	2474	0	2272	1080	0	0	0	0	0	0	0
4972	3	972	486	2255360	241060	2476	0	2274	1080	0	0	0	0	0	0	0
4973	3	973	486	2256880	241210	2478	0	2276	1090	0	0	0	0	0	0	0
4974	3	974	487	2258400	241365	2482	0	2280	1090	0	0	0	0	0	0	0
4975	3	975	487	2259920	241520	2484	0	2280	1090	0	0	0	0	0	0	0
4976	3	976	488	2261440	241670	2486	0	2284	1090	0	0	0	0	0	0	0
4977	3	977	488	2262970	241825	2488	0	2284	1090	0	0	0	0	0	0	0
4978	3	978	489	2266180	243040	2492	0	2288	1090	0	0	0	0	0	0	0
4979	3	979	489	2269400	244250	2494	0	2288	1090	0	0	0	0	0	0	0
4980	3	980	490	2273860	244710	2496	0	2292	1090	980	4900	4900	4900	4900	4900	4900
4981	3	981	490	2278310	245170	2500	0	2294	1090	0	0	0	0	0	0	0
4982	3	982	491	2279840	245320	2502	0	2296	1100	0	0	0	0	0	0	0
4983	3	983	491	2281360	245475	2504	0	2298	1100	0	0	0	0	0	0	0
4984	3	984	492	2282890	245630	2506	0	2300	1100	0	0	0	0	0	0	0
4985	3	985	492	2284410	245785	2508	0	2302	1100	0	0	0	0	0	0	0
4986	3	986	493	2287210	246200	2512	0	2304	1100	0	0	0	0	0	0	0
4987	3	987	493	2290010	246615	2514	0	2306	1100	0	0	0	0	0	0	0
4988	3	988	494	2291530	246770	2516	0	2308	1100	0	0	0	0	0	0	0
4989	3	989	494	2293060	246925	2520	0	2310	1100	0	0	0	0	0	0	0
4990	3	990	495	2294580	247080	2522	0	2312	1100	990	4950	4950	4950	4950	4950	4950
4991	3	991	495	2296110	247230	2524	0	2314	1110	0	0	0	0	0	0	0
4992	3	992	496	2307660	249530	2528	0	2320	1110	0	0	0	0	0	0	0
4993	3	993	496	2319210	251830	2530	0	2326	1110	0	0	0	0	0	0	0
4994	3	994	497	2320740	251985	2532	0	2328	1110	0	0	0	0	0	0	0
4995	3	995	497	2322260	252140	2534	0	2330	1110	0	0	0	0	0	0	0
4996	3	996	498	2323790	252295	2536	0	2332	1110	0	0	0	0	0	0	0
4997	3	997	498	2325310	252450	2540	0	2334	1110	0	0	0	0	0	0	0
4998	3	998	499	2326840	252605	2542	0	2336	1110	0	0	0	0	0	0	0
4999	3	999	499	2328360	252760	2544	0	2338	1110	0	0	0	0	0	0	0
5000	3	1000	500	2332870	253230	2548	0	2340	1120	1000	5000	5000	5000	5000	5000	5000
5001	3	1001	500	2337370	253695	2550	0	2342	1120	0	0	0	0	0	0	0
5002	3	1002	501	2338900	253850	2552	0	2344	1120	0	0	0	0	0	0	0
5003	3	1003	501	2340430	254005	2554	0	2346	1120	0	0	0	0	0	0	0
5004	3	1004	502	2343900	254340	2556	0	2348	1120	0	0	0	0	0	0	0
5005	3	1005	502	2347370	254675	2560	0	2352	1120	0	0	0	0	0	0	0
5006	3	1006	503	2348900	254830	2562	0	2354	1120	0	0	0	0	0	0	0
5007	3	1007	503	2350430	254985	2564	0	2356	1120	0	0	0	0	0	0	0
5008	3	1008	504	2351960	255140	2568	0	2358	1120	0	0	0	0	0	0	0
5009	3	1009	504	2353490	255295	2570	0	2360	1130	0	0	0	0	0	0	0
5010	3	1010	505	2356300	255720	2572	0	2362	1130	1010	5050	5050	5050	5050	5050	5050
5011	3	1011	505	2359110	256145	2574	0	2364	1130	0	0	0	0	0	0	0
5012	3	1012	506	2360640	256300	2578	0	2366	1130	0	0	0	0	0	0	0
5013	3	1013	506	2362170	256455	2580	0	2368	1130	0	0	0	0	0	0	0
5014	3	1014	507	2363700	256615	2582	0	2370	1130	0	0	0	0	0	0	0
5015	3	1015	507	2365230	256770	2584	0	2372	1130	0	0	0	0	0	0	0
5016	3	1016	508	2366760	256925	2588	0	2374	1130	0	0	0	0	0	0	0
5017	3	1017	508	2368290	257080	2590	0	2376	1130	0	0	0	0	0	0	0
5018	3	1018	509	2371760	257415	2592	0	2382	1140	0	0	0	0	0	0	0
5019	3	1019	509	2375220	257745	2596	0	2388	1140	0	0	0	0	0	0	0
5020	3	1020	510	2388340	259315	2598	0	2392	1140	1020	5100	5100	5100	5100	5100	5100
5021	3	1021	510	2401460	260885	2600	0	2392	1140	0	0	0	0	0	0	0
5022	3	1022	511	2403000	261040	2602	0	2396	1140	0	0	0	0	0	0	0
5023	3	1023	511	2404530	261195	2604	0	2398	1140	0	0	0	0	0	0	0
5024	3	1024	512	2406060	261355	2608	0	2400	1140	0	0	0	0	0	0	0
5025	3	1025	512	2407600	261510	2610	0	2402	1140	0	0	0	0	0	0	0
5026	3	1026	513	2409130	261665	2612	0	2404	1140	0	0	0	0	0	0	0
5027	3	1027	513	2410670	261820	2616	0	2406	1150	0	0	0	0	0	0	0
5028	3	1028	514	2412200	261980	2618	0	2408	1150	0	0	0	0	0	0	0
5029	3	1029	514	2413740	262135	2620	0	2410	1150	0	0	0	0	0	0	0
5030	3	1030	515	2415270	262295	2622	0	2412	1150	1030	5150	5150	5150	5150	5150	5150
5031	3	1031	515	2416800	262450	2624	0	2414	1150	0	0	0	0	0	0	0
5032	3	1032	516	2420280	262780	2628	0	2416	1150	0	0	0	0	0	0	0
5033	3	1033	516	2423750	263115	2630	0	2418	1150	0	0	0	0	0	0	0
5034	3	1034	517	2425280	263270	2632	0	2420	1150	0	0	0	0	0	0	0
5035	3	1035	517	2426820	263425	2636	0	2422	1150	0	0	0	0	0	0	0
5036	3	1036	518	2429640	263860	2638	0	2424	1160	0	0	0	0	0	0	0
5037	3	1037	518	2432470	264285	2640	0	2428	1160	0	0	0	0	0	0	0
5038	3	1038	519	2434000	264445	2644	0	2430	1160	0	0	0	0	0	0	0
5039	3	1039	519	2435540	264600	2646	0	2432	1160	0	0	0	0	0	0	0
5040	3	1040	520	2440140	265075	2648	0	2434	1160	1040	5200	5200	5200	5200	5200	5200
5041	3	1041	520	2444740	265550	2650	0	2436	1160	0	0	0	0	0	0	0
5042	3	1042	521	2446280	265710	2652	0	2438	1160	0	0	0	0	0	0	0
5043	3	1043	521	2447820	265865	2656	0	2440	1160	0	0	0	0	0	0	0
5044	3	1044	522	2449360	266020	2658	0	2442	1160	0	0	0	0	0	0	0
5045	3	1045	522	2450890	266180	2660	0	2444	1170	0	0	0	0	0	0	0
5046	3	1046	523	2454370	266515	2664	0	2446	1170	0	0	0	0	0	0	0
5047	3	1047	523	2457840	266845	2666	0	2448	1170	0	0	0	0	0	0	0
5048	3	1048	524	2468190	268130	2668	0	2450	1170	0	0	0	0	0	0	0
5049	3	1049	524	2478530	269415	2670	0	2452	1170	0	0	0	0	0	0	0
5050	3	1050	525	2480070	269570	2674	0	2454	1170	1050	5250	5250	5250	5250	5250	5250
5051	3	1051	525	2481610	269730	2676	0	2456	1170	0	0	0	0	0	0	0
5052	3	1052	526	2483150	269885	2678	0	2460	1170	0	0	0	0	0	0	0
5053	3	1053	526	2484690	270040	2680	0	2460	1170	0	0	0	0	0	0	0
5054	3	1054	527	2486230	270200	2684	0	2464	1180	0	0	0	0	0	0	0
5055	3	1055	527	2487760	270355	2686	0	2464	1180	0	0	0	0	0	0	0
5056	3	1056	528	2489300	270515	2688	0	2468	1180	0	0	0	0	0	0	0
5057	3	1057	528	2490840	270670	2692	0	2470	1180	0	0	0	0	0	0	0
5058	3	1058	529	2504340	271005	2694	0	2472	1180	0	0	0	0	0	0	0
5059	3	1059	529	2517840	271335	2696	0	2474	1180	0	0	0	0	0	0	0
5060	3	1060	530	2522530	271815	2698	0	2476	1180	1060	5300	5300	5300	5300	5300	5300
5061	3	1061	530	2527210	272295	2700	0	2478	1180	0	0	0	0	0	0	0
5062	3	1062	531	2530080	275765	2704	0	2482	1180	0	0	0	0	0	0	0
5063	3	1063	531	2532950	279230	2706	0	2484	1190	0	0	0	0	0	0	0
5064	3	1064	532	2534510	279390	2708	0	2488	1190	0	0	0	0	0	0	0
5065	3	1065	532	2536060	279550	2712	0	2488	1190	0	0	0	0	0	0	0
5066	3	1066	533	2537620	279710	2714	0	2492	1190	0	0	0	0	0	0	0
5067	3	1067	533	2539170	279870	2716	0	2492	1190	0	0	0	0	0	0	0
5068	3	1068	534	2540730	280035	2718	0	2496	1190	0	0	0	0	0	0	0
5069	3	1069	534	2542280	280195	2720	0	2496	1190	0	0	0	0	0	0	0
5070	3	1070	535	2543840	280355	2724	0	2500	1190	1070	5350	5350	5350	5350	5350	5350
5071	3	1071	535	2545390	280515	2726	0	2502	1190	0	0	0	0	0	0	0
5072	3	1072	536	2548900	280855	2728	0	2504	1200	0	0	0	0	0	0	0
5073	3	1073	536	2552410	281200	2732	0	2506	1200	0	0	0	0	0	0	0
5074	3	1074	537	2553960	281360	2734	0	2508	1200	0	0	0	0	0	0	0
5075	3	1075	537	2555520	281520	2736	0	2510	1200	0	0	0	0	0	0	0
5076	3	1076	538	2557070	281680	2740	0	2512	1200	0	0	0	0	0	0	0
5077	3	1077	538	2558630	281840	2742	0	2514	1200	0	0	0	0	0	0	0
5078	3	1078	539	2569300	284215	2744	0	2520	1200	0	0	0	0	0	0	0
5079	3	1079	539	2579970	286590	2746	0	2524	1200	0	0	0	0	0	0	0
5080	3	1080	540	2584700	287090	2748	0	2528	1200	1080	5400	5400	5400	5400	5400	5400
5081	3	1081	540	2589440	287590	2752	0	2528	1210	0	0	0	0	0	0	0
5082	3	1082	541	2591000	287750	2754	0	2532	1210	0	0	0	0	0	0	0
5083	3	1083	541	2592560	287915	2756	0	2534	1210	0	0	0	0	0	0	0
5084	3	1084	542	2594120	288075	2760	0	2536	1210	0	0	0	0	0	0	0
5085	3	1085	542	2595680	288240	2762	0	2538	1210	0	0	0	0	0	0	0
5086	3	1086	543	2599190	288580	2764	0	2540	1210	0	0	0	0	0	0	0
5087	3	1087	543	2602700	288925	2766	0	2542	1210	0	0	0	0	0	0	0
5088	3	1088	544	2636740	289385	2768	0	2544	1210	0	0	0	0	0	0	0
5089	3	1089	544	2670780	289840	2772	0	2546	1210	0	0	0	0	0	0	0
5090	3	1090	545	2672380	290000	2774	0	2548	1220	1090	5450	5450	5450	5450	5450	5450
5091	3	1091	545	2673980	290165	2776	0	2550	1220	0	0	0	0	0	0	0
5092	3	1092	546	2675570	290325	2780	0	2552	1220	0	0	0	0	0	0	0
5093	3	1093	546	2677170	290490	2782	0	2554	1220	0	0	0	0	0	0	0
5094	3	1094	547	2678770	290650	2784	0	2556	1220	0	0	0	0	0	0	0
5095	3	1095	547	2680360	290815	2786	0	2558	1220	0	0	0	0	0	0	0
5096	3	1096	548	2681960	290975	2790	0	2560	1220	0	0	0	0	0	0	0
5097	3	1097	548	2683560	291140	2792	0	2564	1220	0	0	0	0	0	0	0
5098	3	1098	549	2685150	291300	2794	0	2566	1220	0	0	0	0	0	0	0
5099	3	1099	549	2686750	291465	2796	0	2568	1230	0	0	0	0	0	0	0
5100	3	1100	550	2693640	293200	2800	0	2570	1230	1100	5500	5500	5500	5500	5500	5500
5101	3	1101	550	2700540	294935	2802	0	2572	1230	0	0	0	0	0	0	0
5102	3	1102	551	2702140	295100	2804	0	2574	1230	0	0	0	0	0	0	0
5103	3	1103	551	2703740	295265	2808	0	2576	1230	0	0	0	0	0	0	0
5104	3	1104	552	2705340	295430	2810	0	2578	1230	0	0	0	0	0	0	0
5105	3	1105	552	2706940	295590	2812	0	2580	1230	0	0	0	0	0	0	0
5106	3	1106	553	2718120	296990	2814	0	2582	1230	0	0	0	0	0	0	0
5107	3	1107	553	2729300	298385	2816	0	2584	1230	0	0	0	0	0	0	0
5108	3	1108	554	2730900	298550	2820	0	2588	1240	0	0	0	0	0	0	0
5109	3	1109	554	2732500	298715	2822	0	2588	1240	0	0	0	0	0	0	0
5110	3	1110	555	2734100	298875	2824	0	2592	1240	1110	5550	5550	5550	5550	5550	5550
5111	3	1111	555	2735700	299040	2828	0	2592	1240	0	0	0	0	0	0	0
5112	3	1112	556	2737310	299205	2830	0	2596	1240	0	0	0	0	0	0	0
5113	3	1113	556	2738910	299370	2832	0	2596	1240	0	0	0	0	0	0	0
5114	3	1114	557	2743880	300020	2834	0	2600	1240	0	0	0	0	0	0	0
5115	3	1115	557	2748840	300670	2836	0	2602	1240	0	0	0	0	0	0	0
5116	3	1116	558	2750440	300835	2840	0	2604	1240	0	0	0	0	0	0	0
5117	3	1117	558	2752050	300995	2842	0	2606	1250	0	0	0	0	0	0	0
5118	3	1118	559	2753650	301245	2844	0	2616	1250	0	0	0	0	0	0	0
5119	3	1119	559	2755250	301495	2848	0	2626	1250	0	0	0	0	0	0	0
5120	3	1120	560	2760200	302005	2850	0	2628	1250	1120	5600	5600	5600	5600	5600	5600
5121	3	1121	560	2765140	302520	2852	0	2630	1250	0	0	0	0	0	0	0
5122	3	1122	561	2766750	302685	2856	0	2632	1250	0	0	0	0	0	0	0
5123	3	1123	561	2768350	302850	2858	0	2634	1250	0	0	0	0	0	0	0
5124	3	1124	562	2769960	303010	2860	0	2636	1250	0	0	0	0	0	0	0
5125	3	1125	562	2771560	303175	2862	0	2638	1250	0	0	0	0	0	0	0
5126	3	1126	563	2775170	303520	2864	0	2640	1260	0	0	0	0	0	0	0
5127	3	1127	563	2778770	303870	2868	0	2644	1260	0	0	0	0	0	0	0
5128	3	1128	564	2780380	304035	2870	0	2646	1260	0	0	0	0	0	0	0
5129	3	1129	564	2781980	304200	2872	0	2648	1260	0	0	0	0	0	0	0
5130	3	1130	565	2783590	304360	2876	0	2650	1260	1130	5650	5650	5650	5650	5650	5650
5131	3	1131	565	2785190	304525	2878	0	2652	1260	0	0	0	0	0	0	0
5132	3	1132	566	2786800	304690	2880	0	2654	1260	0	0	0	0	0	0	0
5133	3	1133	566	2788400	304855	2882	0	2656	1260	0	0	0	0	0	0	0
5134	3	1134	567	2799830	306285	2886	0	2658	1260	0	0	0	0	0	0	0
5135	3	1135	567	2811260	307710	2888	0	2660	1270	0	0	0	0	0	0	0
5136	3	1136	568	2812870	307875	2890	0	2662	1270	0	0	0	0	0	0	0
5137	3	1137	568	2814470	308040	2892	0	2664	1270	0	0	0	0	0	0	0
5138	3	1138	569	2816080	308205	2896	0	2666	1270	0	0	0	0	0	0	0
5139	3	1139	569	2817680	308370	2898	0	2668	1270	0	0	0	0	0	0	0
5140	3	1140	570	2837330	309405	2900	0	2670	1270	1140	5700	5700	5700	5700	5700	5700
5141	3	1141	570	2856980	310435	2904	0	2672	1270	0	0	0	0	0	0	0
5142	3	1142	571	2858600	310600	2906	0	2676	1270	0	0	0	0	0	0	0
5143	3	1143	571	2860220	310765	2908	0	2676	1270	0	0	0	0	0	0	0
5144	3	1144	572	2861840	310930	2910	0	2680	1280	0	0	0	0	0	0	0
5145	3	1145	572	2863470	311095	2912	0	2680	1280	0	0	0	0	0	0	0
5146	3	1146	573	2865090	311260	2916	0	2684	1280	0	0	0	0	0	0	0
5147	3	1147	573	2866710	311425	2918	0	2686	1280	0	0	0	0	0	0	0
5148	3	1148	574	2868330	311590	2920	0	2688	1280	0	0	0	0	0	0	0
5149	3	1149	574	2869950	311755	2924	0	2690	1280	0	0	0	0	0	0	0
5150	3	1150	575	2871570	311920	2926	0	2692	1280	1150	5750	5750	5750	5750	5750	5750
5151	3	1151	575	2873200	312085	2928	0	2694	1280	0	0	0	0	0	0	0
5152	3	1152	576	2874820	312250	2930	0	2696	1280	0	0	0	0	0	0	0
5153	3	1153	576	2876440	312415	2932	0	2698	1290	0	0	0	0	0	0	0
5154	3	1154	577	2880330	312785	2936	0	2700	1290	0	0	0	0	0	0	0
5155	3	1155	577	2884220	313155	2938	0	2702	1290	0	0	0	0	0	0	0
5156	3	1156	578	2885840	313320	2940	0	2704	1290	0	0	0	0	0	0	0
5157	3	1157	578	2887460	313485	2944	0	2706	1290	0	0	0	0	0	0	0
5158	3	1158	579	2889080	313650	2946	0	2708	1290	0	0	0	0	0	0	0
5159	3	1159	579	2890700	313815	2948	0	2710	1290	0	0	0	0	0	0	0
5160	3	1160	580	2895790	314340	2952	0	2712	1290	1160	5800	5800	5800	5800	5800	5800
5161	3	1161	580	2900880	314860	2954	0	2716	1290	0	0	0	0	0	0	0
5162	3	1162	581	2912650	316320	2956	0	2720	1300	0	0	0	0	0	0	0
5163	3	1163	581	2924420	317780	2958	0	2726	1300	0	0	0	0	0	0	0
5164	3	1164	582	2926050	317945	2960	0	2728	1300	0	0	0	0	0	0	0
5165	3	1165	582	2927680	318110	2964	0	2730	1300	0	0	0	0	0	0	0
5166	3	1166	583	2930710	318595	2966	0	2732	1300	0	0	0	0	0	0	0
5167	3	1167	583	2933740	319075	2968	0	2734	1300	0	0	0	0	0	0	0
5168	3	1168	584	2937630	319445	2972	0	2736	1300	0	0	0	0	0	0	0
5169	3	1169	584	2941520	319815	2974	0	2738	1300	0	0	0	0	0	0	0
5170	3	1170	585	2943150	319980	2976	0	2740	1300	1170	5850	5850	5850	5850	5850	5850
5171	3	1171	585	2944770	320145	2978	0	2742	1310	0	0	0	0	0	0	0
5172	3	1172	586	2946400	320310	2982	0	2744	1310	0	0	0	0	0	0	0
5173	3	1173	586	2948030	320475	2984	0	2748	1310	0	0	0	0	0	0	0
5174	3	1174	587	2949650	320640	2986	0	2750	1310	0	0	0	0	0	0	0
5175	3	1175	587	2951280	320805	2988	0	2752	1310	0	0	0	0	0	0	0
5176	3	1176	588	2952900	320975	2992	0	2754	1310	0	0	0	0	0	0	0
5177	3	1177	588	2954530	321140	2994	0	2756	1310	0	0	0	0	0	0	0
5178	3	1178	589	2956160	321300	2996	0	2758	1310	0	0	0	0	0	0	0
5179	3	1179	589	2957780	321465	3000	0	2760	1310	0	0	0	0	0	0	0
5180	3	1180	590	2965190	323350	3002	0	2762	1320	1180	5900	5900	5900	5900	5900	5900
5181	3	1181	590	2972590	325235	3004	0	2764	1320	0	0	0	0	0	0	0
5182	3	1182	591	2974220	325405	3006	0	2766	1320	0	0	0	0	0	0	0
5183	3	1183	591	2975850	325570	3008	0	2768	1320	0	0	0	0	0	0	0
5184	3	1184	592	2977480	325740	3012	0	2770	1320	0	0	0	0	0	0	0
5185	3	1185	592	2979110	325905	3014	0	2772	1320	0	0	0	0	0	0	0
5186	3	1186	593	2980740	326070	3016	0	2774	1320	0	0	0	0	0	0	0
5187	3	1187	593	2982370	326240	3020	0	2776	1320	0	0	0	0	0	0	0
5188	3	1188	594	2984000	326405	3022	0	2780	1320	0	0	0	0	0	0	0
5189	3	1189	594	2985630	326570	3024	0	2780	1330	0	0	0	0	0	0	0
5190	3	1190	595	2999080	329565	3026	0	2784	1330	1190	5950	5950	5950	5950	5950	5950
5191	3	1191	595	3012520	332560	3028	0	2784	1330	0	0	0	0	0	0	0
5192	3	1192	596	3014150	332730	3032	0	2788	1330	0	0	0	0	0	0	0
5193	3	1193	596	3015780	332900	3034	0	2790	1330	0	0	0	0	0	0	0
5194	3	1194	597	3019680	333275	3036	0	2792	1330	0	0	0	0	0	0	0
5195	3	1195	597	3023570	333650	3040	0	2794	1330	0	0	0	0	0	0	0
5196	3	1196	598	3025200	333820	3042	0	2796	1330	0	0	0	0	0	0	0
5197	3	1197	598	3026830	333985	3044	0	2798	1330	0	0	0	0	0	0	0
5198	3	1198	599	3028460	334155	3048	0	2800	1340	0	0	0	0	0	0	0
5199	3	1199	599	3030090	334320	3050	0	2802	1340	0	0	0	0	0	0	0
5200	3	1200	600	3035280	334860	3052	0	2804	1340	1200	6000	6000	6000	6000	6000	6000
5201	3	1201	600	3040470	335400	3054	0	2806	1340	0	0	0	0	0	0	0
5202	3	1202	601	3042100	335570	3056	0	2808	1340	0	0	0	0	0	0	0
5203	3	1203	601	3043740	335740	3060	0	2810	1340	0	0	0	0	0	0	0
5204	3	1204	602	3045370	335905	3062	0	2812	1340	0	0	0	0	0	0	0
5205	3	1205	602	3047010	336075	3064	0	2816	1340	0	0	0	0	0	0	0
5206	3	1206	603	3048640	336245	3068	0	2818	1340	0	0	0	0	0	0	0
5207	3	1207	603	3050280	336410	3070	0	2820	1350	0	0	0	0	0	0	0
5208	3	1208	604	3054180	336790	3072	0	2822	1350	0	0	0	0	0	0	0
5209	3	1209	604	3058080	337165	3074	0	2824	1350	0	0	0	0	0	0	0
5210	3	1210	605	3059720	337335	3078	0	2826	1350	1210	6050	6050	6050	6050	6050	6050
5211	3	1211	605	3061350	337505	3080	0	2828	1350	0	0	0	0	0	0	0
5212	3	1212	606	3062990	337670	3082	0	2830	1350	0	0	0	0	0	0	0
5213	3	1213	606	3064620	337840	3084	0	2832	1350	0	0	0	0	0	0	0
5214	3	1214	607	3066260	338010	3088	0	2834	1350	0	0	0	0	0	0	0
5215	3	1215	607	3067890	338175	3090	0	2836	1350	0	0	0	0	0	0	0
5216	3	1216	608	3070950	342250	3092	0	2840	1360	0	0	0	0	0	0	0
5217	3	1217	608	3074020	346325	3096	0	2842	1360	0	0	0	0	0	0	0
5218	3	1218	609	3075650	346500	3098	0	2844	1360	0	0	0	0	0	0	0
5219	3	1219	609	3077290	346670	3100	0	2848	1360	0	0	0	0	0	0	0
5220	3	1220	610	3093170	348635	3102	0	2850	1360	1220	6100	6100	6100	6100	6100	6100
5221	3	1221	610	3109050	350595	3104	0	2852	1360	0	0	0	0	0	0	0
5222	3	1222	611	3112950	350985	3108	0	2858	1360	0	0	0	0	0	0	0
5223	3	1223	611	3116860	351370	3110	0	2864	1360	0	0	0	0	0	0	0
5224	3	1224	612	3118500	351540	3112	0	2866	1360	0	0	0	0	0	0	0
5225	3	1225	612	3120140	351715	3116	0	2868	1370	0	0	0	0	0	0	0
5226	3	1226	613	3121780	351885	3118	0	2870	1370	0	0	0	0	0	0	0
5227	3	1227	613	3123410	352060	3120	0	2872	1370	0	0	0	0	0	0	0
5228	3	1228	614	3125050	352230	3122	0	2874	1370	0	0	0	0	0	0	0
5229	3	1229	614	3126690	352400	3124	0	2876	1370	0	0	0	0	0	0	0
5230	3	1230	615	3128330	352575	3128	0	2878	1370	1230	6150	6150	6150	6150	6150	6150
5231	3	1231	615	3129970	352745	3130	0	2880	1370	0	0	0	0	0	0	0
5232	3	1232	616	3131610	352920	3132	0	2882	1370	0	0	0	0	0	0	0
5233	3	1233	616	3133250	353090	3136	0	2884	1370	0	0	0	0	0	0	0
5234	3	1234	617	3134890	353265	3138	0	2888	1380	0	0	0	0	0	0	0
5235	3	1235	617	3136530	353435	3140	0	2888	1380	0	0	0	0	0	0	0
5236	3	1236	618	3140430	353820	3144	0	2892	1380	0	0	0	0	0	0	0
5237	3	1237	618	3144340	354205	3146	0	2894	1380	0	0	0	0	0	0	0
5238	3	1238	619	3145980	354380	3148	0	2896	1380	0	0	0	0	0	0	0
5239	3	1239	619	3147620	354550	3150	0	2898	1380	0	0	0	0	0	0	0
5240	3	1240	620	3152910	355115	3152	0	2900	1380	1240	6200	6200	6200	6200	6200	6200
5241	3	1241	620	3158190	355675	3156	0	2902	1380	0	0	0	0	0	0	0
5242	3	1242	621	3197890	356195	3158	0	2904	1380	0	0	0	0	0	0	0
5243	3	1243	621	3237580	356715	3160	0	2906	1390	0	0	0	0	0	0	0
5244	3	1244	622	3239270	356890	3164	0	2908	1390	0	0	0	0	0	0	0
5245	3	1245	622	3240950	357060	3166	0	2910	1390	0	0	0	0	0	0	0
5246	3	1246	623	3242630	357235	3168	0	2912	1390	0	0	0	0	0	0	0
5247	3	1247	623	3244310	357405	3170	0	2914	1390	0	0	0	0	0	0	0
5248	3	1248	624	3259450	359235	3172	0	2916	1390	0	0	0	0	0	0	0
5249	3	1249	624	3274590	361060	3176	0	2918	1390	0	0	0	0	0	0	0
5250	3	1250	625	3276280	361230	3178	0	2920	1390	1250	6250	6250	6250	6250	6250	6250
5251	3	1251	625	3277960	361405	3180	0	2924	1390	0	0	0	0	0	0	0
5252	3	1252	626	3279640	361575	3184	0	2926	1400	0	0	0	0	0	0	0
5253	3	1253	626	3281320	361750	3186	0	2928	1400	0	0	0	0	0	0	0
5254	3	1254	627	3283000	361920	3188	0	2930	1400	0	0	0	0	0	0	0
5255	3	1255	627	3284680	362095	3190	0	2932	1400	0	0	0	0	0	0	0
5256	3	1256	628	3286370	362265	3194	0	2934	1400	0	0	0	0	0	0	0
5257	3	1257	628	3288050	362440	3196	0	2936	1400	0	0	0	0	0	0	0
5258	3	1258	629	3289730	362615	3198	0	2938	1400	0	0	0	0	0	0	0
5259	3	1259	629	3291410	362785	3200	0	2940	1400	0	0	0	0	0	0	0
5260	3	1260	630	3296870	363350	3204	0	2942	1400	1260	6300	6300	6300	6300	6300	6300
5261	3	1261	630	3302330	363920	3206	0	2944	1410	0	0	0	0	0	0	0
5262	3	1262	631	3318820	364305	3208	0	2946	1410	0	0	0	0	0	0	0
5263	3	1263	631	3335300	364690	3212	0	2948	1410	0	0	0	0	0	0	0
5264	3	1264	632	3337000	364865	3214	0	2952	1410	0	0	0	0	0	0	0
5265	3	1265	632	3338700	365035	3216	0	2952	1410	0	0	0	0	0	0	0
5266	3	1266	633	3340390	365210	3218	0	2956	1410	0	0	0	0	0	0	0
5267	3	1267	633	3342090	365385	3220	0	2956	1410	0	0	0	0	0	0	0
5268	3	1268	634	3345290	365910	3224	0	2960	1410	0	0	0	0	0	0	0
5269	3	1269	634	3348480	366440	3226	0	2962	1410	0	0	0	0	0	0	0
5270	3	1270	635	3350180	366610	3228	0	2964	1420	1270	6350	6350	6350	6350	6350	6350
5271	3	1271	635	3351880	366785	3232	0	2966	1420	0	0	0	0	0	0	0
5272	3	1272	636	3353580	366960	3234	0	2968	1420	0	0	0	0	0	0	0
5273	3	1273	636	3355280	367130	3236	0	2970	1420	0	0	0	0	0	0	0
5274	3	1274	637	3356980	367305	3238	0	2972	1420	0	0	0	0	0	0	0
5275	3	1275	637	3358680	367480	3240	0	2974	1420	0	0	0	0	0	0	0
5276	3	1276	638	3374450	370635	3244	0	2980	1420	0	0	0	0	0	0	0
5277	3	1277	638	3390220	373795	3246	0	2984	1420	0	0	0	0	0	0	0
5278	3	1278	639	3391920	373970	3248	0	2988	1420	0	0	0	0	0	0	0
5279	3	1279	639	3393620	374145	3252	0	2988	1430	0	0	0	0	0	0	0
5280	3	1280	640	3399180	374720	3254	0	2992	1430	1280	6400	6400	6400	6400	6400	6400
5281	3	1281	640	3404730	375295	3256	0	2992	1430	0	0	0	0	0	0	0
5282	3	1282	641	3406430	375470	3260	0	2996	1430	0	0	0	0	0	0	0
5283	3	1283	641	3408140	375645	3262	0	2998	1430	0	0	0	0	0	0	0
5284	3	1284	642	3409840	375820	3264	0	3000	1430	0	0	0	0	0	0	0
5285	3	1285	642	3411540	375995	3266	0	3002	1430	0	0	0	0	0	0	0
5286	3	1286	643	3413250	376170	3268	0	3004	1430	0	0	0	0	0	0	0
5287	3	1287	643	3414950	376345	3272	0	3006	1430	0	0	0	0	0	0	0
5288	3	1288	644	3416650	376520	3274	0	3008	1440	0	0	0	0	0	0	0
5289	3	1289	644	3418360	376695	3276	0	3010	1440	0	0	0	0	0	0	0
5290	3	1290	645	3422650	377105	3280	0	3012	1440	1290	6450	6450	6450	6450	6450	6450
5291	3	1291	645	3426950	377520	3282	0	3014	1440	0	0	0	0	0	0	0
5292	3	1292	646	3428660	377695	3284	0	3016	1440	0	0	0	0	0	0	0
5293	3	1293	646	3430360	377870	3286	0	3018	1440	0	0	0	0	0	0	0
5294	3	1294	647	3433570	378405	3288	0	3020	1440	0	0	0	0	0	0	0
5295	3	1295	647	3436780	378945	3292	0	3024	1440	0	0	0	0	0	0	0
5296	3	1296	648	3438490	379120	3294	0	3026	1440	0	0	0	0	0	0	0
5297	3	1297	648	3440190	379295	3296	0	3028	1450	0	0	0	0	0	0	0
5298	3	1298	649	3441890	379470	3300	0	3030	1450	0	0	0	0	0	0	0
5299	3	1299	649	3443600	379645	3302	0	3032	1450	0	0	0	0	0	0	0
5300	3	1300	650	3449200	380225	3304	0	3034	1450	1300	6500	6500	6500	6500	6500	6500
5301	3	1301	650	3454810	380805	3308	0	3036	1450	0	0	0	0	0	0	0
5302	3	1302	651	3459110	382520	3310	0	3038	1450	0	0	0	0	0	0	0
5303	3	1303	651	3463410	384240	3312	0	3040	1450	0	0	0	0	0	0	0
5304	3	1304	652	3476860	385940	3314	0	3042	1450	0	0	0	0	0	0	0
5305	3	1305	652	3490300	387645	3316	0	3044	1450	0	0	0	0	0	0	0
5306	3	1306	653	3492010	387820	3320	0	3046	1460	0	0	0	0	0	0	0
5307	3	1307	653	3493720	387995	3322	0	3048	1460	0	0	0	0	0	0	0
5308	3	1308	654	3495420	388175	3324	0	3052	1460	0	0	0	0	0	0	0
5309	3	1309	654	3497130	388350	3328	0	3052	1460	0	0	0	0	0	0	0
5310	3	1310	655	3498840	388525	3330	0	3056	1460	1310	6550	6550	6550	6550	6550	6550
5311	3	1311	655	3500550	388700	3332	0	3056	1460	0	0	0	0	0	0	0
5312	3	1312	656	3502260	388880	3334	0	3060	1460	0	0	0	0	0	0	0
5313	3	1313	656	3503960	389055	3336	0	3062	1460	0	0	0	0	0	0	0
5314	3	1314	657	3506310	389230	3340	0	3072	1460	0	0	0	0	0	0	0
5315	3	1315	657	3508660	389405	3342	0	3082	1470	0	0	0	0	0	0	0
5316	3	1316	658	3512970	389825	3344	0	3084	1470	0	0	0	0	0	0	0
5317	3	1317	658	3517270	390240	3348	0	3086	1470	0	0	0	0	0	0	0
5318	3	1318	659	3518980	390420	3350	0	3088	1470	0	0	0	0	0	0	0
5319	3	1319	659	3520690	390595	3352	0	3090	1470	0	0	0	0	0	0	0
5320	3	1320	660	3527870	391555	3356	0	3092	1470	1320	6600	6600	6600	6600	6600	6600
5321	3	1321	660	3535040	392515	3358	0	3094	1470	0	0	0	0	0	0	0
5322	3	1322	661	3536760	392695	3360	0	3096	1470	0	0	0	0	0	0	0
5323	3	1323	661	3538470	392870	3362	0	3098	1470	0	0	0	0	0	0	0
5324	3	1324	662	3540180	393050	3364	0	3100	1480	0	0	0	0	0	0	0
5325	3	1325	662	3541890	393225	3368	0	3102	1480	0	0	0	0	0	0	0
5326	3	1326	663	3543610	393400	3370	0	3104	1480	0	0	0	0	0	0	0
5327	3	1327	663	3545320	393580	3372	0	3108	1480	0	0	0	0	0	0	0
5328	3	1328	664	3547030	393755	3376	0	3110	1480	0	0	0	0	0	0	0
5329	3	1329	664	3548740	393930	3378	0	3112	1480	0	0	0	0	0	0	0
5330	3	1330	665	3553050	394350	3380	0	3114	1480	1330	6650	6650	6650	6650	6650	6650
5331	3	1331	665	3557360	394765	3382	0	3116	1480	0	0	0	0	0	0	0
5332	3	1332	666	3571060	396500	3384	0	3118	1480	0	0	0	0	0	0	0
5333	3	1333	666	3584760	398235	3388	0	3120	1490	0	0	0	0	0	0	0
5334	3	1334	667	3586480	398415	3390	0	3122	1490	0	0	0	0	0	0	0
5335	3	1335	667	3588190	398590	3392	0	3124	1490	0	0	0	0	0	0	0
5336	3	1336	668	3589900	398765	3396	0	3126	1490	0	0	0	0	0	0	0
5337	3	1337	668	3591610	398945	3398	0	3128	1490	0	0	0	0	0	0	0
5338	3	1338	669	3593320	399120	3400	0	3130	1490	0	0	0	0	0	0	0
5339	3	1339	669	3595040	399300	3402	0	3132	1490	0	0	0	0	0	0	0
5340	3	1340	670	3600750	399895	3406	0	3136	1490	1340	6700	6700	6700	6700	6700	6700
5341	3	1341	670	3606460	400490	3408	0	3136	1490	0	0	0	0	0	0	0
5342	3	1342	671	3608170	400665	3410	0	3140	1500	0	0	0	0	0	0	0
5343	3	1343	671	3609890	400845	3412	0	3140	1500	0	0	0	0	0	0	0
5344	3	1344	672	3627740	401260	3416	0	3144	1500	0	0	0	0	0	0	0
5345	3	1345	672	3645580	401680	3418	0	3144	1500	0	0	0	0	0	0	0
5346	3	1346	673	3648860	402235	3420	0	3148	1500	0	0	0	0	0	0	0
5347	3	1347	673	3652130	402790	3422	0	3150	1500	0	0	0	0	0	0	0
5348	3	1348	674	3653860	402970	3426	0	3152	1500	0	0	0	0	0	0	0
5349	3	1349	674	3655590	403145	3428	0	3154	1500	0	0	0	0	0	0	0
5350	3	1350	675	3657320	403320	3430	0	3156	1500	1350	6750	6750	6750	6750	6750	6750
5351	3	1351	675	3659050	403500	3432	0	3158	1510	0	0	0	0	0	0	0
5352	3	1352	676	3660780	403680	3436	0	3160	1510	0	0	0	0	0	0	0
5353	3	1353	676	3662510	403855	3438	0	3162	1510	0	0	0	0	0	0	0
5354	3	1354	677	3664240	404030	3440	0	3164	1510	0	0	0	0	0	0	0
5355	3	1355	677	3665970	404210	3444	0	3166	1510	0	0	0	0	0	0	0
5356	3	1356	678	3667700	404385	3446	0	3168	1510	0	0	0	0	0	0	0
5357	3	1357	678	3669430	404565	3448	0	3170	1510	0	0	0	0	0	0	0
5358	3	1358	679	3673770	404980	3450	0	3172	1510	0	0	0	0	0	0	0
5359	3	1359	679	3678120	405400	3452	0	3176	1510	0	0	0	0	0	0	0
5360	3	1360	680	3683920	406000	3456	0	3178	1520	1360	6800	6800	6800	6800	6800	6800
5361	3	1361	680	3689720	406600	3458	0	3180	1520	0	0	0	0	0	0	0
5362	3	1362	681	3703800	409760	3460	0	3184	1520	0	0	0	0	0	0	0
5363	3	1363	681	3717870	412920	3464	0	3190	1520	0	0	0	0	0	0	0
5364	3	1364	682	3719600	413100	3466	0	3192	1520	0	0	0	0	0	0	0
5365	3	1365	682	3721340	413280	3468	0	3194	1520	0	0	0	0	0	0	0
5366	3	1366	683	3723070	413455	3472	0	3196	1520	0	0	0	0	0	0	0
5367	3	1367	683	3724800	413635	3474	0	3198	1520	0	0	0	0	0	0	0
5368	3	1368	684	3726540	413815	3476	0	3200	1520	0	0	0	0	0	0	0
5369	3	1369	684	3728270	413995	3478	0	3202	1530	0	0	0	0	0	0	0
5370	3	1370	685	3734180	419000	3480	0	3206	1530	1370	6850	6850	6850	6850	6850	6850
5371	3	1371	685	3740080	424010	3484	0	3208	1530	0	0	0	0	0	0	0
5372	3	1372	686	3741820	424190	3486	0	3212	1530	0	0	0	0	0	0	0
5373	3	1373	686	3743550	424375	3488	0	3214	1530	0	0	0	0	0	0	0
5374	3	1374	687	3745290	424555	3492	0	3216	1530	0	0	0	0	0	0	0
5375	3	1375	687	3747020	424740	3494	0	3218	1530	0	0	0	0	0	0	0
5376	3	1376	688	3748750	424920	3496	0	3220	1530	0	0	0	0	0	0	0
5377	3	1377	688	3750490	425105	3498	0	3222	1530	0	0	0	0	0	0	0
5378	3	1378	689	3752220	425285	3502	0	3224	1540	0	0	0	0	0	0	0
5379	3	1379	689	3753960	425470	3504	0	3226	1540	0	0	0	0	0	0	0
5380	3	1380	690	3759810	426090	3506	0	3228	1540	1380	6900	6900	6900	6900	6900	6900
5381	3	1381	690	3765670	426710	3508	0	3230	1540	0	0	0	0	0	0	0
5382	3	1382	691	3767410	426895	3512	0	3232	1540	0	0	0	0	0	0	0
5383	3	1383	691	3769150	427080	3514	0	3234	1540	0	0	0	0	0	0	0
5384	3	1384	692	3773500	428920	3516	0	3236	1540	0	0	0	0	0	0	0
5385	3	1385	692	3777850	430760	3520	0	3240	1540	0	0	0	0	0	0	0
5386	3	1386	693	3779590	430945	3522	0	3242	1540	0	0	0	0	0	0	0
5387	3	1387	693	3781330	431130	3524	0	3244	1550	0	0	0	0	0	0	0
5388	3	1388	694	3783070	431315	3526	0	3246	1550	0	0	0	0	0	0	0
5389	3	1389	694	3784810	431500	3528	0	3248	1550	0	0	0	0	0	0	0
5390	3	1390	695	3799140	433360	3532	0	3250	1550	1390	6950	6950	6950	6950	6950	6950
5391	3	1391	695	3813470	435225	3534	0	3252	1550	0	0	0	0	0	0	0
5392	3	1392	696	3815210	435410	3536	0	3254	1550	0	0	0	0	0	0	0
5393	3	1393	696	3816950	435595	3540	0	3256	1550	0	0	0	0	0	0	0
5394	3	1394	697	3818690	435780	3542	0	3258	1550	0	0	0	0	0	0	0
5395	3	1395	697	3820430	435965	3544	0	3260	1550	0	0	0	0	0	0	0
5396	3	1396	698	3866360	436555	3546	0	3262	1560	0	0	0	0	0	0	0
5397	3	1397	698	3912280	437145	3548	0	3264	1560	0	0	0	0	0	0	0
5398	3	1398	699	3916730	437575	3552	0	3268	1560	0	0	0	0	0	0	0
5399	3	1399	699	3921180	438010	3554	0	3268	1560	0	0	0	0	0	0	0
5400	3	1400	700	3927220	438640	3556	0	3272	1560	1400	7000	7000	7000	7000	7000	7000
5401	3	1401	700	3933260	439275	3560	0	3272	1560	0	0	0	0	0	0	0
5402	3	1402	701	3935050	439460	3562	0	3276	1560	0	0	0	0	0	0	0
5403	3	1403	701	3936830	439640	3564	0	3278	1560	0	0	0	0	0	0	0
5404	3	1404	702	3938610	439825	3568	0	3280	1560	0	0	0	0	0	0	0
5405	3	1405	702	3940390	440010	3570	0	3282	1570	0	0	0	0	0	0	0
5406	3	1406	703	3942170	440195	3572	0	3284	1570	0	0	0	0	0	0	0
5407	3	1407	703	3943960	440380	3574	0	3286	1570	0	0	0	0	0	0	0
5408	3	1408	704	3945740	440565	3576	0	3288	1570	0	0	0	0	0	0	0
5409	3	1409	704	3947520	440750	3580	0	3290	1570	0	0	0	0	0	0	0
5410	3	1410	705	3949300	440935	3582	0	3292	1570	1410	7050	7050	7050	7050	7050	7050
5411	3	1411	705	3951080	441120	3584	0	3294	1570	0	0	0	0	0	0	0
5412	3	1412	706	3956070	441600	3588	0	3296	1570	0	0	0	0	0	0	0
5413	3	1413	706	3961060	442085	3590	0	3298	1570	0	0	0	0	0	0	0
5414	3	1414	707	3962840	442270	3592	0	3300	1580	0	0	0	0	0	0	0
5415	3	1415	707	3964630	442455	3594	0	3302	1580	0	0	0	0	0	0	0
5416	3	1416	708	3966410	442640	3596	0	3304	1580	0	0	0	0	0	0	0
5417	3	1417	708	3968190	442820	3600	0	3308	1580	0	0	0	0	0	0	0
5418	3	1418	709	3983110	444720	3602	0	3310	1580	0	0	0	0	0	0	0
5419	3	1419	709	3998030	446620	3604	0	3312	1580	0	0	0	0	0	0	0
5420	3	1420	710	4004120	447255	3608	0	3314	1580	1420	7100	7100	7100	7100	7100	7100
5421	3	1421	710	4010220	447895	3610	0	3316	1580	0	0	0	0	0	0	0
5422	3	1422	711	4013620	448490	3612	0	3318	1580	0	0	0	0	0	0	0
5423	3	1423	711	4017020	449090	3614	0	3320	1590	0	0	0	0	0	0	0
5424	3	1424	712	4022020	449570	3618	0	3326	1590	0	0	0	0	0	0	0
5425	3	1425	712	4027010	450055	3620	0	3332	1590	0	0	0	0	0	0	0
5426	3	1426	713	4028800	450240	3622	0	3334	1590	0	0	0	0	0	0	0
5427	3	1427	713	4030580	450420	3624	0	3336	1590	0	0	0	0	0	0	0
5428	3	1428	714	4032370	450610	3628	0	3338	1590	0	0	0	0	0	0	0
5429	3	1429	714	4034160	450795	3630	0	3340	1590	0	0	0	0	0	0	0
5430	3	1430	715	4035940	450980	3632	0	3342	1590	1430	7150	7150	7150	7150	7150	7150
5431	3	1431	715	4037730	451165	3636	0	3344	1590	0	0	0	0	0	0	0
5432	3	1432	716	4039520	451350	3638	0	3348	1600	0	0	0	0	0	0	0
5433	3	1433	716	4041300	451535	3640	0	3348	1600	0	0	0	0	0	0	0
5434	3	1434	717	4043090	451720	3642	0	3352	1600	0	0	0	0	0	0	0
5435	3	1435	717	4044880	451905	3644	0	3354	1600	0	0	0	0	0	0	0
5436	3	1436	718	4046660	452090	3648	0	3356	1600	0	0	0	0	0	0	0
5437	3	1437	718	4048450	452275	3650	0	3358	1600	0	0	0	0	0	0	0
5438	3	1438	719	4053440	452755	3652	0	3360	1600	0	0	0	0	0	0	0
5439	3	1439	719	4058440	453240	3656	0	3362	1600	0	0	0	0	0	0	0
5440	3	1440	720	4064580	453880	3658	0	3364	1600	1440	7200	7200	7200	7200	7200	7200
5441	3	1441	720	4070730	454520	3660	0	3366	1610	0	0	0	0	0	0	0
5442	3	1442	721	4072520	454710	3662	0	3368	1610	0	0	0	0	0	0	0
5443	3	1443	721	4074310	454895	3664	0	3370	1610	0	0	0	0	0	0	0
5444	3	1444	722	4076100	455080	3668	0	3372	1610	0	0	0	0	0	0	0
5445	3	1445	722	4077890	455265	3670	0	3374	1610	0	0	0	0	0	0	0
5446	3	1446	723	4093090	457200	3672	0	3380	1610	0	0	0	0	0	0	0
5447	3	1447	723	4108280	459135	3676	0	3384	1610	0	0	0	0	0	0	0
5448	3	1448	724	4111700	459740	3678	0	3388	1610	0	0	0	0	0	0	0
5449	3	1449	724	4115120	460345	3680	0	3390	1610	0	0	0	0	0	0	0
5450	3	1450	725	4116910	460530	3684	0	3392	1620	1450	7250	7250	7250	7250	7250	7250
5451	3	1451	725	4118700	460715	3686	0	3394	1620	0	0	0	0	0	0	0
5452	3	1452	726	4123700	461200	3688	0	3396	1620	0	0	0	0	0	0	0
5453	3	1453	726	4128700	461680	3690	0	3398	1620	0	0	0	0	0	0	0
5454	3	1454	727	4130490	461865	3692	0	3400	1620	0	0	0	0	0	0	0
5455	3	1455	727	4132280	462055	3696	0	3402	1620	0	0	0	0	0	0	0
5456	3	1456	728	4134070	462240	3698	0	3404	1620	0	0	0	0	0	0	0
5457	3	1457	728	4135860	462425	3700	0	3406	1620	0	0	0	0	0	0	0
5458	3	1458	729	4137650	462610	3704	0	3408	1620	0	0	0	0	0	0	0
5459	3	1459	729	4139440	462795	3706	0	3410	1630	0	0	0	0	0	0	0
5460	3	1460	730	4145640	463445	3708	0	3412	1630	1460	7300	7300	7300	7300	7300	7300
5461	3	1461	730	4151850	464090	3710	0	3414	1630	0	0	0	0	0	0	0
5462	3	1462	731	4153640	464280	3714	0	3416	1630	0	0	0	0	0	0	0
5463	3	1463	731	4155440	464465	3716	0	3420	1630	0	0	0	0	0	0	0
5464	3	1464	732	4157230	464650	3718	0	3422	1630	0	0	0	0	0	0	0
5465	3	1465	732	4159030	464835	3720	0	3424	1630	0	0	0	0	0	0	0
5466	3	1466	733	4179170	465320	3724	0	3426	1630	0	0	0	0	0	0	0
5467	3	1467	733	4199310	465800	3726	0	3428	1630	0	0	0	0	0	0	0
5468	3	1468	734	4201120	465990	3728	0	3430	1640	0	0	0	0	0	0	0
5469	3	1469	734	4202930	466175	3730	0	3432	1640	0	0	0	0	0	0	0
5470	3	1470	735	4204730	466360	3734	0	3434	1640	1470	7350	7350	7350	7350	7350	7350
5471	3	1471	735	4206540	466545	3736	0	3436	1640	0	0	0	0	0	0	0
5472	3	1472	736	4208350	466735	3738	0	3438	1640	0	0	0	0	0	0	0
5473	3	1473	736	4210160	466920	3740	0	3440	1640	0	0	0	0	0	0	0
5474	3	1474	737	4213620	467530	3744	0	3442	1640	0	0	0	0	0	0	0
5475	3	1475	737	4217090	468145	3746	0	3444	1640	0	0	0	0	0	0	0
5476	3	1476	738	4232660	471660	3748	0	3448	1640	0	0	0	0	0	0	0
5477	3	1477	738	4248230	475175	3752	0	3448	1650	0	0	0	0	0	0	0
5478	3	1478	739	4250040	475365	3754	0	3452	1650	0	0	0	0	0	0	0
5479	3	1479	739	4251840	475550	3756	0	3452	1650	0	0	0	0	0	0	0
5480	3	1480	740	4261380	476505	3758	0	3456	1650	1480	7400	7400	7400	7400	7400	7400
5481	3	1481	740	4270910	477465	3760	0	3456	1650	0	0	0	0	0	0	0
5482	3	1482	741	4272720	477650	3764	0	3460	1650	0	0	0	0	0	0	0
5483	3	1483	741	4274530	477840	3766	0	3462	1650	0	0	0	0	0	0	0
5484	3	1484	742	4276350	478025	3768	0	3464	1650	0	0	0	0	0	0	0
5485	3	1485	742	4278160	478215	3772	0	3466	1650	0	0	0	0	0	0	0
5486	3	1486	743	4279970	478405	3774	0	3468	1660	0	0	0	0	0	0	0
5487	3	1487	743	4281790	478590	3776	0	3470	1660	0	0	0	0	0	0	0
5488	3	1488	744	4283600	478780	3780	0	3472	1660	0	0	0	0	0	0	0
5489	3	1489	744	4285410	478965	3782	0	3474	1660	0	0	0	0	0	0	0
5490	3	1490	745	4287230	479155	3784	0	3476	1660	1490	7450	7450	7450	7450	7450	7450
5491	3	1491	745	4289040	479340	3786	0	3478	1660	0	0	0	0	0	0	0
5492	3	1492	746	4294080	479830	3788	0	3480	1660	0	0	0	0	0	0	0
5493	3	1493	746	4299130	480315	3792	0	3484	1660	0	0	0	0	0	0	0
5494	3	1494	747	4300940	480505	3794	0	3486	1660	0	0	0	0	0	0	0
5495	3	1495	747	4302750	480690	3796	0	3488	1670	0	0	0	0	0	0	0
5496	3	1496	748	4304570	480880	3800	0	3490	1670	0	0	0	0	0	0	0
5497	3	1497	748	4306380	481065	3802	0	3492	1670	0	0	0	0	0	0	0
5498	3	1498	749	4308200	481255	3804	0	3494	1670	0	0	0	0	0	0	0
5499	3	1499	749	4310010	481440	3806	0	3496	1670	0	0	0	0	0	0	0
5500	3	1500	750	4318030	482540	3810	0	3498	1670	1500	7500	7500	7500	7500	7500	7500
5501	3	1501	750	4326050	483640	3812	0	3500	1670	0	0	0	0	0	0	0
5502	3	1502	751	4327870	483825	3814	0	3502	1670	0	0	0	0	0	0	0
5503	3	1503	751	4329690	484015	3816	0	3504	1670	0	0	0	0	0	0	0
5504	3	1504	752	4345530	486030	3820	0	3506	1680	0	0	0	0	0	0	0
5505	3	1505	752	4361380	488050	3822	0	3508	1680	0	0	0	0	0	0	0
5506	3	1506	753	4366420	490130	3824	0	3510	1680	0	0	0	0	0	0	0
5507	3	1507	753	4371470	492210	3826	0	3512	1680	0	0	0	0	0	0	0
5508	3	1508	754	4373290	492400	3828	0	3516	1680	0	0	0	0	0	0	0
5509	3	1509	754	4375110	492585	3832	0	3516	1680	0	0	0	0	0	0	0
5510	3	1510	755	4376930	492870	3834	0	3528	1680	1510	7550	7550	7550	7550	7550	7550
5511	3	1511	755	4378750	493150	3836	0	3536	1680	0	0	0	0	0	0	0
5512	3	1512	756	4380560	493340	3840	0	3540	1680	0	0	0	0	0	0	0
5513	3	1513	756	4382380	493530	3842	0	3542	1690	0	0	0	0	0	0	0
5514	3	1514	757	4384200	493720	3844	0	3544	1690	0	0	0	0	0	0	0
5515	3	1515	757	4386020	493910	3848	0	3546	1690	0	0	0	0	0	0	0
5516	3	1516	758	4387840	494100	3850	0	3548	1690	0	0	0	0	0	0	0
5517	3	1517	758	4389650	494290	3852	0	3550	1690	0	0	0	0	0	0	0
5518	3	1518	759	4391470	494480	3854	0	3552	1690	0	0	0	0	0	0	0
5519	3	1519	759	4393290	494665	3856	0	3554	1690	0	0	0	0	0	0	0
5520	3	1520	760	4404610	494230	3860	0	3556	1690	1520	7600	7600	7600	7600	7600	7600
5521	3	1521	760	4415930	493790	3862	0	3558	1690	0	0	0	0	0	0	0
5522	3	1522	761	4417750	493980	3864	0	3560	1700	0	0	0	0	0	0	0
5523	3	1523	761	4419570	494170	3868	0	3562	1700	0	0	0	0	0	0	0
5524	3	1524	762	4421400	494360	3870	0	3564	1700	0	0	0	0	0	0	0
5525	3	1525	762	4423220	494550	3872	0	3568	1700	0	0	0	0	0	0	0
5526	3	1526	763	4426720	499995	3874	0	3570	1700	0	0	0	0	0	0	0
5527	3	1527	763	4430230	505445	3876	0	3574	1700	0	0	0	0	0	0	0
5528	3	1528	764	4432050	505640	3880	0	3576	1700	0	0	0	0	0	0	0
5529	3	1529	764	4433870	505835	3882	0	3578	1700	0	0	0	0	0	0	0
5530	3	1530	765	4435700	506025	3884	0	3580	1700	1530	7650	7650	7650	7650	7650	7650
5531	3	1531	765	4437520	506220	3888	0	3582	1710	0	0	0	0	0	0	0
5532	3	1532	766	4453630	508325	3890	0	3584	1710	0	0	0	0	0	0	0
5533	3	1533	766	4469750	510430	3892	0	3586	1710	0	0	0	0	0	0	0
5534	3	1534	767	4474830	510905	3896	0	3588	1710	0	0	0	0	0	0	0
5535	3	1535	767	4479920	511380	3898	0	3590	1710	0	0	0	0	0	0	0
5536	3	1536	768	4481740	511570	3900	0	3592	1710	0	0	0	0	0	0	0
5537	3	1537	768	4483560	511765	3902	0	3594	1710	0	0	0	0	0	0	0
5538	3	1538	769	4485380	511960	3904	0	3596	1710	0	0	0	0	0	0	0
5539	3	1539	769	4487210	512155	3908	0	3600	1710	0	0	0	0	0	0	0
5540	3	1540	770	4493670	512845	3910	0	3602	1720	1540	7700	7700	7700	7700	7700	7700
5541	3	1541	770	4500130	513535	3912	0	3604	1720	0	0	0	0	0	0	0
5542	3	1542	771	4501960	513725	3916	0	3606	1720	0	0	0	0	0	0	0
5543	3	1543	771	4503780	513920	3918	0	3608	1720	0	0	0	0	0	0	0
5544	3	1544	772	4505610	514115	3920	0	3610	1720	0	0	0	0	0	0	0
5545	3	1545	772	4507440	514310	3922	0	3612	1720	0	0	0	0	0	0	0
5546	3	1546	773	4528810	514785	3924	0	3614	1720	0	0	0	0	0	0	0
5547	3	1547	773	4550180	515260	3928	0	3616	1720	0	0	0	0	0	0	0
5548	3	1548	774	4552020	515450	3930	0	3618	1720	0	0	0	0	0	0	0
5549	3	1549	774	4553860	515645	3932	0	3620	1730	0	0	0	0	0	0	0
5550	3	1550	775	4606370	516300	3936	0	3622	1730	1550	7750	7750	7750	7750	7750	7750
5551	3	1551	775	4658870	516960	3938	0	3624	1730	0	0	0	0	0	0	0
5552	3	1552	776	4660750	517155	3940	0	3626	1730	0	0	0	0	0	0	0
5553	3	1553	776	4662630	517350	3942	0	3628	1730	0	0	0	0	0	0	0
5554	3	1554	777	4664510	517540	3946	0	3632	1730	0	0	0	0	0	0	0
5555	3	1555	777	4666390	517735	3948	0	3632	1730	0	0	0	0	0	0	0
5556	3	1556	778	4668270	517930	3950	0	3636	1730	0	0	0	0	0	0	0
5557	3	1557	778	4670150	518125	3952	0	3638	1730	0	0	0	0	0	0	0
5558	3	1558	779	4672030	518320	3956	0	3640	1740	0	0	0	0	0	0	0
5559	3	1559	779	4673910	518510	3958	0	3642	1740	0	0	0	0	0	0	0
5560	3	1560	780	4698950	523100	3960	0	3648	1740	1560	7800	7800	7800	7800	7800	7800
5561	3	1561	780	4723980	527690	3964	0	3652	1740	0	0	0	0	0	0	0
5562	3	1562	781	4725860	527885	3966	0	3654	1740	0	0	0	0	0	0	0
5563	3	1563	781	4727750	528080	3968	0	3656	1740	0	0	0	0	0	0	0
5564	3	1564	782	4729630	528275	3970	0	3660	1740	0	0	0	0	0	0	0
5565	3	1565	782	4731520	528470	3972	0	3660	1740	0	0	0	0	0	0	0
5566	3	1566	783	4733400	528665	3976	0	3664	1740	0	0	0	0	0	0	0
5567	3	1567	783	4735290	528860	3978	0	3664	1750	0	0	0	0	0	0	0
5568	3	1568	784	4737170	529060	3980	0	3668	1750	0	0	0	0	0	0	0
5569	3	1569	784	4739060	529255	3984	0	3668	1750	0	0	0	0	0	0	0
5570	3	1570	785	4740940	529450	3986	0	3672	1750	1570	7850	7850	7850	7850	7850	7850
5571	3	1571	785	4742830	529645	3988	0	3674	1750	0	0	0	0	0	0	0
5572	3	1572	786	4744710	529840	3992	0	3676	1750	0	0	0	0	0	0	0
5573	3	1573	786	4746600	530035	3994	0	3678	1750	0	0	0	0	0	0	0
5574	3	1574	787	4751840	530515	3996	0	3680	1750	0	0	0	0	0	0	0
5575	3	1575	787	4757080	530995	3998	0	3682	1750	0	0	0	0	0	0	0
5576	3	1576	788	4760720	531660	4000	0	3684	1760	0	0	0	0	0	0	0
5577	3	1577	788	4764360	532330	4004	0	3686	1760	0	0	0	0	0	0	0
5578	3	1578	789	4766240	532525	4006	0	3688	1760	0	0	0	0	0	0	0
5579	3	1579	789	4768130	532720	4008	0	3690	1760	0	0	0	0	0	0	0
5580	3	1580	790	4774890	533425	4012	0	3692	1760	1580	7900	7900	7900	7900	7900	7900
5581	3	1581	790	4781650	534130	4014	0	3694	1760	0	0	0	0	0	0	0
5582	3	1582	791	4783540	534330	4016	0	3696	1760	0	0	0	0	0	0	0
5583	3	1583	791	4785420	534525	4018	0	3700	1760	0	0	0	0	0	0	0
5584	3	1584	792	4787310	534720	4020	0	3702	1760	0	0	0	0	0	0	0
5585	3	1585	792	4789200	534915	4024	0	3704	1770	0	0	0	0	0	0	0
5586	3	1586	793	4791090	535110	4026	0	3706	1770	0	0	0	0	0	0	0
5587	3	1587	793	4792980	535310	4028	0	3708	1770	0	0	0	0	0	0	0
5588	3	1588	794	4813470	539485	4032	0	3710	1770	0	0	0	0	0	0	0
5589	3	1589	794	4833970	543660	4034	0	3712	1770	0	0	0	0	0	0	0
5590	3	1590	795	4835860	543860	4036	0	3714	1770	1590	7950	7950	7950	7950	7950	7950
5591	3	1591	795	4837740	544060	4038	0	3716	1770	0	0	0	0	0	0	0
5592	3	1592	796	4839630	544255	4042	0	3718	1770	0	0	0	0	0	0	0
5593	3	1593	796	4841520	544455	4044	0	3720	1770	0	0	0	0	0	0	0
5594	3	1594	797	4843410	544650	4046	0	3722	1780	0	0	0	0	0	0	0
5595	3	1595	797	4845300	544845	4048	0	3724	1780	0	0	0	0	0	0	0
5596	3	1596	798	4847190	545045	4052	0	3726	1780	0	0	0	0	0	0	0
5597	3	1597	798	4849080	545240	4054	0	3728	1780	0	0	0	0	0	0	0
5598	3	1598	799	4850970	545440	4056	0	3732	1780	0	0	0	0	0	0	0
5599	3	1599	799	4852860	545640	4060	0	3732	1780	0	0	0	0	0	0	0
5600	3	1600	800	4859670	546355	4062	0	3736	1780	1600	8000	8000	8000	8000	8000	8000
5601	3	1601	800	4866490	547070	4064	0	3736	1780	0	0	0	0	0	0	0
5602	3	1602	801	4873510	548035	4066	0	3740	1780	0	0	0	0	0	0	0
5603	3	1603	801	4880530	549000	4068	0	3742	1790	0	0	0	0	0	0	0
5604	3	1604	802	4882420	549200	4072	0	3744	1790	0	0	0	0	0	0	0
5605	3	1605	802	4884320	549395	4074	0	3746	1790	0	0	0	0	0	0	0
5606	3	1606	803	4886210	549595	4076	0	3748	1790	0	0	0	0	0	0	0
5607	3	1607	803	4888100	549790	4080	0	3750	1790	0	0	0	0	0	0	0
5608	3	1608	804	4890000	549990	4082	0	3752	1790	0	0	0	0	0	0	0
5609	3	1609	804	4891890	550185	4084	0	3754	1790	0	0	0	0	0	0	0
5610	3	1610	805	4893790	550385	4086	0	3756	1790	1610	8050	8050	8050	8050	8050	8050
5611	3	1611	805	4895680	550580	4088	0	3758	1790	0	0	0	0	0	0	0
5612	3	1612	806	4897580	550780	4092	0	3760	1800	0	0	0	0	0	0	0
5613	3	1613	806	4899470	550980	4094	0	3762	1800	0	0	0	0	0	0	0
5614	3	1614	807	4904720	551460	4096	0	3764	1800	0	0	0	0	0	0	0
5615	3	1615	807	4909970	551945	4100	0	3766	1800	0	0	0	0	0	0	0
5616	3	1616	808	4911860	552140	4102	0	3768	1800	0	0	0	0	0	0	0
5617	3	1617	808	4913760	552340	4104	0	3772	1800	0	0	0	0	0	0	0
5618	3	1618	809	4931170	554580	4108	0	3774	1800	0	0	0	0	0	0	0
5619	3	1619	809	4948590	556820	4110	0	3776	1800	0	0	0	0	0	0	0
5620	3	1620	810	4955450	557545	4112	0	3778	1800	1620	8100	8100	8100	8100	8100	8100
5621	3	1621	810	4962320	558265	4114	0	3780	1810	0	0	0	0	0	0	0
5622	3	1622	811	4964220	558465	4116	0	3782	1810	0	0	0	0	0	0	0
5623	3	1623	811	4966120	558660	4120	0	3784	1810	0	0	0	0	0	0	0
5624	3	1624	812	4968020	558860	4122	0	3786	1810	0	0	0	0	0	0	0
5625	3	1625	812	4969920	559060	4124	0	3788	1810	0	0	0	0	0	0	0
5626	3	1626	813	4971820	559255	4128	0	3790	1810	0	0	0	0	0	0	0
5627	3	1627	813	4973720	559455	4130	0	3792	1810	0	0	0	0	0	0	0
5628	3	1628	814	4980760	560430	4132	0	3798	1810	0	0	0	0	0	0	0
5629	3	1629	814	4987790	561405	4134	0	3804	1810	0	0	0	0	0	0	0
5630	3	1630	815	4989690	561600	4136	0	3808	1820	1630	8150	8150	8150	8150	8150	8150
5631	3	1631	815	4991590	561800	4140	0	3808	1820	0	0	0	0	0	0	0
5632	3	1632	816	4993490	562000	4142	0	3812	1820	0	0	0	0	0	0	0
5633	3	1633	816	4995390	562195	4144	0	3812	1820	0	0	0	0	0	0	0
5634	3	1634	817	4997290	562395	4148	0	3816	1820	0	0	0	0	0	0	0
5635	3	1635	817	4999190	562595	4150	0	3818	1820	0	0	0	0	0	0	0
5636	3	1636	818	5001090	562790	4152	0	3820	1820	0	0	0	0	0	0	0
5637	3	1637	818	5002990	562990	4154	0	3822	1820	0	0	0	0	0	0	0
5638	3	1638	819	5004890	563190	4158	0	3824	1820	0	0	0	0	0	0	0
5639	3	1639	819	5006780	563385	4160	0	3826	1830	0	0	0	0	0	0	0
5640	3	1640	820	5013710	564115	4162	0	3828	1830	1640	8200	8200	8200	8200	8200	8200
5641	3	1641	820	5020640	564840	4164	0	3830	1830	0	0	0	0	0	0	0
5642	3	1642	821	5025900	565325	4168	0	3832	1830	0	0	0	0	0	0	0
5643	3	1643	821	5031150	565805	4170	0	3834	1830	0	0	0	0	0	0	0
5644	3	1644	822	5033060	566005	4172	0	3836	1830	0	0	0	0	0	0	0
5645	3	1645	822	5034960	566205	4176	0	3838	1830	0	0	0	0	0	0	0
5646	3	1646	823	5052660	570270	4178	0	3844	1830	0	0	0	0	0	0	0
5647	3	1647	823	5070350	574335	4180	0	3850	1830	0	0	0	0	0	0	0
5648	3	1648	824	5072260	574535	4182	0	3852	1840	0	0	0	0	0	0	0
5649	3	1649	824	5074160	574735	4184	0	3854	1840	0	0	0	0	0	0	0
5650	3	1650	825	5076060	574935	4188	0	3856	1840	1650	8250	8250	8250	8250	8250	8250
5651	3	1651	825	5077970	575135	4190	0	3858	1840	0	0	0	0	0	0	0
5652	3	1652	826	5079870	575335	4192	0	3860	1840	0	0	0	0	0	0	0
5653	3	1653	826	5081780	575535	4196	0	3862	1840	0	0	0	0	0	0	0
5654	3	1654	827	5085480	576240	4198	0	3864	1840	0	0	0	0	0	0	0
5655	3	1655	827	5089180	576940	4200	0	3866	1840	0	0	0	0	0	0	0
5656	3	1656	828	5094440	577430	4204	0	3868	1840	0	0	0	0	0	0	0
5657	3	1657	828	5099700	577915	4206	0	3870	1850	0	0	0	0	0	0	0
5658	3	1658	829	5101600	578115	4208	0	3872	1850	0	0	0	0	0	0	0
5659	3	1659	829	5103510	578315	4210	0	3874	1850	0	0	0	0	0	0	0
5660	3	1660	830	5110490	579050	4212	0	3876	1850	1660	8300	8300	8300	8300	8300	8300
5661	3	1661	830	5117470	579790	4216	0	3880	1850	0	0	0	0	0	0	0
5662	3	1662	831	5119370	579990	4218	0	3882	1850	0	0	0	0	0	0	0
5663	3	1663	831	5121280	580190	4220	0	3884	1850	0	0	0	0	0	0	0
5664	3	1664	832	5123190	580390	4224	0	3886	1850	0	0	0	0	0	0	0
5665	3	1665	832	5125100	580590	4226	0	3888	1850	0	0	0	0	0	0	0
5666	3	1666	833	5127010	580790	4228	0	3890	1860	0	0	0	0	0	0	0
5667	3	1667	833	5128920	580990	4230	0	3892	1860	0	0	0	0	0	0	0
5668	3	1668	834	5152180	581480	4232	0	3894	1860	0	0	0	0	0	0	0
5669	3	1669	834	5175450	581965	4236	0	3896	1860	0	0	0	0	0	0	0
5670	3	1670	835	5177370	582165	4238	0	3898	1860	1670	8350	8350	8350	8350	8350	8350
5671	3	1671	835	5179290	582365	4240	0	3900	1860	0	0	0	0	0	0	0
5672	3	1672	836	5181210	582565	4244	0	3902	1860	0	0	0	0	0	0	0
5673	3	1673	836	5183140	582765	4246	0	3904	1860	0	0	0	0	0	0	0
5674	3	1674	837	5201230	585095	4248	0	3908	1860	0	0	0	0	0	0	0
5675	3	1675	837	5219330	587425	4250	0	3908	1870	0	0	0	0	0	0	0
5676	3	1676	838	5221250	587625	4254	0	3912	1870	0	0	0	0	0	0	0
5677	3	1677	838	5223170	587825	4256	0	3912	1870	0	0	0	0	0	0	0
5678	3	1678	839	5225100	588025	4258	0	3916	1870	0	0	0	0	0	0	0
5679	3	1679	839	5227020	588225	4260	0	3916	1870	0	0	0	0	0	0	0
5680	3	1680	840	5235930	595000	4264	0	3920	1870	1680	8400	8400	8400	8400	8400	8400
5681	3	1681	840	5244840	601770	4266	0	3924	1870	0	0	0	0	0	0	0
5682	3	1682	841	5250140	602265	4268	0	3926	1870	0	0	0	0	0	0	0
5683	3	1683	841	5255450	602765	4270	0	3928	1870	0	0	0	0	0	0	0
5684	3	1684	842	5257380	602970	4274	0	3930	1880	0	0	0	0	0	0	0
5685	3	1685	842	5259300	603175	4276	0	3932	1880	0	0	0	0	0	0	0
5686	3	1686	843	5261230	603380	4278	0	3934	1880	0	0	0	0	0	0	0
5687	3	1687	843	5263160	603580	4280	0	3936	1880	0	0	0	0	0	0	0
5688	3	1688	844	5265080	603785	4284	0	3940	1880	0	0	0	0	0	0	0
5689	3	1689	844	5267010	603990	4286	0	3940	1880	0	0	0	0	0	0	0
5690	3	1690	845	5268940	604195	4288	0	3944	1880	1690	8450	8450	8450	8450	8450	8450
5691	3	1691	845	5270860	604400	4292	0	3944	1880	0	0	0	0	0	0	0
5692	3	1692	846	5272790	604605	4294	0	3948	1880	0	0	0	0	0	0	0
5693	3	1693	846	5274720	604810	4296	0	3950	1890	0	0	0	0	0	0	0
5694	3	1694	847	5276640	605015	4298	0	3952	1890	0	0	0	0	0	0	0
5695	3	1695	847	5278570	605220	4300	0	3954	1890	0	0	0	0	0	0	0
5696	3	1696	848	5283880	605720	4304	0	3956	1890	0	0	0	0	0	0	0
5697	3	1697	848	5289180	606215	4306	0	3958	1890	0	0	0	0	0	0	0
5698	3	1698	849	5291110	606420	4308	0	3960	1890	0	0	0	0	0	0	0
5699	3	1699	849	5293040	606620	4312	0	3962	1890	0	0	0	0	0	0	0
5700	3	1700	850	5300180	607385	4314	0	3964	1890	1700	8500	8500	8500	8500	8500	8500
5701	3	1701	850	5307320	608145	4316	0	3966	1890	0	0	0	0	0	0	0
5702	3	1702	851	5325700	610555	4320	0	3968	1900	0	0	0	0	0	0	0
5703	3	1703	851	5344080	612965	4322	0	3970	1900	0	0	0	0	0	0	0
5704	3	1704	852	5346010	613170	4324	0	3972	1900	0	0	0	0	0	0	0
5705	3	1705	852	5347940	613375	4326	0	3974	1900	0	0	0	0	0	0	0
5706	3	1706	853	5408470	614110	4328	0	3984	1900	0	0	0	0	0	0	0
5707	3	1707	853	5469000	614845	4332	0	3996	1900	0	0	0	0	0	0	0
5708	3	1708	854	5470970	615050	4334	0	3998	1900	0	0	0	0	0	0	0
5709	3	1709	854	5472940	615255	4336	0	4000	1900	0	0	0	0	0	0	0
5710	3	1710	855	5478370	617635	4340	0	4002	1900	1710	8550	8550	8550	8550	8550	8550
5711	3	1711	855	5483790	620015	4342	0	4004	1910	0	0	0	0	0	0	0
5712	3	1712	856	5485760	620220	4344	0	4006	1910	0	0	0	0	0	0	0
5713	3	1713	856	5487730	620430	4346	0	4008	1910	0	0	0	0	0	0	0
5714	3	1714	857	5489700	620635	4350	0	4010	1910	0	0	0	0	0	0	0
5715	3	1715	857	5491680	620840	4352	0	4012	1910	0	0	0	0	0	0	0
5716	3	1716	858	5493650	621050	4354	0	4014	1910	0	0	0	0	0	0	0
5717	3	1717	858	5495620	621255	4356	0	4016	1910	0	0	0	0	0	0	0
5718	3	1718	859	5497590	621460	4360	0	4018	1910	0	0	0	0	0	0	0
5719	3	1719	859	5499560	621665	4362	0	4020	1910	0	0	0	0	0	0	0
5720	3	1720	860	5506910	622440	4364	0	4024	1920	1720	8600	8600	8600	8600	8600	8600
5721	3	1721	860	5514260	623215	4366	0	4024	1920	0	0	0	0	0	0	0
5722	3	1722	861	5516230	623420	4370	0	4028	1920	0	0	0	0	0	0	0
5723	3	1723	861	5518210	623630	4372	0	4030	1920	0	0	0	0	0	0	0
5724	3	1724	862	5523640	624130	4374	0	4032	1920	0	0	0	0	0	0	0
5725	3	1725	862	5529060	624630	4376	0	4034	1920	0	0	0	0	0	0	0
5726	3	1726	863	5531040	624835	4380	0	4036	1920	0	0	0	0	0	0	0
5727	3	1727	863	5533020	625040	4382	0	4038	1920	0	0	0	0	0	0	0
5728	3	1728	864	5534990	625250	4384	0	4040	1920	0	0	0	0	0	0	0
5729	3	1729	864	5536970	625455	4388	0	4042	1930	0	0	0	0	0	0	0
5730	3	1730	865	5557910	628460	4390	0	4048	1930	1730	8650	8650	8650	8650	8650	8650
5731	3	1731	865	5578850	631460	4392	0	4052	1930	0	0	0	0	0	0	0
5732	3	1732	866	5580830	631670	4394	0	4054	1930	0	0	0	0	0	0	0
5733	3	1733	866	5582810	631875	4396	0	4056	1930	0	0	0	0	0	0	0
5734	3	1734	867	5584780	632085	4400	0	4060	1930	0	0	0	0	0	0	0
5735	3	1735	867	5586760	632290	4402	0	4060	1930	0	0	0	0	0	0	0
5736	3	1736	868	5592190	632790	4404	0	4064	1930	0	0	0	0	0	0	0
5737	3	1737	868	5597610	633290	4408	0	4066	1930	0	0	0	0	0	0	0
5738	3	1738	869	5599590	633500	4410	0	4068	1940	0	0	0	0	0	0	0
5739	3	1739	869	5601570	633705	4412	0	4070	1940	0	0	0	0	0	0	0
5740	3	1740	870	5608970	634485	4416	0	4072	1940	1740	8700	8700	8700	8700	8700	8700
5741	3	1741	870	5616370	635260	4418	0	4074	1940	0	0	0	0	0	0	0
5742	3	1742	871	5618350	635470	4420	0	4076	1940	0	0	0	0	0	0	0
5743	3	1743	871	5620330	635675	4422	0	4078	1940	0	0	0	0	0	0	0
5744	3	1744	872	5622320	635885	4424	0	4080	1940	0	0	0	0	0	0	0
5745	3	1745	872	5624300	636090	4428	0	4082	1940	0	0	0	0	0	0	0
5746	3	1746	873	5626280	636300	4430	0	4084	1940	0	0	0	0	0	0	0
5747	3	1747	873	5628260	636505	4432	0	4086	1950	0	0	0	0	0	0	0
5748	3	1748	874	5630240	636715	4436	0	4088	1950	0	0	0	0	0	0	0
5749	3	1749	874	5632220	636920	4438	0	4090	1950	0	0	0	0	0	0	0
5750	3	1750	875	5656880	637420	4440	0	4092	1950	1750	8750	8750	8750	8750	8750	8750
5751	3	1751	875	5681540	637920	4442	0	4096	1950	0	0	0	0	0	0	0
5752	3	1752	876	5683530	638130	4444	0	4098	1950	0	0	0	0	0	0	0
5753	3	1753	876	5685530	638335	4448	0	4100	1950	0	0	0	0	0	0	0
5754	3	1754	877	5687520	638545	4450	0	4102	1950	0	0	0	0	0	0	0
5755	3	1755	877	5689520	638750	4452	0	4104	1950	0	0	0	0	0	0	0
5756	3	1756	878	5693430	639510	4456	0	4106	1960	0	0	0	0	0	0	0
5757	3	1757	878	5697350	640265	4458	0	4108	1960	0	0	0	0	0	0	0
5758	3	1758	879	5699340	640475	4460	0	4110	1960	0	0	0	0	0	0	0
5759	3	1759	879	5701340	640680	4462	0	4112	1960	0	0	0	0	0	0	0
5760	3	1760	880	5726320	645720	4466	0	4114	1960	1760	8800	8800	8800	8800	8800	8800
5761	3	1761	880	5751300	650760	4468	0	4116	1960	0	0	0	0	0	0	0
5762	3	1762	881	5753300	650970	4470	0	4118	1960	0	0	0	0	0	0	0
5763	3	1763	881	5755300	651180	4472	0	4120	1960	0	0	0	0	0	0	0
5764	3	1764	882	5760770	651685	4476	0	4124	1960	0	0	0	0	0	0	0
5765	3	1765	882	5766240	652190	4478	0	4124	1970	0	0	0	0	0	0	0
5766	3	1766	883	5768240	652400	4480	0	4128	1970	0	0	0	0	0	0	0
5767	3	1767	883	5770240	652605	4484	0	4128	1970	0	0	0	0	0	0	0
5768	3	1768	884	5772250	652815	4486	0	4132	1970	0	0	0	0	0	0	0
5769	3	1769	884	5774250	653025	4488	0	4132	1970	0	0	0	0	0	0	0
5770	3	1770	885	5776250	653235	4490	0	4136	1970	1770	8850	8850	8850	8850	8850	8850
5771	3	1771	885	5778250	653445	4492	0	4138	1970	0	0	0	0	0	0	0
5772	3	1772	886	5780250	653655	4496	0	4140	1970	0	0	0	0	0	0	0
5773	3	1773	886	5782250	653860	4498	0	4142	1970	0	0	0	0	0	0	0
5774	3	1774	887	5784250	654070	4500	0	4144	1980	0	0	0	0	0	0	0
5775	3	1775	887	5786250	654280	4504	0	4146	1980	0	0	0	0	0	0	0
5776	3	1776	888	5788250	654490	4506	0	4148	1980	0	0	0	0	0	0	0
5777	3	1777	888	5790250	654700	4508	0	4150	1980	0	0	0	0	0	0	0
5778	3	1778	889	5795720	655205	4512	0	4152	1980	0	0	0	0	0	0	0
5779	3	1779	889	5801190	655705	4514	0	4154	1980	0	0	0	0	0	0	0
5780	3	1780	890	5808760	656505	4516	0	4156	1980	1780	8900	8900	8900	8900	8900	8900
5781	3	1781	890	5816330	657300	4518	0	4158	1980	0	0	0	0	0	0	0
5782	3	1782	891	5820270	658070	4520	0	4160	1980	0	0	0	0	0	0	0
5783	3	1783	891	5824210	658840	4524	0	4164	1990	0	0	0	0	0	0	0
5784	3	1784	892	5826220	659055	4526	0	4166	1990	0	0	0	0	0	0	0
5785	3	1785	892	5828220	659260	4528	0	4168	1990	0	0	0	0	0	0	0
5786	3	1786	893	5830230	659470	4530	0	4170	1990	0	0	0	0	0	0	0
5787	3	1787	893	5832230	659680	4532	0	4172	1990	0	0	0	0	0	0	0
5788	3	1788	894	5851990	662235	4536	0	4174	1990	0	0	0	0	0	0	0
5789	3	1789	894	5871750	664785	4538	0	4176	1990	0	0	0	0	0	0	0
5790	3	1790	895	5877230	667300	4540	0	4178	1990	1790	8950	8950	8950	8950	8950	8950
5791	3	1791	895	5882700	669815	4544	0	4180	1990	0	0	0	0	0	0	0
5792	3	1792	896	5884710	670025	4546	0	4182	2000	0	0	0	0	0	0	0
5793	3	1793	896	5886710	670240	4548	0	4184	2000	0	0	0	0	0	0	0
5794	3	1794	897	5888720	670450	4552	0	4186	2000	0	0	0	0	0	0	0
5795	3	1795	897	5890720	670660	4554	0	4188	2000	0	0	0	0	0	0	0
5796	3	1796	898	5892730	670870	4556	0	4192	2000	0	0	0	0	0	0	0
5797	3	1797	898	5894730	671080	4558	0	4192	2000	0	0	0	0	0	0	0
5798	3	1798	899	5896740	671295	4562	0	4196	2000	0	0	0	0	0	0	0
5799	3	1799	899	5898740	671505	4564	0	4196	2000	0	0	0	0	0	0	0
5800	3	1800	900	5906370	672310	4566	0	4200	2000	1800	9000	9000	9000	9000	9000	9000
5801	3	1801	900	5913990	673115	4568	0	4200	2010	0	0	0	0	0	0	0
5802	3	1802	901	5916000	673325	4572	0	4204	2010	0	0	0	0	0	0	0
5803	3	1803	901	5918010	673535	4574	0	4206	2010	0	0	0	0	0	0	0
5804	3	1804	902	5923500	674045	4576	0	4208	2010	0	0	0	0	0	0	0
5805	3	1805	902	5928980	674555	4578	0	4210	2010	0	0	0	0	0	0	0
5806	3	1806	903	5930990	674765	4582	0	4212	2010	0	0	0	0	0	0	0
5807	3	1807	903	5933000	674975	4584	0	4214	2010	0	0	0	0	0	0	0
5808	3	1808	904	5936960	675760	4586	0	4216	2010	0	0	0	0	0	0	0
5809	3	1809	904	5940920	676550	4588	0	4218	2010	0	0	0	0	0	0	0
5810	3	1810	905	5942930	676760	4592	0	4220	2020	1810	9050	9050	9050	9050	9050	9050
5811	3	1811	905	5944940	676970	4594	0	4222	2020	0	0	0	0	0	0	0
5812	3	1812	906	5946950	677185	4596	0	4224	2020	0	0	0	0	0	0	0
5813	3	1813	906	5948960	677395	4600	0	4226	2020	0	0	0	0	0	0	0
5814	3	1814	907	5950970	677605	4602	0	4228	2020	0	0	0	0	0	0	0
5815	3	1815	907	5952980	677820	4604	0	4232	2020	0	0	0	0	0	0	0
5816	3	1816	908	5973030	680425	4606	0	4234	2020	0	0	0	0	0	0	0
5817	3	1817	908	5993070	683030	4608	0	4236	2020	0	0	0	0	0	0	0
5818	3	1818	909	5998550	683540	4612	0	4238	2020	0	0	0	0	0	0	0
5819	3	1819	909	6004040	684045	4614	0	4240	2030	0	0	0	0	0	0	0
5820	3	1820	910	6011720	684860	4616	0	4242	2030	1820	9100	9100	9100	9100	9100	9100
5821	3	1821	910	6019400	685670	4620	0	4244	2030	0	0	0	0	0	0	0
5822	3	1822	911	6021420	685880	4622	0	4246	2030	0	0	0	0	0	0	0
5823	3	1823	911	6023430	686090	4624	0	4248	2030	0	0	0	0	0	0	0
5824	3	1824	912	6025450	686305	4626	0	4250	2030	0	0	0	0	0	0	0
5825	3	1825	912	6027460	686515	4628	0	4252	2030	0	0	0	0	0	0	0
5826	3	1826	913	6029480	686730	4632	0	4254	2030	0	0	0	0	0	0	0
5827	3	1827	913	6031490	686940	4634	0	4256	2030	0	0	0	0	0	0	0
5828	3	1828	914	6033510	687150	4636	0	4260	2040	0	0	0	0	0	0	0
5829	3	1829	914	6035520	687365	4640	0	4260	2040	0	0	0	0	0	0	0
5830	3	1830	915	6037540	687575	4642	0	4264	2040	1830	9150	9150	9150	9150	9150	9150
5831	3	1831	915	6039550	687790	4644	0	4264	2040	0	0	0	0	0	0	0
5832	3	1832	916	6045040	688295	4648	0	4272	2040	0	0	0	0	0	0	0
5833	3	1833	916	6050530	688805	4650	0	4276	2040	0	0	0	0	0	0	0
5834	3	1834	917	6054510	695815	4652	0	4280	2040	0	0	0	0	0	0	0
5835	3	1835	917	6058490	702825	4654	0	4284	2040	0	0	0	0	0	0	0
5836	3	1836	918	6060500	703040	4656	0	4286	2040	0	0	0	0	0	0	0
5837	3	1837	918	6062520	703260	4660	0	4288	2050	0	0	0	0	0	0	0
5838	3	1838	919	6064530	703475	4662	0	4290	2050	0	0	0	0	0	0	0
5839	3	1839	919	6066550	703690	4664	0	4292	2050	0	0	0	0	0	0	0
5840	3	1840	920	6077330	704875	4670	0	4296	2050	1840	9200	9200	9200	9200	9200	9200
5841	3	1841	920	6088120	706060	4674	0	4300	2050	0	0	0	0	0	0	0
5842	3	1842	921	6091160	706415	4676	0	4304	2050	0	0	0	0	0	0	0
5843	3	1843	921	6094210	706765	4680	0	4306	2050	0	0	0	0	0	0	0
5844	3	1844	922	6115630	711705	4682	0	4312	2050	0	0	0	0	0	0	0
5845	3	1845	922	6137040	716640	4684	0	4316	2050	0	0	0	0	0	0	0
5846	3	1846	923	6143590	717305	4688	0	4320	2060	0	0	0	0	0	0	0
5847	3	1847	923	6150140	717965	4690	0	4322	2060	0	0	0	0	0	0	0
5848	3	1848	924	6153210	718325	4692	0	4324	2060	0	0	0	0	0	0	0
5849	3	1849	924	6156280	718680	4694	0	4326	2060	0	0	0	0	0	0	0
5850	3	1850	925	6159340	719040	4698	0	4328	2060	1850	9250	9250	9250	9250	9250	9250
5851	3	1851	925	6162410	719400	4700	0	4332	2060	0	0	0	0	0	0	0
5852	3	1852	926	6165480	719755	4702	0	4334	2060	0	0	0	0	0	0	0
5853	3	1853	926	6168550	720115	4704	0	4336	2060	0	0	0	0	0	0	0
5854	3	1854	927	6171610	720475	4708	0	4338	2060	0	0	0	0	0	0	0
5855	3	1855	927	6174680	720830	4710	0	4340	2070	0	0	0	0	0	0	0
5856	3	1856	928	6177750	721190	4712	0	4342	2070	0	0	0	0	0	0	0
5857	3	1857	928	6180810	721550	4716	0	4344	2070	0	0	0	0	0	0	0
5858	3	1858	929	6187390	722215	4718	0	4348	2070	0	0	0	0	0	0	0
5859	3	1859	929	6193960	722880	4720	0	4350	2070	0	0	0	0	0	0	0
5860	3	1860	930	6262010	723850	4724	0	4352	2070	1860	9300	9300	9300	9300	9300	9300
5861	3	1861	930	6330050	724825	4726	0	4354	2070	0	0	0	0	0	0	0
5862	3	1862	931	6333180	725185	4728	0	4356	2070	0	0	0	0	0	0	0
5863	3	1863	931	6336320	725545	4732	0	4360	2070	0	0	0	0	0	0	0
5864	3	1864	932	6339450	725905	4734	0	4362	2080	0	0	0	0	0	0	0
5865	3	1865	932	6342590	726260	4736	0	4364	2080	0	0	0	0	0	0	0
5866	3	1866	933	6345720	726620	4740	0	4366	2080	0	0	0	0	0	0	0
5867	3	1867	933	6348860	726980	4742	0	4368	2080	0	0	0	0	0	0	0
5868	3	1868	934	6351990	727340	4744	0	4372	2080	0	0	0	0	0	0	0
5869	3	1869	934	6355120	727700	4746	0	4374	2080	0	0	0	0	0	0	0
5870	3	1870	935	6358260	728060	4748	0	4376	2080	1870	9350	9350	9350	9350	9350	9350
5871	3	1871	935	6361400	728420	4752	0	4378	2080	0	0	0	0	0	0	0
5872	3	1872	936	6389270	729085	4754	0	4380	2080	0	0	0	0	0	0	0
5873	3	1873	936	6417150	729755	4756	0	4384	2090	0	0	0	0	0	0	0
5874	3	1874	937	6439750	732685	4760	0	4386	2090	0	0	0	0	0	0	0
5875	3	1875	937	6462350	735620	4762	0	4388	2090	0	0	0	0	0	0	0
5876	3	1876	938	6465530	735985	4764	0	4390	2090	0	0	0	0	0	0	0
5877	3	1877	938	6468710	736345	4766	0	4392	2090	0	0	0	0	0	0	0
5878	3	1878	939	6471890	736705	4770	0	4396	2090	0	0	0	0	0	0	0
5879	3	1879	939	6475070	737070	4772	0	4398	2090	0	0	0	0	0	0	0
5880	3	1880	940	6478250	737430	4776	0	4400	2090	1880	9400	9400	9400	9400	9400	9400
5881	3	1881	940	6481420	737795	4778	0	4402	2090	0	0	0	0	0	0	0
5882	3	1882	941	6484600	738155	4780	0	4404	2100	0	0	0	0	0	0	0
5883	3	1883	941	6487780	738520	4782	0	4408	2100	0	0	0	0	0	0	0
5884	3	1884	942	6490960	738880	4786	0	4410	2100	0	0	0	0	0	0	0
5885	3	1885	942	6494140	739240	4788	0	4412	2100	0	0	0	0	0	0	0
5886	3	1886	943	6503070	740545	4790	0	4414	2100	0	0	0	0	0	0	0
5887	3	1887	943	6512000	741850	4792	0	4416	2100	0	0	0	0	0	0	0
5888	3	1888	944	6515180	742215	4796	0	4420	2100	0	0	0	0	0	0	0
5889	3	1889	944	6518370	742580	4798	0	4422	2100	0	0	0	0	0	0	0
5890	3	1890	945	6521550	742940	4800	0	4424	2100	1890	9450	9450	9450	9450	9450	9450
5891	3	1891	945	6524730	743305	4804	0	4426	2110	0	0	0	0	0	0	0
5892	3	1892	946	6527920	743665	4806	0	4428	2110	0	0	0	0	0	0	0
5893	3	1893	946	6531100	744030	4808	0	4432	2110	0	0	0	0	0	0	0
5894	3	1894	947	6534290	744395	4812	0	4434	2110	0	0	0	0	0	0	0
5895	3	1895	947	6537470	744755	4814	0	4436	2110	0	0	0	0	0	0	0
5896	3	1896	948	6540650	745120	4816	0	4438	2110	0	0	0	0	0	0	0
5897	3	1897	948	6543840	745480	4818	0	4440	2110	0	0	0	0	0	0	0
5898	3	1898	949	6547020	745845	4822	0	4444	2110	0	0	0	0	0	0	0
5899	3	1899	949	6550210	746210	4824	0	4446	2110	0	0	0	0	0	0	0
5900	3	1900	950	6557070	746885	4826	0	4448	2120	1900	9500	9500	9500	9500	9500	9500
5901	3	1901	950	6563930	747560	4828	0	4450	2120	0	0	0	0	0	0	0
5902	3	1902	951	6587130	750680	4832	0	4466	2120	0	0	0	0	0	0	0
5903	3	1903	951	6610320	753795	4834	0	4480	2120	0	0	0	0	0	0	0
5904	3	1904	952	6613530	754160	4836	0	4482	2120	0	0	0	0	0	0	0
5905	3	1905	952	6616740	754530	4840	0	4484	2120	0	0	0	0	0	0	0
5906	3	1906	953	6619940	754895	4842	0	4488	2120	0	0	0	0	0	0	0
5907	3	1907	953	6623150	755260	4844	0	4490	2120	0	0	0	0	0	0	0
5908	3	1908	954	6626360	755625	4848	0	4492	2120	0	0	0	0	0	0	0
5909	3	1909	954	6629570	755990	4850	0	4494	2130	0	0	0	0	0	0	0
5910	3	1910	955	6634910	757010	4852	0	4496	2130	1910	9550	9550	9550	9550	9550	9550
5911	3	1911	955	6640260	758025	4856	0	4500	2130	0	0	0	0	0	0	0
5912	3	1912	956	6647170	760930	4858	0	4502	2130	0	0	0	0	0	0	0
5913	3	1913	956	6654080	763840	4860	0	4504	2130	0	0	0	0	0	0	0
5914	3	1914	957	6657290	764205	4862	0	4506	2130	0	0	0	0	0	0	0
5915	3	1915	957	6660500	764575	4864	0	4508	2130	0	0	0	0	0	0	0
5916	3	1916	958	6663720	764945	4868	0	4512	2130	0	0	0	0	0	0	0
5917	3	1917	958	6666930	765315	4870	0	4514	2130	0	0	0	0	0	0	0
5918	3	1918	959	6670140	765680	4872	0	4516	2140	0	0	0	0	0	0	0
5919	3	1919	959	6673350	766050	4876	0	4518	2140	0	0	0	0	0	0	0
5920	3	1920	960	6676560	766420	4878	0	4520	2140	1920	9600	9600	9600	9600	9600	9600
5921	3	1921	960	6679780	766790	4880	0	4524	2140	0	0	0	0	0	0	0
5922	3	1922	961	6682990	767160	4884	0	4526	2140	0	0	0	0	0	0	0
5923	3	1923	961	6686200	767525	4886	0	4528	2140	0	0	0	0	0	0	0
5924	3	1924	962	6689420	767895	4888	0	4530	2140	0	0	0	0	0	0	0
5925	3	1925	962	6692630	768265	4892	0	4532	2140	0	0	0	0	0	0	0
5926	3	1926	963	6699560	768955	4894	0	4536	2140	0	0	0	0	0	0	0
5927	3	1927	963	6706500	769640	4896	0	4538	2150	0	0	0	0	0	0	0
5928	3	1928	964	6709720	770010	4900	0	4540	2150	0	0	0	0	0	0	0
5929	3	1929	964	6712930	770380	4902	0	4542	2150	0	0	0	0	0	0	0
5930	3	1930	965	6736730	775755	4904	0	4548	2150	1930	9650	9650	9650	9650	9650	9650
5931	3	1931	965	6760530	781125	4906	0	4554	2150	0	0	0	0	0	0	0
5932	3	1932	966	6763770	781500	4908	0	4556	2150	0	0	0	0	0	0	0
5933	3	1933	966	6767010	781875	4912	0	4558	2150	0	0	0	0	0	0	0
5934	3	1934	967	6770240	782245	4914	0	4560	2150	0	0	0	0	0	0	0
5935	3	1935	967	6773480	782620	4916	0	4564	2150	0	0	0	0	0	0	0
5936	3	1936	968	6778900	783675	4920	0	4566	2160	0	0	0	0	0	0	0
5937	3	1937	968	6784320	784725	4922	0	4568	2160	0	0	0	0	0	0	0
5938	3	1938	969	6787560	785100	4924	0	4570	2160	0	0	0	0	0	0	0
5939	3	1939	969	6790790	785475	4928	0	4572	2160	0	0	0	0	0	0	0
5940	3	1940	970	6797780	786170	4930	0	4576	2160	1940	9700	9700	9700	9700	9700	9700
5941	3	1941	970	6804770	786870	4932	0	4578	2160	0	0	0	0	0	0	0
5942	3	1942	971	6808010	787245	4936	0	4580	2160	0	0	0	0	0	0	0
5943	3	1943	971	6811250	787620	4938	0	4582	2160	0	0	0	0	0	0	0
5944	3	1944	972	6814490	787995	4940	0	4584	2160	0	0	0	0	0	0	0
5945	3	1945	972	6817730	788370	4942	0	4588	2170	0	0	0	0	0	0	0
5946	3	1946	973	6820970	788745	4946	0	4590	2170	0	0	0	0	0	0	0
5947	3	1947	973	6824220	789120	4948	0	4592	2170	0	0	0	0	0	0	0
5948	3	1948	974	6827460	789495	4950	0	4594	2170	0	0	0	0	0	0	0
5949	3	1949	974	6830700	789870	4952	0	4596	2170	0	0	0	0	0	0	0
5950	3	1950	975	6833940	790245	4956	0	4600	2170	1950	9750	9750	9750	9750	9750	9750
5951	3	1951	975	6837180	790620	4958	0	4602	2170	0	0	0	0	0	0	0
5952	3	1952	976	6840420	790995	4960	0	4604	2170	0	0	0	0	0	0	0
5953	3	1953	976	6843660	791370	4964	0	4606	2170	0	0	0	0	0	0	0
5954	3	1954	977	6873270	792070	4966	0	4608	2180	0	0	0	0	0	0	0
5955	3	1955	977	6902870	792770	4968	0	4612	2180	0	0	0	0	0	0	0
5956	3	1956	978	6906130	793145	4972	0	4614	2180	0	0	0	0	0	0	0
5957	3	1957	978	6909400	793520	4974	0	4616	2180	0	0	0	0	0	0	0
5958	3	1958	979	6933970	796730	4976	0	4618	2180	0	0	0	0	0	0	0
5959	3	1959	979	6958550	799940	4980	0	4620	2180	0	0	0	0	0	0	0
5960	3	1960	980	6961830	800320	4982	0	4624	2180	1960	9800	9800	9800	9800	9800	9800
5961	3	1961	980	6965120	800695	4984	0	4626	2180	0	0	0	0	0	0	0
5962	3	1962	981	6970650	801770	4986	0	4628	2180	0	0	0	0	0	0	0
5963	3	1963	981	6976180	802845	4988	0	4630	2190	0	0	0	0	0	0	0
5964	3	1964	982	6979470	803225	4992	0	4632	2190	0	0	0	0	0	0	0
5965	3	1965	982	6982760	803600	4994	0	4636	2190	0	0	0	0	0	0	0
5966	3	1966	983	6986040	803980	4996	0	4638	2190	0	0	0	0	0	0	0
5967	3	1967	983	6989330	804360	5000	0	4640	2190	0	0	0	0	0	0	0
5968	3	1968	984	6996440	805065	5002	0	4642	2190	0	0	0	0	0	0	0
5969	3	1969	984	7003560	805770	5004	0	4644	2190	0	0	0	0	0	0	0
5970	3	1970	985	7006850	806150	5008	0	4648	2190	1970	9850	9850	9850	9850	9850	9850
5971	3	1971	985	7010140	806530	5010	0	4650	2190	0	0	0	0	0	0	0
5972	3	1972	986	7013430	806910	5012	0	4652	2200	0	0	0	0	0	0	0
5973	3	1973	986	7016730	807285	5014	0	4654	2200	0	0	0	0	0	0	0
5974	3	1974	987	7020020	807665	5018	0	4656	2200	0	0	0	0	0	0	0
5975	3	1975	987	7023310	808045	5020	0	4660	2200	0	0	0	0	0	0	0
5976	3	1976	988	7026600	808425	5024	0	4662	2200	0	0	0	0	0	0	0
5977	3	1977	988	7029890	808805	5026	0	4664	2200	0	0	0	0	0	0	0
5978	3	1978	989	7033190	809180	5028	0	4666	2200	0	0	0	0	0	0	0
5979	3	1979	989	7036480	809560	5030	0	4668	2200	0	0	0	0	0	0	0
5980	3	1980	990	7043620	810270	5032	0	4672	2200	1980	9900	9900	9900	9900	9900	9900
5981	3	1981	990	7050750	810980	5036	0	4674	2210	0	0	0	0	0	0	0
5982	3	1982	991	7054050	811355	5038	0	4676	2210	0	0	0	0	0	0	0
5983	3	1983	991	7057350	811735	5040	0	4678	2210	0	0	0	0	0	0	0
5984	3	1984	992	7060640	812115	5044	0	4680	2210	0	0	0	0	0	0	0
5985	3	1985	992	7063940	812495	5046	0	4684	2210	0	0	0	0	0	0	0
5986	3	1986	993	7089130	815790	5048	0	4686	2210	0	0	0	0	0	0	0
5987	3	1987	993	7114330	819080	5052	0	4688	2210	0	0	0	0	0	0	0
5988	3	1988	994	7119930	827315	5054	0	4692	2210	0	0	0	0	0	0	0
5989	3	1989	994	7125540	835545	5056	0	4696	2210	0	0	0	0	0	0	0
5990	3	1990	995	7128860	835935	5060	0	4698	2220	1990	9950	9950	9950	9950	9950	9950
5991	3	1991	995	7132180	836325	5062	0	4700	2220	0	0	0	0	0	0	0
5992	3	1992	996	7135490	836715	5064	0	4702	2220	0	0	0	0	0	0	0
5993	3	1993	996	7138810	837105	5066	0	4704	2220	0	0	0	0	0	0	0
5994	3	1994	997	7146000	840215	5070	0	4708	2220	0	0	0	0	0	0	0
5995	3	1995	997	7153190	843330	5072	0	4710	2220	0	0	0	0	0	0	0
5996	3	1996	998	7156510	843720	5074	0	4712	2220	0	0	0	0	0	0	0
5997	3	1997	998	7159830	844110	5076	0	4714	2220	0	0	0	0	0	0	0
5998	3	1998	999	7163160	844505	5080	0	4716	2220	0	0	0	0	0	0	0
5999	3	1999	999	7166480	844895	5082	0	4720	2230	0	0	0	0	0	0	0
6000	3	2000	1000	7169800	845290	5084	0	4722	2230	2000	10000	10000	10000	10000	10000	10000
