[INFO] - 2023-11-22 10:59:46.541 - [main] - ChatServerApplication#48 - INFO:Starting ChatServerApplication on VM-8-5-centos with PID 27680 (/home/java/chatserver/chatserver-1.0.0.jar started by root in /home/java/chatserver)
[INFO] - 2023-11-22 10:59:46.543 - [main] - ChatServerApplication#593 - INFO:No active profile set, falling back to default profiles: default
[INFO] - 2023-11-22 10:59:46.584 - [main] - AnnotationConfigApplicationContext#583 - INFO:Refreshing org.springframework.context.annotation.AnnotationConfigApplicationContext@add0edd: startup date [Wed Nov 22 10:59:46 CST 2023]; root of context hierarchy
[INFO] - 2023-11-22 10:59:46.905 - [main] - RepositoryConfigurationDelegate#165 - INFO:Multiple Spring Data modules found, entering strict repository configuration mode!
[INFO] - 2023-11-22 10:59:46.973 - [main] - RepositoryConfigurationDelegate#165 - INFO:Multiple Spring Data modules found, entering strict repository configuration mode!
[INFO] - 2023-11-22 10:59:47.783 - [main] - cluster#71 - INFO:Cluster created with settings {hosts=[localhost:27017], mode=SINGLE, requiredClusterType=UNKNOWN, serverSelectionTimeout='30000 ms', maxWaitQueueSize=500}
[INFO] - 2023-11-22 10:59:47.885 - [cluster-ClusterId{value='655d6ea3fbd43b6c20d15594', description='null'}-localhost:27017] - connection#71 - INFO:Opened connection [connectionId{localValue:1, serverValue:161}] to localhost:27017
[INFO] - 2023-11-22 10:59:47.887 - [cluster-ClusterId{value='655d6ea3fbd43b6c20d15594', description='null'}-localhost:27017] - cluster#71 - INFO:Monitor thread successfully connected to server with description ServerDescription{address=localhost:27017, type=STANDALONE, state=CONNECTED, ok=true, version=ServerVersion{versionList=[4, 0, 28]}, minWireVersion=0, maxWireVersion=7, maxDocumentSize=16777216, roundTripTimeNanos=572201}
[INFO] - 2023-11-22 10:59:48.104 - [main] - AnnotationMBeanExporter#431 - INFO:Registering beans for JMX exposure on startup
[INFO] - 2023-11-22 10:59:48.126 - [main] - ChatServerApplication#57 - INFO:Started ChatServerApplication in 1.974 seconds (JVM running for 2.348)
[INFO] - 2023-11-22 10:59:48.127 - [main] - ThreadManager#70 - INFO:delayForMinute---->>>>12
[INFO] - 2023-11-22 10:59:48.201 - [main] - ChatServerApplication#55 - INFO:ServerProperties ->CoreSettings{ip='127.0.0.1', port=17181, id=1, weight=5, worldip='null', worldport=0}
[INFO] - 2023-11-22 10:59:48.203 - [rpc] - RPCServerTask#39 - INFO:run->coreip=127.0.0.1,corePort=17181
[INFO] - 2023-11-22 10:59:48.206 - [rpc] - RPCServerTask#46 - INFO:run->RPC services is starting.
[INFO] - 2023-11-22 11:00:00.128 - [ScheduleThreadPool-test-thread-1] - MinuteTask#24 - INFO:MinuteTask start...
[INFO] - 2023-11-22 11:00:00.129 - [ScheduleThreadPool-test-thread-1] - MinuteTask#25 - INFO:MinuteTask end...
[INFO] - 2023-11-22 11:01:00.138 - [ScheduleThreadPool-test-thread-1] - MinuteTask#24 - INFO:MinuteTask start...
[INFO] - 2023-11-22 11:01:00.138 - [ScheduleThreadPool-test-thread-1] - MinuteTask#25 - INFO:MinuteTask end...
[INFO] - 2023-11-22 11:02:00.128 - [ScheduleThreadPool-test-thread-2] - MinuteTask#24 - INFO:MinuteTask start...
[INFO] - 2023-11-22 11:02:00.129 - [ScheduleThreadPool-test-thread-2] - MinuteTask#25 - INFO:MinuteTask end...
[INFO] - 2023-11-22 11:03:00.128 - [ScheduleThreadPool-test-thread-1] - MinuteTask#24 - INFO:MinuteTask start...
[INFO] - 2023-11-22 11:03:00.129 - [ScheduleThreadPool-test-thread-1] - MinuteTask#25 - INFO:MinuteTask end...
[INFO] - 2023-11-22 11:04:00.128 - [ScheduleThreadPool-test-thread-3] - MinuteTask#24 - INFO:MinuteTask start...
[INFO] - 2023-11-22 11:04:00.129 - [ScheduleThreadPool-test-thread-3] - MinuteTask#25 - INFO:MinuteTask end...
[INFO] - 2023-11-22 11:05:00.128 - [ScheduleThreadPool-test-thread-2] - MinuteTask#24 - INFO:MinuteTask start...
[INFO] - 2023-11-22 11:05:00.129 - [ScheduleThreadPool-test-thread-2] - MinuteTask#25 - INFO:MinuteTask end...
[INFO] - 2023-11-22 11:06:00.128 - [ScheduleThreadPool-test-thread-4] - MinuteTask#24 - INFO:MinuteTask start...
[INFO] - 2023-11-22 11:06:00.129 - [ScheduleThreadPool-test-thread-4] - MinuteTask#25 - INFO:MinuteTask end...
[INFO] - 2023-11-22 11:07:00.128 - [ScheduleThreadPool-test-thread-1] - MinuteTask#24 - INFO:MinuteTask start...
[INFO] - 2023-11-22 11:07:00.129 - [ScheduleThreadPool-test-thread-1] - MinuteTask#25 - INFO:MinuteTask end...
[INFO] - 2023-11-22 11:08:00.128 - [ScheduleThreadPool-test-thread-1] - MinuteTask#24 - INFO:MinuteTask start...
[INFO] - 2023-11-22 11:08:00.129 - [ScheduleThreadPool-test-thread-1] - MinuteTask#25 - INFO:MinuteTask end...
[INFO] - 2023-11-22 11:09:00.128 - [ScheduleThreadPool-test-thread-1] - MinuteTask#24 - INFO:MinuteTask start...
[INFO] - 2023-11-22 11:09:00.129 - [ScheduleThreadPool-test-thread-1] - MinuteTask#25 - INFO:MinuteTask end...
[INFO] - 2023-11-22 11:10:00.128 - [ScheduleThreadPool-test-thread-1] - MinuteTask#24 - INFO:MinuteTask start...
[INFO] - 2023-11-22 11:10:00.129 - [ScheduleThreadPool-test-thread-1] - MinuteTask#25 - INFO:MinuteTask end...
[INFO] - 2023-11-22 11:11:00.128 - [ScheduleThreadPool-test-thread-1] - MinuteTask#24 - INFO:MinuteTask start...
[INFO] - 2023-11-22 11:11:00.129 - [ScheduleThreadPool-test-thread-1] - MinuteTask#25 - INFO:MinuteTask end...
[INFO] - 2023-11-22 11:12:00.128 - [ScheduleThreadPool-test-thread-1] - MinuteTask#24 - INFO:MinuteTask start...
[INFO] - 2023-11-22 11:12:00.129 - [ScheduleThreadPool-test-thread-1] - MinuteTask#25 - INFO:MinuteTask end...
[INFO] - 2023-11-22 11:13:00.128 - [ScheduleThreadPool-test-thread-1] - MinuteTask#24 - INFO:MinuteTask start...
[INFO] - 2023-11-22 11:13:00.129 - [ScheduleThreadPool-test-thread-1] - MinuteTask#25 - INFO:MinuteTask end...
[INFO] - 2023-11-22 11:14:00.128 - [ScheduleThreadPool-test-thread-1] - MinuteTask#24 - INFO:MinuteTask start...
[INFO] - 2023-11-22 11:14:00.129 - [ScheduleThreadPool-test-thread-1] - MinuteTask#25 - INFO:MinuteTask end...
[INFO] - 2023-11-22 11:15:00.128 - [ScheduleThreadPool-test-thread-1] - MinuteTask#24 - INFO:MinuteTask start...
[INFO] - 2023-11-22 11:15:00.129 - [ScheduleThreadPool-test-thread-1] - MinuteTask#25 - INFO:MinuteTask end...
[INFO] - 2023-11-22 11:16:00.128 - [ScheduleThreadPool-test-thread-1] - MinuteTask#24 - INFO:MinuteTask start...
[INFO] - 2023-11-22 11:16:00.129 - [ScheduleThreadPool-test-thread-1] - MinuteTask#25 - INFO:MinuteTask end...
[INFO] - 2023-11-22 11:17:00.128 - [ScheduleThreadPool-test-thread-1] - MinuteTask#24 - INFO:MinuteTask start...
[INFO] - 2023-11-22 11:17:00.129 - [ScheduleThreadPool-test-thread-1] - MinuteTask#25 - INFO:MinuteTask end...
[INFO] - 2023-11-22 11:18:00.128 - [ScheduleThreadPool-test-thread-1] - MinuteTask#24 - INFO:MinuteTask start...
[INFO] - 2023-11-22 11:18:00.129 - [ScheduleThreadPool-test-thread-1] - MinuteTask#25 - INFO:MinuteTask end...
[INFO] - 2023-11-22 11:19:00.128 - [ScheduleThreadPool-test-thread-1] - MinuteTask#24 - INFO:MinuteTask start...
[INFO] - 2023-11-22 11:19:00.129 - [ScheduleThreadPool-test-thread-1] - MinuteTask#25 - INFO:MinuteTask end...
[INFO] - 2023-11-22 11:20:00.128 - [ScheduleThreadPool-test-thread-1] - MinuteTask#24 - INFO:MinuteTask start...
[INFO] - 2023-11-22 11:20:00.129 - [ScheduleThreadPool-test-thread-1] - MinuteTask#25 - INFO:MinuteTask end...
[INFO] - 2023-11-22 11:21:00.128 - [ScheduleThreadPool-test-thread-1] - MinuteTask#24 - INFO:MinuteTask start...
[INFO] - 2023-11-22 11:21:00.131 - [ScheduleThreadPool-test-thread-1] - MinuteTask#25 - INFO:MinuteTask end...
[INFO] - 2023-11-22 11:22:00.138 - [ScheduleThreadPool-test-thread-1] - MinuteTask#24 - INFO:MinuteTask start...
[INFO] - 2023-11-22 11:22:00.150 - [ScheduleThreadPool-test-thread-1] - MinuteTask#25 - INFO:MinuteTask end...
[INFO] - 2023-11-22 11:23:00.128 - [ScheduleThreadPool-test-thread-1] - MinuteTask#24 - INFO:MinuteTask start...
[INFO] - 2023-11-22 11:23:00.129 - [ScheduleThreadPool-test-thread-1] - MinuteTask#25 - INFO:MinuteTask end...
[INFO] - 2023-11-22 11:24:00.128 - [ScheduleThreadPool-test-thread-1] - MinuteTask#24 - INFO:MinuteTask start...
[INFO] - 2023-11-22 11:24:00.130 - [ScheduleThreadPool-test-thread-1] - MinuteTask#25 - INFO:MinuteTask end...
[INFO] - 2023-11-22 11:25:00.129 - [ScheduleThreadPool-test-thread-1] - MinuteTask#24 - INFO:MinuteTask start...
[INFO] - 2023-11-22 11:25:00.131 - [ScheduleThreadPool-test-thread-1] - MinuteTask#25 - INFO:MinuteTask end...
[INFO] - 2023-11-22 11:26:00.128 - [ScheduleThreadPool-test-thread-1] - MinuteTask#24 - INFO:MinuteTask start...
[INFO] - 2023-11-22 11:26:00.130 - [ScheduleThreadPool-test-thread-1] - MinuteTask#25 - INFO:MinuteTask end...
[INFO] - 2023-11-22 11:27:00.128 - [ScheduleThreadPool-test-thread-1] - MinuteTask#24 - INFO:MinuteTask start...
[INFO] - 2023-11-22 11:27:00.129 - [ScheduleThreadPool-test-thread-1] - MinuteTask#25 - INFO:MinuteTask end...
[INFO] - 2023-11-22 11:28:00.128 - [ScheduleThreadPool-test-thread-1] - MinuteTask#24 - INFO:MinuteTask start...
[INFO] - 2023-11-22 11:28:00.129 - [ScheduleThreadPool-test-thread-1] - MinuteTask#25 - INFO:MinuteTask end...
[INFO] - 2023-11-22 11:29:00.128 - [ScheduleThreadPool-test-thread-1] - MinuteTask#24 - INFO:MinuteTask start...
[INFO] - 2023-11-22 11:29:00.130 - [ScheduleThreadPool-test-thread-1] - MinuteTask#25 - INFO:MinuteTask end...
[INFO] - 2023-11-22 11:30:00.128 - [ScheduleThreadPool-test-thread-1] - MinuteTask#24 - INFO:MinuteTask start...
[INFO] - 2023-11-22 11:30:00.130 - [ScheduleThreadPool-test-thread-1] - MinuteTask#25 - INFO:MinuteTask end...
[INFO] - 2023-11-22 11:31:00.128 - [ScheduleThreadPool-test-thread-1] - MinuteTask#24 - INFO:MinuteTask start...
[INFO] - 2023-11-22 11:31:00.130 - [ScheduleThreadPool-test-thread-1] - MinuteTask#25 - INFO:MinuteTask end...
[INFO] - 2023-11-22 11:32:00.128 - [ScheduleThreadPool-test-thread-1] - MinuteTask#24 - INFO:MinuteTask start...
[INFO] - 2023-11-22 11:32:00.129 - [ScheduleThreadPool-test-thread-1] - MinuteTask#25 - INFO:MinuteTask end...
[INFO] - 2023-11-22 11:33:00.128 - [ScheduleThreadPool-test-thread-1] - MinuteTask#24 - INFO:MinuteTask start...
[INFO] - 2023-11-22 11:33:00.130 - [ScheduleThreadPool-test-thread-1] - MinuteTask#25 - INFO:MinuteTask end...
[INFO] - 2023-11-22 11:34:00.128 - [ScheduleThreadPool-test-thread-1] - MinuteTask#24 - INFO:MinuteTask start...
[INFO] - 2023-11-22 11:34:00.129 - [ScheduleThreadPool-test-thread-1] - MinuteTask#25 - INFO:MinuteTask end...
[INFO] - 2023-11-22 11:35:00.128 - [ScheduleThreadPool-test-thread-1] - MinuteTask#24 - INFO:MinuteTask start...
[INFO] - 2023-11-22 11:35:00.129 - [ScheduleThreadPool-test-thread-1] - MinuteTask#25 - INFO:MinuteTask end...
[INFO] - 2023-11-22 11:36:00.128 - [ScheduleThreadPool-test-thread-1] - MinuteTask#24 - INFO:MinuteTask start...
[INFO] - 2023-11-22 11:36:00.129 - [ScheduleThreadPool-test-thread-1] - MinuteTask#25 - INFO:MinuteTask end...
[INFO] - 2023-11-22 11:37:00.128 - [ScheduleThreadPool-test-thread-1] - MinuteTask#24 - INFO:MinuteTask start...
[INFO] - 2023-11-22 11:37:00.130 - [ScheduleThreadPool-test-thread-1] - MinuteTask#25 - INFO:MinuteTask end...
[INFO] - 2023-11-22 11:38:00.128 - [ScheduleThreadPool-test-thread-1] - MinuteTask#24 - INFO:MinuteTask start...
[INFO] - 2023-11-22 11:38:00.130 - [ScheduleThreadPool-test-thread-1] - MinuteTask#25 - INFO:MinuteTask end...
[INFO] - 2023-11-22 11:39:00.128 - [ScheduleThreadPool-test-thread-1] - MinuteTask#24 - INFO:MinuteTask start...
[INFO] - 2023-11-22 11:39:00.129 - [ScheduleThreadPool-test-thread-1] - MinuteTask#25 - INFO:MinuteTask end...
[INFO] - 2023-11-22 11:40:00.128 - [ScheduleThreadPool-test-thread-1] - MinuteTask#24 - INFO:MinuteTask start...
[INFO] - 2023-11-22 11:40:00.129 - [ScheduleThreadPool-test-thread-1] - MinuteTask#25 - INFO:MinuteTask end...
[INFO] - 2023-11-22 11:41:00.128 - [ScheduleThreadPool-test-thread-1] - MinuteTask#24 - INFO:MinuteTask start...
[INFO] - 2023-11-22 11:41:00.129 - [ScheduleThreadPool-test-thread-1] - MinuteTask#25 - INFO:MinuteTask end...
[INFO] - 2023-11-22 11:42:00.128 - [ScheduleThreadPool-test-thread-1] - MinuteTask#24 - INFO:MinuteTask start...
[INFO] - 2023-11-22 11:42:00.129 - [ScheduleThreadPool-test-thread-1] - MinuteTask#25 - INFO:MinuteTask end...
[INFO] - 2023-11-22 11:43:00.128 - [ScheduleThreadPool-test-thread-1] - MinuteTask#24 - INFO:MinuteTask start...
[INFO] - 2023-11-22 11:43:00.130 - [ScheduleThreadPool-test-thread-1] - MinuteTask#25 - INFO:MinuteTask end...
[INFO] - 2023-11-22 11:44:00.128 - [ScheduleThreadPool-test-thread-1] - MinuteTask#24 - INFO:MinuteTask start...
[INFO] - 2023-11-22 11:44:00.129 - [ScheduleThreadPool-test-thread-1] - MinuteTask#25 - INFO:MinuteTask end...
[INFO] - 2023-11-22 11:45:00.128 - [ScheduleThreadPool-test-thread-1] - MinuteTask#24 - INFO:MinuteTask start...
[INFO] - 2023-11-22 11:45:00.129 - [ScheduleThreadPool-test-thread-1] - MinuteTask#25 - INFO:MinuteTask end...
[INFO] - 2023-11-22 11:46:00.128 - [ScheduleThreadPool-test-thread-1] - MinuteTask#24 - INFO:MinuteTask start...
[INFO] - 2023-11-22 11:46:00.129 - [ScheduleThreadPool-test-thread-1] - MinuteTask#25 - INFO:MinuteTask end...
[INFO] - 2023-11-22 11:47:00.128 - [ScheduleThreadPool-test-thread-1] - MinuteTask#24 - INFO:MinuteTask start...
[INFO] - 2023-11-22 11:47:00.133 - [ScheduleThreadPool-test-thread-1] - MinuteTask#25 - INFO:MinuteTask end...
[INFO] - 2023-11-22 11:48:00.128 - [ScheduleThreadPool-test-thread-1] - MinuteTask#24 - INFO:MinuteTask start...
[INFO] - 2023-11-22 11:48:00.130 - [ScheduleThreadPool-test-thread-1] - MinuteTask#25 - INFO:MinuteTask end...
[INFO] - 2023-11-22 11:49:00.128 - [ScheduleThreadPool-test-thread-1] - MinuteTask#24 - INFO:MinuteTask start...
[INFO] - 2023-11-22 11:49:00.129 - [ScheduleThreadPool-test-thread-1] - MinuteTask#25 - INFO:MinuteTask end...
[INFO] - 2023-11-22 11:50:00.128 - [ScheduleThreadPool-test-thread-1] - MinuteTask#24 - INFO:MinuteTask start...
[INFO] - 2023-11-22 11:50:00.129 - [ScheduleThreadPool-test-thread-1] - MinuteTask#25 - INFO:MinuteTask end...
[INFO] - 2023-11-22 11:51:00.128 - [ScheduleThreadPool-test-thread-1] - MinuteTask#24 - INFO:MinuteTask start...
[INFO] - 2023-11-22 11:51:00.129 - [ScheduleThreadPool-test-thread-1] - MinuteTask#25 - INFO:MinuteTask end...
[INFO] - 2023-11-22 11:52:00.128 - [ScheduleThreadPool-test-thread-1] - MinuteTask#24 - INFO:MinuteTask start...
[INFO] - 2023-11-22 11:52:00.129 - [ScheduleThreadPool-test-thread-1] - MinuteTask#25 - INFO:MinuteTask end...
[INFO] - 2023-11-22 11:53:00.128 - [ScheduleThreadPool-test-thread-1] - MinuteTask#24 - INFO:MinuteTask start...
[INFO] - 2023-11-22 11:53:00.129 - [ScheduleThreadPool-test-thread-1] - MinuteTask#25 - INFO:MinuteTask end...
[INFO] - 2023-11-22 11:54:00.128 - [ScheduleThreadPool-test-thread-1] - MinuteTask#24 - INFO:MinuteTask start...
[INFO] - 2023-11-22 11:54:00.129 - [ScheduleThreadPool-test-thread-1] - MinuteTask#25 - INFO:MinuteTask end...
[INFO] - 2023-11-22 11:55:00.128 - [ScheduleThreadPool-test-thread-1] - MinuteTask#24 - INFO:MinuteTask start...
[INFO] - 2023-11-22 11:55:00.129 - [ScheduleThreadPool-test-thread-1] - MinuteTask#25 - INFO:MinuteTask end...
[INFO] - 2023-11-22 11:56:00.128 - [ScheduleThreadPool-test-thread-1] - MinuteTask#24 - INFO:MinuteTask start...
[INFO] - 2023-11-22 11:56:00.129 - [ScheduleThreadPool-test-thread-1] - MinuteTask#25 - INFO:MinuteTask end...
[INFO] - 2023-11-22 11:57:00.128 - [ScheduleThreadPool-test-thread-1] - MinuteTask#24 - INFO:MinuteTask start...
[INFO] - 2023-11-22 11:57:00.129 - [ScheduleThreadPool-test-thread-1] - MinuteTask#25 - INFO:MinuteTask end...
[INFO] - 2023-11-22 11:58:00.128 - [ScheduleThreadPool-test-thread-1] - MinuteTask#24 - INFO:MinuteTask start...
[INFO] - 2023-11-22 11:58:00.130 - [ScheduleThreadPool-test-thread-1] - MinuteTask#25 - INFO:MinuteTask end...
[INFO] - 2023-11-22 11:59:00.128 - [ScheduleThreadPool-test-thread-1] - MinuteTask#24 - INFO:MinuteTask start...
[INFO] - 2023-11-22 11:59:00.129 - [ScheduleThreadPool-test-thread-1] - MinuteTask#25 - INFO:MinuteTask end...
[INFO] - 2023-11-22 12:00:00.128 - [ScheduleThreadPool-test-thread-1] - MinuteTask#24 - INFO:MinuteTask start...
[INFO] - 2023-11-22 12:00:00.129 - [ScheduleThreadPool-test-thread-1] - MinuteTask#25 - INFO:MinuteTask end...
[INFO] - 2023-11-22 12:01:00.128 - [ScheduleThreadPool-test-thread-1] - MinuteTask#24 - INFO:MinuteTask start...
[INFO] - 2023-11-22 12:01:00.129 - [ScheduleThreadPool-test-thread-1] - MinuteTask#25 - INFO:MinuteTask end...
[INFO] - 2023-11-22 12:02:00.128 - [ScheduleThreadPool-test-thread-1] - MinuteTask#24 - INFO:MinuteTask start...
[INFO] - 2023-11-22 12:02:00.129 - [ScheduleThreadPool-test-thread-1] - MinuteTask#25 - INFO:MinuteTask end...
[INFO] - 2023-11-22 12:02:55.330 - [main] - ChatServerApplication#48 - INFO:Starting ChatServerApplication on VM-8-5-centos with PID 29219 (/home/java/chatserver/chatserver-1.0.0.jar started by root in /home/java/chatserver)
[INFO] - 2023-11-22 12:02:55.332 - [main] - ChatServerApplication#593 - INFO:No active profile set, falling back to default profiles: default
[INFO] - 2023-11-22 12:02:55.382 - [main] - AnnotationConfigApplicationContext#583 - INFO:Refreshing org.springframework.context.annotation.AnnotationConfigApplicationContext@7ea37dbf: startup date [Wed Nov 22 12:02:55 CST 2023]; root of context hierarchy
[INFO] - 2023-11-22 12:02:55.758 - [main] - RepositoryConfigurationDelegate#165 - INFO:Multiple Spring Data modules found, entering strict repository configuration mode!
[INFO] - 2023-11-22 12:02:55.837 - [main] - RepositoryConfigurationDelegate#165 - INFO:Multiple Spring Data modules found, entering strict repository configuration mode!
[INFO] - 2023-11-22 12:02:56.666 - [main] - cluster#71 - INFO:Cluster created with settings {hosts=[localhost:27017], mode=SINGLE, requiredClusterType=UNKNOWN, serverSelectionTimeout='30000 ms', maxWaitQueueSize=500}
[INFO] - 2023-11-22 12:02:56.768 - [cluster-ClusterId{value='655d7d70fbd43b7223bff536', description='null'}-localhost:27017] - connection#71 - INFO:Opened connection [connectionId{localValue:1, serverValue:211}] to localhost:27017
[INFO] - 2023-11-22 12:02:56.770 - [cluster-ClusterId{value='655d7d70fbd43b7223bff536', description='null'}-localhost:27017] - cluster#71 - INFO:Monitor thread successfully connected to server with description ServerDescription{address=localhost:27017, type=STANDALONE, state=CONNECTED, ok=true, version=ServerVersion{versionList=[4, 0, 28]}, minWireVersion=0, maxWireVersion=7, maxDocumentSize=16777216, roundTripTimeNanos=482501}
[INFO] - 2023-11-22 12:02:57.071 - [main] - AnnotationMBeanExporter#431 - INFO:Registering beans for JMX exposure on startup
[INFO] - 2023-11-22 12:02:57.106 - [main] - ChatServerApplication#57 - INFO:Started ChatServerApplication in 2.128 seconds (JVM running for 2.533)
[INFO] - 2023-11-22 12:02:57.107 - [main] - ThreadManager#70 - INFO:delayForMinute---->>>>3
[INFO] - 2023-11-22 12:02:57.185 - [main] - ChatServerApplication#55 - INFO:ServerProperties ->CoreSettings{ip='127.0.0.1', port=17181, id=1, weight=5, worldip='null', worldport=0}
[INFO] - 2023-11-22 12:02:57.185 - [rpc] - RPCServerTask#39 - INFO:run->coreip=127.0.0.1,corePort=17181
[INFO] - 2023-11-22 12:02:57.188 - [rpc] - RPCServerTask#46 - INFO:run->RPC services is starting.
[INFO] - 2023-11-22 12:03:00.109 - [ScheduleThreadPool-test-thread-1] - MinuteTask#24 - INFO:MinuteTask start...
[INFO] - 2023-11-22 12:03:00.109 - [ScheduleThreadPool-test-thread-1] - MinuteTask#25 - INFO:MinuteTask end...
[INFO] - 2023-11-22 12:04:00.109 - [ScheduleThreadPool-test-thread-1] - MinuteTask#24 - INFO:MinuteTask start...
[INFO] - 2023-11-22 12:04:00.109 - [ScheduleThreadPool-test-thread-1] - MinuteTask#25 - INFO:MinuteTask end...
[INFO] - 2023-11-22 12:05:00.109 - [ScheduleThreadPool-test-thread-2] - MinuteTask#24 - INFO:MinuteTask start...
[INFO] - 2023-11-22 12:05:00.109 - [ScheduleThreadPool-test-thread-2] - MinuteTask#25 - INFO:MinuteTask end...
[INFO] - 2023-11-22 12:06:00.109 - [ScheduleThreadPool-test-thread-1] - MinuteTask#24 - INFO:MinuteTask start...
[INFO] - 2023-11-22 12:06:00.109 - [ScheduleThreadPool-test-thread-1] - MinuteTask#25 - INFO:MinuteTask end...
[INFO] - 2023-11-22 12:07:00.109 - [ScheduleThreadPool-test-thread-3] - MinuteTask#24 - INFO:MinuteTask start...
[INFO] - 2023-11-22 12:07:00.109 - [ScheduleThreadPool-test-thread-3] - MinuteTask#25 - INFO:MinuteTask end...
[INFO] - 2023-11-22 12:08:00.109 - [ScheduleThreadPool-test-thread-3] - MinuteTask#24 - INFO:MinuteTask start...
[INFO] - 2023-11-22 12:08:00.109 - [ScheduleThreadPool-test-thread-3] - MinuteTask#25 - INFO:MinuteTask end...
[INFO] - 2023-11-22 12:09:00.109 - [ScheduleThreadPool-test-thread-4] - MinuteTask#24 - INFO:MinuteTask start...
[INFO] - 2023-11-22 12:09:00.109 - [ScheduleThreadPool-test-thread-4] - MinuteTask#25 - INFO:MinuteTask end...
[ERROR] - 2023-11-22 12:09:27.194 - [pool-4-thread-2] - TThreadPoolServer#294 - INFO:Thrift error occurred during processing of message.
org.apache.thrift.protocol.TProtocolException: Missing version in readMessageBegin, old client?
	at org.apache.thrift.protocol.TBinaryProtocol.readMessageBegin(TBinaryProtocol.java:228)
	at org.apache.thrift.TBaseProcessor.process(TBaseProcessor.java:27)
	at org.apache.thrift.server.TThreadPoolServer$WorkerProcess.run(TThreadPoolServer.java:285)
	at java.util.concurrent.ThreadPoolExecutor.runWorker(ThreadPoolExecutor.java:1149)
	at java.util.concurrent.ThreadPoolExecutor$Worker.run(ThreadPoolExecutor.java:624)
	at java.lang.Thread.run(Thread.java:750)
[ERROR] - 2023-11-22 12:09:40.301 - [pool-4-thread-3] - TThreadPoolServer#294 - INFO:Thrift error occurred during processing of message.
org.apache.thrift.protocol.TProtocolException: Missing version in readMessageBegin, old client?
	at org.apache.thrift.protocol.TBinaryProtocol.readMessageBegin(TBinaryProtocol.java:228)
	at org.apache.thrift.TBaseProcessor.process(TBaseProcessor.java:27)
	at org.apache.thrift.server.TThreadPoolServer$WorkerProcess.run(TThreadPoolServer.java:285)
	at java.util.concurrent.ThreadPoolExecutor.runWorker(ThreadPoolExecutor.java:1149)
	at java.util.concurrent.ThreadPoolExecutor$Worker.run(ThreadPoolExecutor.java:624)
	at java.lang.Thread.run(Thread.java:750)
[INFO] - 2023-11-22 12:10:00.109 - [ScheduleThreadPool-test-thread-1] - MinuteTask#24 - INFO:MinuteTask start...
[INFO] - 2023-11-22 12:10:00.109 - [ScheduleThreadPool-test-thread-1] - MinuteTask#25 - INFO:MinuteTask end...
[INFO] - 2023-11-22 12:11:00.109 - [ScheduleThreadPool-test-thread-1] - MinuteTask#24 - INFO:MinuteTask start...
[INFO] - 2023-11-22 12:11:00.109 - [ScheduleThreadPool-test-thread-1] - MinuteTask#25 - INFO:MinuteTask end...
[INFO] - 2023-11-22 12:12:00.109 - [ScheduleThreadPool-test-thread-1] - MinuteTask#24 - INFO:MinuteTask start...
[INFO] - 2023-11-22 12:12:00.109 - [ScheduleThreadPool-test-thread-1] - MinuteTask#25 - INFO:MinuteTask end...
[INFO] - 2023-11-22 12:13:00.109 - [ScheduleThreadPool-test-thread-1] - MinuteTask#24 - INFO:MinuteTask start...
[INFO] - 2023-11-22 12:13:00.109 - [ScheduleThreadPool-test-thread-1] - MinuteTask#25 - INFO:MinuteTask end...
[INFO] - 2023-11-22 12:14:00.109 - [ScheduleThreadPool-test-thread-1] - MinuteTask#24 - INFO:MinuteTask start...
[INFO] - 2023-11-22 12:14:00.109 - [ScheduleThreadPool-test-thread-1] - MinuteTask#25 - INFO:MinuteTask end...
[INFO] - 2023-11-22 12:15:00.109 - [ScheduleThreadPool-test-thread-1] - MinuteTask#24 - INFO:MinuteTask start...
[INFO] - 2023-11-22 12:15:00.109 - [ScheduleThreadPool-test-thread-1] - MinuteTask#25 - INFO:MinuteTask end...
[INFO] - 2023-11-22 12:16:00.109 - [ScheduleThreadPool-test-thread-1] - MinuteTask#24 - INFO:MinuteTask start...
[INFO] - 2023-11-22 12:16:00.109 - [ScheduleThreadPool-test-thread-1] - MinuteTask#25 - INFO:MinuteTask end...
[INFO] - 2023-11-22 12:17:00.109 - [ScheduleThreadPool-test-thread-1] - MinuteTask#24 - INFO:MinuteTask start...
[INFO] - 2023-11-22 12:17:00.109 - [ScheduleThreadPool-test-thread-1] - MinuteTask#25 - INFO:MinuteTask end...
[INFO] - 2023-11-22 12:18:00.109 - [ScheduleThreadPool-test-thread-1] - MinuteTask#24 - INFO:MinuteTask start...
[INFO] - 2023-11-22 12:18:00.109 - [ScheduleThreadPool-test-thread-1] - MinuteTask#25 - INFO:MinuteTask end...
[INFO] - 2023-11-22 12:19:00.109 - [ScheduleThreadPool-test-thread-1] - MinuteTask#24 - INFO:MinuteTask start...
[INFO] - 2023-11-22 12:19:00.109 - [ScheduleThreadPool-test-thread-1] - MinuteTask#25 - INFO:MinuteTask end...
[INFO] - 2023-11-22 12:20:00.109 - [ScheduleThreadPool-test-thread-1] - MinuteTask#24 - INFO:MinuteTask start...
[INFO] - 2023-11-22 12:20:00.109 - [ScheduleThreadPool-test-thread-1] - MinuteTask#25 - INFO:MinuteTask end...
[INFO] - 2023-11-22 12:21:13.171 - [main] - ChatServerApplication#48 - INFO:Starting ChatServerApplication on VM-8-5-centos with PID 25316 (/home/java/chatserver/chatserver-1.0.0.jar started by root in /home/java/chatserver)
[INFO] - 2023-11-22 12:21:13.173 - [main] - ChatServerApplication#593 - INFO:No active profile set, falling back to default profiles: default
[INFO] - 2023-11-22 12:21:13.228 - [main] - AnnotationConfigApplicationContext#583 - INFO:Refreshing org.springframework.context.annotation.AnnotationConfigApplicationContext@7ea37dbf: startup date [Wed Nov 22 12:21:13 CST 2023]; root of context hierarchy
[INFO] - 2023-11-22 12:21:13.556 - [main] - RepositoryConfigurationDelegate#165 - INFO:Multiple Spring Data modules found, entering strict repository configuration mode!
[INFO] - 2023-11-22 12:21:13.623 - [main] - RepositoryConfigurationDelegate#165 - INFO:Multiple Spring Data modules found, entering strict repository configuration mode!
[INFO] - 2023-11-22 12:21:14.448 - [main] - cluster#71 - INFO:Cluster created with settings {hosts=[localhost:27017], mode=SINGLE, requiredClusterType=UNKNOWN, serverSelectionTimeout='30000 ms', maxWaitQueueSize=500}
[INFO] - 2023-11-22 12:21:14.539 - [cluster-ClusterId{value='655d81bafbd43b62e48659e7', description='null'}-localhost:27017] - connection#71 - INFO:Opened connection [connectionId{localValue:1, serverValue:216}] to localhost:27017
[INFO] - 2023-11-22 12:21:14.557 - [cluster-ClusterId{value='655d81bafbd43b62e48659e7', description='null'}-localhost:27017] - cluster#71 - INFO:Monitor thread successfully connected to server with description ServerDescription{address=localhost:27017, type=STANDALONE, state=CONNECTED, ok=true, version=ServerVersion{versionList=[4, 0, 28]}, minWireVersion=0, maxWireVersion=7, maxDocumentSize=16777216, roundTripTimeNanos=5726078}
[INFO] - 2023-11-22 12:21:14.845 - [main] - AnnotationMBeanExporter#431 - INFO:Registering beans for JMX exposure on startup
[INFO] - 2023-11-22 12:21:14.895 - [main] - ChatServerApplication#57 - INFO:Started ChatServerApplication in 2.07 seconds (JVM running for 2.338)
[INFO] - 2023-11-22 12:21:14.896 - [main] - ThreadManager#70 - INFO:delayForMinute---->>>>46
[INFO] - 2023-11-22 12:21:14.958 - [main] - ChatServerApplication#55 - INFO:ServerProperties ->CoreSettings{ip='127.0.0.1', port=17181, id=1, weight=5, worldip='null', worldport=0}
[INFO] - 2023-11-22 12:21:14.964 - [rpc] - RPCServerTask#39 - INFO:run->coreip=127.0.0.1,corePort=17181
[INFO] - 2023-11-22 12:21:14.967 - [rpc] - RPCServerTask#46 - INFO:run->RPC services is starting.
[INFO] - 2023-11-22 12:30:19.457 - [main] - ChatServerApplication#48 - INFO:Starting ChatServerApplication on VM-8-5-centos with PID 6728 (/home/java/chatserver/chatserver-1.0.0.jar started by root in /home/java/chatserver)
[INFO] - 2023-11-22 12:30:19.459 - [main] - ChatServerApplication#593 - INFO:No active profile set, falling back to default profiles: default
[INFO] - 2023-11-22 12:30:19.503 - [main] - AnnotationConfigApplicationContext#583 - INFO:Refreshing org.springframework.context.annotation.AnnotationConfigApplicationContext@7ea37dbf: startup date [Wed Nov 22 12:30:19 CST 2023]; root of context hierarchy
[INFO] - 2023-11-22 12:30:19.921 - [main] - RepositoryConfigurationDelegate#165 - INFO:Multiple Spring Data modules found, entering strict repository configuration mode!
[INFO] - 2023-11-22 12:30:20.001 - [main] - RepositoryConfigurationDelegate#165 - INFO:Multiple Spring Data modules found, entering strict repository configuration mode!
[INFO] - 2023-11-22 12:30:20.802 - [main] - cluster#71 - INFO:Cluster created with settings {hosts=[localhost:27017], mode=SINGLE, requiredClusterType=UNKNOWN, serverSelectionTimeout='30000 ms', maxWaitQueueSize=500}
[INFO] - 2023-11-22 12:30:20.895 - [cluster-ClusterId{value='655d83dcfbd43b1a488daef1', description='null'}-localhost:27017] - connection#71 - INFO:Opened connection [connectionId{localValue:1, serverValue:217}] to localhost:27017
[INFO] - 2023-11-22 12:30:20.908 - [cluster-ClusterId{value='655d83dcfbd43b1a488daef1', description='null'}-localhost:27017] - cluster#71 - INFO:Monitor thread successfully connected to server with description ServerDescription{address=localhost:27017, type=STANDALONE, state=CONNECTED, ok=true, version=ServerVersion{versionList=[4, 0, 28]}, minWireVersion=0, maxWireVersion=7, maxDocumentSize=16777216, roundTripTimeNanos=3889849}
[INFO] - 2023-11-22 12:30:21.161 - [main] - AnnotationMBeanExporter#431 - INFO:Registering beans for JMX exposure on startup
[INFO] - 2023-11-22 12:30:21.204 - [main] - ChatServerApplication#57 - INFO:Started ChatServerApplication in 2.151 seconds (JVM running for 2.419)
[INFO] - 2023-11-22 12:30:21.205 - [main] - ThreadManager#70 - INFO:delayForMinute---->>>>39
[INFO] - 2023-11-22 12:30:21.267 - [main] - ChatServerApplication#55 - INFO:ServerProperties ->CoreSettings{ip='127.0.0.1', port=27181, id=1, weight=5, worldip='null', worldport=0}
[INFO] - 2023-11-22 12:30:21.272 - [rpc] - RPCServerTask#39 - INFO:run->coreip=127.0.0.1,corePort=27181
[INFO] - 2023-11-22 12:30:21.275 - [rpc] - RPCServerTask#46 - INFO:run->RPC services is starting.
[INFO] - 2023-11-22 12:31:00.207 - [ScheduleThreadPool-test-thread-1] - MinuteTask#24 - INFO:MinuteTask start...
[INFO] - 2023-11-22 12:31:00.207 - [ScheduleThreadPool-test-thread-1] - MinuteTask#25 - INFO:MinuteTask end...
[INFO] - 2023-11-22 12:36:59.147 - [main] - ChatServerApplication#48 - INFO:Starting ChatServerApplication on VM-8-5-centos with PID 22919 (/home/java/chatserver/chatserver-1.0.0.jar started by root in /home/java/chatserver)
[INFO] - 2023-11-22 12:36:59.150 - [main] - ChatServerApplication#593 - INFO:No active profile set, falling back to default profiles: default
[INFO] - 2023-11-22 12:36:59.194 - [main] - AnnotationConfigApplicationContext#583 - INFO:Refreshing org.springframework.context.annotation.AnnotationConfigApplicationContext@7ea37dbf: startup date [Wed Nov 22 12:36:59 CST 2023]; root of context hierarchy
[INFO] - 2023-11-22 12:36:59.613 - [main] - RepositoryConfigurationDelegate#165 - INFO:Multiple Spring Data modules found, entering strict repository configuration mode!
[INFO] - 2023-11-22 12:36:59.691 - [main] - RepositoryConfigurationDelegate#165 - INFO:Multiple Spring Data modules found, entering strict repository configuration mode!
[INFO] - 2023-11-22 12:37:00.533 - [main] - cluster#71 - INFO:Cluster created with settings {hosts=[localhost:27017], mode=SINGLE, requiredClusterType=UNKNOWN, serverSelectionTimeout='30000 ms', maxWaitQueueSize=500}
[INFO] - 2023-11-22 12:37:00.621 - [cluster-ClusterId{value='655d856cfbd43b598742eaf3', description='null'}-localhost:27017] - connection#71 - INFO:Opened connection [connectionId{localValue:1, serverValue:219}] to localhost:27017
[INFO] - 2023-11-22 12:37:00.625 - [cluster-ClusterId{value='655d856cfbd43b598742eaf3', description='null'}-localhost:27017] - cluster#71 - INFO:Monitor thread successfully connected to server with description ServerDescription{address=localhost:27017, type=STANDALONE, state=CONNECTED, ok=true, version=ServerVersion{versionList=[4, 0, 28]}, minWireVersion=0, maxWireVersion=7, maxDocumentSize=16777216, roundTripTimeNanos=2979089}
[INFO] - 2023-11-22 12:37:00.867 - [main] - AnnotationMBeanExporter#431 - INFO:Registering beans for JMX exposure on startup
[INFO] - 2023-11-22 12:37:00.895 - [main] - ChatServerApplication#57 - INFO:Started ChatServerApplication in 2.076 seconds (JVM running for 2.34)
[INFO] - 2023-11-22 12:37:00.896 - [main] - ThreadManager#70 - INFO:delayForMinute---->>>>60
[INFO] - 2023-11-22 12:37:00.974 - [main] - ChatServerApplication#55 - INFO:ServerProperties ->CoreSettings{ip='127.0.0.1', port=17181, id=1, weight=5, worldip='null', worldport=0}
[INFO] - 2023-11-22 12:37:00.975 - [rpc] - RPCServerTask#39 - INFO:run->coreip=127.0.0.1,corePort=17181
[INFO] - 2023-11-22 12:37:00.978 - [rpc] - RPCServerTask#46 - INFO:run->RPC services is starting.
[INFO] - 2023-11-22 12:38:32.612 - [main] - ChatServerApplication#48 - INFO:Starting ChatServerApplication on VM-8-5-centos with PID 25331 (/home/java/chatserver/chatserver-1.0.0.jar started by root in /home/java/chatserver)
[INFO] - 2023-11-22 12:38:32.614 - [main] - ChatServerApplication#593 - INFO:No active profile set, falling back to default profiles: default
[INFO] - 2023-11-22 12:38:32.679 - [main] - AnnotationConfigApplicationContext#583 - INFO:Refreshing org.springframework.context.annotation.AnnotationConfigApplicationContext@7ea37dbf: startup date [Wed Nov 22 12:38:32 CST 2023]; root of context hierarchy
[INFO] - 2023-11-22 12:38:33.068 - [main] - RepositoryConfigurationDelegate#165 - INFO:Multiple Spring Data modules found, entering strict repository configuration mode!
[INFO] - 2023-11-22 12:38:33.140 - [main] - RepositoryConfigurationDelegate#165 - INFO:Multiple Spring Data modules found, entering strict repository configuration mode!
[INFO] - 2023-11-22 12:38:33.969 - [main] - cluster#71 - INFO:Cluster created with settings {hosts=[localhost:27017], mode=SINGLE, requiredClusterType=UNKNOWN, serverSelectionTimeout='30000 ms', maxWaitQueueSize=500}
[INFO] - 2023-11-22 12:38:34.050 - [cluster-ClusterId{value='655d85c9fbd43b62f3d08d3f', description='null'}-localhost:27017] - connection#71 - INFO:Opened connection [connectionId{localValue:1, serverValue:220}] to localhost:27017
[INFO] - 2023-11-22 12:38:34.053 - [cluster-ClusterId{value='655d85c9fbd43b62f3d08d3f', description='null'}-localhost:27017] - cluster#71 - INFO:Monitor thread successfully connected to server with description ServerDescription{address=localhost:27017, type=STANDALONE, state=CONNECTED, ok=true, version=ServerVersion{versionList=[4, 0, 28]}, minWireVersion=0, maxWireVersion=7, maxDocumentSize=16777216, roundTripTimeNanos=2446959}
[INFO] - 2023-11-22 12:38:34.278 - [main] - AnnotationMBeanExporter#431 - INFO:Registering beans for JMX exposure on startup
[INFO] - 2023-11-22 12:38:34.292 - [main] - ChatServerApplication#57 - INFO:Started ChatServerApplication in 2.043 seconds (JVM running for 2.296)
[INFO] - 2023-11-22 12:38:34.294 - [main] - ThreadManager#70 - INFO:delayForMinute---->>>>26
[INFO] - 2023-11-22 12:38:34.362 - [main] - ChatServerApplication#55 - INFO:ServerProperties ->CoreSettings{ip='127.0.0.1', port=17181, id=1, weight=5, worldip='null', worldport=0}
[INFO] - 2023-11-22 12:38:34.363 - [rpc] - RPCServerTask#39 - INFO:run->coreip=127.0.0.1,corePort=17181
[INFO] - 2023-11-22 12:38:34.366 - [rpc] - RPCServerTask#46 - INFO:run->RPC services is starting.
[INFO] - 2023-11-22 12:39:00.297 - [ScheduleThreadPool-test-thread-1] - MinuteTask#24 - INFO:MinuteTask start...
[INFO] - 2023-11-22 12:39:00.297 - [ScheduleThreadPool-test-thread-1] - MinuteTask#25 - INFO:MinuteTask end...
[INFO] - 2023-11-22 12:40:00.295 - [ScheduleThreadPool-test-thread-1] - MinuteTask#24 - INFO:MinuteTask start...
[INFO] - 2023-11-22 12:40:00.296 - [ScheduleThreadPool-test-thread-1] - MinuteTask#25 - INFO:MinuteTask end...
[INFO] - 2023-11-22 12:41:00.295 - [ScheduleThreadPool-test-thread-2] - MinuteTask#24 - INFO:MinuteTask start...
[INFO] - 2023-11-22 12:41:00.296 - [ScheduleThreadPool-test-thread-2] - MinuteTask#25 - INFO:MinuteTask end...
[INFO] - 2023-11-22 12:42:00.295 - [ScheduleThreadPool-test-thread-1] - MinuteTask#24 - INFO:MinuteTask start...
[INFO] - 2023-11-22 12:42:00.296 - [ScheduleThreadPool-test-thread-1] - MinuteTask#25 - INFO:MinuteTask end...
[INFO] - 2023-11-22 12:43:00.295 - [ScheduleThreadPool-test-thread-3] - MinuteTask#24 - INFO:MinuteTask start...
[INFO] - 2023-11-22 12:43:00.296 - [ScheduleThreadPool-test-thread-3] - MinuteTask#25 - INFO:MinuteTask end...
[INFO] - 2023-11-22 12:44:00.295 - [ScheduleThreadPool-test-thread-2] - MinuteTask#24 - INFO:MinuteTask start...
[INFO] - 2023-11-22 12:44:00.296 - [ScheduleThreadPool-test-thread-2] - MinuteTask#25 - INFO:MinuteTask end...
[INFO] - 2023-11-22 12:54:58.454 - [main] - ChatServerApplication#48 - INFO:Starting ChatServerApplication on VM-8-5-centos with PID 23705 (/home/java/chatserver/chatserver-1.0.0.jar started by root in /home/java/chatserver)
[INFO] - 2023-11-22 12:54:58.455 - [main] - ChatServerApplication#593 - INFO:No active profile set, falling back to default profiles: default
[INFO] - 2023-11-22 12:54:58.499 - [main] - AnnotationConfigApplicationContext#583 - INFO:Refreshing org.springframework.context.annotation.AnnotationConfigApplicationContext@7ea37dbf: startup date [Wed Nov 22 12:54:58 CST 2023]; root of context hierarchy
[INFO] - 2023-11-22 12:54:58.842 - [main] - RepositoryConfigurationDelegate#165 - INFO:Multiple Spring Data modules found, entering strict repository configuration mode!
[INFO] - 2023-11-22 12:54:58.887 - [main] - RepositoryConfigurationDelegate#165 - INFO:Multiple Spring Data modules found, entering strict repository configuration mode!
[INFO] - 2023-11-22 12:54:59.746 - [main] - cluster#71 - INFO:Cluster created with settings {hosts=[localhost:27017], mode=SINGLE, requiredClusterType=UNKNOWN, serverSelectionTimeout='30000 ms', maxWaitQueueSize=500}
[INFO] - 2023-11-22 12:54:59.836 - [cluster-ClusterId{value='655d89a3fbd43b5c99bfbef2', description='null'}-localhost:27017] - connection#71 - INFO:Opened connection [connectionId{localValue:1, serverValue:223}] to localhost:27017
[INFO] - 2023-11-22 12:54:59.839 - [cluster-ClusterId{value='655d89a3fbd43b5c99bfbef2', description='null'}-localhost:27017] - cluster#71 - INFO:Monitor thread successfully connected to server with description ServerDescription{address=localhost:27017, type=STANDALONE, state=CONNECTED, ok=true, version=ServerVersion{versionList=[4, 0, 28]}, minWireVersion=0, maxWireVersion=7, maxDocumentSize=16777216, roundTripTimeNanos=1257952}
[INFO] - 2023-11-22 12:55:00.131 - [main] - AnnotationMBeanExporter#431 - INFO:Registering beans for JMX exposure on startup
[INFO] - 2023-11-22 12:55:00.162 - [main] - ChatServerApplication#57 - INFO:Started ChatServerApplication in 2.101 seconds (JVM running for 2.37)
[INFO] - 2023-11-22 12:55:00.163 - [main] - ThreadManager#70 - INFO:delayForMinute---->>>>60
[INFO] - 2023-11-22 12:55:00.225 - [main] - ChatServerApplication#55 - INFO:ServerProperties ->CoreSettings{ip='127.0.0.1', port=17181, id=1, weight=5, worldip='null', worldport=0}
[INFO] - 2023-11-22 12:55:00.226 - [rpc] - RPCServerTask#39 - INFO:run->coreip=127.0.0.1,corePort=17181
[INFO] - 2023-11-22 12:55:00.229 - [rpc] - RPCServerTask#46 - INFO:run->RPC services is starting.
[ERROR] - 2023-11-22 12:55:52.147 - [pool-4-thread-1] - TThreadPoolServer#294 - INFO:Thrift error occurred during processing of message.
org.apache.thrift.protocol.TProtocolException: Bad version in readMessageBegin
	at org.apache.thrift.protocol.TBinaryProtocol.readMessageBegin(TBinaryProtocol.java:223)
	at org.apache.thrift.TBaseProcessor.process(TBaseProcessor.java:27)
	at org.apache.thrift.server.TThreadPoolServer$WorkerProcess.run(TThreadPoolServer.java:285)
	at java.util.concurrent.ThreadPoolExecutor.runWorker(ThreadPoolExecutor.java:1149)
	at java.util.concurrent.ThreadPoolExecutor$Worker.run(ThreadPoolExecutor.java:624)
	at java.lang.Thread.run(Thread.java:750)
[INFO] - 2023-11-22 12:56:00.165 - [ScheduleThreadPool-test-thread-1] - MinuteTask#24 - INFO:MinuteTask start...
[INFO] - 2023-11-22 12:56:00.165 - [ScheduleThreadPool-test-thread-1] - MinuteTask#25 - INFO:MinuteTask end...
[INFO] - 2023-11-22 12:57:00.164 - [ScheduleThreadPool-test-thread-1] - MinuteTask#24 - INFO:MinuteTask start...
[INFO] - 2023-11-22 12:57:00.165 - [ScheduleThreadPool-test-thread-1] - MinuteTask#25 - INFO:MinuteTask end...
[INFO] - 2023-11-22 12:57:23.362 - [main] - ChatServerApplication#48 - INFO:Starting ChatServerApplication on VM-8-5-centos with PID 27358 (/home/java/chatserver/chatserver-1.0.0.jar started by root in /home/java/chatserver)
[INFO] - 2023-11-22 12:57:23.365 - [main] - ChatServerApplication#593 - INFO:No active profile set, falling back to default profiles: default
[INFO] - 2023-11-22 12:57:23.422 - [main] - AnnotationConfigApplicationContext#583 - INFO:Refreshing org.springframework.context.annotation.AnnotationConfigApplicationContext@7ea37dbf: startup date [Wed Nov 22 12:57:23 CST 2023]; root of context hierarchy
[INFO] - 2023-11-22 12:57:23.766 - [main] - RepositoryConfigurationDelegate#165 - INFO:Multiple Spring Data modules found, entering strict repository configuration mode!
[INFO] - 2023-11-22 12:57:23.843 - [main] - RepositoryConfigurationDelegate#165 - INFO:Multiple Spring Data modules found, entering strict repository configuration mode!
[INFO] - 2023-11-22 12:57:24.657 - [main] - cluster#71 - INFO:Cluster created with settings {hosts=[localhost:27017], mode=SINGLE, requiredClusterType=UNKNOWN, serverSelectionTimeout='30000 ms', maxWaitQueueSize=500}
[INFO] - 2023-11-22 12:57:24.738 - [cluster-ClusterId{value='655d8a34fbd43b6aded03302', description='null'}-localhost:27017] - connection#71 - INFO:Opened connection [connectionId{localValue:1, serverValue:224}] to localhost:27017
[INFO] - 2023-11-22 12:57:24.739 - [cluster-ClusterId{value='655d8a34fbd43b6aded03302', description='null'}-localhost:27017] - cluster#71 - INFO:Monitor thread successfully connected to server with description ServerDescription{address=localhost:27017, type=STANDALONE, state=CONNECTED, ok=true, version=ServerVersion{versionList=[4, 0, 28]}, minWireVersion=0, maxWireVersion=7, maxDocumentSize=16777216, roundTripTimeNanos=624267}
[INFO] - 2023-11-22 12:57:24.972 - [main] - AnnotationMBeanExporter#431 - INFO:Registering beans for JMX exposure on startup
[INFO] - 2023-11-22 12:57:24.996 - [main] - ChatServerApplication#57 - INFO:Started ChatServerApplication in 2.025 seconds (JVM running for 2.288)
[INFO] - 2023-11-22 12:57:24.997 - [main] - ThreadManager#70 - INFO:delayForMinute---->>>>36
[INFO] - 2023-11-22 12:57:25.070 - [main] - ChatServerApplication#55 - INFO:ServerProperties ->CoreSettings{ip='82.156.139.6', port=17181, id=1, weight=5, worldip='null', worldport=0}
[ERROR] - 2023-11-22 12:57:25.076 - [rpc] - RPCServerTask#58 - INFO:run->Could not create ServerSocket on address /82.156.139.6:17181.
org.apache.thrift.transport.TTransportException: Could not create ServerSocket on address /82.156.139.6:17181.
	at org.apache.thrift.transport.TServerSocket.<init>(TServerSocket.java:109)
	at org.apache.thrift.transport.TServerSocket.<init>(TServerSocket.java:91)
	at org.apache.thrift.transport.TServerSocket.<init>(TServerSocket.java:87)
	at com.chat.network.pool.RPCServerTask.run(RPCServerTask.java:38)
[INFO] - 2023-11-22 12:58:00.596 - [main] - ChatServerApplication#48 - INFO:Starting ChatServerApplication on VM-8-5-centos with PID 28346 (/home/java/chatserver/chatserver-1.0.0.jar started by root in /home/java/chatserver)
[INFO] - 2023-11-22 12:58:00.599 - [main] - ChatServerApplication#593 - INFO:No active profile set, falling back to default profiles: default
[INFO] - 2023-11-22 12:58:00.659 - [main] - AnnotationConfigApplicationContext#583 - INFO:Refreshing org.springframework.context.annotation.AnnotationConfigApplicationContext@7ea37dbf: startup date [Wed Nov 22 12:58:00 CST 2023]; root of context hierarchy
[INFO] - 2023-11-22 12:58:01.026 - [main] - RepositoryConfigurationDelegate#165 - INFO:Multiple Spring Data modules found, entering strict repository configuration mode!
[INFO] - 2023-11-22 12:58:01.095 - [main] - RepositoryConfigurationDelegate#165 - INFO:Multiple Spring Data modules found, entering strict repository configuration mode!
[INFO] - 2023-11-22 12:58:01.917 - [main] - cluster#71 - INFO:Cluster created with settings {hosts=[localhost:27017], mode=SINGLE, requiredClusterType=UNKNOWN, serverSelectionTimeout='30000 ms', maxWaitQueueSize=500}
[INFO] - 2023-11-22 12:58:01.982 - [cluster-ClusterId{value='655d8a59fbd43b6ebac5a863', description='null'}-localhost:27017] - connection#71 - INFO:Opened connection [connectionId{localValue:1, serverValue:225}] to localhost:27017
[INFO] - 2023-11-22 12:58:01.984 - [cluster-ClusterId{value='655d8a59fbd43b6ebac5a863', description='null'}-localhost:27017] - cluster#71 - INFO:Monitor thread successfully connected to server with description ServerDescription{address=localhost:27017, type=STANDALONE, state=CONNECTED, ok=true, version=ServerVersion{versionList=[4, 0, 28]}, minWireVersion=0, maxWireVersion=7, maxDocumentSize=16777216, roundTripTimeNanos=646036}
[INFO] - 2023-11-22 12:58:02.307 - [main] - AnnotationMBeanExporter#431 - INFO:Registering beans for JMX exposure on startup
[INFO] - 2023-11-22 12:58:02.324 - [main] - ChatServerApplication#57 - INFO:Started ChatServerApplication in 2.08 seconds (JVM running for 2.349)
[INFO] - 2023-11-22 12:58:02.325 - [main] - ThreadManager#70 - INFO:delayForMinute---->>>>58
[INFO] - 2023-11-22 12:58:02.388 - [main] - ChatServerApplication#55 - INFO:ServerProperties ->CoreSettings{ip='82.156.139.6', port=17181, id=1, weight=5, worldip='null', worldport=0}
[ERROR] - 2023-11-22 12:58:02.394 - [rpc] - RPCServerTask#58 - INFO:run->Could not create ServerSocket on address /82.156.139.6:17181.
org.apache.thrift.transport.TTransportException: Could not create ServerSocket on address /82.156.139.6:17181.
	at org.apache.thrift.transport.TServerSocket.<init>(TServerSocket.java:109)
	at org.apache.thrift.transport.TServerSocket.<init>(TServerSocket.java:91)
	at org.apache.thrift.transport.TServerSocket.<init>(TServerSocket.java:87)
	at com.chat.network.pool.RPCServerTask.run(RPCServerTask.java:38)
[INFO] - 2023-11-22 12:59:00.326 - [ScheduleThreadPool-test-thread-1] - MinuteTask#24 - INFO:MinuteTask start...
[INFO] - 2023-11-22 12:59:00.326 - [ScheduleThreadPool-test-thread-1] - MinuteTask#25 - INFO:MinuteTask end...
[INFO] - 2023-11-22 13:00:00.326 - [ScheduleThreadPool-test-thread-1] - MinuteTask#24 - INFO:MinuteTask start...
[INFO] - 2023-11-22 13:00:00.326 - [ScheduleThreadPool-test-thread-1] - MinuteTask#25 - INFO:MinuteTask end...
[INFO] - 2023-11-22 13:01:00.326 - [ScheduleThreadPool-test-thread-2] - MinuteTask#24 - INFO:MinuteTask start...
[INFO] - 2023-11-22 13:01:00.326 - [ScheduleThreadPool-test-thread-2] - MinuteTask#25 - INFO:MinuteTask end...
[INFO] - 2023-11-22 13:01:56.964 - [main] - ChatServerApplication#48 - INFO:Starting ChatServerApplication on VM-8-5-centos with PID 2007 (/home/java/chatserver/chatserver-1.0.0.jar started by root in /home/java/chatserver)
[INFO] - 2023-11-22 13:01:56.966 - [main] - ChatServerApplication#593 - INFO:No active profile set, falling back to default profiles: default
[INFO] - 2023-11-22 13:01:57.008 - [main] - AnnotationConfigApplicationContext#583 - INFO:Refreshing org.springframework.context.annotation.AnnotationConfigApplicationContext@7ea37dbf: startup date [Wed Nov 22 13:01:57 CST 2023]; root of context hierarchy
[INFO] - 2023-11-22 13:01:57.402 - [main] - RepositoryConfigurationDelegate#165 - INFO:Multiple Spring Data modules found, entering strict repository configuration mode!
[INFO] - 2023-11-22 13:01:57.474 - [main] - RepositoryConfigurationDelegate#165 - INFO:Multiple Spring Data modules found, entering strict repository configuration mode!
[INFO] - 2023-11-22 13:01:58.281 - [main] - cluster#71 - INFO:Cluster created with settings {hosts=[localhost:27017], mode=SINGLE, requiredClusterType=UNKNOWN, serverSelectionTimeout='30000 ms', maxWaitQueueSize=500}
[INFO] - 2023-11-22 13:01:58.379 - [cluster-ClusterId{value='655d8b46fbd43b07d7ba41a1', description='null'}-localhost:27017] - connection#71 - INFO:Opened connection [connectionId{localValue:1, serverValue:226}] to localhost:27017
[INFO] - 2023-11-22 13:01:58.381 - [cluster-ClusterId{value='655d8b46fbd43b07d7ba41a1', description='null'}-localhost:27017] - cluster#71 - INFO:Monitor thread successfully connected to server with description ServerDescription{address=localhost:27017, type=STANDALONE, state=CONNECTED, ok=true, version=ServerVersion{versionList=[4, 0, 28]}, minWireVersion=0, maxWireVersion=7, maxDocumentSize=16777216, roundTripTimeNanos=630269}
[INFO] - 2023-11-22 13:01:58.618 - [main] - AnnotationMBeanExporter#431 - INFO:Registering beans for JMX exposure on startup
[INFO] - 2023-11-22 13:01:58.659 - [main] - ChatServerApplication#57 - INFO:Started ChatServerApplication in 2.065 seconds (JVM running for 2.324)
[INFO] - 2023-11-22 13:01:58.660 - [main] - ThreadManager#70 - INFO:delayForMinute---->>>>2
[INFO] - 2023-11-22 13:01:58.723 - [main] - ChatServerApplication#55 - INFO:ServerProperties ->CoreSettings{ip='0.0.0.0', port=17181, id=1, weight=5, worldip='null', worldport=0}
[INFO] - 2023-11-22 13:01:58.730 - [rpc] - RPCServerTask#39 - INFO:run->coreip=0.0.0.0,corePort=17181
[INFO] - 2023-11-22 13:01:58.733 - [rpc] - RPCServerTask#46 - INFO:run->RPC services is starting.
[INFO] - 2023-11-22 13:02:00.664 - [ScheduleThreadPool-test-thread-1] - MinuteTask#24 - INFO:MinuteTask start...
[INFO] - 2023-11-22 13:02:00.664 - [ScheduleThreadPool-test-thread-1] - MinuteTask#25 - INFO:MinuteTask end...
[INFO] - 2023-11-22 13:03:00.664 - [ScheduleThreadPool-test-thread-1] - MinuteTask#24 - INFO:MinuteTask start...
[INFO] - 2023-11-22 13:03:00.664 - [ScheduleThreadPool-test-thread-1] - MinuteTask#25 - INFO:MinuteTask end...
[INFO] - 2023-11-22 13:04:00.664 - [ScheduleThreadPool-test-thread-2] - MinuteTask#24 - INFO:MinuteTask start...
[INFO] - 2023-11-22 13:04:00.664 - [ScheduleThreadPool-test-thread-2] - MinuteTask#25 - INFO:MinuteTask end...
[INFO] - 2023-11-22 13:04:44.767 - [main] - ChatServerApplication#48 - INFO:Starting ChatServerApplication on VM-8-5-centos with PID 6311 (/home/java/chatserver/chatserver-1.0.0.jar started by root in /home/java/chatserver)
[INFO] - 2023-11-22 13:04:44.769 - [main] - ChatServerApplication#593 - INFO:No active profile set, falling back to default profiles: default
[INFO] - 2023-11-22 13:04:44.800 - [main] - AnnotationConfigApplicationContext#583 - INFO:Refreshing org.springframework.context.annotation.AnnotationConfigApplicationContext@7ea37dbf: startup date [Wed Nov 22 13:04:44 CST 2023]; root of context hierarchy
[INFO] - 2023-11-22 13:04:45.172 - [main] - RepositoryConfigurationDelegate#165 - INFO:Multiple Spring Data modules found, entering strict repository configuration mode!
[INFO] - 2023-11-22 13:04:45.239 - [main] - RepositoryConfigurationDelegate#165 - INFO:Multiple Spring Data modules found, entering strict repository configuration mode!
[INFO] - 2023-11-22 13:04:46.111 - [main] - cluster#71 - INFO:Cluster created with settings {hosts=[localhost:27017], mode=SINGLE, requiredClusterType=UNKNOWN, serverSelectionTimeout='30000 ms', maxWaitQueueSize=500}
[INFO] - 2023-11-22 13:04:46.201 - [cluster-ClusterId{value='655d8beefbd43b18a76afd57', description='null'}-localhost:27017] - connection#71 - INFO:Opened connection [connectionId{localValue:1, serverValue:227}] to localhost:27017
[INFO] - 2023-11-22 13:04:46.203 - [cluster-ClusterId{value='655d8beefbd43b18a76afd57', description='null'}-localhost:27017] - cluster#71 - INFO:Monitor thread successfully connected to server with description ServerDescription{address=localhost:27017, type=STANDALONE, state=CONNECTED, ok=true, version=ServerVersion{versionList=[4, 0, 28]}, minWireVersion=0, maxWireVersion=7, maxDocumentSize=16777216, roundTripTimeNanos=677609}
[INFO] - 2023-11-22 13:04:46.486 - [main] - AnnotationMBeanExporter#431 - INFO:Registering beans for JMX exposure on startup
[INFO] - 2023-11-22 13:04:46.521 - [main] - ChatServerApplication#57 - INFO:Started ChatServerApplication in 2.144 seconds (JVM running for 2.395)
[INFO] - 2023-11-22 13:04:46.521 - [main] - ThreadManager#70 - INFO:delayForMinute---->>>>14
[INFO] - 2023-11-22 13:04:46.594 - [main] - ChatServerApplication#55 - INFO:ServerProperties ->CoreSettings{ip='0.0.0.0', port=17181, id=1, weight=5, worldip='null', worldport=0}
[INFO] - 2023-11-22 13:04:46.596 - [rpc] - RPCServerTask#39 - INFO:run->coreip=0.0.0.0,corePort=17181
[INFO] - 2023-11-22 13:04:46.599 - [rpc] - RPCServerTask#46 - INFO:run->RPC services is starting.
[INFO] - 2023-11-22 13:05:00.523 - [ScheduleThreadPool-test-thread-1] - MinuteTask#24 - INFO:MinuteTask start...
[INFO] - 2023-11-22 13:05:00.523 - [ScheduleThreadPool-test-thread-1] - MinuteTask#25 - INFO:MinuteTask end...
[INFO] - 2023-11-22 13:06:00.523 - [ScheduleThreadPool-test-thread-1] - MinuteTask#24 - INFO:MinuteTask start...
[INFO] - 2023-11-22 13:06:00.523 - [ScheduleThreadPool-test-thread-1] - MinuteTask#25 - INFO:MinuteTask end...
[INFO] - 2023-11-22 13:07:00.527 - [ScheduleThreadPool-test-thread-2] - MinuteTask#24 - INFO:MinuteTask start...
[INFO] - 2023-11-22 13:07:00.527 - [ScheduleThreadPool-test-thread-2] - MinuteTask#25 - INFO:MinuteTask end...
[INFO] - 2023-11-22 13:08:00.523 - [ScheduleThreadPool-test-thread-1] - MinuteTask#24 - INFO:MinuteTask start...
[INFO] - 2023-11-22 13:08:00.523 - [ScheduleThreadPool-test-thread-1] - MinuteTask#25 - INFO:MinuteTask end...
[INFO] - 2023-11-22 13:09:00.523 - [ScheduleThreadPool-test-thread-3] - MinuteTask#24 - INFO:MinuteTask start...
[INFO] - 2023-11-22 13:09:00.523 - [ScheduleThreadPool-test-thread-3] - MinuteTask#25 - INFO:MinuteTask end...
[INFO] - 2023-11-22 13:10:00.523 - [ScheduleThreadPool-test-thread-2] - MinuteTask#24 - INFO:MinuteTask start...
[INFO] - 2023-11-22 13:10:00.523 - [ScheduleThreadPool-test-thread-2] - MinuteTask#25 - INFO:MinuteTask end...
[INFO] - 2023-11-22 13:11:00.523 - [ScheduleThreadPool-test-thread-4] - MinuteTask#24 - INFO:MinuteTask start...
[INFO] - 2023-11-22 13:11:00.523 - [ScheduleThreadPool-test-thread-4] - MinuteTask#25 - INFO:MinuteTask end...
[INFO] - 2023-11-22 13:12:00.523 - [ScheduleThreadPool-test-thread-1] - MinuteTask#24 - INFO:MinuteTask start...
[INFO] - 2023-11-22 13:12:00.523 - [ScheduleThreadPool-test-thread-1] - MinuteTask#25 - INFO:MinuteTask end...
[INFO] - 2023-11-22 13:13:00.523 - [ScheduleThreadPool-test-thread-1] - MinuteTask#24 - INFO:MinuteTask start...
[INFO] - 2023-11-22 13:13:00.523 - [ScheduleThreadPool-test-thread-1] - MinuteTask#25 - INFO:MinuteTask end...
[INFO] - 2023-11-22 13:14:00.523 - [ScheduleThreadPool-test-thread-1] - MinuteTask#24 - INFO:MinuteTask start...
[INFO] - 2023-11-22 13:14:00.523 - [ScheduleThreadPool-test-thread-1] - MinuteTask#25 - INFO:MinuteTask end...
[INFO] - 2023-11-22 13:15:00.523 - [ScheduleThreadPool-test-thread-1] - MinuteTask#24 - INFO:MinuteTask start...
[INFO] - 2023-11-22 13:15:00.523 - [ScheduleThreadPool-test-thread-1] - MinuteTask#25 - INFO:MinuteTask end...
[INFO] - 2023-11-22 13:16:00.523 - [ScheduleThreadPool-test-thread-1] - MinuteTask#24 - INFO:MinuteTask start...
[INFO] - 2023-11-22 13:16:00.523 - [ScheduleThreadPool-test-thread-1] - MinuteTask#25 - INFO:MinuteTask end...
[INFO] - 2023-11-22 13:17:00.523 - [ScheduleThreadPool-test-thread-1] - MinuteTask#24 - INFO:MinuteTask start...
[INFO] - 2023-11-22 13:17:00.523 - [ScheduleThreadPool-test-thread-1] - MinuteTask#25 - INFO:MinuteTask end...
[INFO] - 2023-11-22 13:18:00.523 - [ScheduleThreadPool-test-thread-1] - MinuteTask#24 - INFO:MinuteTask start...
[INFO] - 2023-11-22 13:18:00.523 - [ScheduleThreadPool-test-thread-1] - MinuteTask#25 - INFO:MinuteTask end...
[INFO] - 2023-11-22 13:19:00.523 - [ScheduleThreadPool-test-thread-1] - MinuteTask#24 - INFO:MinuteTask start...
[INFO] - 2023-11-22 13:19:00.523 - [ScheduleThreadPool-test-thread-1] - MinuteTask#25 - INFO:MinuteTask end...
[INFO] - 2023-11-22 13:20:00.523 - [ScheduleThreadPool-test-thread-1] - MinuteTask#24 - INFO:MinuteTask start...
[INFO] - 2023-11-22 13:20:00.523 - [ScheduleThreadPool-test-thread-1] - MinuteTask#25 - INFO:MinuteTask end...
[INFO] - 2023-11-22 13:21:00.523 - [ScheduleThreadPool-test-thread-1] - MinuteTask#24 - INFO:MinuteTask start...
[INFO] - 2023-11-22 13:21:00.523 - [ScheduleThreadPool-test-thread-1] - MinuteTask#25 - INFO:MinuteTask end...
[INFO] - 2023-11-22 13:22:00.523 - [ScheduleThreadPool-test-thread-1] - MinuteTask#24 - INFO:MinuteTask start...
[INFO] - 2023-11-22 13:22:00.523 - [ScheduleThreadPool-test-thread-1] - MinuteTask#25 - INFO:MinuteTask end...
[INFO] - 2023-11-22 13:23:00.523 - [ScheduleThreadPool-test-thread-1] - MinuteTask#24 - INFO:MinuteTask start...
[INFO] - 2023-11-22 13:23:00.523 - [ScheduleThreadPool-test-thread-1] - MinuteTask#25 - INFO:MinuteTask end...
[INFO] - 2023-11-22 13:24:00.523 - [ScheduleThreadPool-test-thread-1] - MinuteTask#24 - INFO:MinuteTask start...
[INFO] - 2023-11-22 13:24:00.523 - [ScheduleThreadPool-test-thread-1] - MinuteTask#25 - INFO:MinuteTask end...
[INFO] - 2023-11-22 13:25:00.523 - [ScheduleThreadPool-test-thread-1] - MinuteTask#24 - INFO:MinuteTask start...
[INFO] - 2023-11-22 13:25:00.523 - [ScheduleThreadPool-test-thread-1] - MinuteTask#25 - INFO:MinuteTask end...
[INFO] - 2023-11-22 13:26:00.523 - [ScheduleThreadPool-test-thread-1] - MinuteTask#24 - INFO:MinuteTask start...
[INFO] - 2023-11-22 13:26:00.523 - [ScheduleThreadPool-test-thread-1] - MinuteTask#25 - INFO:MinuteTask end...
[INFO] - 2023-11-22 13:27:00.523 - [ScheduleThreadPool-test-thread-1] - MinuteTask#24 - INFO:MinuteTask start...
[INFO] - 2023-11-22 13:27:00.523 - [ScheduleThreadPool-test-thread-1] - MinuteTask#25 - INFO:MinuteTask end...
[INFO] - 2023-11-22 13:28:00.523 - [ScheduleThreadPool-test-thread-1] - MinuteTask#24 - INFO:MinuteTask start...
[INFO] - 2023-11-22 13:28:00.523 - [ScheduleThreadPool-test-thread-1] - MinuteTask#25 - INFO:MinuteTask end...
[INFO] - 2023-11-22 13:29:00.523 - [ScheduleThreadPool-test-thread-1] - MinuteTask#24 - INFO:MinuteTask start...
[INFO] - 2023-11-22 13:29:00.523 - [ScheduleThreadPool-test-thread-1] - MinuteTask#25 - INFO:MinuteTask end...
[INFO] - 2023-11-22 13:30:00.523 - [ScheduleThreadPool-test-thread-1] - MinuteTask#24 - INFO:MinuteTask start...
[INFO] - 2023-11-22 13:30:00.523 - [ScheduleThreadPool-test-thread-1] - MinuteTask#25 - INFO:MinuteTask end...
[INFO] - 2023-11-22 13:31:00.523 - [ScheduleThreadPool-test-thread-1] - MinuteTask#24 - INFO:MinuteTask start...
[INFO] - 2023-11-22 13:31:00.523 - [ScheduleThreadPool-test-thread-1] - MinuteTask#25 - INFO:MinuteTask end...
[INFO] - 2023-11-22 13:32:00.523 - [ScheduleThreadPool-test-thread-1] - MinuteTask#24 - INFO:MinuteTask start...
[INFO] - 2023-11-22 13:32:00.523 - [ScheduleThreadPool-test-thread-1] - MinuteTask#25 - INFO:MinuteTask end...
[INFO] - 2023-11-22 13:33:00.523 - [ScheduleThreadPool-test-thread-1] - MinuteTask#24 - INFO:MinuteTask start...
[INFO] - 2023-11-22 13:33:00.523 - [ScheduleThreadPool-test-thread-1] - MinuteTask#25 - INFO:MinuteTask end...
[INFO] - 2023-11-22 13:34:00.523 - [ScheduleThreadPool-test-thread-1] - MinuteTask#24 - INFO:MinuteTask start...
[INFO] - 2023-11-22 13:34:00.523 - [ScheduleThreadPool-test-thread-1] - MinuteTask#25 - INFO:MinuteTask end...
[INFO] - 2023-11-22 13:35:00.523 - [ScheduleThreadPool-test-thread-1] - MinuteTask#24 - INFO:MinuteTask start...
[INFO] - 2023-11-22 13:35:00.523 - [ScheduleThreadPool-test-thread-1] - MinuteTask#25 - INFO:MinuteTask end...
[INFO] - 2023-11-22 13:36:00.523 - [ScheduleThreadPool-test-thread-1] - MinuteTask#24 - INFO:MinuteTask start...
[INFO] - 2023-11-22 13:36:00.523 - [ScheduleThreadPool-test-thread-1] - MinuteTask#25 - INFO:MinuteTask end...
[INFO] - 2023-11-22 13:37:00.530 - [ScheduleThreadPool-test-thread-1] - MinuteTask#24 - INFO:MinuteTask start...
[INFO] - 2023-11-22 13:37:00.531 - [ScheduleThreadPool-test-thread-1] - MinuteTask#25 - INFO:MinuteTask end...
[INFO] - 2023-11-22 13:38:00.523 - [ScheduleThreadPool-test-thread-1] - MinuteTask#24 - INFO:MinuteTask start...
[INFO] - 2023-11-22 13:38:00.523 - [ScheduleThreadPool-test-thread-1] - MinuteTask#25 - INFO:MinuteTask end...
[INFO] - 2023-11-22 13:39:00.523 - [ScheduleThreadPool-test-thread-1] - MinuteTask#24 - INFO:MinuteTask start...
[INFO] - 2023-11-22 13:39:00.523 - [ScheduleThreadPool-test-thread-1] - MinuteTask#25 - INFO:MinuteTask end...
[INFO] - 2023-11-22 13:40:00.523 - [ScheduleThreadPool-test-thread-1] - MinuteTask#24 - INFO:MinuteTask start...
[INFO] - 2023-11-22 13:40:00.523 - [ScheduleThreadPool-test-thread-1] - MinuteTask#25 - INFO:MinuteTask end...
[INFO] - 2023-11-22 13:41:00.523 - [ScheduleThreadPool-test-thread-1] - MinuteTask#24 - INFO:MinuteTask start...
[INFO] - 2023-11-22 13:41:00.523 - [ScheduleThreadPool-test-thread-1] - MinuteTask#25 - INFO:MinuteTask end...
[INFO] - 2023-11-22 13:42:00.523 - [ScheduleThreadPool-test-thread-1] - MinuteTask#24 - INFO:MinuteTask start...
[INFO] - 2023-11-22 13:42:00.523 - [ScheduleThreadPool-test-thread-1] - MinuteTask#25 - INFO:MinuteTask end...
[INFO] - 2023-11-22 13:43:00.523 - [ScheduleThreadPool-test-thread-1] - MinuteTask#24 - INFO:MinuteTask start...
[INFO] - 2023-11-22 13:43:00.523 - [ScheduleThreadPool-test-thread-1] - MinuteTask#25 - INFO:MinuteTask end...
[INFO] - 2023-11-22 13:44:00.523 - [ScheduleThreadPool-test-thread-1] - MinuteTask#24 - INFO:MinuteTask start...
[INFO] - 2023-11-22 13:44:00.523 - [ScheduleThreadPool-test-thread-1] - MinuteTask#25 - INFO:MinuteTask end...
[INFO] - 2023-11-22 13:45:00.523 - [ScheduleThreadPool-test-thread-1] - MinuteTask#24 - INFO:MinuteTask start...
[INFO] - 2023-11-22 13:45:00.523 - [ScheduleThreadPool-test-thread-1] - MinuteTask#25 - INFO:MinuteTask end...
[INFO] - 2023-11-22 13:46:00.523 - [ScheduleThreadPool-test-thread-1] - MinuteTask#24 - INFO:MinuteTask start...
[INFO] - 2023-11-22 13:46:00.523 - [ScheduleThreadPool-test-thread-1] - MinuteTask#25 - INFO:MinuteTask end...
[INFO] - 2023-11-22 13:47:00.523 - [ScheduleThreadPool-test-thread-1] - MinuteTask#24 - INFO:MinuteTask start...
[INFO] - 2023-11-22 13:47:00.523 - [ScheduleThreadPool-test-thread-1] - MinuteTask#25 - INFO:MinuteTask end...
[INFO] - 2023-11-22 13:48:00.523 - [ScheduleThreadPool-test-thread-1] - MinuteTask#24 - INFO:MinuteTask start...
[INFO] - 2023-11-22 13:48:00.523 - [ScheduleThreadPool-test-thread-1] - MinuteTask#25 - INFO:MinuteTask end...
[INFO] - 2023-11-22 13:49:00.523 - [ScheduleThreadPool-test-thread-1] - MinuteTask#24 - INFO:MinuteTask start...
[INFO] - 2023-11-22 13:49:00.523 - [ScheduleThreadPool-test-thread-1] - MinuteTask#25 - INFO:MinuteTask end...
[INFO] - 2023-11-22 13:50:00.523 - [ScheduleThreadPool-test-thread-1] - MinuteTask#24 - INFO:MinuteTask start...
[INFO] - 2023-11-22 13:50:00.523 - [ScheduleThreadPool-test-thread-1] - MinuteTask#25 - INFO:MinuteTask end...
[INFO] - 2023-11-22 13:51:00.523 - [ScheduleThreadPool-test-thread-1] - MinuteTask#24 - INFO:MinuteTask start...
[INFO] - 2023-11-22 13:51:00.523 - [ScheduleThreadPool-test-thread-1] - MinuteTask#25 - INFO:MinuteTask end...
[INFO] - 2023-11-22 13:52:00.523 - [ScheduleThreadPool-test-thread-1] - MinuteTask#24 - INFO:MinuteTask start...
[INFO] - 2023-11-22 13:52:00.523 - [ScheduleThreadPool-test-thread-1] - MinuteTask#25 - INFO:MinuteTask end...
[INFO] - 2023-11-22 13:53:00.523 - [ScheduleThreadPool-test-thread-1] - MinuteTask#24 - INFO:MinuteTask start...
[INFO] - 2023-11-22 13:53:00.523 - [ScheduleThreadPool-test-thread-1] - MinuteTask#25 - INFO:MinuteTask end...
[INFO] - 2023-11-22 13:54:00.523 - [ScheduleThreadPool-test-thread-1] - MinuteTask#24 - INFO:MinuteTask start...
[INFO] - 2023-11-22 13:54:00.523 - [ScheduleThreadPool-test-thread-1] - MinuteTask#25 - INFO:MinuteTask end...
[INFO] - 2023-11-22 13:55:00.523 - [ScheduleThreadPool-test-thread-1] - MinuteTask#24 - INFO:MinuteTask start...
[INFO] - 2023-11-22 13:55:00.523 - [ScheduleThreadPool-test-thread-1] - MinuteTask#25 - INFO:MinuteTask end...
[INFO] - 2023-11-22 13:56:00.523 - [ScheduleThreadPool-test-thread-1] - MinuteTask#24 - INFO:MinuteTask start...
[INFO] - 2023-11-22 13:56:00.523 - [ScheduleThreadPool-test-thread-1] - MinuteTask#25 - INFO:MinuteTask end...
[INFO] - 2023-11-22 13:57:00.523 - [ScheduleThreadPool-test-thread-1] - MinuteTask#24 - INFO:MinuteTask start...
[INFO] - 2023-11-22 13:57:00.523 - [ScheduleThreadPool-test-thread-1] - MinuteTask#25 - INFO:MinuteTask end...
[INFO] - 2023-11-22 13:58:00.523 - [ScheduleThreadPool-test-thread-1] - MinuteTask#24 - INFO:MinuteTask start...
[INFO] - 2023-11-22 13:58:00.523 - [ScheduleThreadPool-test-thread-1] - MinuteTask#25 - INFO:MinuteTask end...
[INFO] - 2023-11-22 13:59:00.523 - [ScheduleThreadPool-test-thread-1] - MinuteTask#24 - INFO:MinuteTask start...
[INFO] - 2023-11-22 13:59:00.523 - [ScheduleThreadPool-test-thread-1] - MinuteTask#25 - INFO:MinuteTask end...
[INFO] - 2023-11-22 14:00:00.523 - [ScheduleThreadPool-test-thread-1] - MinuteTask#24 - INFO:MinuteTask start...
[INFO] - 2023-11-22 14:00:00.523 - [ScheduleThreadPool-test-thread-1] - MinuteTask#25 - INFO:MinuteTask end...
[INFO] - 2023-11-22 14:01:00.523 - [ScheduleThreadPool-test-thread-1] - MinuteTask#24 - INFO:MinuteTask start...
[INFO] - 2023-11-22 14:01:00.523 - [ScheduleThreadPool-test-thread-1] - MinuteTask#25 - INFO:MinuteTask end...
[INFO] - 2023-11-22 14:02:00.523 - [ScheduleThreadPool-test-thread-1] - MinuteTask#24 - INFO:MinuteTask start...
[INFO] - 2023-11-22 14:02:00.523 - [ScheduleThreadPool-test-thread-1] - MinuteTask#25 - INFO:MinuteTask end...
[INFO] - 2023-11-22 14:03:00.524 - [ScheduleThreadPool-test-thread-1] - MinuteTask#24 - INFO:MinuteTask start...
[INFO] - 2023-11-22 14:03:00.524 - [ScheduleThreadPool-test-thread-1] - MinuteTask#25 - INFO:MinuteTask end...
[INFO] - 2023-11-22 14:04:00.523 - [ScheduleThreadPool-test-thread-1] - MinuteTask#24 - INFO:MinuteTask start...
[INFO] - 2023-11-22 14:04:00.523 - [ScheduleThreadPool-test-thread-1] - MinuteTask#25 - INFO:MinuteTask end...
[INFO] - 2023-11-22 14:05:00.523 - [ScheduleThreadPool-test-thread-1] - MinuteTask#24 - INFO:MinuteTask start...
[INFO] - 2023-11-22 14:05:00.523 - [ScheduleThreadPool-test-thread-1] - MinuteTask#25 - INFO:MinuteTask end...
[INFO] - 2023-11-22 14:06:00.523 - [ScheduleThreadPool-test-thread-1] - MinuteTask#24 - INFO:MinuteTask start...
[INFO] - 2023-11-22 14:06:00.523 - [ScheduleThreadPool-test-thread-1] - MinuteTask#25 - INFO:MinuteTask end...
[INFO] - 2023-11-22 14:07:00.523 - [ScheduleThreadPool-test-thread-1] - MinuteTask#24 - INFO:MinuteTask start...
[INFO] - 2023-11-22 14:07:00.523 - [ScheduleThreadPool-test-thread-1] - MinuteTask#25 - INFO:MinuteTask end...
[INFO] - 2023-11-22 14:08:00.523 - [ScheduleThreadPool-test-thread-1] - MinuteTask#24 - INFO:MinuteTask start...
[INFO] - 2023-11-22 14:08:00.523 - [ScheduleThreadPool-test-thread-1] - MinuteTask#25 - INFO:MinuteTask end...
[INFO] - 2023-11-22 14:09:00.523 - [ScheduleThreadPool-test-thread-1] - MinuteTask#24 - INFO:MinuteTask start...
[INFO] - 2023-11-22 14:09:00.523 - [ScheduleThreadPool-test-thread-1] - MinuteTask#25 - INFO:MinuteTask end...
[INFO] - 2023-11-22 14:10:00.523 - [ScheduleThreadPool-test-thread-1] - MinuteTask#24 - INFO:MinuteTask start...
[INFO] - 2023-11-22 14:10:00.523 - [ScheduleThreadPool-test-thread-1] - MinuteTask#25 - INFO:MinuteTask end...
[INFO] - 2023-11-22 14:11:00.523 - [ScheduleThreadPool-test-thread-1] - MinuteTask#24 - INFO:MinuteTask start...
[INFO] - 2023-11-22 14:11:00.523 - [ScheduleThreadPool-test-thread-1] - MinuteTask#25 - INFO:MinuteTask end...
[INFO] - 2023-11-22 14:12:00.523 - [ScheduleThreadPool-test-thread-1] - MinuteTask#24 - INFO:MinuteTask start...
[INFO] - 2023-11-22 14:12:00.523 - [ScheduleThreadPool-test-thread-1] - MinuteTask#25 - INFO:MinuteTask end...
[INFO] - 2023-11-22 14:13:00.523 - [ScheduleThreadPool-test-thread-1] - MinuteTask#24 - INFO:MinuteTask start...
[INFO] - 2023-11-22 14:13:00.523 - [ScheduleThreadPool-test-thread-1] - MinuteTask#25 - INFO:MinuteTask end...
[INFO] - 2023-11-22 14:14:00.523 - [ScheduleThreadPool-test-thread-1] - MinuteTask#24 - INFO:MinuteTask start...
[INFO] - 2023-11-22 14:14:00.523 - [ScheduleThreadPool-test-thread-1] - MinuteTask#25 - INFO:MinuteTask end...
[INFO] - 2023-11-22 14:15:00.523 - [ScheduleThreadPool-test-thread-1] - MinuteTask#24 - INFO:MinuteTask start...
[INFO] - 2023-11-22 14:15:00.523 - [ScheduleThreadPool-test-thread-1] - MinuteTask#25 - INFO:MinuteTask end...
[INFO] - 2023-11-22 14:16:00.523 - [ScheduleThreadPool-test-thread-1] - MinuteTask#24 - INFO:MinuteTask start...
[INFO] - 2023-11-22 14:16:00.523 - [ScheduleThreadPool-test-thread-1] - MinuteTask#25 - INFO:MinuteTask end...
[INFO] - 2023-11-22 14:17:00.523 - [ScheduleThreadPool-test-thread-1] - MinuteTask#24 - INFO:MinuteTask start...
[INFO] - 2023-11-22 14:17:00.523 - [ScheduleThreadPool-test-thread-1] - MinuteTask#25 - INFO:MinuteTask end...
[INFO] - 2023-11-22 14:18:00.523 - [ScheduleThreadPool-test-thread-1] - MinuteTask#24 - INFO:MinuteTask start...
[INFO] - 2023-11-22 14:18:00.523 - [ScheduleThreadPool-test-thread-1] - MinuteTask#25 - INFO:MinuteTask end...
[INFO] - 2023-11-22 14:19:00.523 - [ScheduleThreadPool-test-thread-1] - MinuteTask#24 - INFO:MinuteTask start...
[INFO] - 2023-11-22 14:19:00.523 - [ScheduleThreadPool-test-thread-1] - MinuteTask#25 - INFO:MinuteTask end...
[INFO] - 2023-11-22 14:20:00.523 - [ScheduleThreadPool-test-thread-1] - MinuteTask#24 - INFO:MinuteTask start...
[INFO] - 2023-11-22 14:20:00.523 - [ScheduleThreadPool-test-thread-1] - MinuteTask#25 - INFO:MinuteTask end...
[INFO] - 2023-11-22 14:21:00.523 - [ScheduleThreadPool-test-thread-1] - MinuteTask#24 - INFO:MinuteTask start...
[INFO] - 2023-11-22 14:21:00.523 - [ScheduleThreadPool-test-thread-1] - MinuteTask#25 - INFO:MinuteTask end...
[INFO] - 2023-11-22 14:22:00.523 - [ScheduleThreadPool-test-thread-1] - MinuteTask#24 - INFO:MinuteTask start...
[INFO] - 2023-11-22 14:22:00.523 - [ScheduleThreadPool-test-thread-1] - MinuteTask#25 - INFO:MinuteTask end...
[INFO] - 2023-11-22 14:23:00.523 - [ScheduleThreadPool-test-thread-1] - MinuteTask#24 - INFO:MinuteTask start...
[INFO] - 2023-11-22 14:23:00.523 - [ScheduleThreadPool-test-thread-1] - MinuteTask#25 - INFO:MinuteTask end...
[INFO] - 2023-11-22 14:24:00.523 - [ScheduleThreadPool-test-thread-1] - MinuteTask#24 - INFO:MinuteTask start...
[INFO] - 2023-11-22 14:24:00.523 - [ScheduleThreadPool-test-thread-1] - MinuteTask#25 - INFO:MinuteTask end...
[INFO] - 2023-11-22 14:25:00.523 - [ScheduleThreadPool-test-thread-1] - MinuteTask#24 - INFO:MinuteTask start...
[INFO] - 2023-11-22 14:25:00.523 - [ScheduleThreadPool-test-thread-1] - MinuteTask#25 - INFO:MinuteTask end...
[INFO] - 2023-11-22 14:26:00.523 - [ScheduleThreadPool-test-thread-1] - MinuteTask#24 - INFO:MinuteTask start...
[INFO] - 2023-11-22 14:26:00.523 - [ScheduleThreadPool-test-thread-1] - MinuteTask#25 - INFO:MinuteTask end...
[INFO] - 2023-11-22 14:27:00.523 - [ScheduleThreadPool-test-thread-1] - MinuteTask#24 - INFO:MinuteTask start...
[INFO] - 2023-11-22 14:27:00.523 - [ScheduleThreadPool-test-thread-1] - MinuteTask#25 - INFO:MinuteTask end...
[INFO] - 2023-11-22 14:28:00.523 - [ScheduleThreadPool-test-thread-1] - MinuteTask#24 - INFO:MinuteTask start...
[INFO] - 2023-11-22 14:28:00.523 - [ScheduleThreadPool-test-thread-1] - MinuteTask#25 - INFO:MinuteTask end...
[INFO] - 2023-11-22 14:29:00.523 - [ScheduleThreadPool-test-thread-1] - MinuteTask#24 - INFO:MinuteTask start...
[INFO] - 2023-11-22 14:29:00.523 - [ScheduleThreadPool-test-thread-1] - MinuteTask#25 - INFO:MinuteTask end...
[INFO] - 2023-11-22 14:30:00.529 - [ScheduleThreadPool-test-thread-1] - MinuteTask#24 - INFO:MinuteTask start...
[INFO] - 2023-11-22 14:30:00.529 - [ScheduleThreadPool-test-thread-1] - MinuteTask#25 - INFO:MinuteTask end...
[INFO] - 2023-11-22 14:31:00.523 - [ScheduleThreadPool-test-thread-1] - MinuteTask#24 - INFO:MinuteTask start...
[INFO] - 2023-11-22 14:31:00.523 - [ScheduleThreadPool-test-thread-1] - MinuteTask#25 - INFO:MinuteTask end...
[INFO] - 2023-11-22 14:32:00.523 - [ScheduleThreadPool-test-thread-1] - MinuteTask#24 - INFO:MinuteTask start...
[INFO] - 2023-11-22 14:32:00.523 - [ScheduleThreadPool-test-thread-1] - MinuteTask#25 - INFO:MinuteTask end...
[INFO] - 2023-11-22 14:33:00.523 - [ScheduleThreadPool-test-thread-1] - MinuteTask#24 - INFO:MinuteTask start...
[INFO] - 2023-11-22 14:33:00.523 - [ScheduleThreadPool-test-thread-1] - MinuteTask#25 - INFO:MinuteTask end...
[INFO] - 2023-11-22 14:34:00.523 - [ScheduleThreadPool-test-thread-1] - MinuteTask#24 - INFO:MinuteTask start...
[INFO] - 2023-11-22 14:34:00.523 - [ScheduleThreadPool-test-thread-1] - MinuteTask#25 - INFO:MinuteTask end...
[INFO] - 2023-11-22 14:35:00.523 - [ScheduleThreadPool-test-thread-1] - MinuteTask#24 - INFO:MinuteTask start...
[INFO] - 2023-11-22 14:35:00.523 - [ScheduleThreadPool-test-thread-1] - MinuteTask#25 - INFO:MinuteTask end...
[INFO] - 2023-11-22 14:36:00.523 - [ScheduleThreadPool-test-thread-1] - MinuteTask#24 - INFO:MinuteTask start...
[INFO] - 2023-11-22 14:36:00.523 - [ScheduleThreadPool-test-thread-1] - MinuteTask#25 - INFO:MinuteTask end...
[INFO] - 2023-11-22 14:37:00.523 - [ScheduleThreadPool-test-thread-1] - MinuteTask#24 - INFO:MinuteTask start...
[INFO] - 2023-11-22 14:37:00.523 - [ScheduleThreadPool-test-thread-1] - MinuteTask#25 - INFO:MinuteTask end...
[INFO] - 2023-11-22 14:38:00.523 - [ScheduleThreadPool-test-thread-1] - MinuteTask#24 - INFO:MinuteTask start...
[INFO] - 2023-11-22 14:38:00.523 - [ScheduleThreadPool-test-thread-1] - MinuteTask#25 - INFO:MinuteTask end...
[INFO] - 2023-11-22 14:39:00.523 - [ScheduleThreadPool-test-thread-1] - MinuteTask#24 - INFO:MinuteTask start...
[INFO] - 2023-11-22 14:39:00.523 - [ScheduleThreadPool-test-thread-1] - MinuteTask#25 - INFO:MinuteTask end...
[INFO] - 2023-11-22 14:40:00.523 - [ScheduleThreadPool-test-thread-1] - MinuteTask#24 - INFO:MinuteTask start...
[INFO] - 2023-11-22 14:40:00.523 - [ScheduleThreadPool-test-thread-1] - MinuteTask#25 - INFO:MinuteTask end...
[INFO] - 2023-11-22 14:41:00.523 - [ScheduleThreadPool-test-thread-1] - MinuteTask#24 - INFO:MinuteTask start...
[INFO] - 2023-11-22 14:41:00.523 - [ScheduleThreadPool-test-thread-1] - MinuteTask#25 - INFO:MinuteTask end...
[INFO] - 2023-11-22 14:42:00.523 - [ScheduleThreadPool-test-thread-1] - MinuteTask#24 - INFO:MinuteTask start...
[INFO] - 2023-11-22 14:42:00.523 - [ScheduleThreadPool-test-thread-1] - MinuteTask#25 - INFO:MinuteTask end...
[INFO] - 2023-11-22 14:43:00.523 - [ScheduleThreadPool-test-thread-1] - MinuteTask#24 - INFO:MinuteTask start...
[INFO] - 2023-11-22 14:43:00.523 - [ScheduleThreadPool-test-thread-1] - MinuteTask#25 - INFO:MinuteTask end...
[INFO] - 2023-11-22 14:44:00.523 - [ScheduleThreadPool-test-thread-1] - MinuteTask#24 - INFO:MinuteTask start...
[INFO] - 2023-11-22 14:44:00.523 - [ScheduleThreadPool-test-thread-1] - MinuteTask#25 - INFO:MinuteTask end...
[INFO] - 2023-11-22 14:45:00.523 - [ScheduleThreadPool-test-thread-1] - MinuteTask#24 - INFO:MinuteTask start...
[INFO] - 2023-11-22 14:45:00.523 - [ScheduleThreadPool-test-thread-1] - MinuteTask#25 - INFO:MinuteTask end...
[INFO] - 2023-11-22 14:46:00.523 - [ScheduleThreadPool-test-thread-1] - MinuteTask#24 - INFO:MinuteTask start...
[INFO] - 2023-11-22 14:46:00.523 - [ScheduleThreadPool-test-thread-1] - MinuteTask#25 - INFO:MinuteTask end...
[INFO] - 2023-11-22 14:47:00.523 - [ScheduleThreadPool-test-thread-1] - MinuteTask#24 - INFO:MinuteTask start...
[INFO] - 2023-11-22 14:47:00.523 - [ScheduleThreadPool-test-thread-1] - MinuteTask#25 - INFO:MinuteTask end...
[INFO] - 2023-11-22 14:48:00.523 - [ScheduleThreadPool-test-thread-1] - MinuteTask#24 - INFO:MinuteTask start...
[INFO] - 2023-11-22 14:48:00.523 - [ScheduleThreadPool-test-thread-1] - MinuteTask#25 - INFO:MinuteTask end...
[INFO] - 2023-11-22 14:49:00.523 - [ScheduleThreadPool-test-thread-1] - MinuteTask#24 - INFO:MinuteTask start...
[INFO] - 2023-11-22 14:49:00.523 - [ScheduleThreadPool-test-thread-1] - MinuteTask#25 - INFO:MinuteTask end...
[INFO] - 2023-11-22 14:50:00.523 - [ScheduleThreadPool-test-thread-1] - MinuteTask#24 - INFO:MinuteTask start...
[INFO] - 2023-11-22 14:50:00.523 - [ScheduleThreadPool-test-thread-1] - MinuteTask#25 - INFO:MinuteTask end...
[INFO] - 2023-11-22 14:51:00.523 - [ScheduleThreadPool-test-thread-1] - MinuteTask#24 - INFO:MinuteTask start...
[INFO] - 2023-11-22 14:51:00.523 - [ScheduleThreadPool-test-thread-1] - MinuteTask#25 - INFO:MinuteTask end...
[INFO] - 2023-11-22 14:52:00.523 - [ScheduleThreadPool-test-thread-1] - MinuteTask#24 - INFO:MinuteTask start...
[INFO] - 2023-11-22 14:52:00.523 - [ScheduleThreadPool-test-thread-1] - MinuteTask#25 - INFO:MinuteTask end...
[INFO] - 2023-11-22 14:53:00.523 - [ScheduleThreadPool-test-thread-1] - MinuteTask#24 - INFO:MinuteTask start...
[INFO] - 2023-11-22 14:53:00.523 - [ScheduleThreadPool-test-thread-1] - MinuteTask#25 - INFO:MinuteTask end...
[INFO] - 2023-11-22 14:54:00.523 - [ScheduleThreadPool-test-thread-1] - MinuteTask#24 - INFO:MinuteTask start...
[INFO] - 2023-11-22 14:54:00.523 - [ScheduleThreadPool-test-thread-1] - MinuteTask#25 - INFO:MinuteTask end...
[INFO] - 2023-11-22 14:55:00.523 - [ScheduleThreadPool-test-thread-1] - MinuteTask#24 - INFO:MinuteTask start...
[INFO] - 2023-11-22 14:55:00.523 - [ScheduleThreadPool-test-thread-1] - MinuteTask#25 - INFO:MinuteTask end...
[INFO] - 2023-11-22 14:56:00.523 - [ScheduleThreadPool-test-thread-1] - MinuteTask#24 - INFO:MinuteTask start...
[INFO] - 2023-11-22 14:56:00.523 - [ScheduleThreadPool-test-thread-1] - MinuteTask#25 - INFO:MinuteTask end...
[INFO] - 2023-11-22 14:57:00.523 - [ScheduleThreadPool-test-thread-1] - MinuteTask#24 - INFO:MinuteTask start...
[INFO] - 2023-11-22 14:57:00.523 - [ScheduleThreadPool-test-thread-1] - MinuteTask#25 - INFO:MinuteTask end...
[INFO] - 2023-11-22 14:58:00.523 - [ScheduleThreadPool-test-thread-1] - MinuteTask#24 - INFO:MinuteTask start...
[INFO] - 2023-11-22 14:58:00.523 - [ScheduleThreadPool-test-thread-1] - MinuteTask#25 - INFO:MinuteTask end...
[INFO] - 2023-11-22 14:59:00.523 - [ScheduleThreadPool-test-thread-1] - MinuteTask#24 - INFO:MinuteTask start...
[INFO] - 2023-11-22 14:59:00.523 - [ScheduleThreadPool-test-thread-1] - MinuteTask#25 - INFO:MinuteTask end...
[INFO] - 2023-11-22 15:00:00.523 - [ScheduleThreadPool-test-thread-1] - MinuteTask#24 - INFO:MinuteTask start...
[INFO] - 2023-11-22 15:00:00.523 - [ScheduleThreadPool-test-thread-1] - MinuteTask#25 - INFO:MinuteTask end...
[INFO] - 2023-11-22 15:01:00.523 - [ScheduleThreadPool-test-thread-1] - MinuteTask#24 - INFO:MinuteTask start...
[INFO] - 2023-11-22 15:01:00.523 - [ScheduleThreadPool-test-thread-1] - MinuteTask#25 - INFO:MinuteTask end...
[INFO] - 2023-11-22 15:02:00.523 - [ScheduleThreadPool-test-thread-1] - MinuteTask#24 - INFO:MinuteTask start...
[INFO] - 2023-11-22 15:02:00.523 - [ScheduleThreadPool-test-thread-1] - MinuteTask#25 - INFO:MinuteTask end...
[INFO] - 2023-11-22 15:03:00.523 - [ScheduleThreadPool-test-thread-1] - MinuteTask#24 - INFO:MinuteTask start...
[INFO] - 2023-11-22 15:03:00.523 - [ScheduleThreadPool-test-thread-1] - MinuteTask#25 - INFO:MinuteTask end...
[INFO] - 2023-11-22 15:04:00.523 - [ScheduleThreadPool-test-thread-1] - MinuteTask#24 - INFO:MinuteTask start...
[INFO] - 2023-11-22 15:04:00.523 - [ScheduleThreadPool-test-thread-1] - MinuteTask#25 - INFO:MinuteTask end...
[INFO] - 2023-11-22 15:05:00.523 - [ScheduleThreadPool-test-thread-1] - MinuteTask#24 - INFO:MinuteTask start...
[INFO] - 2023-11-22 15:05:00.523 - [ScheduleThreadPool-test-thread-1] - MinuteTask#25 - INFO:MinuteTask end...
[INFO] - 2023-11-22 15:06:00.523 - [ScheduleThreadPool-test-thread-1] - MinuteTask#24 - INFO:MinuteTask start...
[INFO] - 2023-11-22 15:06:00.523 - [ScheduleThreadPool-test-thread-1] - MinuteTask#25 - INFO:MinuteTask end...
[INFO] - 2023-11-22 15:07:00.523 - [ScheduleThreadPool-test-thread-1] - MinuteTask#24 - INFO:MinuteTask start...
[INFO] - 2023-11-22 15:07:00.523 - [ScheduleThreadPool-test-thread-1] - MinuteTask#25 - INFO:MinuteTask end...
[INFO] - 2023-11-22 15:08:00.523 - [ScheduleThreadPool-test-thread-1] - MinuteTask#24 - INFO:MinuteTask start...
[INFO] - 2023-11-22 15:08:00.523 - [ScheduleThreadPool-test-thread-1] - MinuteTask#25 - INFO:MinuteTask end...
[INFO] - 2023-11-22 15:09:00.523 - [ScheduleThreadPool-test-thread-1] - MinuteTask#24 - INFO:MinuteTask start...
[INFO] - 2023-11-22 15:09:00.523 - [ScheduleThreadPool-test-thread-1] - MinuteTask#25 - INFO:MinuteTask end...
[INFO] - 2023-11-22 15:10:00.523 - [ScheduleThreadPool-test-thread-1] - MinuteTask#24 - INFO:MinuteTask start...
[INFO] - 2023-11-22 15:10:00.523 - [ScheduleThreadPool-test-thread-1] - MinuteTask#25 - INFO:MinuteTask end...
[INFO] - 2023-11-22 15:11:00.523 - [ScheduleThreadPool-test-thread-1] - MinuteTask#24 - INFO:MinuteTask start...
[INFO] - 2023-11-22 15:11:00.523 - [ScheduleThreadPool-test-thread-1] - MinuteTask#25 - INFO:MinuteTask end...
[INFO] - 2023-11-22 15:12:00.523 - [ScheduleThreadPool-test-thread-1] - MinuteTask#24 - INFO:MinuteTask start...
[INFO] - 2023-11-22 15:12:00.523 - [ScheduleThreadPool-test-thread-1] - MinuteTask#25 - INFO:MinuteTask end...
[INFO] - 2023-11-22 15:13:00.523 - [ScheduleThreadPool-test-thread-1] - MinuteTask#24 - INFO:MinuteTask start...
[INFO] - 2023-11-22 15:13:00.523 - [ScheduleThreadPool-test-thread-1] - MinuteTask#25 - INFO:MinuteTask end...
[INFO] - 2023-11-22 15:14:00.523 - [ScheduleThreadPool-test-thread-1] - MinuteTask#24 - INFO:MinuteTask start...
[INFO] - 2023-11-22 15:14:00.523 - [ScheduleThreadPool-test-thread-1] - MinuteTask#25 - INFO:MinuteTask end...
[INFO] - 2023-11-22 15:15:00.523 - [ScheduleThreadPool-test-thread-1] - MinuteTask#24 - INFO:MinuteTask start...
[INFO] - 2023-11-22 15:15:00.523 - [ScheduleThreadPool-test-thread-1] - MinuteTask#25 - INFO:MinuteTask end...
[INFO] - 2023-11-22 15:16:00.523 - [ScheduleThreadPool-test-thread-1] - MinuteTask#24 - INFO:MinuteTask start...
[INFO] - 2023-11-22 15:16:00.523 - [ScheduleThreadPool-test-thread-1] - MinuteTask#25 - INFO:MinuteTask end...
[INFO] - 2023-11-22 15:17:00.523 - [ScheduleThreadPool-test-thread-1] - MinuteTask#24 - INFO:MinuteTask start...
[INFO] - 2023-11-22 15:17:00.523 - [ScheduleThreadPool-test-thread-1] - MinuteTask#25 - INFO:MinuteTask end...
[INFO] - 2023-11-22 15:18:00.523 - [ScheduleThreadPool-test-thread-1] - MinuteTask#24 - INFO:MinuteTask start...
[INFO] - 2023-11-22 15:18:00.523 - [ScheduleThreadPool-test-thread-1] - MinuteTask#25 - INFO:MinuteTask end...
[INFO] - 2023-11-22 15:19:00.523 - [ScheduleThreadPool-test-thread-1] - MinuteTask#24 - INFO:MinuteTask start...
[INFO] - 2023-11-22 15:19:00.523 - [ScheduleThreadPool-test-thread-1] - MinuteTask#25 - INFO:MinuteTask end...
[INFO] - 2023-11-22 15:20:00.523 - [ScheduleThreadPool-test-thread-1] - MinuteTask#24 - INFO:MinuteTask start...
[INFO] - 2023-11-22 15:20:00.523 - [ScheduleThreadPool-test-thread-1] - MinuteTask#25 - INFO:MinuteTask end...
[INFO] - 2023-11-22 15:21:00.523 - [ScheduleThreadPool-test-thread-1] - MinuteTask#24 - INFO:MinuteTask start...
[INFO] - 2023-11-22 15:21:00.523 - [ScheduleThreadPool-test-thread-1] - MinuteTask#25 - INFO:MinuteTask end...
[INFO] - 2023-11-22 15:22:00.523 - [ScheduleThreadPool-test-thread-1] - MinuteTask#24 - INFO:MinuteTask start...
[INFO] - 2023-11-22 15:22:00.523 - [ScheduleThreadPool-test-thread-1] - MinuteTask#25 - INFO:MinuteTask end...
[INFO] - 2023-11-22 15:23:00.523 - [ScheduleThreadPool-test-thread-1] - MinuteTask#24 - INFO:MinuteTask start...
[INFO] - 2023-11-22 15:23:00.523 - [ScheduleThreadPool-test-thread-1] - MinuteTask#25 - INFO:MinuteTask end...
[INFO] - 2023-11-22 15:24:00.523 - [ScheduleThreadPool-test-thread-1] - MinuteTask#24 - INFO:MinuteTask start...
[INFO] - 2023-11-22 15:24:00.523 - [ScheduleThreadPool-test-thread-1] - MinuteTask#25 - INFO:MinuteTask end...
[INFO] - 2023-11-22 15:25:00.523 - [ScheduleThreadPool-test-thread-1] - MinuteTask#24 - INFO:MinuteTask start...
[INFO] - 2023-11-22 15:25:00.523 - [ScheduleThreadPool-test-thread-1] - MinuteTask#25 - INFO:MinuteTask end...
[INFO] - 2023-11-22 15:26:00.523 - [ScheduleThreadPool-test-thread-1] - MinuteTask#24 - INFO:MinuteTask start...
[INFO] - 2023-11-22 15:26:00.523 - [ScheduleThreadPool-test-thread-1] - MinuteTask#25 - INFO:MinuteTask end...
[INFO] - 2023-11-22 15:27:00.523 - [ScheduleThreadPool-test-thread-1] - MinuteTask#24 - INFO:MinuteTask start...
[INFO] - 2023-11-22 15:27:00.523 - [ScheduleThreadPool-test-thread-1] - MinuteTask#25 - INFO:MinuteTask end...
[INFO] - 2023-11-22 15:28:00.523 - [ScheduleThreadPool-test-thread-1] - MinuteTask#24 - INFO:MinuteTask start...
[INFO] - 2023-11-22 15:28:00.523 - [ScheduleThreadPool-test-thread-1] - MinuteTask#25 - INFO:MinuteTask end...
[INFO] - 2023-11-22 15:29:00.523 - [ScheduleThreadPool-test-thread-1] - MinuteTask#24 - INFO:MinuteTask start...
[INFO] - 2023-11-22 15:29:00.523 - [ScheduleThreadPool-test-thread-1] - MinuteTask#25 - INFO:MinuteTask end...
[INFO] - 2023-11-22 15:30:00.523 - [ScheduleThreadPool-test-thread-1] - MinuteTask#24 - INFO:MinuteTask start...
[INFO] - 2023-11-22 15:30:00.523 - [ScheduleThreadPool-test-thread-1] - MinuteTask#25 - INFO:MinuteTask end...
[INFO] - 2023-11-22 15:31:00.523 - [ScheduleThreadPool-test-thread-1] - MinuteTask#24 - INFO:MinuteTask start...
[INFO] - 2023-11-22 15:31:00.523 - [ScheduleThreadPool-test-thread-1] - MinuteTask#25 - INFO:MinuteTask end...
[INFO] - 2023-11-22 15:32:00.523 - [ScheduleThreadPool-test-thread-1] - MinuteTask#24 - INFO:MinuteTask start...
[INFO] - 2023-11-22 15:32:00.523 - [ScheduleThreadPool-test-thread-1] - MinuteTask#25 - INFO:MinuteTask end...
[INFO] - 2023-11-22 15:33:00.523 - [ScheduleThreadPool-test-thread-1] - MinuteTask#24 - INFO:MinuteTask start...
[INFO] - 2023-11-22 15:33:00.523 - [ScheduleThreadPool-test-thread-1] - MinuteTask#25 - INFO:MinuteTask end...
[INFO] - 2023-11-22 15:34:00.523 - [ScheduleThreadPool-test-thread-1] - MinuteTask#24 - INFO:MinuteTask start...
[INFO] - 2023-11-22 15:34:00.523 - [ScheduleThreadPool-test-thread-1] - MinuteTask#25 - INFO:MinuteTask end...
[INFO] - 2023-11-22 15:35:00.523 - [ScheduleThreadPool-test-thread-1] - MinuteTask#24 - INFO:MinuteTask start...
[INFO] - 2023-11-22 15:35:00.523 - [ScheduleThreadPool-test-thread-1] - MinuteTask#25 - INFO:MinuteTask end...
[INFO] - 2023-11-22 15:36:00.523 - [ScheduleThreadPool-test-thread-1] - MinuteTask#24 - INFO:MinuteTask start...
[INFO] - 2023-11-22 15:36:00.523 - [ScheduleThreadPool-test-thread-1] - MinuteTask#25 - INFO:MinuteTask end...
[INFO] - 2023-11-22 15:37:00.523 - [ScheduleThreadPool-test-thread-1] - MinuteTask#24 - INFO:MinuteTask start...
[INFO] - 2023-11-22 15:37:00.523 - [ScheduleThreadPool-test-thread-1] - MinuteTask#25 - INFO:MinuteTask end...
[INFO] - 2023-11-22 15:38:00.523 - [ScheduleThreadPool-test-thread-1] - MinuteTask#24 - INFO:MinuteTask start...
[INFO] - 2023-11-22 15:38:00.523 - [ScheduleThreadPool-test-thread-1] - MinuteTask#25 - INFO:MinuteTask end...
[INFO] - 2023-11-22 15:39:00.523 - [ScheduleThreadPool-test-thread-1] - MinuteTask#24 - INFO:MinuteTask start...
[INFO] - 2023-11-22 15:39:00.523 - [ScheduleThreadPool-test-thread-1] - MinuteTask#25 - INFO:MinuteTask end...
[INFO] - 2023-11-22 15:40:00.523 - [ScheduleThreadPool-test-thread-1] - MinuteTask#24 - INFO:MinuteTask start...
[INFO] - 2023-11-22 15:40:00.523 - [ScheduleThreadPool-test-thread-1] - MinuteTask#25 - INFO:MinuteTask end...
[INFO] - 2023-11-22 15:41:00.523 - [ScheduleThreadPool-test-thread-1] - MinuteTask#24 - INFO:MinuteTask start...
[INFO] - 2023-11-22 15:41:00.523 - [ScheduleThreadPool-test-thread-1] - MinuteTask#25 - INFO:MinuteTask end...
[INFO] - 2023-11-22 15:42:00.523 - [ScheduleThreadPool-test-thread-1] - MinuteTask#24 - INFO:MinuteTask start...
[INFO] - 2023-11-22 15:42:00.523 - [ScheduleThreadPool-test-thread-1] - MinuteTask#25 - INFO:MinuteTask end...
[INFO] - 2023-11-22 15:43:00.523 - [ScheduleThreadPool-test-thread-1] - MinuteTask#24 - INFO:MinuteTask start...
[INFO] - 2023-11-22 15:43:00.523 - [ScheduleThreadPool-test-thread-1] - MinuteTask#25 - INFO:MinuteTask end...
[INFO] - 2023-11-22 15:44:00.523 - [ScheduleThreadPool-test-thread-1] - MinuteTask#24 - INFO:MinuteTask start...
[INFO] - 2023-11-22 15:44:00.523 - [ScheduleThreadPool-test-thread-1] - MinuteTask#25 - INFO:MinuteTask end...
[INFO] - 2023-11-22 15:45:00.523 - [ScheduleThreadPool-test-thread-1] - MinuteTask#24 - INFO:MinuteTask start...
[INFO] - 2023-11-22 15:45:00.523 - [ScheduleThreadPool-test-thread-1] - MinuteTask#25 - INFO:MinuteTask end...
[INFO] - 2023-11-22 15:46:00.523 - [ScheduleThreadPool-test-thread-1] - MinuteTask#24 - INFO:MinuteTask start...
[INFO] - 2023-11-22 15:46:00.523 - [ScheduleThreadPool-test-thread-1] - MinuteTask#25 - INFO:MinuteTask end...
[INFO] - 2023-11-22 15:47:00.523 - [ScheduleThreadPool-test-thread-1] - MinuteTask#24 - INFO:MinuteTask start...
[INFO] - 2023-11-22 15:47:00.523 - [ScheduleThreadPool-test-thread-1] - MinuteTask#25 - INFO:MinuteTask end...
[INFO] - 2023-11-22 15:48:00.523 - [ScheduleThreadPool-test-thread-1] - MinuteTask#24 - INFO:MinuteTask start...
[INFO] - 2023-11-22 15:48:00.523 - [ScheduleThreadPool-test-thread-1] - MinuteTask#25 - INFO:MinuteTask end...
[INFO] - 2023-11-22 15:49:00.523 - [ScheduleThreadPool-test-thread-1] - MinuteTask#24 - INFO:MinuteTask start...
[INFO] - 2023-11-22 15:49:00.523 - [ScheduleThreadPool-test-thread-1] - MinuteTask#25 - INFO:MinuteTask end...
[INFO] - 2023-11-22 15:50:00.523 - [ScheduleThreadPool-test-thread-1] - MinuteTask#24 - INFO:MinuteTask start...
[INFO] - 2023-11-22 15:50:00.523 - [ScheduleThreadPool-test-thread-1] - MinuteTask#25 - INFO:MinuteTask end...
[INFO] - 2023-11-22 15:51:00.523 - [ScheduleThreadPool-test-thread-1] - MinuteTask#24 - INFO:MinuteTask start...
[INFO] - 2023-11-22 15:51:00.523 - [ScheduleThreadPool-test-thread-1] - MinuteTask#25 - INFO:MinuteTask end...
[INFO] - 2023-11-22 15:52:00.523 - [ScheduleThreadPool-test-thread-1] - MinuteTask#24 - INFO:MinuteTask start...
[INFO] - 2023-11-22 15:52:00.523 - [ScheduleThreadPool-test-thread-1] - MinuteTask#25 - INFO:MinuteTask end...
[INFO] - 2023-11-22 15:53:00.523 - [ScheduleThreadPool-test-thread-1] - MinuteTask#24 - INFO:MinuteTask start...
[INFO] - 2023-11-22 15:53:00.523 - [ScheduleThreadPool-test-thread-1] - MinuteTask#25 - INFO:MinuteTask end...
[INFO] - 2023-11-22 15:54:00.523 - [ScheduleThreadPool-test-thread-1] - MinuteTask#24 - INFO:MinuteTask start...
[INFO] - 2023-11-22 15:54:00.523 - [ScheduleThreadPool-test-thread-1] - MinuteTask#25 - INFO:MinuteTask end...
[INFO] - 2023-11-22 15:55:00.523 - [ScheduleThreadPool-test-thread-1] - MinuteTask#24 - INFO:MinuteTask start...
[INFO] - 2023-11-22 15:55:00.523 - [ScheduleThreadPool-test-thread-1] - MinuteTask#25 - INFO:MinuteTask end...
[INFO] - 2023-11-22 15:56:00.523 - [ScheduleThreadPool-test-thread-1] - MinuteTask#24 - INFO:MinuteTask start...
[INFO] - 2023-11-22 15:56:00.523 - [ScheduleThreadPool-test-thread-1] - MinuteTask#25 - INFO:MinuteTask end...
[INFO] - 2023-11-22 15:57:00.523 - [ScheduleThreadPool-test-thread-1] - MinuteTask#24 - INFO:MinuteTask start...
[INFO] - 2023-11-22 15:57:00.523 - [ScheduleThreadPool-test-thread-1] - MinuteTask#25 - INFO:MinuteTask end...
[INFO] - 2023-11-22 15:58:00.523 - [ScheduleThreadPool-test-thread-1] - MinuteTask#24 - INFO:MinuteTask start...
[INFO] - 2023-11-22 15:58:00.523 - [ScheduleThreadPool-test-thread-1] - MinuteTask#25 - INFO:MinuteTask end...
[INFO] - 2023-11-22 15:59:00.523 - [ScheduleThreadPool-test-thread-1] - MinuteTask#24 - INFO:MinuteTask start...
[INFO] - 2023-11-22 15:59:00.523 - [ScheduleThreadPool-test-thread-1] - MinuteTask#25 - INFO:MinuteTask end...
[INFO] - 2023-11-22 16:00:00.523 - [ScheduleThreadPool-test-thread-1] - MinuteTask#24 - INFO:MinuteTask start...
[INFO] - 2023-11-22 16:00:00.523 - [ScheduleThreadPool-test-thread-1] - MinuteTask#25 - INFO:MinuteTask end...
[INFO] - 2023-11-22 16:01:00.523 - [ScheduleThreadPool-test-thread-1] - MinuteTask#24 - INFO:MinuteTask start...
[INFO] - 2023-11-22 16:01:00.523 - [ScheduleThreadPool-test-thread-1] - MinuteTask#25 - INFO:MinuteTask end...
[INFO] - 2023-11-22 16:02:00.523 - [ScheduleThreadPool-test-thread-1] - MinuteTask#24 - INFO:MinuteTask start...
[INFO] - 2023-11-22 16:02:00.523 - [ScheduleThreadPool-test-thread-1] - MinuteTask#25 - INFO:MinuteTask end...
[INFO] - 2023-11-22 16:03:00.523 - [ScheduleThreadPool-test-thread-1] - MinuteTask#24 - INFO:MinuteTask start...
[INFO] - 2023-11-22 16:03:00.523 - [ScheduleThreadPool-test-thread-1] - MinuteTask#25 - INFO:MinuteTask end...
[INFO] - 2023-11-22 16:04:00.523 - [ScheduleThreadPool-test-thread-1] - MinuteTask#24 - INFO:MinuteTask start...
[INFO] - 2023-11-22 16:04:00.523 - [ScheduleThreadPool-test-thread-1] - MinuteTask#25 - INFO:MinuteTask end...
[INFO] - 2023-11-22 16:05:00.523 - [ScheduleThreadPool-test-thread-1] - MinuteTask#24 - INFO:MinuteTask start...
[INFO] - 2023-11-22 16:05:00.523 - [ScheduleThreadPool-test-thread-1] - MinuteTask#25 - INFO:MinuteTask end...
[INFO] - 2023-11-22 16:06:00.523 - [ScheduleThreadPool-test-thread-1] - MinuteTask#24 - INFO:MinuteTask start...
[INFO] - 2023-11-22 16:06:00.523 - [ScheduleThreadPool-test-thread-1] - MinuteTask#25 - INFO:MinuteTask end...
[INFO] - 2023-11-22 16:07:00.523 - [ScheduleThreadPool-test-thread-1] - MinuteTask#24 - INFO:MinuteTask start...
[INFO] - 2023-11-22 16:07:00.523 - [ScheduleThreadPool-test-thread-1] - MinuteTask#25 - INFO:MinuteTask end...
[INFO] - 2023-11-22 16:08:00.523 - [ScheduleThreadPool-test-thread-1] - MinuteTask#24 - INFO:MinuteTask start...
[INFO] - 2023-11-22 16:08:00.523 - [ScheduleThreadPool-test-thread-1] - MinuteTask#25 - INFO:MinuteTask end...
[INFO] - 2023-11-22 16:09:00.523 - [ScheduleThreadPool-test-thread-1] - MinuteTask#24 - INFO:MinuteTask start...
[INFO] - 2023-11-22 16:09:00.523 - [ScheduleThreadPool-test-thread-1] - MinuteTask#25 - INFO:MinuteTask end...
[INFO] - 2023-11-22 16:10:00.523 - [ScheduleThreadPool-test-thread-1] - MinuteTask#24 - INFO:MinuteTask start...
[INFO] - 2023-11-22 16:10:00.523 - [ScheduleThreadPool-test-thread-1] - MinuteTask#25 - INFO:MinuteTask end...
[INFO] - 2023-11-22 16:11:00.523 - [ScheduleThreadPool-test-thread-1] - MinuteTask#24 - INFO:MinuteTask start...
[INFO] - 2023-11-22 16:11:00.523 - [ScheduleThreadPool-test-thread-1] - MinuteTask#25 - INFO:MinuteTask end...
[INFO] - 2023-11-22 16:12:00.523 - [ScheduleThreadPool-test-thread-1] - MinuteTask#24 - INFO:MinuteTask start...
[INFO] - 2023-11-22 16:12:00.523 - [ScheduleThreadPool-test-thread-1] - MinuteTask#25 - INFO:MinuteTask end...
[INFO] - 2023-11-22 16:13:00.523 - [ScheduleThreadPool-test-thread-1] - MinuteTask#24 - INFO:MinuteTask start...
[INFO] - 2023-11-22 16:13:00.523 - [ScheduleThreadPool-test-thread-1] - MinuteTask#25 - INFO:MinuteTask end...
[INFO] - 2023-11-22 16:14:00.523 - [ScheduleThreadPool-test-thread-1] - MinuteTask#24 - INFO:MinuteTask start...
[INFO] - 2023-11-22 16:14:00.523 - [ScheduleThreadPool-test-thread-1] - MinuteTask#25 - INFO:MinuteTask end...
[INFO] - 2023-11-22 16:15:00.523 - [ScheduleThreadPool-test-thread-1] - MinuteTask#24 - INFO:MinuteTask start...
[INFO] - 2023-11-22 16:15:00.523 - [ScheduleThreadPool-test-thread-1] - MinuteTask#25 - INFO:MinuteTask end...
[INFO] - 2023-11-22 16:16:00.523 - [ScheduleThreadPool-test-thread-1] - MinuteTask#24 - INFO:MinuteTask start...
[INFO] - 2023-11-22 16:16:00.523 - [ScheduleThreadPool-test-thread-1] - MinuteTask#25 - INFO:MinuteTask end...
[INFO] - 2023-11-22 16:17:00.523 - [ScheduleThreadPool-test-thread-1] - MinuteTask#24 - INFO:MinuteTask start...
[INFO] - 2023-11-22 16:17:00.523 - [ScheduleThreadPool-test-thread-1] - MinuteTask#25 - INFO:MinuteTask end...
[INFO] - 2023-11-22 16:18:00.523 - [ScheduleThreadPool-test-thread-1] - MinuteTask#24 - INFO:MinuteTask start...
[INFO] - 2023-11-22 16:18:00.523 - [ScheduleThreadPool-test-thread-1] - MinuteTask#25 - INFO:MinuteTask end...
[INFO] - 2023-11-22 16:19:00.523 - [ScheduleThreadPool-test-thread-1] - MinuteTask#24 - INFO:MinuteTask start...
[INFO] - 2023-11-22 16:19:00.523 - [ScheduleThreadPool-test-thread-1] - MinuteTask#25 - INFO:MinuteTask end...
[INFO] - 2023-11-22 16:20:00.523 - [ScheduleThreadPool-test-thread-1] - MinuteTask#24 - INFO:MinuteTask start...
[INFO] - 2023-11-22 16:20:00.523 - [ScheduleThreadPool-test-thread-1] - MinuteTask#25 - INFO:MinuteTask end...
[INFO] - 2023-11-22 16:21:00.523 - [ScheduleThreadPool-test-thread-1] - MinuteTask#24 - INFO:MinuteTask start...
[INFO] - 2023-11-22 16:21:00.523 - [ScheduleThreadPool-test-thread-1] - MinuteTask#25 - INFO:MinuteTask end...
[INFO] - 2023-11-22 16:22:00.523 - [ScheduleThreadPool-test-thread-1] - MinuteTask#24 - INFO:MinuteTask start...
[INFO] - 2023-11-22 16:22:00.523 - [ScheduleThreadPool-test-thread-1] - MinuteTask#25 - INFO:MinuteTask end...
[INFO] - 2023-11-22 16:23:00.523 - [ScheduleThreadPool-test-thread-1] - MinuteTask#24 - INFO:MinuteTask start...
[INFO] - 2023-11-22 16:23:00.523 - [ScheduleThreadPool-test-thread-1] - MinuteTask#25 - INFO:MinuteTask end...
[INFO] - 2023-11-22 16:24:00.523 - [ScheduleThreadPool-test-thread-1] - MinuteTask#24 - INFO:MinuteTask start...
[INFO] - 2023-11-22 16:24:00.523 - [ScheduleThreadPool-test-thread-1] - MinuteTask#25 - INFO:MinuteTask end...
[INFO] - 2023-11-22 16:25:00.523 - [ScheduleThreadPool-test-thread-1] - MinuteTask#24 - INFO:MinuteTask start...
[INFO] - 2023-11-22 16:25:00.523 - [ScheduleThreadPool-test-thread-1] - MinuteTask#25 - INFO:MinuteTask end...
[INFO] - 2023-11-22 16:26:00.523 - [ScheduleThreadPool-test-thread-1] - MinuteTask#24 - INFO:MinuteTask start...
[INFO] - 2023-11-22 16:26:00.523 - [ScheduleThreadPool-test-thread-1] - MinuteTask#25 - INFO:MinuteTask end...
[INFO] - 2023-11-22 16:27:00.523 - [ScheduleThreadPool-test-thread-1] - MinuteTask#24 - INFO:MinuteTask start...
[INFO] - 2023-11-22 16:27:00.523 - [ScheduleThreadPool-test-thread-1] - MinuteTask#25 - INFO:MinuteTask end...
[INFO] - 2023-11-22 16:28:00.523 - [ScheduleThreadPool-test-thread-1] - MinuteTask#24 - INFO:MinuteTask start...
[INFO] - 2023-11-22 16:28:00.523 - [ScheduleThreadPool-test-thread-1] - MinuteTask#25 - INFO:MinuteTask end...
[INFO] - 2023-11-22 16:29:00.523 - [ScheduleThreadPool-test-thread-1] - MinuteTask#24 - INFO:MinuteTask start...
[INFO] - 2023-11-22 16:29:00.523 - [ScheduleThreadPool-test-thread-1] - MinuteTask#25 - INFO:MinuteTask end...
[INFO] - 2023-11-22 16:30:00.523 - [ScheduleThreadPool-test-thread-1] - MinuteTask#24 - INFO:MinuteTask start...
[INFO] - 2023-11-22 16:30:00.523 - [ScheduleThreadPool-test-thread-1] - MinuteTask#25 - INFO:MinuteTask end...
[INFO] - 2023-11-22 16:31:00.523 - [ScheduleThreadPool-test-thread-1] - MinuteTask#24 - INFO:MinuteTask start...
[INFO] - 2023-11-22 16:31:00.523 - [ScheduleThreadPool-test-thread-1] - MinuteTask#25 - INFO:MinuteTask end...
[INFO] - 2023-11-22 16:32:00.523 - [ScheduleThreadPool-test-thread-1] - MinuteTask#24 - INFO:MinuteTask start...
[INFO] - 2023-11-22 16:32:00.523 - [ScheduleThreadPool-test-thread-1] - MinuteTask#25 - INFO:MinuteTask end...
[INFO] - 2023-11-22 16:33:00.523 - [ScheduleThreadPool-test-thread-1] - MinuteTask#24 - INFO:MinuteTask start...
[INFO] - 2023-11-22 16:33:00.523 - [ScheduleThreadPool-test-thread-1] - MinuteTask#25 - INFO:MinuteTask end...
[INFO] - 2023-11-22 16:34:00.523 - [ScheduleThreadPool-test-thread-1] - MinuteTask#24 - INFO:MinuteTask start...
[INFO] - 2023-11-22 16:34:00.523 - [ScheduleThreadPool-test-thread-1] - MinuteTask#25 - INFO:MinuteTask end...
[INFO] - 2023-11-22 16:35:00.523 - [ScheduleThreadPool-test-thread-1] - MinuteTask#24 - INFO:MinuteTask start...
[INFO] - 2023-11-22 16:35:00.523 - [ScheduleThreadPool-test-thread-1] - MinuteTask#25 - INFO:MinuteTask end...
[INFO] - 2023-11-22 16:36:00.523 - [ScheduleThreadPool-test-thread-1] - MinuteTask#24 - INFO:MinuteTask start...
[INFO] - 2023-11-22 16:36:00.523 - [ScheduleThreadPool-test-thread-1] - MinuteTask#25 - INFO:MinuteTask end...
[INFO] - 2023-11-22 16:37:00.523 - [ScheduleThreadPool-test-thread-1] - MinuteTask#24 - INFO:MinuteTask start...
[INFO] - 2023-11-22 16:37:00.523 - [ScheduleThreadPool-test-thread-1] - MinuteTask#25 - INFO:MinuteTask end...
[INFO] - 2023-11-22 16:38:00.523 - [ScheduleThreadPool-test-thread-1] - MinuteTask#24 - INFO:MinuteTask start...
[INFO] - 2023-11-22 16:38:00.523 - [ScheduleThreadPool-test-thread-1] - MinuteTask#25 - INFO:MinuteTask end...
[INFO] - 2023-11-22 16:39:00.523 - [ScheduleThreadPool-test-thread-1] - MinuteTask#24 - INFO:MinuteTask start...
[INFO] - 2023-11-22 16:39:00.523 - [ScheduleThreadPool-test-thread-1] - MinuteTask#25 - INFO:MinuteTask end...
[INFO] - 2023-11-22 16:40:00.523 - [ScheduleThreadPool-test-thread-1] - MinuteTask#24 - INFO:MinuteTask start...
[INFO] - 2023-11-22 16:40:00.523 - [ScheduleThreadPool-test-thread-1] - MinuteTask#25 - INFO:MinuteTask end...
[INFO] - 2023-11-22 16:41:00.523 - [ScheduleThreadPool-test-thread-1] - MinuteTask#24 - INFO:MinuteTask start...
[INFO] - 2023-11-22 16:41:00.523 - [ScheduleThreadPool-test-thread-1] - MinuteTask#25 - INFO:MinuteTask end...
[INFO] - 2023-11-22 16:42:00.523 - [ScheduleThreadPool-test-thread-1] - MinuteTask#24 - INFO:MinuteTask start...
[INFO] - 2023-11-22 16:42:00.523 - [ScheduleThreadPool-test-thread-1] - MinuteTask#25 - INFO:MinuteTask end...
[INFO] - 2023-11-22 16:43:00.523 - [ScheduleThreadPool-test-thread-1] - MinuteTask#24 - INFO:MinuteTask start...
[INFO] - 2023-11-22 16:43:00.523 - [ScheduleThreadPool-test-thread-1] - MinuteTask#25 - INFO:MinuteTask end...
[INFO] - 2023-11-22 16:44:00.523 - [ScheduleThreadPool-test-thread-1] - MinuteTask#24 - INFO:MinuteTask start...
[INFO] - 2023-11-22 16:44:00.523 - [ScheduleThreadPool-test-thread-1] - MinuteTask#25 - INFO:MinuteTask end...
[INFO] - 2023-11-22 16:45:00.523 - [ScheduleThreadPool-test-thread-1] - MinuteTask#24 - INFO:MinuteTask start...
[INFO] - 2023-11-22 16:45:00.523 - [ScheduleThreadPool-test-thread-1] - MinuteTask#25 - INFO:MinuteTask end...
[INFO] - 2023-11-22 16:46:00.523 - [ScheduleThreadPool-test-thread-1] - MinuteTask#24 - INFO:MinuteTask start...
[INFO] - 2023-11-22 16:46:00.523 - [ScheduleThreadPool-test-thread-1] - MinuteTask#25 - INFO:MinuteTask end...
[INFO] - 2023-11-22 16:47:00.523 - [ScheduleThreadPool-test-thread-1] - MinuteTask#24 - INFO:MinuteTask start...
[INFO] - 2023-11-22 16:47:00.523 - [ScheduleThreadPool-test-thread-1] - MinuteTask#25 - INFO:MinuteTask end...
[INFO] - 2023-11-22 16:48:00.523 - [ScheduleThreadPool-test-thread-1] - MinuteTask#24 - INFO:MinuteTask start...
[INFO] - 2023-11-22 16:48:00.523 - [ScheduleThreadPool-test-thread-1] - MinuteTask#25 - INFO:MinuteTask end...
[INFO] - 2023-11-22 16:49:00.523 - [ScheduleThreadPool-test-thread-1] - MinuteTask#24 - INFO:MinuteTask start...
[INFO] - 2023-11-22 16:49:00.523 - [ScheduleThreadPool-test-thread-1] - MinuteTask#25 - INFO:MinuteTask end...
[INFO] - 2023-11-22 16:50:00.523 - [ScheduleThreadPool-test-thread-1] - MinuteTask#24 - INFO:MinuteTask start...
[INFO] - 2023-11-22 16:50:00.523 - [ScheduleThreadPool-test-thread-1] - MinuteTask#25 - INFO:MinuteTask end...
[INFO] - 2023-11-22 16:51:00.523 - [ScheduleThreadPool-test-thread-1] - MinuteTask#24 - INFO:MinuteTask start...
[INFO] - 2023-11-22 16:51:00.523 - [ScheduleThreadPool-test-thread-1] - MinuteTask#25 - INFO:MinuteTask end...
[INFO] - 2023-11-22 16:52:00.523 - [ScheduleThreadPool-test-thread-1] - MinuteTask#24 - INFO:MinuteTask start...
[INFO] - 2023-11-22 16:52:00.523 - [ScheduleThreadPool-test-thread-1] - MinuteTask#25 - INFO:MinuteTask end...
[INFO] - 2023-11-22 16:53:00.523 - [ScheduleThreadPool-test-thread-1] - MinuteTask#24 - INFO:MinuteTask start...
[INFO] - 2023-11-22 16:53:00.523 - [ScheduleThreadPool-test-thread-1] - MinuteTask#25 - INFO:MinuteTask end...
[INFO] - 2023-11-22 16:54:00.523 - [ScheduleThreadPool-test-thread-1] - MinuteTask#24 - INFO:MinuteTask start...
[INFO] - 2023-11-22 16:54:00.523 - [ScheduleThreadPool-test-thread-1] - MinuteTask#25 - INFO:MinuteTask end...
[INFO] - 2023-11-22 16:55:00.523 - [ScheduleThreadPool-test-thread-1] - MinuteTask#24 - INFO:MinuteTask start...
[INFO] - 2023-11-22 16:55:00.523 - [ScheduleThreadPool-test-thread-1] - MinuteTask#25 - INFO:MinuteTask end...
[INFO] - 2023-11-22 16:56:00.523 - [ScheduleThreadPool-test-thread-1] - MinuteTask#24 - INFO:MinuteTask start...
[INFO] - 2023-11-22 16:56:00.523 - [ScheduleThreadPool-test-thread-1] - MinuteTask#25 - INFO:MinuteTask end...
[INFO] - 2023-11-22 16:57:00.523 - [ScheduleThreadPool-test-thread-1] - MinuteTask#24 - INFO:MinuteTask start...
[INFO] - 2023-11-22 16:57:00.523 - [ScheduleThreadPool-test-thread-1] - MinuteTask#25 - INFO:MinuteTask end...
[INFO] - 2023-11-22 16:58:00.523 - [ScheduleThreadPool-test-thread-1] - MinuteTask#24 - INFO:MinuteTask start...
[INFO] - 2023-11-22 16:58:00.523 - [ScheduleThreadPool-test-thread-1] - MinuteTask#25 - INFO:MinuteTask end...
[INFO] - 2023-11-22 16:59:00.523 - [ScheduleThreadPool-test-thread-1] - MinuteTask#24 - INFO:MinuteTask start...
[INFO] - 2023-11-22 16:59:00.523 - [ScheduleThreadPool-test-thread-1] - MinuteTask#25 - INFO:MinuteTask end...
[INFO] - 2023-11-22 17:00:00.523 - [ScheduleThreadPool-test-thread-1] - MinuteTask#24 - INFO:MinuteTask start...
[INFO] - 2023-11-22 17:00:00.523 - [ScheduleThreadPool-test-thread-1] - MinuteTask#25 - INFO:MinuteTask end...
[INFO] - 2023-11-22 17:01:00.523 - [ScheduleThreadPool-test-thread-1] - MinuteTask#24 - INFO:MinuteTask start...
[INFO] - 2023-11-22 17:01:00.523 - [ScheduleThreadPool-test-thread-1] - MinuteTask#25 - INFO:MinuteTask end...
[INFO] - 2023-11-22 17:02:00.523 - [ScheduleThreadPool-test-thread-1] - MinuteTask#24 - INFO:MinuteTask start...
[INFO] - 2023-11-22 17:02:00.523 - [ScheduleThreadPool-test-thread-1] - MinuteTask#25 - INFO:MinuteTask end...
[INFO] - 2023-11-22 17:03:00.523 - [ScheduleThreadPool-test-thread-1] - MinuteTask#24 - INFO:MinuteTask start...
[INFO] - 2023-11-22 17:03:00.523 - [ScheduleThreadPool-test-thread-1] - MinuteTask#25 - INFO:MinuteTask end...
[INFO] - 2023-11-22 17:04:00.523 - [ScheduleThreadPool-test-thread-1] - MinuteTask#24 - INFO:MinuteTask start...
[INFO] - 2023-11-22 17:04:00.523 - [ScheduleThreadPool-test-thread-1] - MinuteTask#25 - INFO:MinuteTask end...
[INFO] - 2023-11-22 17:05:00.523 - [ScheduleThreadPool-test-thread-1] - MinuteTask#24 - INFO:MinuteTask start...
[INFO] - 2023-11-22 17:05:00.523 - [ScheduleThreadPool-test-thread-1] - MinuteTask#25 - INFO:MinuteTask end...
[INFO] - 2023-11-22 17:06:00.523 - [ScheduleThreadPool-test-thread-1] - MinuteTask#24 - INFO:MinuteTask start...
[INFO] - 2023-11-22 17:06:00.523 - [ScheduleThreadPool-test-thread-1] - MinuteTask#25 - INFO:MinuteTask end...
[INFO] - 2023-11-22 17:07:00.523 - [ScheduleThreadPool-test-thread-1] - MinuteTask#24 - INFO:MinuteTask start...
[INFO] - 2023-11-22 17:07:00.523 - [ScheduleThreadPool-test-thread-1] - MinuteTask#25 - INFO:MinuteTask end...
[INFO] - 2023-11-22 17:08:00.523 - [ScheduleThreadPool-test-thread-1] - MinuteTask#24 - INFO:MinuteTask start...
[INFO] - 2023-11-22 17:08:00.523 - [ScheduleThreadPool-test-thread-1] - MinuteTask#25 - INFO:MinuteTask end...
[INFO] - 2023-11-22 17:09:00.523 - [ScheduleThreadPool-test-thread-1] - MinuteTask#24 - INFO:MinuteTask start...
[INFO] - 2023-11-22 17:09:00.523 - [ScheduleThreadPool-test-thread-1] - MinuteTask#25 - INFO:MinuteTask end...
[INFO] - 2023-11-22 17:10:00.523 - [ScheduleThreadPool-test-thread-1] - MinuteTask#24 - INFO:MinuteTask start...
[INFO] - 2023-11-22 17:10:00.523 - [ScheduleThreadPool-test-thread-1] - MinuteTask#25 - INFO:MinuteTask end...
[INFO] - 2023-11-22 17:11:00.523 - [ScheduleThreadPool-test-thread-1] - MinuteTask#24 - INFO:MinuteTask start...
[INFO] - 2023-11-22 17:11:00.523 - [ScheduleThreadPool-test-thread-1] - MinuteTask#25 - INFO:MinuteTask end...
[INFO] - 2023-11-22 17:12:00.523 - [ScheduleThreadPool-test-thread-1] - MinuteTask#24 - INFO:MinuteTask start...
[INFO] - 2023-11-22 17:12:00.523 - [ScheduleThreadPool-test-thread-1] - MinuteTask#25 - INFO:MinuteTask end...
[INFO] - 2023-11-22 17:13:00.523 - [ScheduleThreadPool-test-thread-1] - MinuteTask#24 - INFO:MinuteTask start...
[INFO] - 2023-11-22 17:13:00.523 - [ScheduleThreadPool-test-thread-1] - MinuteTask#25 - INFO:MinuteTask end...
[INFO] - 2023-11-22 17:14:00.523 - [ScheduleThreadPool-test-thread-1] - MinuteTask#24 - INFO:MinuteTask start...
[INFO] - 2023-11-22 17:14:00.523 - [ScheduleThreadPool-test-thread-1] - MinuteTask#25 - INFO:MinuteTask end...
[INFO] - 2023-11-22 17:15:00.523 - [ScheduleThreadPool-test-thread-1] - MinuteTask#24 - INFO:MinuteTask start...
[INFO] - 2023-11-22 17:15:00.523 - [ScheduleThreadPool-test-thread-1] - MinuteTask#25 - INFO:MinuteTask end...
[INFO] - 2023-11-22 17:16:00.523 - [ScheduleThreadPool-test-thread-4] - MinuteTask#24 - INFO:MinuteTask start...
[INFO] - 2023-11-22 17:16:00.523 - [ScheduleThreadPool-test-thread-4] - MinuteTask#25 - INFO:MinuteTask end...
[INFO] - 2023-11-22 17:17:00.523 - [ScheduleThreadPool-test-thread-4] - MinuteTask#24 - INFO:MinuteTask start...
[INFO] - 2023-11-22 17:17:00.523 - [ScheduleThreadPool-test-thread-4] - MinuteTask#25 - INFO:MinuteTask end...
[INFO] - 2023-11-22 17:18:00.523 - [ScheduleThreadPool-test-thread-4] - MinuteTask#24 - INFO:MinuteTask start...
[INFO] - 2023-11-22 17:18:00.523 - [ScheduleThreadPool-test-thread-4] - MinuteTask#25 - INFO:MinuteTask end...
[INFO] - 2023-11-22 17:19:00.523 - [ScheduleThreadPool-test-thread-4] - MinuteTask#24 - INFO:MinuteTask start...
[INFO] - 2023-11-22 17:19:00.523 - [ScheduleThreadPool-test-thread-4] - MinuteTask#25 - INFO:MinuteTask end...
[INFO] - 2023-11-22 17:20:00.523 - [ScheduleThreadPool-test-thread-4] - MinuteTask#24 - INFO:MinuteTask start...
[INFO] - 2023-11-22 17:20:00.523 - [ScheduleThreadPool-test-thread-4] - MinuteTask#25 - INFO:MinuteTask end...
[INFO] - 2023-11-22 17:21:00.523 - [ScheduleThreadPool-test-thread-4] - MinuteTask#24 - INFO:MinuteTask start...
[INFO] - 2023-11-22 17:21:00.523 - [ScheduleThreadPool-test-thread-4] - MinuteTask#25 - INFO:MinuteTask end...
[INFO] - 2023-11-22 17:22:00.523 - [ScheduleThreadPool-test-thread-4] - MinuteTask#24 - INFO:MinuteTask start...
[INFO] - 2023-11-22 17:22:00.523 - [ScheduleThreadPool-test-thread-4] - MinuteTask#25 - INFO:MinuteTask end...
[INFO] - 2023-11-22 17:23:00.523 - [ScheduleThreadPool-test-thread-4] - MinuteTask#24 - INFO:MinuteTask start...
[INFO] - 2023-11-22 17:23:00.523 - [ScheduleThreadPool-test-thread-4] - MinuteTask#25 - INFO:MinuteTask end...
[INFO] - 2023-11-22 17:24:00.523 - [ScheduleThreadPool-test-thread-4] - MinuteTask#24 - INFO:MinuteTask start...
[INFO] - 2023-11-22 17:24:00.523 - [ScheduleThreadPool-test-thread-4] - MinuteTask#25 - INFO:MinuteTask end...
[INFO] - 2023-11-22 17:25:00.523 - [ScheduleThreadPool-test-thread-4] - MinuteTask#24 - INFO:MinuteTask start...
[INFO] - 2023-11-22 17:25:00.523 - [ScheduleThreadPool-test-thread-4] - MinuteTask#25 - INFO:MinuteTask end...
[INFO] - 2023-11-22 17:26:00.523 - [ScheduleThreadPool-test-thread-4] - MinuteTask#24 - INFO:MinuteTask start...
[INFO] - 2023-11-22 17:26:00.523 - [ScheduleThreadPool-test-thread-4] - MinuteTask#25 - INFO:MinuteTask end...
[INFO] - 2023-11-22 17:27:00.523 - [ScheduleThreadPool-test-thread-4] - MinuteTask#24 - INFO:MinuteTask start...
[INFO] - 2023-11-22 17:27:00.523 - [ScheduleThreadPool-test-thread-4] - MinuteTask#25 - INFO:MinuteTask end...
[INFO] - 2023-11-22 17:28:00.523 - [ScheduleThreadPool-test-thread-4] - MinuteTask#24 - INFO:MinuteTask start...
[INFO] - 2023-11-22 17:28:00.523 - [ScheduleThreadPool-test-thread-4] - MinuteTask#25 - INFO:MinuteTask end...
[INFO] - 2023-11-22 17:29:00.523 - [ScheduleThreadPool-test-thread-4] - MinuteTask#24 - INFO:MinuteTask start...
[INFO] - 2023-11-22 17:29:00.523 - [ScheduleThreadPool-test-thread-4] - MinuteTask#25 - INFO:MinuteTask end...
[INFO] - 2023-11-22 17:30:00.523 - [ScheduleThreadPool-test-thread-4] - MinuteTask#24 - INFO:MinuteTask start...
[INFO] - 2023-11-22 17:30:00.523 - [ScheduleThreadPool-test-thread-4] - MinuteTask#25 - INFO:MinuteTask end...
[INFO] - 2023-11-22 17:31:00.523 - [ScheduleThreadPool-test-thread-4] - MinuteTask#24 - INFO:MinuteTask start...
[INFO] - 2023-11-22 17:31:00.523 - [ScheduleThreadPool-test-thread-4] - MinuteTask#25 - INFO:MinuteTask end...
[INFO] - 2023-11-22 17:32:00.523 - [ScheduleThreadPool-test-thread-4] - MinuteTask#24 - INFO:MinuteTask start...
[INFO] - 2023-11-22 17:32:00.523 - [ScheduleThreadPool-test-thread-4] - MinuteTask#25 - INFO:MinuteTask end...
[INFO] - 2023-11-22 17:33:00.523 - [ScheduleThreadPool-test-thread-4] - MinuteTask#24 - INFO:MinuteTask start...
[INFO] - 2023-11-22 17:33:00.523 - [ScheduleThreadPool-test-thread-4] - MinuteTask#25 - INFO:MinuteTask end...
[INFO] - 2023-11-22 17:34:00.523 - [ScheduleThreadPool-test-thread-4] - MinuteTask#24 - INFO:MinuteTask start...
[INFO] - 2023-11-22 17:34:00.523 - [ScheduleThreadPool-test-thread-4] - MinuteTask#25 - INFO:MinuteTask end...
[INFO] - 2023-11-22 17:35:00.523 - [ScheduleThreadPool-test-thread-2] - MinuteTask#24 - INFO:MinuteTask start...
[INFO] - 2023-11-22 17:35:00.523 - [ScheduleThreadPool-test-thread-2] - MinuteTask#25 - INFO:MinuteTask end...
[INFO] - 2023-11-22 17:36:00.523 - [ScheduleThreadPool-test-thread-2] - MinuteTask#24 - INFO:MinuteTask start...
[INFO] - 2023-11-22 17:36:00.523 - [ScheduleThreadPool-test-thread-2] - MinuteTask#25 - INFO:MinuteTask end...
[INFO] - 2023-11-22 17:37:00.523 - [ScheduleThreadPool-test-thread-2] - MinuteTask#24 - INFO:MinuteTask start...
[INFO] - 2023-11-22 17:37:00.523 - [ScheduleThreadPool-test-thread-2] - MinuteTask#25 - INFO:MinuteTask end...
[INFO] - 2023-11-22 17:38:00.523 - [ScheduleThreadPool-test-thread-2] - MinuteTask#24 - INFO:MinuteTask start...
[INFO] - 2023-11-22 17:38:00.523 - [ScheduleThreadPool-test-thread-2] - MinuteTask#25 - INFO:MinuteTask end...
[INFO] - 2023-11-22 17:39:00.523 - [ScheduleThreadPool-test-thread-2] - MinuteTask#24 - INFO:MinuteTask start...
[INFO] - 2023-11-22 17:39:00.523 - [ScheduleThreadPool-test-thread-2] - MinuteTask#25 - INFO:MinuteTask end...
[INFO] - 2023-11-22 17:40:00.523 - [ScheduleThreadPool-test-thread-2] - MinuteTask#24 - INFO:MinuteTask start...
[INFO] - 2023-11-22 17:40:00.523 - [ScheduleThreadPool-test-thread-2] - MinuteTask#25 - INFO:MinuteTask end...
[INFO] - 2023-11-22 17:41:00.523 - [ScheduleThreadPool-test-thread-2] - MinuteTask#24 - INFO:MinuteTask start...
[INFO] - 2023-11-22 17:41:00.523 - [ScheduleThreadPool-test-thread-2] - MinuteTask#25 - INFO:MinuteTask end...
[INFO] - 2023-11-22 17:42:00.523 - [ScheduleThreadPool-test-thread-2] - MinuteTask#24 - INFO:MinuteTask start...
[INFO] - 2023-11-22 17:42:00.523 - [ScheduleThreadPool-test-thread-2] - MinuteTask#25 - INFO:MinuteTask end...
[INFO] - 2023-11-22 17:43:00.523 - [ScheduleThreadPool-test-thread-2] - MinuteTask#24 - INFO:MinuteTask start...
[INFO] - 2023-11-22 17:43:00.523 - [ScheduleThreadPool-test-thread-2] - MinuteTask#25 - INFO:MinuteTask end...
[INFO] - 2023-11-22 17:44:00.523 - [ScheduleThreadPool-test-thread-2] - MinuteTask#24 - INFO:MinuteTask start...
[INFO] - 2023-11-22 17:44:00.523 - [ScheduleThreadPool-test-thread-2] - MinuteTask#25 - INFO:MinuteTask end...
[INFO] - 2023-11-22 17:45:00.523 - [ScheduleThreadPool-test-thread-2] - MinuteTask#24 - INFO:MinuteTask start...
[INFO] - 2023-11-22 17:45:00.523 - [ScheduleThreadPool-test-thread-2] - MinuteTask#25 - INFO:MinuteTask end...
[INFO] - 2023-11-22 17:46:00.523 - [ScheduleThreadPool-test-thread-2] - MinuteTask#24 - INFO:MinuteTask start...
[INFO] - 2023-11-22 17:46:00.523 - [ScheduleThreadPool-test-thread-2] - MinuteTask#25 - INFO:MinuteTask end...
[INFO] - 2023-11-22 17:47:00.523 - [ScheduleThreadPool-test-thread-2] - MinuteTask#24 - INFO:MinuteTask start...
[INFO] - 2023-11-22 17:47:00.523 - [ScheduleThreadPool-test-thread-2] - MinuteTask#25 - INFO:MinuteTask end...
[INFO] - 2023-11-22 17:48:00.523 - [ScheduleThreadPool-test-thread-2] - MinuteTask#24 - INFO:MinuteTask start...
[INFO] - 2023-11-22 17:48:00.523 - [ScheduleThreadPool-test-thread-2] - MinuteTask#25 - INFO:MinuteTask end...
[INFO] - 2023-11-22 17:49:00.523 - [ScheduleThreadPool-test-thread-2] - MinuteTask#24 - INFO:MinuteTask start...
[INFO] - 2023-11-22 17:49:00.523 - [ScheduleThreadPool-test-thread-2] - MinuteTask#25 - INFO:MinuteTask end...
[INFO] - 2023-11-22 17:50:00.523 - [ScheduleThreadPool-test-thread-2] - MinuteTask#24 - INFO:MinuteTask start...
[INFO] - 2023-11-22 17:50:00.523 - [ScheduleThreadPool-test-thread-2] - MinuteTask#25 - INFO:MinuteTask end...
[INFO] - 2023-11-22 17:51:00.523 - [ScheduleThreadPool-test-thread-2] - MinuteTask#24 - INFO:MinuteTask start...
[INFO] - 2023-11-22 17:51:00.523 - [ScheduleThreadPool-test-thread-2] - MinuteTask#25 - INFO:MinuteTask end...
[INFO] - 2023-11-22 17:52:00.523 - [ScheduleThreadPool-test-thread-2] - MinuteTask#24 - INFO:MinuteTask start...
[INFO] - 2023-11-22 17:52:00.523 - [ScheduleThreadPool-test-thread-2] - MinuteTask#25 - INFO:MinuteTask end...
[INFO] - 2023-11-22 17:53:00.523 - [ScheduleThreadPool-test-thread-2] - MinuteTask#24 - INFO:MinuteTask start...
[INFO] - 2023-11-22 17:53:00.523 - [ScheduleThreadPool-test-thread-2] - MinuteTask#25 - INFO:MinuteTask end...
[INFO] - 2023-11-22 17:54:00.523 - [ScheduleThreadPool-test-thread-2] - MinuteTask#24 - INFO:MinuteTask start...
[INFO] - 2023-11-22 17:54:00.523 - [ScheduleThreadPool-test-thread-2] - MinuteTask#25 - INFO:MinuteTask end...
[INFO] - 2023-11-22 17:55:00.523 - [ScheduleThreadPool-test-thread-2] - MinuteTask#24 - INFO:MinuteTask start...
[INFO] - 2023-11-22 17:55:00.523 - [ScheduleThreadPool-test-thread-2] - MinuteTask#25 - INFO:MinuteTask end...
[INFO] - 2023-11-22 17:56:00.523 - [ScheduleThreadPool-test-thread-2] - MinuteTask#24 - INFO:MinuteTask start...
[INFO] - 2023-11-22 17:56:00.523 - [ScheduleThreadPool-test-thread-2] - MinuteTask#25 - INFO:MinuteTask end...
[INFO] - 2023-11-22 17:57:00.523 - [ScheduleThreadPool-test-thread-2] - MinuteTask#24 - INFO:MinuteTask start...
[INFO] - 2023-11-22 17:57:00.523 - [ScheduleThreadPool-test-thread-2] - MinuteTask#25 - INFO:MinuteTask end...
[INFO] - 2023-11-22 17:58:00.523 - [ScheduleThreadPool-test-thread-2] - MinuteTask#24 - INFO:MinuteTask start...
[INFO] - 2023-11-22 17:58:00.523 - [ScheduleThreadPool-test-thread-2] - MinuteTask#25 - INFO:MinuteTask end...
[INFO] - 2023-11-22 17:59:00.523 - [ScheduleThreadPool-test-thread-2] - MinuteTask#24 - INFO:MinuteTask start...
[INFO] - 2023-11-22 17:59:00.523 - [ScheduleThreadPool-test-thread-2] - MinuteTask#25 - INFO:MinuteTask end...
[INFO] - 2023-11-22 18:00:00.523 - [ScheduleThreadPool-test-thread-2] - MinuteTask#24 - INFO:MinuteTask start...
[INFO] - 2023-11-22 18:00:00.523 - [ScheduleThreadPool-test-thread-2] - MinuteTask#25 - INFO:MinuteTask end...
[INFO] - 2023-11-22 18:01:00.523 - [ScheduleThreadPool-test-thread-2] - MinuteTask#24 - INFO:MinuteTask start...
[INFO] - 2023-11-22 18:01:00.523 - [ScheduleThreadPool-test-thread-2] - MinuteTask#25 - INFO:MinuteTask end...
[INFO] - 2023-11-22 18:02:00.523 - [ScheduleThreadPool-test-thread-2] - MinuteTask#24 - INFO:MinuteTask start...
[INFO] - 2023-11-22 18:02:00.523 - [ScheduleThreadPool-test-thread-2] - MinuteTask#25 - INFO:MinuteTask end...
[INFO] - 2023-11-22 18:03:00.523 - [ScheduleThreadPool-test-thread-2] - MinuteTask#24 - INFO:MinuteTask start...
[INFO] - 2023-11-22 18:03:00.523 - [ScheduleThreadPool-test-thread-2] - MinuteTask#25 - INFO:MinuteTask end...
[INFO] - 2023-11-22 18:04:00.523 - [ScheduleThreadPool-test-thread-2] - MinuteTask#24 - INFO:MinuteTask start...
[INFO] - 2023-11-22 18:04:00.523 - [ScheduleThreadPool-test-thread-2] - MinuteTask#25 - INFO:MinuteTask end...
[INFO] - 2023-11-22 18:05:00.523 - [ScheduleThreadPool-test-thread-2] - MinuteTask#24 - INFO:MinuteTask start...
[INFO] - 2023-11-22 18:05:00.523 - [ScheduleThreadPool-test-thread-2] - MinuteTask#25 - INFO:MinuteTask end...
[INFO] - 2023-11-22 18:06:00.523 - [ScheduleThreadPool-test-thread-2] - MinuteTask#24 - INFO:MinuteTask start...
[INFO] - 2023-11-22 18:06:00.523 - [ScheduleThreadPool-test-thread-2] - MinuteTask#25 - INFO:MinuteTask end...
[INFO] - 2023-11-22 18:07:00.523 - [ScheduleThreadPool-test-thread-2] - MinuteTask#24 - INFO:MinuteTask start...
[INFO] - 2023-11-22 18:07:00.523 - [ScheduleThreadPool-test-thread-2] - MinuteTask#25 - INFO:MinuteTask end...
[INFO] - 2023-11-22 18:08:00.523 - [ScheduleThreadPool-test-thread-2] - MinuteTask#24 - INFO:MinuteTask start...
[INFO] - 2023-11-22 18:08:00.523 - [ScheduleThreadPool-test-thread-2] - MinuteTask#25 - INFO:MinuteTask end...
[INFO] - 2023-11-22 18:09:00.523 - [ScheduleThreadPool-test-thread-2] - MinuteTask#24 - INFO:MinuteTask start...
[INFO] - 2023-11-22 18:09:00.523 - [ScheduleThreadPool-test-thread-2] - MinuteTask#25 - INFO:MinuteTask end...
[INFO] - 2023-11-22 18:10:00.523 - [ScheduleThreadPool-test-thread-2] - MinuteTask#24 - INFO:MinuteTask start...
[INFO] - 2023-11-22 18:10:00.523 - [ScheduleThreadPool-test-thread-2] - MinuteTask#25 - INFO:MinuteTask end...
[INFO] - 2023-11-22 18:11:00.523 - [ScheduleThreadPool-test-thread-2] - MinuteTask#24 - INFO:MinuteTask start...
[INFO] - 2023-11-22 18:11:00.523 - [ScheduleThreadPool-test-thread-2] - MinuteTask#25 - INFO:MinuteTask end...
[INFO] - 2023-11-22 18:12:00.523 - [ScheduleThreadPool-test-thread-2] - MinuteTask#24 - INFO:MinuteTask start...
[INFO] - 2023-11-22 18:12:00.523 - [ScheduleThreadPool-test-thread-2] - MinuteTask#25 - INFO:MinuteTask end...
[INFO] - 2023-11-22 18:13:00.523 - [ScheduleThreadPool-test-thread-2] - MinuteTask#24 - INFO:MinuteTask start...
[INFO] - 2023-11-22 18:13:00.523 - [ScheduleThreadPool-test-thread-2] - MinuteTask#25 - INFO:MinuteTask end...
[INFO] - 2023-11-22 18:14:00.523 - [ScheduleThreadPool-test-thread-2] - MinuteTask#24 - INFO:MinuteTask start...
[INFO] - 2023-11-22 18:14:00.523 - [ScheduleThreadPool-test-thread-2] - MinuteTask#25 - INFO:MinuteTask end...
[INFO] - 2023-11-22 18:15:00.523 - [ScheduleThreadPool-test-thread-2] - MinuteTask#24 - INFO:MinuteTask start...
[INFO] - 2023-11-22 18:15:00.523 - [ScheduleThreadPool-test-thread-2] - MinuteTask#25 - INFO:MinuteTask end...
[INFO] - 2023-11-22 18:16:00.523 - [ScheduleThreadPool-test-thread-2] - MinuteTask#24 - INFO:MinuteTask start...
[INFO] - 2023-11-22 18:16:00.523 - [ScheduleThreadPool-test-thread-2] - MinuteTask#25 - INFO:MinuteTask end...
[INFO] - 2023-11-22 18:17:00.523 - [ScheduleThreadPool-test-thread-2] - MinuteTask#24 - INFO:MinuteTask start...
[INFO] - 2023-11-22 18:17:00.523 - [ScheduleThreadPool-test-thread-2] - MinuteTask#25 - INFO:MinuteTask end...
[INFO] - 2023-11-22 18:18:00.523 - [ScheduleThreadPool-test-thread-2] - MinuteTask#24 - INFO:MinuteTask start...
[INFO] - 2023-11-22 18:18:00.523 - [ScheduleThreadPool-test-thread-2] - MinuteTask#25 - INFO:MinuteTask end...
[INFO] - 2023-11-22 18:19:00.523 - [ScheduleThreadPool-test-thread-2] - MinuteTask#24 - INFO:MinuteTask start...
[INFO] - 2023-11-22 18:19:00.523 - [ScheduleThreadPool-test-thread-2] - MinuteTask#25 - INFO:MinuteTask end...
[INFO] - 2023-11-22 18:20:00.523 - [ScheduleThreadPool-test-thread-2] - MinuteTask#24 - INFO:MinuteTask start...
[INFO] - 2023-11-22 18:20:00.523 - [ScheduleThreadPool-test-thread-2] - MinuteTask#25 - INFO:MinuteTask end...
[INFO] - 2023-11-22 18:21:00.523 - [ScheduleThreadPool-test-thread-2] - MinuteTask#24 - INFO:MinuteTask start...
[INFO] - 2023-11-22 18:21:00.523 - [ScheduleThreadPool-test-thread-2] - MinuteTask#25 - INFO:MinuteTask end...
[INFO] - 2023-11-22 18:22:00.523 - [ScheduleThreadPool-test-thread-2] - MinuteTask#24 - INFO:MinuteTask start...
[INFO] - 2023-11-22 18:22:00.523 - [ScheduleThreadPool-test-thread-2] - MinuteTask#25 - INFO:MinuteTask end...
[INFO] - 2023-11-22 18:23:00.523 - [ScheduleThreadPool-test-thread-2] - MinuteTask#24 - INFO:MinuteTask start...
[INFO] - 2023-11-22 18:23:00.523 - [ScheduleThreadPool-test-thread-2] - MinuteTask#25 - INFO:MinuteTask end...
[INFO] - 2023-11-22 18:24:00.523 - [ScheduleThreadPool-test-thread-2] - MinuteTask#24 - INFO:MinuteTask start...
[INFO] - 2023-11-22 18:24:00.523 - [ScheduleThreadPool-test-thread-2] - MinuteTask#25 - INFO:MinuteTask end...
[INFO] - 2023-11-22 18:25:00.523 - [ScheduleThreadPool-test-thread-2] - MinuteTask#24 - INFO:MinuteTask start...
[INFO] - 2023-11-22 18:25:00.523 - [ScheduleThreadPool-test-thread-2] - MinuteTask#25 - INFO:MinuteTask end...
[INFO] - 2023-11-22 18:26:00.523 - [ScheduleThreadPool-test-thread-2] - MinuteTask#24 - INFO:MinuteTask start...
[INFO] - 2023-11-22 18:26:00.523 - [ScheduleThreadPool-test-thread-2] - MinuteTask#25 - INFO:MinuteTask end...
[INFO] - 2023-11-22 18:27:00.523 - [ScheduleThreadPool-test-thread-2] - MinuteTask#24 - INFO:MinuteTask start...
[INFO] - 2023-11-22 18:27:00.523 - [ScheduleThreadPool-test-thread-2] - MinuteTask#25 - INFO:MinuteTask end...
[INFO] - 2023-11-22 18:28:00.523 - [ScheduleThreadPool-test-thread-2] - MinuteTask#24 - INFO:MinuteTask start...
[INFO] - 2023-11-22 18:28:00.523 - [ScheduleThreadPool-test-thread-2] - MinuteTask#25 - INFO:MinuteTask end...
[INFO] - 2023-11-22 18:29:00.523 - [ScheduleThreadPool-test-thread-2] - MinuteTask#24 - INFO:MinuteTask start...
[INFO] - 2023-11-22 18:29:00.523 - [ScheduleThreadPool-test-thread-2] - MinuteTask#25 - INFO:MinuteTask end...
[INFO] - 2023-11-22 18:30:00.523 - [ScheduleThreadPool-test-thread-2] - MinuteTask#24 - INFO:MinuteTask start...
[INFO] - 2023-11-22 18:30:00.523 - [ScheduleThreadPool-test-thread-2] - MinuteTask#25 - INFO:MinuteTask end...
[INFO] - 2023-11-22 18:31:00.523 - [ScheduleThreadPool-test-thread-2] - MinuteTask#24 - INFO:MinuteTask start...
[INFO] - 2023-11-22 18:31:00.523 - [ScheduleThreadPool-test-thread-2] - MinuteTask#25 - INFO:MinuteTask end...
[INFO] - 2023-11-22 18:32:00.523 - [ScheduleThreadPool-test-thread-2] - MinuteTask#24 - INFO:MinuteTask start...
[INFO] - 2023-11-22 18:32:00.523 - [ScheduleThreadPool-test-thread-2] - MinuteTask#25 - INFO:MinuteTask end...
[INFO] - 2023-11-22 18:33:00.523 - [ScheduleThreadPool-test-thread-2] - MinuteTask#24 - INFO:MinuteTask start...
[INFO] - 2023-11-22 18:33:00.523 - [ScheduleThreadPool-test-thread-2] - MinuteTask#25 - INFO:MinuteTask end...
[INFO] - 2023-11-22 18:34:00.523 - [ScheduleThreadPool-test-thread-2] - MinuteTask#24 - INFO:MinuteTask start...
[INFO] - 2023-11-22 18:34:00.523 - [ScheduleThreadPool-test-thread-2] - MinuteTask#25 - INFO:MinuteTask end...
[INFO] - 2023-11-22 18:35:00.523 - [ScheduleThreadPool-test-thread-2] - MinuteTask#24 - INFO:MinuteTask start...
[INFO] - 2023-11-22 18:35:00.523 - [ScheduleThreadPool-test-thread-2] - MinuteTask#25 - INFO:MinuteTask end...
[INFO] - 2023-11-22 18:36:00.523 - [ScheduleThreadPool-test-thread-2] - MinuteTask#24 - INFO:MinuteTask start...
[INFO] - 2023-11-22 18:36:00.523 - [ScheduleThreadPool-test-thread-2] - MinuteTask#25 - INFO:MinuteTask end...
[INFO] - 2023-11-22 18:37:00.523 - [ScheduleThreadPool-test-thread-2] - MinuteTask#24 - INFO:MinuteTask start...
[INFO] - 2023-11-22 18:37:00.523 - [ScheduleThreadPool-test-thread-2] - MinuteTask#25 - INFO:MinuteTask end...
[INFO] - 2023-11-22 18:38:00.523 - [ScheduleThreadPool-test-thread-2] - MinuteTask#24 - INFO:MinuteTask start...
[INFO] - 2023-11-22 18:38:00.523 - [ScheduleThreadPool-test-thread-2] - MinuteTask#25 - INFO:MinuteTask end...
[INFO] - 2023-11-22 18:39:00.523 - [ScheduleThreadPool-test-thread-2] - MinuteTask#24 - INFO:MinuteTask start...
[INFO] - 2023-11-22 18:39:00.523 - [ScheduleThreadPool-test-thread-2] - MinuteTask#25 - INFO:MinuteTask end...
[INFO] - 2023-11-22 18:40:00.523 - [ScheduleThreadPool-test-thread-2] - MinuteTask#24 - INFO:MinuteTask start...
[INFO] - 2023-11-22 18:40:00.523 - [ScheduleThreadPool-test-thread-2] - MinuteTask#25 - INFO:MinuteTask end...
[INFO] - 2023-11-22 18:41:00.523 - [ScheduleThreadPool-test-thread-2] - MinuteTask#24 - INFO:MinuteTask start...
[INFO] - 2023-11-22 18:41:00.523 - [ScheduleThreadPool-test-thread-2] - MinuteTask#25 - INFO:MinuteTask end...
[INFO] - 2023-11-22 18:42:00.523 - [ScheduleThreadPool-test-thread-2] - MinuteTask#24 - INFO:MinuteTask start...
[INFO] - 2023-11-22 18:42:00.523 - [ScheduleThreadPool-test-thread-2] - MinuteTask#25 - INFO:MinuteTask end...
[INFO] - 2023-11-22 18:43:00.523 - [ScheduleThreadPool-test-thread-2] - MinuteTask#24 - INFO:MinuteTask start...
[INFO] - 2023-11-22 18:43:00.523 - [ScheduleThreadPool-test-thread-2] - MinuteTask#25 - INFO:MinuteTask end...
[INFO] - 2023-11-22 18:44:00.523 - [ScheduleThreadPool-test-thread-2] - MinuteTask#24 - INFO:MinuteTask start...
[INFO] - 2023-11-22 18:44:00.523 - [ScheduleThreadPool-test-thread-2] - MinuteTask#25 - INFO:MinuteTask end...
[INFO] - 2023-11-22 18:45:00.523 - [ScheduleThreadPool-test-thread-2] - MinuteTask#24 - INFO:MinuteTask start...
[INFO] - 2023-11-22 18:45:00.523 - [ScheduleThreadPool-test-thread-2] - MinuteTask#25 - INFO:MinuteTask end...
[INFO] - 2023-11-22 18:46:00.523 - [ScheduleThreadPool-test-thread-2] - MinuteTask#24 - INFO:MinuteTask start...
[INFO] - 2023-11-22 18:46:00.523 - [ScheduleThreadPool-test-thread-2] - MinuteTask#25 - INFO:MinuteTask end...
[INFO] - 2023-11-22 18:47:00.523 - [ScheduleThreadPool-test-thread-2] - MinuteTask#24 - INFO:MinuteTask start...
[INFO] - 2023-11-22 18:47:00.523 - [ScheduleThreadPool-test-thread-2] - MinuteTask#25 - INFO:MinuteTask end...
[INFO] - 2023-11-22 18:48:00.523 - [ScheduleThreadPool-test-thread-2] - MinuteTask#24 - INFO:MinuteTask start...
[INFO] - 2023-11-22 18:48:00.523 - [ScheduleThreadPool-test-thread-2] - MinuteTask#25 - INFO:MinuteTask end...
[INFO] - 2023-11-22 18:49:00.523 - [ScheduleThreadPool-test-thread-2] - MinuteTask#24 - INFO:MinuteTask start...
[INFO] - 2023-11-22 18:49:00.523 - [ScheduleThreadPool-test-thread-2] - MinuteTask#25 - INFO:MinuteTask end...
[INFO] - 2023-11-22 18:50:00.523 - [ScheduleThreadPool-test-thread-2] - MinuteTask#24 - INFO:MinuteTask start...
[INFO] - 2023-11-22 18:50:00.523 - [ScheduleThreadPool-test-thread-2] - MinuteTask#25 - INFO:MinuteTask end...
[INFO] - 2023-11-22 18:51:00.523 - [ScheduleThreadPool-test-thread-2] - MinuteTask#24 - INFO:MinuteTask start...
[INFO] - 2023-11-22 18:51:00.523 - [ScheduleThreadPool-test-thread-2] - MinuteTask#25 - INFO:MinuteTask end...
[INFO] - 2023-11-22 18:52:00.523 - [ScheduleThreadPool-test-thread-2] - MinuteTask#24 - INFO:MinuteTask start...
[INFO] - 2023-11-22 18:52:00.523 - [ScheduleThreadPool-test-thread-2] - MinuteTask#25 - INFO:MinuteTask end...
[INFO] - 2023-11-22 18:53:00.523 - [ScheduleThreadPool-test-thread-2] - MinuteTask#24 - INFO:MinuteTask start...
[INFO] - 2023-11-22 18:53:00.523 - [ScheduleThreadPool-test-thread-2] - MinuteTask#25 - INFO:MinuteTask end...
[INFO] - 2023-11-22 18:54:00.523 - [ScheduleThreadPool-test-thread-2] - MinuteTask#24 - INFO:MinuteTask start...
[INFO] - 2023-11-22 18:54:00.523 - [ScheduleThreadPool-test-thread-2] - MinuteTask#25 - INFO:MinuteTask end...
[INFO] - 2023-11-22 18:55:00.523 - [ScheduleThreadPool-test-thread-2] - MinuteTask#24 - INFO:MinuteTask start...
[INFO] - 2023-11-22 18:55:00.523 - [ScheduleThreadPool-test-thread-2] - MinuteTask#25 - INFO:MinuteTask end...
[INFO] - 2023-11-22 18:56:00.523 - [ScheduleThreadPool-test-thread-2] - MinuteTask#24 - INFO:MinuteTask start...
[INFO] - 2023-11-22 18:56:00.523 - [ScheduleThreadPool-test-thread-2] - MinuteTask#25 - INFO:MinuteTask end...
[INFO] - 2023-11-22 18:57:00.523 - [ScheduleThreadPool-test-thread-2] - MinuteTask#24 - INFO:MinuteTask start...
[INFO] - 2023-11-22 18:57:00.523 - [ScheduleThreadPool-test-thread-2] - MinuteTask#25 - INFO:MinuteTask end...
[INFO] - 2023-11-22 18:58:00.523 - [ScheduleThreadPool-test-thread-2] - MinuteTask#24 - INFO:MinuteTask start...
[INFO] - 2023-11-22 18:58:00.523 - [ScheduleThreadPool-test-thread-2] - MinuteTask#25 - INFO:MinuteTask end...
[INFO] - 2023-11-22 18:59:00.523 - [ScheduleThreadPool-test-thread-2] - MinuteTask#24 - INFO:MinuteTask start...
[INFO] - 2023-11-22 18:59:00.523 - [ScheduleThreadPool-test-thread-2] - MinuteTask#25 - INFO:MinuteTask end...
[INFO] - 2023-11-22 19:00:00.523 - [ScheduleThreadPool-test-thread-2] - MinuteTask#24 - INFO:MinuteTask start...
[INFO] - 2023-11-22 19:00:00.523 - [ScheduleThreadPool-test-thread-2] - MinuteTask#25 - INFO:MinuteTask end...
[INFO] - 2023-11-22 19:01:00.523 - [ScheduleThreadPool-test-thread-2] - MinuteTask#24 - INFO:MinuteTask start...
[INFO] - 2023-11-22 19:01:00.523 - [ScheduleThreadPool-test-thread-2] - MinuteTask#25 - INFO:MinuteTask end...
[INFO] - 2023-11-22 19:02:00.523 - [ScheduleThreadPool-test-thread-2] - MinuteTask#24 - INFO:MinuteTask start...
[INFO] - 2023-11-22 19:02:00.523 - [ScheduleThreadPool-test-thread-2] - MinuteTask#25 - INFO:MinuteTask end...
[INFO] - 2023-11-22 19:03:00.523 - [ScheduleThreadPool-test-thread-2] - MinuteTask#24 - INFO:MinuteTask start...
[INFO] - 2023-11-22 19:03:00.523 - [ScheduleThreadPool-test-thread-2] - MinuteTask#25 - INFO:MinuteTask end...
[INFO] - 2023-11-22 19:04:00.523 - [ScheduleThreadPool-test-thread-2] - MinuteTask#24 - INFO:MinuteTask start...
[INFO] - 2023-11-22 19:04:00.523 - [ScheduleThreadPool-test-thread-2] - MinuteTask#25 - INFO:MinuteTask end...
[INFO] - 2023-11-22 19:05:00.523 - [ScheduleThreadPool-test-thread-2] - MinuteTask#24 - INFO:MinuteTask start...
[INFO] - 2023-11-22 19:05:00.523 - [ScheduleThreadPool-test-thread-2] - MinuteTask#25 - INFO:MinuteTask end...
[INFO] - 2023-11-22 19:06:00.523 - [ScheduleThreadPool-test-thread-2] - MinuteTask#24 - INFO:MinuteTask start...
[INFO] - 2023-11-22 19:06:00.523 - [ScheduleThreadPool-test-thread-2] - MinuteTask#25 - INFO:MinuteTask end...
[INFO] - 2023-11-22 19:07:00.523 - [ScheduleThreadPool-test-thread-2] - MinuteTask#24 - INFO:MinuteTask start...
[INFO] - 2023-11-22 19:07:00.523 - [ScheduleThreadPool-test-thread-2] - MinuteTask#25 - INFO:MinuteTask end...
[INFO] - 2023-11-22 19:08:00.523 - [ScheduleThreadPool-test-thread-2] - MinuteTask#24 - INFO:MinuteTask start...
[INFO] - 2023-11-22 19:08:00.523 - [ScheduleThreadPool-test-thread-2] - MinuteTask#25 - INFO:MinuteTask end...
[INFO] - 2023-11-22 19:09:00.523 - [ScheduleThreadPool-test-thread-2] - MinuteTask#24 - INFO:MinuteTask start...
[INFO] - 2023-11-22 19:09:00.523 - [ScheduleThreadPool-test-thread-2] - MinuteTask#25 - INFO:MinuteTask end...
[INFO] - 2023-11-22 19:10:00.523 - [ScheduleThreadPool-test-thread-2] - MinuteTask#24 - INFO:MinuteTask start...
[INFO] - 2023-11-22 19:10:00.523 - [ScheduleThreadPool-test-thread-2] - MinuteTask#25 - INFO:MinuteTask end...
[INFO] - 2023-11-22 19:11:00.523 - [ScheduleThreadPool-test-thread-2] - MinuteTask#24 - INFO:MinuteTask start...
[INFO] - 2023-11-22 19:11:00.523 - [ScheduleThreadPool-test-thread-2] - MinuteTask#25 - INFO:MinuteTask end...
[INFO] - 2023-11-22 19:12:00.523 - [ScheduleThreadPool-test-thread-2] - MinuteTask#24 - INFO:MinuteTask start...
[INFO] - 2023-11-22 19:12:00.523 - [ScheduleThreadPool-test-thread-2] - MinuteTask#25 - INFO:MinuteTask end...
[INFO] - 2023-11-22 19:13:00.523 - [ScheduleThreadPool-test-thread-2] - MinuteTask#24 - INFO:MinuteTask start...
[INFO] - 2023-11-22 19:13:00.523 - [ScheduleThreadPool-test-thread-2] - MinuteTask#25 - INFO:MinuteTask end...
[INFO] - 2023-11-22 19:14:00.523 - [ScheduleThreadPool-test-thread-2] - MinuteTask#24 - INFO:MinuteTask start...
[INFO] - 2023-11-22 19:14:00.523 - [ScheduleThreadPool-test-thread-2] - MinuteTask#25 - INFO:MinuteTask end...
[INFO] - 2023-11-22 19:15:00.523 - [ScheduleThreadPool-test-thread-2] - MinuteTask#24 - INFO:MinuteTask start...
[INFO] - 2023-11-22 19:15:00.523 - [ScheduleThreadPool-test-thread-2] - MinuteTask#25 - INFO:MinuteTask end...
[INFO] - 2023-11-22 19:16:00.523 - [ScheduleThreadPool-test-thread-2] - MinuteTask#24 - INFO:MinuteTask start...
[INFO] - 2023-11-22 19:16:00.523 - [ScheduleThreadPool-test-thread-2] - MinuteTask#25 - INFO:MinuteTask end...
[INFO] - 2023-11-22 19:17:00.523 - [ScheduleThreadPool-test-thread-2] - MinuteTask#24 - INFO:MinuteTask start...
[INFO] - 2023-11-22 19:17:00.523 - [ScheduleThreadPool-test-thread-2] - MinuteTask#25 - INFO:MinuteTask end...
[INFO] - 2023-11-22 19:18:00.523 - [ScheduleThreadPool-test-thread-2] - MinuteTask#24 - INFO:MinuteTask start...
[INFO] - 2023-11-22 19:18:00.523 - [ScheduleThreadPool-test-thread-2] - MinuteTask#25 - INFO:MinuteTask end...
[INFO] - 2023-11-22 19:19:00.523 - [ScheduleThreadPool-test-thread-2] - MinuteTask#24 - INFO:MinuteTask start...
[INFO] - 2023-11-22 19:19:00.523 - [ScheduleThreadPool-test-thread-2] - MinuteTask#25 - INFO:MinuteTask end...
[INFO] - 2023-11-22 19:20:00.523 - [ScheduleThreadPool-test-thread-2] - MinuteTask#24 - INFO:MinuteTask start...
[INFO] - 2023-11-22 19:20:00.523 - [ScheduleThreadPool-test-thread-2] - MinuteTask#25 - INFO:MinuteTask end...
[INFO] - 2023-11-22 19:21:00.523 - [ScheduleThreadPool-test-thread-2] - MinuteTask#24 - INFO:MinuteTask start...
[INFO] - 2023-11-22 19:21:00.523 - [ScheduleThreadPool-test-thread-2] - MinuteTask#25 - INFO:MinuteTask end...
[INFO] - 2023-11-22 19:22:00.523 - [ScheduleThreadPool-test-thread-2] - MinuteTask#24 - INFO:MinuteTask start...
[INFO] - 2023-11-22 19:22:00.523 - [ScheduleThreadPool-test-thread-2] - MinuteTask#25 - INFO:MinuteTask end...
[INFO] - 2023-11-22 19:23:00.523 - [ScheduleThreadPool-test-thread-2] - MinuteTask#24 - INFO:MinuteTask start...
[INFO] - 2023-11-22 19:23:00.523 - [ScheduleThreadPool-test-thread-2] - MinuteTask#25 - INFO:MinuteTask end...
[INFO] - 2023-11-22 19:24:00.524 - [ScheduleThreadPool-test-thread-2] - MinuteTask#24 - INFO:MinuteTask start...
[INFO] - 2023-11-22 19:24:00.524 - [ScheduleThreadPool-test-thread-2] - MinuteTask#25 - INFO:MinuteTask end...
[INFO] - 2023-11-22 19:25:00.523 - [ScheduleThreadPool-test-thread-2] - MinuteTask#24 - INFO:MinuteTask start...
[INFO] - 2023-11-22 19:25:00.523 - [ScheduleThreadPool-test-thread-2] - MinuteTask#25 - INFO:MinuteTask end...
[INFO] - 2023-11-22 19:26:00.523 - [ScheduleThreadPool-test-thread-2] - MinuteTask#24 - INFO:MinuteTask start...
[INFO] - 2023-11-22 19:26:00.523 - [ScheduleThreadPool-test-thread-2] - MinuteTask#25 - INFO:MinuteTask end...
[INFO] - 2023-11-22 19:27:00.523 - [ScheduleThreadPool-test-thread-2] - MinuteTask#24 - INFO:MinuteTask start...
[INFO] - 2023-11-22 19:27:00.523 - [ScheduleThreadPool-test-thread-2] - MinuteTask#25 - INFO:MinuteTask end...
[INFO] - 2023-11-22 19:28:00.523 - [ScheduleThreadPool-test-thread-2] - MinuteTask#24 - INFO:MinuteTask start...
[INFO] - 2023-11-22 19:28:00.523 - [ScheduleThreadPool-test-thread-2] - MinuteTask#25 - INFO:MinuteTask end...
[INFO] - 2023-11-22 19:29:00.523 - [ScheduleThreadPool-test-thread-2] - MinuteTask#24 - INFO:MinuteTask start...
[INFO] - 2023-11-22 19:29:00.523 - [ScheduleThreadPool-test-thread-2] - MinuteTask#25 - INFO:MinuteTask end...
[INFO] - 2023-11-22 19:30:00.523 - [ScheduleThreadPool-test-thread-2] - MinuteTask#24 - INFO:MinuteTask start...
[INFO] - 2023-11-22 19:30:00.523 - [ScheduleThreadPool-test-thread-2] - MinuteTask#25 - INFO:MinuteTask end...
[INFO] - 2023-11-22 19:31:00.523 - [ScheduleThreadPool-test-thread-2] - MinuteTask#24 - INFO:MinuteTask start...
[INFO] - 2023-11-22 19:31:00.523 - [ScheduleThreadPool-test-thread-2] - MinuteTask#25 - INFO:MinuteTask end...
[INFO] - 2023-11-22 19:32:00.523 - [ScheduleThreadPool-test-thread-2] - MinuteTask#24 - INFO:MinuteTask start...
[INFO] - 2023-11-22 19:32:00.523 - [ScheduleThreadPool-test-thread-2] - MinuteTask#25 - INFO:MinuteTask end...
[INFO] - 2023-11-22 19:33:00.523 - [ScheduleThreadPool-test-thread-2] - MinuteTask#24 - INFO:MinuteTask start...
[INFO] - 2023-11-22 19:33:00.523 - [ScheduleThreadPool-test-thread-2] - MinuteTask#25 - INFO:MinuteTask end...
[INFO] - 2023-11-22 19:34:00.523 - [ScheduleThreadPool-test-thread-2] - MinuteTask#24 - INFO:MinuteTask start...
[INFO] - 2023-11-22 19:34:00.523 - [ScheduleThreadPool-test-thread-2] - MinuteTask#25 - INFO:MinuteTask end...
[INFO] - 2023-11-22 19:35:00.523 - [ScheduleThreadPool-test-thread-2] - MinuteTask#24 - INFO:MinuteTask start...
[INFO] - 2023-11-22 19:35:00.523 - [ScheduleThreadPool-test-thread-2] - MinuteTask#25 - INFO:MinuteTask end...
[INFO] - 2023-11-22 19:36:00.523 - [ScheduleThreadPool-test-thread-2] - MinuteTask#24 - INFO:MinuteTask start...
[INFO] - 2023-11-22 19:36:00.523 - [ScheduleThreadPool-test-thread-2] - MinuteTask#25 - INFO:MinuteTask end...
[INFO] - 2023-11-22 19:37:00.523 - [ScheduleThreadPool-test-thread-2] - MinuteTask#24 - INFO:MinuteTask start...
[INFO] - 2023-11-22 19:37:00.523 - [ScheduleThreadPool-test-thread-2] - MinuteTask#25 - INFO:MinuteTask end...
[INFO] - 2023-11-22 19:38:00.523 - [ScheduleThreadPool-test-thread-2] - MinuteTask#24 - INFO:MinuteTask start...
[INFO] - 2023-11-22 19:38:00.523 - [ScheduleThreadPool-test-thread-2] - MinuteTask#25 - INFO:MinuteTask end...
[INFO] - 2023-11-22 19:39:00.523 - [ScheduleThreadPool-test-thread-2] - MinuteTask#24 - INFO:MinuteTask start...
[INFO] - 2023-11-22 19:39:00.523 - [ScheduleThreadPool-test-thread-2] - MinuteTask#25 - INFO:MinuteTask end...
[INFO] - 2023-11-22 19:40:00.523 - [ScheduleThreadPool-test-thread-2] - MinuteTask#24 - INFO:MinuteTask start...
[INFO] - 2023-11-22 19:40:00.523 - [ScheduleThreadPool-test-thread-2] - MinuteTask#25 - INFO:MinuteTask end...
[INFO] - 2023-11-22 19:41:00.523 - [ScheduleThreadPool-test-thread-2] - MinuteTask#24 - INFO:MinuteTask start...
[INFO] - 2023-11-22 19:41:00.523 - [ScheduleThreadPool-test-thread-2] - MinuteTask#25 - INFO:MinuteTask end...
[INFO] - 2023-11-22 19:42:00.523 - [ScheduleThreadPool-test-thread-2] - MinuteTask#24 - INFO:MinuteTask start...
[INFO] - 2023-11-22 19:42:00.523 - [ScheduleThreadPool-test-thread-2] - MinuteTask#25 - INFO:MinuteTask end...
[INFO] - 2023-11-22 19:43:00.523 - [ScheduleThreadPool-test-thread-2] - MinuteTask#24 - INFO:MinuteTask start...
[INFO] - 2023-11-22 19:43:00.523 - [ScheduleThreadPool-test-thread-2] - MinuteTask#25 - INFO:MinuteTask end...
[INFO] - 2023-11-22 19:44:00.523 - [ScheduleThreadPool-test-thread-2] - MinuteTask#24 - INFO:MinuteTask start...
[INFO] - 2023-11-22 19:44:00.523 - [ScheduleThreadPool-test-thread-2] - MinuteTask#25 - INFO:MinuteTask end...
[INFO] - 2023-11-22 19:45:00.523 - [ScheduleThreadPool-test-thread-2] - MinuteTask#24 - INFO:MinuteTask start...
[INFO] - 2023-11-22 19:45:00.523 - [ScheduleThreadPool-test-thread-2] - MinuteTask#25 - INFO:MinuteTask end...
[INFO] - 2023-11-22 19:46:00.523 - [ScheduleThreadPool-test-thread-2] - MinuteTask#24 - INFO:MinuteTask start...
[INFO] - 2023-11-22 19:46:00.523 - [ScheduleThreadPool-test-thread-2] - MinuteTask#25 - INFO:MinuteTask end...
[INFO] - 2023-11-22 19:47:00.523 - [ScheduleThreadPool-test-thread-2] - MinuteTask#24 - INFO:MinuteTask start...
[INFO] - 2023-11-22 19:47:00.523 - [ScheduleThreadPool-test-thread-2] - MinuteTask#25 - INFO:MinuteTask end...
[INFO] - 2023-11-22 19:48:00.523 - [ScheduleThreadPool-test-thread-2] - MinuteTask#24 - INFO:MinuteTask start...
[INFO] - 2023-11-22 19:48:00.523 - [ScheduleThreadPool-test-thread-2] - MinuteTask#25 - INFO:MinuteTask end...
[INFO] - 2023-11-22 19:49:00.523 - [ScheduleThreadPool-test-thread-2] - MinuteTask#24 - INFO:MinuteTask start...
[INFO] - 2023-11-22 19:49:00.523 - [ScheduleThreadPool-test-thread-2] - MinuteTask#25 - INFO:MinuteTask end...
[INFO] - 2023-11-22 19:50:00.523 - [ScheduleThreadPool-test-thread-2] - MinuteTask#24 - INFO:MinuteTask start...
[INFO] - 2023-11-22 19:50:00.523 - [ScheduleThreadPool-test-thread-2] - MinuteTask#25 - INFO:MinuteTask end...
[INFO] - 2023-11-22 19:51:00.523 - [ScheduleThreadPool-test-thread-2] - MinuteTask#24 - INFO:MinuteTask start...
[INFO] - 2023-11-22 19:51:00.523 - [ScheduleThreadPool-test-thread-2] - MinuteTask#25 - INFO:MinuteTask end...
[INFO] - 2023-11-22 19:52:00.523 - [ScheduleThreadPool-test-thread-2] - MinuteTask#24 - INFO:MinuteTask start...
[INFO] - 2023-11-22 19:52:00.523 - [ScheduleThreadPool-test-thread-2] - MinuteTask#25 - INFO:MinuteTask end...
[INFO] - 2023-11-22 19:53:00.523 - [ScheduleThreadPool-test-thread-2] - MinuteTask#24 - INFO:MinuteTask start...
[INFO] - 2023-11-22 19:53:00.523 - [ScheduleThreadPool-test-thread-2] - MinuteTask#25 - INFO:MinuteTask end...
[INFO] - 2023-11-22 19:54:00.523 - [ScheduleThreadPool-test-thread-2] - MinuteTask#24 - INFO:MinuteTask start...
[INFO] - 2023-11-22 19:54:00.523 - [ScheduleThreadPool-test-thread-2] - MinuteTask#25 - INFO:MinuteTask end...
[INFO] - 2023-11-22 19:55:00.523 - [ScheduleThreadPool-test-thread-2] - MinuteTask#24 - INFO:MinuteTask start...
[INFO] - 2023-11-22 19:55:00.523 - [ScheduleThreadPool-test-thread-2] - MinuteTask#25 - INFO:MinuteTask end...
[INFO] - 2023-11-22 19:56:00.523 - [ScheduleThreadPool-test-thread-2] - MinuteTask#24 - INFO:MinuteTask start...
[INFO] - 2023-11-22 19:56:00.523 - [ScheduleThreadPool-test-thread-2] - MinuteTask#25 - INFO:MinuteTask end...
[INFO] - 2023-11-22 19:57:00.523 - [ScheduleThreadPool-test-thread-2] - MinuteTask#24 - INFO:MinuteTask start...
[INFO] - 2023-11-22 19:57:00.523 - [ScheduleThreadPool-test-thread-2] - MinuteTask#25 - INFO:MinuteTask end...
[INFO] - 2023-11-22 19:58:00.523 - [ScheduleThreadPool-test-thread-2] - MinuteTask#24 - INFO:MinuteTask start...
[INFO] - 2023-11-22 19:58:00.523 - [ScheduleThreadPool-test-thread-2] - MinuteTask#25 - INFO:MinuteTask end...
[INFO] - 2023-11-22 19:59:00.523 - [ScheduleThreadPool-test-thread-2] - MinuteTask#24 - INFO:MinuteTask start...
[INFO] - 2023-11-22 19:59:00.523 - [ScheduleThreadPool-test-thread-2] - MinuteTask#25 - INFO:MinuteTask end...
[INFO] - 2023-11-22 20:00:00.523 - [ScheduleThreadPool-test-thread-2] - MinuteTask#24 - INFO:MinuteTask start...
[INFO] - 2023-11-22 20:00:00.523 - [ScheduleThreadPool-test-thread-2] - MinuteTask#25 - INFO:MinuteTask end...
[INFO] - 2023-11-22 20:01:00.523 - [ScheduleThreadPool-test-thread-2] - MinuteTask#24 - INFO:MinuteTask start...
[INFO] - 2023-11-22 20:01:00.523 - [ScheduleThreadPool-test-thread-2] - MinuteTask#25 - INFO:MinuteTask end...
[INFO] - 2023-11-22 20:02:00.523 - [ScheduleThreadPool-test-thread-2] - MinuteTask#24 - INFO:MinuteTask start...
[INFO] - 2023-11-22 20:02:00.523 - [ScheduleThreadPool-test-thread-2] - MinuteTask#25 - INFO:MinuteTask end...
[INFO] - 2023-11-22 20:03:00.523 - [ScheduleThreadPool-test-thread-2] - MinuteTask#24 - INFO:MinuteTask start...
[INFO] - 2023-11-22 20:03:00.523 - [ScheduleThreadPool-test-thread-2] - MinuteTask#25 - INFO:MinuteTask end...
[INFO] - 2023-11-22 20:04:00.523 - [ScheduleThreadPool-test-thread-2] - MinuteTask#24 - INFO:MinuteTask start...
[INFO] - 2023-11-22 20:04:00.523 - [ScheduleThreadPool-test-thread-2] - MinuteTask#25 - INFO:MinuteTask end...
[INFO] - 2023-11-22 20:05:00.523 - [ScheduleThreadPool-test-thread-2] - MinuteTask#24 - INFO:MinuteTask start...
[INFO] - 2023-11-22 20:05:00.523 - [ScheduleThreadPool-test-thread-2] - MinuteTask#25 - INFO:MinuteTask end...
[INFO] - 2023-11-22 20:06:00.523 - [ScheduleThreadPool-test-thread-2] - MinuteTask#24 - INFO:MinuteTask start...
[INFO] - 2023-11-22 20:06:00.523 - [ScheduleThreadPool-test-thread-2] - MinuteTask#25 - INFO:MinuteTask end...
[INFO] - 2023-11-22 20:07:00.523 - [ScheduleThreadPool-test-thread-2] - MinuteTask#24 - INFO:MinuteTask start...
[INFO] - 2023-11-22 20:07:00.523 - [ScheduleThreadPool-test-thread-2] - MinuteTask#25 - INFO:MinuteTask end...
[INFO] - 2023-11-22 20:08:00.523 - [ScheduleThreadPool-test-thread-2] - MinuteTask#24 - INFO:MinuteTask start...
[INFO] - 2023-11-22 20:08:00.523 - [ScheduleThreadPool-test-thread-2] - MinuteTask#25 - INFO:MinuteTask end...
[INFO] - 2023-11-22 20:09:00.523 - [ScheduleThreadPool-test-thread-2] - MinuteTask#24 - INFO:MinuteTask start...
[INFO] - 2023-11-22 20:09:00.523 - [ScheduleThreadPool-test-thread-2] - MinuteTask#25 - INFO:MinuteTask end...
[INFO] - 2023-11-22 20:10:00.523 - [ScheduleThreadPool-test-thread-2] - MinuteTask#24 - INFO:MinuteTask start...
[INFO] - 2023-11-22 20:10:00.523 - [ScheduleThreadPool-test-thread-2] - MinuteTask#25 - INFO:MinuteTask end...
[INFO] - 2023-11-22 20:11:00.523 - [ScheduleThreadPool-test-thread-2] - MinuteTask#24 - INFO:MinuteTask start...
[INFO] - 2023-11-22 20:11:00.523 - [ScheduleThreadPool-test-thread-2] - MinuteTask#25 - INFO:MinuteTask end...
[INFO] - 2023-11-22 20:12:00.523 - [ScheduleThreadPool-test-thread-2] - MinuteTask#24 - INFO:MinuteTask start...
[INFO] - 2023-11-22 20:12:00.523 - [ScheduleThreadPool-test-thread-2] - MinuteTask#25 - INFO:MinuteTask end...
[INFO] - 2023-11-22 20:13:00.523 - [ScheduleThreadPool-test-thread-2] - MinuteTask#24 - INFO:MinuteTask start...
[INFO] - 2023-11-22 20:13:00.523 - [ScheduleThreadPool-test-thread-2] - MinuteTask#25 - INFO:MinuteTask end...
[INFO] - 2023-11-22 20:14:00.523 - [ScheduleThreadPool-test-thread-2] - MinuteTask#24 - INFO:MinuteTask start...
[INFO] - 2023-11-22 20:14:00.523 - [ScheduleThreadPool-test-thread-2] - MinuteTask#25 - INFO:MinuteTask end...
[INFO] - 2023-11-22 20:15:00.523 - [ScheduleThreadPool-test-thread-2] - MinuteTask#24 - INFO:MinuteTask start...
[INFO] - 2023-11-22 20:15:00.523 - [ScheduleThreadPool-test-thread-2] - MinuteTask#25 - INFO:MinuteTask end...
[INFO] - 2023-11-22 20:16:00.523 - [ScheduleThreadPool-test-thread-2] - MinuteTask#24 - INFO:MinuteTask start...
[INFO] - 2023-11-22 20:16:00.523 - [ScheduleThreadPool-test-thread-2] - MinuteTask#25 - INFO:MinuteTask end...
[INFO] - 2023-11-22 20:17:00.523 - [ScheduleThreadPool-test-thread-2] - MinuteTask#24 - INFO:MinuteTask start...
[INFO] - 2023-11-22 20:17:00.523 - [ScheduleThreadPool-test-thread-2] - MinuteTask#25 - INFO:MinuteTask end...
[INFO] - 2023-11-22 20:18:00.523 - [ScheduleThreadPool-test-thread-2] - MinuteTask#24 - INFO:MinuteTask start...
[INFO] - 2023-11-22 20:18:00.523 - [ScheduleThreadPool-test-thread-2] - MinuteTask#25 - INFO:MinuteTask end...
[INFO] - 2023-11-22 20:19:00.523 - [ScheduleThreadPool-test-thread-2] - MinuteTask#24 - INFO:MinuteTask start...
[INFO] - 2023-11-22 20:19:00.523 - [ScheduleThreadPool-test-thread-2] - MinuteTask#25 - INFO:MinuteTask end...
[INFO] - 2023-11-22 20:20:00.523 - [ScheduleThreadPool-test-thread-2] - MinuteTask#24 - INFO:MinuteTask start...
[INFO] - 2023-11-22 20:20:00.523 - [ScheduleThreadPool-test-thread-2] - MinuteTask#25 - INFO:MinuteTask end...
[INFO] - 2023-11-22 20:21:00.532 - [ScheduleThreadPool-test-thread-2] - MinuteTask#24 - INFO:MinuteTask start...
[INFO] - 2023-11-22 20:21:00.532 - [ScheduleThreadPool-test-thread-2] - MinuteTask#25 - INFO:MinuteTask end...
[INFO] - 2023-11-22 20:22:00.523 - [ScheduleThreadPool-test-thread-2] - MinuteTask#24 - INFO:MinuteTask start...
[INFO] - 2023-11-22 20:22:00.523 - [ScheduleThreadPool-test-thread-2] - MinuteTask#25 - INFO:MinuteTask end...
[INFO] - 2023-11-22 20:23:00.523 - [ScheduleThreadPool-test-thread-2] - MinuteTask#24 - INFO:MinuteTask start...
[INFO] - 2023-11-22 20:23:00.523 - [ScheduleThreadPool-test-thread-2] - MinuteTask#25 - INFO:MinuteTask end...
[INFO] - 2023-11-22 20:24:00.523 - [ScheduleThreadPool-test-thread-2] - MinuteTask#24 - INFO:MinuteTask start...
[INFO] - 2023-11-22 20:24:00.523 - [ScheduleThreadPool-test-thread-2] - MinuteTask#25 - INFO:MinuteTask end...
[INFO] - 2023-11-22 20:25:00.523 - [ScheduleThreadPool-test-thread-2] - MinuteTask#24 - INFO:MinuteTask start...
[INFO] - 2023-11-22 20:25:00.523 - [ScheduleThreadPool-test-thread-2] - MinuteTask#25 - INFO:MinuteTask end...
[INFO] - 2023-11-22 20:26:00.523 - [ScheduleThreadPool-test-thread-2] - MinuteTask#24 - INFO:MinuteTask start...
[INFO] - 2023-11-22 20:26:00.523 - [ScheduleThreadPool-test-thread-2] - MinuteTask#25 - INFO:MinuteTask end...
[INFO] - 2023-11-22 20:27:00.523 - [ScheduleThreadPool-test-thread-2] - MinuteTask#24 - INFO:MinuteTask start...
[INFO] - 2023-11-22 20:27:00.523 - [ScheduleThreadPool-test-thread-2] - MinuteTask#25 - INFO:MinuteTask end...
[INFO] - 2023-11-22 20:28:00.523 - [ScheduleThreadPool-test-thread-2] - MinuteTask#24 - INFO:MinuteTask start...
[INFO] - 2023-11-22 20:28:00.523 - [ScheduleThreadPool-test-thread-2] - MinuteTask#25 - INFO:MinuteTask end...
[INFO] - 2023-11-22 20:29:00.523 - [ScheduleThreadPool-test-thread-2] - MinuteTask#24 - INFO:MinuteTask start...
[INFO] - 2023-11-22 20:29:00.523 - [ScheduleThreadPool-test-thread-2] - MinuteTask#25 - INFO:MinuteTask end...
[INFO] - 2023-11-22 20:30:00.523 - [ScheduleThreadPool-test-thread-2] - MinuteTask#24 - INFO:MinuteTask start...
[INFO] - 2023-11-22 20:30:00.523 - [ScheduleThreadPool-test-thread-2] - MinuteTask#25 - INFO:MinuteTask end...
[INFO] - 2023-11-22 20:31:00.523 - [ScheduleThreadPool-test-thread-2] - MinuteTask#24 - INFO:MinuteTask start...
[INFO] - 2023-11-22 20:31:00.523 - [ScheduleThreadPool-test-thread-2] - MinuteTask#25 - INFO:MinuteTask end...
[INFO] - 2023-11-22 20:32:00.523 - [ScheduleThreadPool-test-thread-2] - MinuteTask#24 - INFO:MinuteTask start...
[INFO] - 2023-11-22 20:32:00.523 - [ScheduleThreadPool-test-thread-2] - MinuteTask#25 - INFO:MinuteTask end...
[INFO] - 2023-11-22 20:33:00.523 - [ScheduleThreadPool-test-thread-2] - MinuteTask#24 - INFO:MinuteTask start...
[INFO] - 2023-11-22 20:33:00.523 - [ScheduleThreadPool-test-thread-2] - MinuteTask#25 - INFO:MinuteTask end...
[INFO] - 2023-11-22 20:34:00.523 - [ScheduleThreadPool-test-thread-2] - MinuteTask#24 - INFO:MinuteTask start...
[INFO] - 2023-11-22 20:34:00.523 - [ScheduleThreadPool-test-thread-2] - MinuteTask#25 - INFO:MinuteTask end...
[INFO] - 2023-11-22 20:35:00.523 - [ScheduleThreadPool-test-thread-2] - MinuteTask#24 - INFO:MinuteTask start...
[INFO] - 2023-11-22 20:35:00.523 - [ScheduleThreadPool-test-thread-2] - MinuteTask#25 - INFO:MinuteTask end...
[INFO] - 2023-11-22 20:36:00.523 - [ScheduleThreadPool-test-thread-2] - MinuteTask#24 - INFO:MinuteTask start...
[INFO] - 2023-11-22 20:36:00.523 - [ScheduleThreadPool-test-thread-2] - MinuteTask#25 - INFO:MinuteTask end...
[INFO] - 2023-11-22 20:37:00.523 - [ScheduleThreadPool-test-thread-2] - MinuteTask#24 - INFO:MinuteTask start...
[INFO] - 2023-11-22 20:37:00.523 - [ScheduleThreadPool-test-thread-2] - MinuteTask#25 - INFO:MinuteTask end...
[INFO] - 2023-11-22 20:38:00.523 - [ScheduleThreadPool-test-thread-2] - MinuteTask#24 - INFO:MinuteTask start...
[INFO] - 2023-11-22 20:38:00.523 - [ScheduleThreadPool-test-thread-2] - MinuteTask#25 - INFO:MinuteTask end...
[INFO] - 2023-11-22 20:39:00.523 - [ScheduleThreadPool-test-thread-2] - MinuteTask#24 - INFO:MinuteTask start...
[INFO] - 2023-11-22 20:39:00.523 - [ScheduleThreadPool-test-thread-2] - MinuteTask#25 - INFO:MinuteTask end...
[INFO] - 2023-11-22 20:40:00.523 - [ScheduleThreadPool-test-thread-2] - MinuteTask#24 - INFO:MinuteTask start...
[INFO] - 2023-11-22 20:40:00.523 - [ScheduleThreadPool-test-thread-2] - MinuteTask#25 - INFO:MinuteTask end...
[INFO] - 2023-11-22 20:41:00.523 - [ScheduleThreadPool-test-thread-2] - MinuteTask#24 - INFO:MinuteTask start...
[INFO] - 2023-11-22 20:41:00.523 - [ScheduleThreadPool-test-thread-2] - MinuteTask#25 - INFO:MinuteTask end...
[INFO] - 2023-11-22 20:42:00.523 - [ScheduleThreadPool-test-thread-2] - MinuteTask#24 - INFO:MinuteTask start...
[INFO] - 2023-11-22 20:42:00.523 - [ScheduleThreadPool-test-thread-2] - MinuteTask#25 - INFO:MinuteTask end...
[INFO] - 2023-11-22 20:43:00.523 - [ScheduleThreadPool-test-thread-2] - MinuteTask#24 - INFO:MinuteTask start...
[INFO] - 2023-11-22 20:43:00.523 - [ScheduleThreadPool-test-thread-2] - MinuteTask#25 - INFO:MinuteTask end...
[INFO] - 2023-11-22 20:44:00.523 - [ScheduleThreadPool-test-thread-2] - MinuteTask#24 - INFO:MinuteTask start...
[INFO] - 2023-11-22 20:44:00.523 - [ScheduleThreadPool-test-thread-2] - MinuteTask#25 - INFO:MinuteTask end...
[INFO] - 2023-11-22 20:45:00.523 - [ScheduleThreadPool-test-thread-2] - MinuteTask#24 - INFO:MinuteTask start...
[INFO] - 2023-11-22 20:45:00.523 - [ScheduleThreadPool-test-thread-2] - MinuteTask#25 - INFO:MinuteTask end...
[INFO] - 2023-11-22 20:46:00.523 - [ScheduleThreadPool-test-thread-2] - MinuteTask#24 - INFO:MinuteTask start...
[INFO] - 2023-11-22 20:46:00.523 - [ScheduleThreadPool-test-thread-2] - MinuteTask#25 - INFO:MinuteTask end...
[INFO] - 2023-11-22 20:47:00.523 - [ScheduleThreadPool-test-thread-2] - MinuteTask#24 - INFO:MinuteTask start...
[INFO] - 2023-11-22 20:47:00.523 - [ScheduleThreadPool-test-thread-2] - MinuteTask#25 - INFO:MinuteTask end...
[INFO] - 2023-11-22 20:48:00.523 - [ScheduleThreadPool-test-thread-2] - MinuteTask#24 - INFO:MinuteTask start...
[INFO] - 2023-11-22 20:48:00.523 - [ScheduleThreadPool-test-thread-2] - MinuteTask#25 - INFO:MinuteTask end...
[INFO] - 2023-11-22 20:49:00.523 - [ScheduleThreadPool-test-thread-2] - MinuteTask#24 - INFO:MinuteTask start...
[INFO] - 2023-11-22 20:49:00.523 - [ScheduleThreadPool-test-thread-2] - MinuteTask#25 - INFO:MinuteTask end...
[INFO] - 2023-11-22 20:50:00.523 - [ScheduleThreadPool-test-thread-2] - MinuteTask#24 - INFO:MinuteTask start...
[INFO] - 2023-11-22 20:50:00.523 - [ScheduleThreadPool-test-thread-2] - MinuteTask#25 - INFO:MinuteTask end...
[INFO] - 2023-11-22 20:51:00.523 - [ScheduleThreadPool-test-thread-2] - MinuteTask#24 - INFO:MinuteTask start...
[INFO] - 2023-11-22 20:51:00.523 - [ScheduleThreadPool-test-thread-2] - MinuteTask#25 - INFO:MinuteTask end...
[INFO] - 2023-11-22 20:52:00.523 - [ScheduleThreadPool-test-thread-2] - MinuteTask#24 - INFO:MinuteTask start...
[INFO] - 2023-11-22 20:52:00.523 - [ScheduleThreadPool-test-thread-2] - MinuteTask#25 - INFO:MinuteTask end...
[INFO] - 2023-11-22 20:53:00.523 - [ScheduleThreadPool-test-thread-2] - MinuteTask#24 - INFO:MinuteTask start...
[INFO] - 2023-11-22 20:53:00.523 - [ScheduleThreadPool-test-thread-2] - MinuteTask#25 - INFO:MinuteTask end...
[INFO] - 2023-11-22 20:54:00.523 - [ScheduleThreadPool-test-thread-2] - MinuteTask#24 - INFO:MinuteTask start...
[INFO] - 2023-11-22 20:54:00.523 - [ScheduleThreadPool-test-thread-2] - MinuteTask#25 - INFO:MinuteTask end...
[INFO] - 2023-11-22 20:55:00.523 - [ScheduleThreadPool-test-thread-2] - MinuteTask#24 - INFO:MinuteTask start...
[INFO] - 2023-11-22 20:55:00.523 - [ScheduleThreadPool-test-thread-2] - MinuteTask#25 - INFO:MinuteTask end...
[INFO] - 2023-11-22 20:56:00.523 - [ScheduleThreadPool-test-thread-2] - MinuteTask#24 - INFO:MinuteTask start...
[INFO] - 2023-11-22 20:56:00.523 - [ScheduleThreadPool-test-thread-2] - MinuteTask#25 - INFO:MinuteTask end...
[INFO] - 2023-11-22 20:57:00.523 - [ScheduleThreadPool-test-thread-2] - MinuteTask#24 - INFO:MinuteTask start...
[INFO] - 2023-11-22 20:57:00.523 - [ScheduleThreadPool-test-thread-2] - MinuteTask#25 - INFO:MinuteTask end...
[INFO] - 2023-11-22 20:58:00.523 - [ScheduleThreadPool-test-thread-2] - MinuteTask#24 - INFO:MinuteTask start...
[INFO] - 2023-11-22 20:58:00.523 - [ScheduleThreadPool-test-thread-2] - MinuteTask#25 - INFO:MinuteTask end...
[INFO] - 2023-11-22 20:59:00.523 - [ScheduleThreadPool-test-thread-2] - MinuteTask#24 - INFO:MinuteTask start...
[INFO] - 2023-11-22 20:59:00.523 - [ScheduleThreadPool-test-thread-2] - MinuteTask#25 - INFO:MinuteTask end...
[INFO] - 2023-11-22 21:00:00.523 - [ScheduleThreadPool-test-thread-2] - MinuteTask#24 - INFO:MinuteTask start...
[INFO] - 2023-11-22 21:00:00.523 - [ScheduleThreadPool-test-thread-2] - MinuteTask#25 - INFO:MinuteTask end...
[INFO] - 2023-11-22 21:01:00.523 - [ScheduleThreadPool-test-thread-2] - MinuteTask#24 - INFO:MinuteTask start...
[INFO] - 2023-11-22 21:01:00.523 - [ScheduleThreadPool-test-thread-2] - MinuteTask#25 - INFO:MinuteTask end...
[INFO] - 2023-11-22 21:02:00.523 - [ScheduleThreadPool-test-thread-2] - MinuteTask#24 - INFO:MinuteTask start...
[INFO] - 2023-11-22 21:02:00.523 - [ScheduleThreadPool-test-thread-2] - MinuteTask#25 - INFO:MinuteTask end...
[INFO] - 2023-11-22 21:03:00.523 - [ScheduleThreadPool-test-thread-2] - MinuteTask#24 - INFO:MinuteTask start...
[INFO] - 2023-11-22 21:03:00.523 - [ScheduleThreadPool-test-thread-2] - MinuteTask#25 - INFO:MinuteTask end...
[INFO] - 2023-11-22 21:04:00.523 - [ScheduleThreadPool-test-thread-2] - MinuteTask#24 - INFO:MinuteTask start...
[INFO] - 2023-11-22 21:04:00.523 - [ScheduleThreadPool-test-thread-2] - MinuteTask#25 - INFO:MinuteTask end...
[INFO] - 2023-11-22 21:05:00.523 - [ScheduleThreadPool-test-thread-2] - MinuteTask#24 - INFO:MinuteTask start...
[INFO] - 2023-11-22 21:05:00.523 - [ScheduleThreadPool-test-thread-2] - MinuteTask#25 - INFO:MinuteTask end...
[INFO] - 2023-11-22 21:06:00.523 - [ScheduleThreadPool-test-thread-2] - MinuteTask#24 - INFO:MinuteTask start...
[INFO] - 2023-11-22 21:06:00.523 - [ScheduleThreadPool-test-thread-2] - MinuteTask#25 - INFO:MinuteTask end...
[INFO] - 2023-11-22 21:07:00.523 - [ScheduleThreadPool-test-thread-2] - MinuteTask#24 - INFO:MinuteTask start...
[INFO] - 2023-11-22 21:07:00.523 - [ScheduleThreadPool-test-thread-2] - MinuteTask#25 - INFO:MinuteTask end...
[INFO] - 2023-11-22 21:08:00.523 - [ScheduleThreadPool-test-thread-2] - MinuteTask#24 - INFO:MinuteTask start...
[INFO] - 2023-11-22 21:08:00.523 - [ScheduleThreadPool-test-thread-2] - MinuteTask#25 - INFO:MinuteTask end...
[INFO] - 2023-11-22 21:09:00.523 - [ScheduleThreadPool-test-thread-2] - MinuteTask#24 - INFO:MinuteTask start...
[INFO] - 2023-11-22 21:09:00.523 - [ScheduleThreadPool-test-thread-2] - MinuteTask#25 - INFO:MinuteTask end...
[INFO] - 2023-11-22 21:10:00.523 - [ScheduleThreadPool-test-thread-2] - MinuteTask#24 - INFO:MinuteTask start...
[INFO] - 2023-11-22 21:10:00.523 - [ScheduleThreadPool-test-thread-2] - MinuteTask#25 - INFO:MinuteTask end...
[INFO] - 2023-11-22 21:11:00.523 - [ScheduleThreadPool-test-thread-2] - MinuteTask#24 - INFO:MinuteTask start...
[INFO] - 2023-11-22 21:11:00.523 - [ScheduleThreadPool-test-thread-2] - MinuteTask#25 - INFO:MinuteTask end...
[INFO] - 2023-11-22 21:12:00.523 - [ScheduleThreadPool-test-thread-2] - MinuteTask#24 - INFO:MinuteTask start...
[INFO] - 2023-11-22 21:12:00.523 - [ScheduleThreadPool-test-thread-2] - MinuteTask#25 - INFO:MinuteTask end...
[INFO] - 2023-11-22 21:13:00.523 - [ScheduleThreadPool-test-thread-2] - MinuteTask#24 - INFO:MinuteTask start...
[INFO] - 2023-11-22 21:13:00.523 - [ScheduleThreadPool-test-thread-2] - MinuteTask#25 - INFO:MinuteTask end...
[INFO] - 2023-11-22 21:14:00.523 - [ScheduleThreadPool-test-thread-2] - MinuteTask#24 - INFO:MinuteTask start...
[INFO] - 2023-11-22 21:14:00.523 - [ScheduleThreadPool-test-thread-2] - MinuteTask#25 - INFO:MinuteTask end...
[INFO] - 2023-11-22 21:15:00.523 - [ScheduleThreadPool-test-thread-2] - MinuteTask#24 - INFO:MinuteTask start...
[INFO] - 2023-11-22 21:15:00.523 - [ScheduleThreadPool-test-thread-2] - MinuteTask#25 - INFO:MinuteTask end...
[INFO] - 2023-11-22 21:16:00.523 - [ScheduleThreadPool-test-thread-2] - MinuteTask#24 - INFO:MinuteTask start...
[INFO] - 2023-11-22 21:16:00.523 - [ScheduleThreadPool-test-thread-2] - MinuteTask#25 - INFO:MinuteTask end...
[INFO] - 2023-11-22 21:17:00.523 - [ScheduleThreadPool-test-thread-2] - MinuteTask#24 - INFO:MinuteTask start...
[INFO] - 2023-11-22 21:17:00.523 - [ScheduleThreadPool-test-thread-2] - MinuteTask#25 - INFO:MinuteTask end...
[INFO] - 2023-11-22 21:18:00.523 - [ScheduleThreadPool-test-thread-2] - MinuteTask#24 - INFO:MinuteTask start...
[INFO] - 2023-11-22 21:18:00.523 - [ScheduleThreadPool-test-thread-2] - MinuteTask#25 - INFO:MinuteTask end...
[INFO] - 2023-11-22 21:19:00.523 - [ScheduleThreadPool-test-thread-2] - MinuteTask#24 - INFO:MinuteTask start...
[INFO] - 2023-11-22 21:19:00.523 - [ScheduleThreadPool-test-thread-2] - MinuteTask#25 - INFO:MinuteTask end...
[INFO] - 2023-11-22 21:20:00.523 - [ScheduleThreadPool-test-thread-2] - MinuteTask#24 - INFO:MinuteTask start...
[INFO] - 2023-11-22 21:20:00.523 - [ScheduleThreadPool-test-thread-2] - MinuteTask#25 - INFO:MinuteTask end...
[INFO] - 2023-11-22 21:21:00.523 - [ScheduleThreadPool-test-thread-2] - MinuteTask#24 - INFO:MinuteTask start...
[INFO] - 2023-11-22 21:21:00.523 - [ScheduleThreadPool-test-thread-2] - MinuteTask#25 - INFO:MinuteTask end...
[INFO] - 2023-11-22 21:22:00.523 - [ScheduleThreadPool-test-thread-2] - MinuteTask#24 - INFO:MinuteTask start...
[INFO] - 2023-11-22 21:22:00.523 - [ScheduleThreadPool-test-thread-2] - MinuteTask#25 - INFO:MinuteTask end...
[INFO] - 2023-11-22 21:23:00.523 - [ScheduleThreadPool-test-thread-2] - MinuteTask#24 - INFO:MinuteTask start...
[INFO] - 2023-11-22 21:23:00.523 - [ScheduleThreadPool-test-thread-2] - MinuteTask#25 - INFO:MinuteTask end...
[INFO] - 2023-11-22 21:24:00.523 - [ScheduleThreadPool-test-thread-2] - MinuteTask#24 - INFO:MinuteTask start...
[INFO] - 2023-11-22 21:24:00.523 - [ScheduleThreadPool-test-thread-2] - MinuteTask#25 - INFO:MinuteTask end...
[INFO] - 2023-11-22 21:25:00.523 - [ScheduleThreadPool-test-thread-2] - MinuteTask#24 - INFO:MinuteTask start...
[INFO] - 2023-11-22 21:25:00.523 - [ScheduleThreadPool-test-thread-2] - MinuteTask#25 - INFO:MinuteTask end...
[INFO] - 2023-11-22 21:26:00.523 - [ScheduleThreadPool-test-thread-2] - MinuteTask#24 - INFO:MinuteTask start...
[INFO] - 2023-11-22 21:26:00.523 - [ScheduleThreadPool-test-thread-2] - MinuteTask#25 - INFO:MinuteTask end...
[INFO] - 2023-11-22 21:27:00.523 - [ScheduleThreadPool-test-thread-2] - MinuteTask#24 - INFO:MinuteTask start...
[INFO] - 2023-11-22 21:27:00.523 - [ScheduleThreadPool-test-thread-2] - MinuteTask#25 - INFO:MinuteTask end...
[INFO] - 2023-11-22 21:28:00.523 - [ScheduleThreadPool-test-thread-2] - MinuteTask#24 - INFO:MinuteTask start...
[INFO] - 2023-11-22 21:28:00.523 - [ScheduleThreadPool-test-thread-2] - MinuteTask#25 - INFO:MinuteTask end...
[INFO] - 2023-11-22 21:29:00.523 - [ScheduleThreadPool-test-thread-2] - MinuteTask#24 - INFO:MinuteTask start...
[INFO] - 2023-11-22 21:29:00.523 - [ScheduleThreadPool-test-thread-2] - MinuteTask#25 - INFO:MinuteTask end...
[INFO] - 2023-11-22 21:30:00.523 - [ScheduleThreadPool-test-thread-2] - MinuteTask#24 - INFO:MinuteTask start...
[INFO] - 2023-11-22 21:30:00.523 - [ScheduleThreadPool-test-thread-2] - MinuteTask#25 - INFO:MinuteTask end...
[INFO] - 2023-11-22 21:31:00.523 - [ScheduleThreadPool-test-thread-2] - MinuteTask#24 - INFO:MinuteTask start...
[INFO] - 2023-11-22 21:31:00.523 - [ScheduleThreadPool-test-thread-2] - MinuteTask#25 - INFO:MinuteTask end...
[INFO] - 2023-11-22 21:32:00.523 - [ScheduleThreadPool-test-thread-2] - MinuteTask#24 - INFO:MinuteTask start...
[INFO] - 2023-11-22 21:32:00.523 - [ScheduleThreadPool-test-thread-2] - MinuteTask#25 - INFO:MinuteTask end...
[INFO] - 2023-11-22 21:33:00.523 - [ScheduleThreadPool-test-thread-2] - MinuteTask#24 - INFO:MinuteTask start...
[INFO] - 2023-11-22 21:33:00.523 - [ScheduleThreadPool-test-thread-2] - MinuteTask#25 - INFO:MinuteTask end...
[INFO] - 2023-11-22 21:34:00.523 - [ScheduleThreadPool-test-thread-2] - MinuteTask#24 - INFO:MinuteTask start...
[INFO] - 2023-11-22 21:34:00.523 - [ScheduleThreadPool-test-thread-2] - MinuteTask#25 - INFO:MinuteTask end...
[INFO] - 2023-11-22 21:35:00.523 - [ScheduleThreadPool-test-thread-2] - MinuteTask#24 - INFO:MinuteTask start...
[INFO] - 2023-11-22 21:35:00.523 - [ScheduleThreadPool-test-thread-2] - MinuteTask#25 - INFO:MinuteTask end...
[INFO] - 2023-11-22 21:36:00.523 - [ScheduleThreadPool-test-thread-2] - MinuteTask#24 - INFO:MinuteTask start...
[INFO] - 2023-11-22 21:36:00.523 - [ScheduleThreadPool-test-thread-2] - MinuteTask#25 - INFO:MinuteTask end...
[INFO] - 2023-11-22 21:37:00.523 - [ScheduleThreadPool-test-thread-2] - MinuteTask#24 - INFO:MinuteTask start...
[INFO] - 2023-11-22 21:37:00.523 - [ScheduleThreadPool-test-thread-2] - MinuteTask#25 - INFO:MinuteTask end...
[INFO] - 2023-11-22 21:38:00.523 - [ScheduleThreadPool-test-thread-2] - MinuteTask#24 - INFO:MinuteTask start...
[INFO] - 2023-11-22 21:38:00.523 - [ScheduleThreadPool-test-thread-2] - MinuteTask#25 - INFO:MinuteTask end...
[INFO] - 2023-11-22 21:39:00.523 - [ScheduleThreadPool-test-thread-2] - MinuteTask#24 - INFO:MinuteTask start...
[INFO] - 2023-11-22 21:39:00.523 - [ScheduleThreadPool-test-thread-2] - MinuteTask#25 - INFO:MinuteTask end...
[INFO] - 2023-11-22 21:40:00.523 - [ScheduleThreadPool-test-thread-2] - MinuteTask#24 - INFO:MinuteTask start...
[INFO] - 2023-11-22 21:40:00.523 - [ScheduleThreadPool-test-thread-2] - MinuteTask#25 - INFO:MinuteTask end...
[INFO] - 2023-11-22 21:41:00.523 - [ScheduleThreadPool-test-thread-2] - MinuteTask#24 - INFO:MinuteTask start...
[INFO] - 2023-11-22 21:41:00.523 - [ScheduleThreadPool-test-thread-2] - MinuteTask#25 - INFO:MinuteTask end...
[INFO] - 2023-11-22 21:42:00.523 - [ScheduleThreadPool-test-thread-2] - MinuteTask#24 - INFO:MinuteTask start...
[INFO] - 2023-11-22 21:42:00.523 - [ScheduleThreadPool-test-thread-2] - MinuteTask#25 - INFO:MinuteTask end...
[INFO] - 2023-11-22 21:43:00.523 - [ScheduleThreadPool-test-thread-2] - MinuteTask#24 - INFO:MinuteTask start...
[INFO] - 2023-11-22 21:43:00.523 - [ScheduleThreadPool-test-thread-2] - MinuteTask#25 - INFO:MinuteTask end...
[INFO] - 2023-11-22 21:44:00.523 - [ScheduleThreadPool-test-thread-2] - MinuteTask#24 - INFO:MinuteTask start...
[INFO] - 2023-11-22 21:44:00.523 - [ScheduleThreadPool-test-thread-2] - MinuteTask#25 - INFO:MinuteTask end...
[INFO] - 2023-11-22 21:45:00.523 - [ScheduleThreadPool-test-thread-2] - MinuteTask#24 - INFO:MinuteTask start...
[INFO] - 2023-11-22 21:45:00.523 - [ScheduleThreadPool-test-thread-2] - MinuteTask#25 - INFO:MinuteTask end...
[INFO] - 2023-11-22 21:46:00.523 - [ScheduleThreadPool-test-thread-2] - MinuteTask#24 - INFO:MinuteTask start...
[INFO] - 2023-11-22 21:46:00.523 - [ScheduleThreadPool-test-thread-2] - MinuteTask#25 - INFO:MinuteTask end...
[INFO] - 2023-11-22 21:47:00.523 - [ScheduleThreadPool-test-thread-2] - MinuteTask#24 - INFO:MinuteTask start...
[INFO] - 2023-11-22 21:47:00.523 - [ScheduleThreadPool-test-thread-2] - MinuteTask#25 - INFO:MinuteTask end...
[INFO] - 2023-11-22 21:48:00.523 - [ScheduleThreadPool-test-thread-2] - MinuteTask#24 - INFO:MinuteTask start...
[INFO] - 2023-11-22 21:48:00.523 - [ScheduleThreadPool-test-thread-2] - MinuteTask#25 - INFO:MinuteTask end...
[INFO] - 2023-11-22 21:49:00.523 - [ScheduleThreadPool-test-thread-2] - MinuteTask#24 - INFO:MinuteTask start...
[INFO] - 2023-11-22 21:49:00.523 - [ScheduleThreadPool-test-thread-2] - MinuteTask#25 - INFO:MinuteTask end...
[INFO] - 2023-11-22 21:50:00.523 - [ScheduleThreadPool-test-thread-2] - MinuteTask#24 - INFO:MinuteTask start...
[INFO] - 2023-11-22 21:50:00.523 - [ScheduleThreadPool-test-thread-2] - MinuteTask#25 - INFO:MinuteTask end...
[INFO] - 2023-11-22 21:51:00.523 - [ScheduleThreadPool-test-thread-2] - MinuteTask#24 - INFO:MinuteTask start...
[INFO] - 2023-11-22 21:51:00.523 - [ScheduleThreadPool-test-thread-2] - MinuteTask#25 - INFO:MinuteTask end...
[INFO] - 2023-11-22 21:52:00.523 - [ScheduleThreadPool-test-thread-2] - MinuteTask#24 - INFO:MinuteTask start...
[INFO] - 2023-11-22 21:52:00.523 - [ScheduleThreadPool-test-thread-2] - MinuteTask#25 - INFO:MinuteTask end...
[INFO] - 2023-11-22 21:53:00.523 - [ScheduleThreadPool-test-thread-2] - MinuteTask#24 - INFO:MinuteTask start...
[INFO] - 2023-11-22 21:53:00.523 - [ScheduleThreadPool-test-thread-2] - MinuteTask#25 - INFO:MinuteTask end...
[INFO] - 2023-11-22 21:54:00.523 - [ScheduleThreadPool-test-thread-2] - MinuteTask#24 - INFO:MinuteTask start...
[INFO] - 2023-11-22 21:54:00.523 - [ScheduleThreadPool-test-thread-2] - MinuteTask#25 - INFO:MinuteTask end...
[INFO] - 2023-11-22 21:55:00.523 - [ScheduleThreadPool-test-thread-2] - MinuteTask#24 - INFO:MinuteTask start...
[INFO] - 2023-11-22 21:55:00.523 - [ScheduleThreadPool-test-thread-2] - MinuteTask#25 - INFO:MinuteTask end...
[INFO] - 2023-11-22 21:56:00.523 - [ScheduleThreadPool-test-thread-2] - MinuteTask#24 - INFO:MinuteTask start...
[INFO] - 2023-11-22 21:56:00.523 - [ScheduleThreadPool-test-thread-2] - MinuteTask#25 - INFO:MinuteTask end...
[INFO] - 2023-11-22 21:57:00.523 - [ScheduleThreadPool-test-thread-2] - MinuteTask#24 - INFO:MinuteTask start...
[INFO] - 2023-11-22 21:57:00.523 - [ScheduleThreadPool-test-thread-2] - MinuteTask#25 - INFO:MinuteTask end...
[INFO] - 2023-11-22 21:58:00.523 - [ScheduleThreadPool-test-thread-2] - MinuteTask#24 - INFO:MinuteTask start...
[INFO] - 2023-11-22 21:58:00.523 - [ScheduleThreadPool-test-thread-2] - MinuteTask#25 - INFO:MinuteTask end...
[INFO] - 2023-11-22 21:59:00.523 - [ScheduleThreadPool-test-thread-2] - MinuteTask#24 - INFO:MinuteTask start...
[INFO] - 2023-11-22 21:59:00.523 - [ScheduleThreadPool-test-thread-2] - MinuteTask#25 - INFO:MinuteTask end...
[INFO] - 2023-11-22 22:00:00.523 - [ScheduleThreadPool-test-thread-2] - MinuteTask#24 - INFO:MinuteTask start...
[INFO] - 2023-11-22 22:00:00.523 - [ScheduleThreadPool-test-thread-2] - MinuteTask#25 - INFO:MinuteTask end...
[INFO] - 2023-11-22 22:01:00.523 - [ScheduleThreadPool-test-thread-2] - MinuteTask#24 - INFO:MinuteTask start...
[INFO] - 2023-11-22 22:01:00.523 - [ScheduleThreadPool-test-thread-2] - MinuteTask#25 - INFO:MinuteTask end...
[INFO] - 2023-11-22 22:02:00.523 - [ScheduleThreadPool-test-thread-2] - MinuteTask#24 - INFO:MinuteTask start...
[INFO] - 2023-11-22 22:02:00.523 - [ScheduleThreadPool-test-thread-2] - MinuteTask#25 - INFO:MinuteTask end...
[INFO] - 2023-11-22 22:03:00.523 - [ScheduleThreadPool-test-thread-2] - MinuteTask#24 - INFO:MinuteTask start...
[INFO] - 2023-11-22 22:03:00.523 - [ScheduleThreadPool-test-thread-2] - MinuteTask#25 - INFO:MinuteTask end...
[INFO] - 2023-11-22 22:04:00.523 - [ScheduleThreadPool-test-thread-2] - MinuteTask#24 - INFO:MinuteTask start...
[INFO] - 2023-11-22 22:04:00.523 - [ScheduleThreadPool-test-thread-2] - MinuteTask#25 - INFO:MinuteTask end...
[INFO] - 2023-11-22 22:05:00.523 - [ScheduleThreadPool-test-thread-2] - MinuteTask#24 - INFO:MinuteTask start...
[INFO] - 2023-11-22 22:05:00.523 - [ScheduleThreadPool-test-thread-2] - MinuteTask#25 - INFO:MinuteTask end...
[INFO] - 2023-11-22 22:06:00.523 - [ScheduleThreadPool-test-thread-2] - MinuteTask#24 - INFO:MinuteTask start...
[INFO] - 2023-11-22 22:06:00.523 - [ScheduleThreadPool-test-thread-2] - MinuteTask#25 - INFO:MinuteTask end...
[INFO] - 2023-11-22 22:07:00.523 - [ScheduleThreadPool-test-thread-2] - MinuteTask#24 - INFO:MinuteTask start...
[INFO] - 2023-11-22 22:07:00.523 - [ScheduleThreadPool-test-thread-2] - MinuteTask#25 - INFO:MinuteTask end...
[INFO] - 2023-11-22 22:08:00.523 - [ScheduleThreadPool-test-thread-2] - MinuteTask#24 - INFO:MinuteTask start...
[INFO] - 2023-11-22 22:08:00.523 - [ScheduleThreadPool-test-thread-2] - MinuteTask#25 - INFO:MinuteTask end...
[INFO] - 2023-11-22 22:09:00.523 - [ScheduleThreadPool-test-thread-2] - MinuteTask#24 - INFO:MinuteTask start...
[INFO] - 2023-11-22 22:09:00.523 - [ScheduleThreadPool-test-thread-2] - MinuteTask#25 - INFO:MinuteTask end...
[INFO] - 2023-11-22 22:10:00.523 - [ScheduleThreadPool-test-thread-2] - MinuteTask#24 - INFO:MinuteTask start...
[INFO] - 2023-11-22 22:10:00.523 - [ScheduleThreadPool-test-thread-2] - MinuteTask#25 - INFO:MinuteTask end...
[INFO] - 2023-11-22 22:11:00.523 - [ScheduleThreadPool-test-thread-2] - MinuteTask#24 - INFO:MinuteTask start...
[INFO] - 2023-11-22 22:11:00.523 - [ScheduleThreadPool-test-thread-2] - MinuteTask#25 - INFO:MinuteTask end...
[INFO] - 2023-11-22 22:12:00.523 - [ScheduleThreadPool-test-thread-2] - MinuteTask#24 - INFO:MinuteTask start...
[INFO] - 2023-11-22 22:12:00.523 - [ScheduleThreadPool-test-thread-2] - MinuteTask#25 - INFO:MinuteTask end...
[INFO] - 2023-11-22 22:13:00.523 - [ScheduleThreadPool-test-thread-2] - MinuteTask#24 - INFO:MinuteTask start...
[INFO] - 2023-11-22 22:13:00.523 - [ScheduleThreadPool-test-thread-2] - MinuteTask#25 - INFO:MinuteTask end...
[INFO] - 2023-11-22 22:14:00.523 - [ScheduleThreadPool-test-thread-2] - MinuteTask#24 - INFO:MinuteTask start...
[INFO] - 2023-11-22 22:14:00.523 - [ScheduleThreadPool-test-thread-2] - MinuteTask#25 - INFO:MinuteTask end...
[INFO] - 2023-11-22 22:15:00.523 - [ScheduleThreadPool-test-thread-2] - MinuteTask#24 - INFO:MinuteTask start...
[INFO] - 2023-11-22 22:15:00.523 - [ScheduleThreadPool-test-thread-2] - MinuteTask#25 - INFO:MinuteTask end...
[INFO] - 2023-11-22 22:16:00.523 - [ScheduleThreadPool-test-thread-2] - MinuteTask#24 - INFO:MinuteTask start...
[INFO] - 2023-11-22 22:16:00.523 - [ScheduleThreadPool-test-thread-2] - MinuteTask#25 - INFO:MinuteTask end...
[INFO] - 2023-11-22 22:17:00.523 - [ScheduleThreadPool-test-thread-2] - MinuteTask#24 - INFO:MinuteTask start...
[INFO] - 2023-11-22 22:17:00.523 - [ScheduleThreadPool-test-thread-2] - MinuteTask#25 - INFO:MinuteTask end...
[INFO] - 2023-11-22 22:18:00.523 - [ScheduleThreadPool-test-thread-2] - MinuteTask#24 - INFO:MinuteTask start...
[INFO] - 2023-11-22 22:18:00.523 - [ScheduleThreadPool-test-thread-2] - MinuteTask#25 - INFO:MinuteTask end...
[INFO] - 2023-11-22 22:19:00.523 - [ScheduleThreadPool-test-thread-2] - MinuteTask#24 - INFO:MinuteTask start...
[INFO] - 2023-11-22 22:19:00.523 - [ScheduleThreadPool-test-thread-2] - MinuteTask#25 - INFO:MinuteTask end...
[INFO] - 2023-11-22 22:20:00.523 - [ScheduleThreadPool-test-thread-2] - MinuteTask#24 - INFO:MinuteTask start...
[INFO] - 2023-11-22 22:20:00.523 - [ScheduleThreadPool-test-thread-2] - MinuteTask#25 - INFO:MinuteTask end...
[INFO] - 2023-11-22 22:21:00.523 - [ScheduleThreadPool-test-thread-2] - MinuteTask#24 - INFO:MinuteTask start...
[INFO] - 2023-11-22 22:21:00.523 - [ScheduleThreadPool-test-thread-2] - MinuteTask#25 - INFO:MinuteTask end...
[INFO] - 2023-11-22 22:22:00.523 - [ScheduleThreadPool-test-thread-2] - MinuteTask#24 - INFO:MinuteTask start...
[INFO] - 2023-11-22 22:22:00.523 - [ScheduleThreadPool-test-thread-2] - MinuteTask#25 - INFO:MinuteTask end...
[INFO] - 2023-11-22 22:23:00.523 - [ScheduleThreadPool-test-thread-2] - MinuteTask#24 - INFO:MinuteTask start...
[INFO] - 2023-11-22 22:23:00.523 - [ScheduleThreadPool-test-thread-2] - MinuteTask#25 - INFO:MinuteTask end...
[INFO] - 2023-11-22 22:24:00.523 - [ScheduleThreadPool-test-thread-2] - MinuteTask#24 - INFO:MinuteTask start...
[INFO] - 2023-11-22 22:24:00.523 - [ScheduleThreadPool-test-thread-2] - MinuteTask#25 - INFO:MinuteTask end...
[INFO] - 2023-11-22 22:25:00.523 - [ScheduleThreadPool-test-thread-2] - MinuteTask#24 - INFO:MinuteTask start...
[INFO] - 2023-11-22 22:25:00.523 - [ScheduleThreadPool-test-thread-2] - MinuteTask#25 - INFO:MinuteTask end...
[INFO] - 2023-11-22 22:26:00.523 - [ScheduleThreadPool-test-thread-2] - MinuteTask#24 - INFO:MinuteTask start...
[INFO] - 2023-11-22 22:26:00.523 - [ScheduleThreadPool-test-thread-2] - MinuteTask#25 - INFO:MinuteTask end...
[INFO] - 2023-11-22 22:27:00.523 - [ScheduleThreadPool-test-thread-2] - MinuteTask#24 - INFO:MinuteTask start...
[INFO] - 2023-11-22 22:27:00.523 - [ScheduleThreadPool-test-thread-2] - MinuteTask#25 - INFO:MinuteTask end...
[INFO] - 2023-11-22 22:28:00.523 - [ScheduleThreadPool-test-thread-2] - MinuteTask#24 - INFO:MinuteTask start...
[INFO] - 2023-11-22 22:28:00.523 - [ScheduleThreadPool-test-thread-2] - MinuteTask#25 - INFO:MinuteTask end...
[INFO] - 2023-11-22 22:29:00.523 - [ScheduleThreadPool-test-thread-2] - MinuteTask#24 - INFO:MinuteTask start...
[INFO] - 2023-11-22 22:29:00.523 - [ScheduleThreadPool-test-thread-2] - MinuteTask#25 - INFO:MinuteTask end...
[INFO] - 2023-11-22 22:30:00.523 - [ScheduleThreadPool-test-thread-2] - MinuteTask#24 - INFO:MinuteTask start...
[INFO] - 2023-11-22 22:30:00.523 - [ScheduleThreadPool-test-thread-2] - MinuteTask#25 - INFO:MinuteTask end...
[INFO] - 2023-11-22 22:31:00.523 - [ScheduleThreadPool-test-thread-2] - MinuteTask#24 - INFO:MinuteTask start...
[INFO] - 2023-11-22 22:31:00.523 - [ScheduleThreadPool-test-thread-2] - MinuteTask#25 - INFO:MinuteTask end...
[INFO] - 2023-11-22 22:32:00.523 - [ScheduleThreadPool-test-thread-2] - MinuteTask#24 - INFO:MinuteTask start...
[INFO] - 2023-11-22 22:32:00.523 - [ScheduleThreadPool-test-thread-2] - MinuteTask#25 - INFO:MinuteTask end...
[INFO] - 2023-11-22 22:33:00.523 - [ScheduleThreadPool-test-thread-2] - MinuteTask#24 - INFO:MinuteTask start...
[INFO] - 2023-11-22 22:33:00.523 - [ScheduleThreadPool-test-thread-2] - MinuteTask#25 - INFO:MinuteTask end...
[INFO] - 2023-11-22 22:34:00.523 - [ScheduleThreadPool-test-thread-2] - MinuteTask#24 - INFO:MinuteTask start...
[INFO] - 2023-11-22 22:34:00.523 - [ScheduleThreadPool-test-thread-2] - MinuteTask#25 - INFO:MinuteTask end...
[INFO] - 2023-11-22 22:35:00.523 - [ScheduleThreadPool-test-thread-2] - MinuteTask#24 - INFO:MinuteTask start...
[INFO] - 2023-11-22 22:35:00.523 - [ScheduleThreadPool-test-thread-2] - MinuteTask#25 - INFO:MinuteTask end...
[INFO] - 2023-11-22 22:36:00.523 - [ScheduleThreadPool-test-thread-2] - MinuteTask#24 - INFO:MinuteTask start...
[INFO] - 2023-11-22 22:36:00.523 - [ScheduleThreadPool-test-thread-2] - MinuteTask#25 - INFO:MinuteTask end...
[INFO] - 2023-11-22 22:37:00.523 - [ScheduleThreadPool-test-thread-2] - MinuteTask#24 - INFO:MinuteTask start...
[INFO] - 2023-11-22 22:37:00.523 - [ScheduleThreadPool-test-thread-2] - MinuteTask#25 - INFO:MinuteTask end...
[INFO] - 2023-11-22 22:38:00.523 - [ScheduleThreadPool-test-thread-2] - MinuteTask#24 - INFO:MinuteTask start...
[INFO] - 2023-11-22 22:38:00.523 - [ScheduleThreadPool-test-thread-2] - MinuteTask#25 - INFO:MinuteTask end...
[INFO] - 2023-11-22 22:39:00.523 - [ScheduleThreadPool-test-thread-2] - MinuteTask#24 - INFO:MinuteTask start...
[INFO] - 2023-11-22 22:39:00.523 - [ScheduleThreadPool-test-thread-2] - MinuteTask#25 - INFO:MinuteTask end...
[INFO] - 2023-11-22 22:40:00.523 - [ScheduleThreadPool-test-thread-2] - MinuteTask#24 - INFO:MinuteTask start...
[INFO] - 2023-11-22 22:40:00.523 - [ScheduleThreadPool-test-thread-2] - MinuteTask#25 - INFO:MinuteTask end...
[INFO] - 2023-11-22 22:41:00.523 - [ScheduleThreadPool-test-thread-2] - MinuteTask#24 - INFO:MinuteTask start...
[INFO] - 2023-11-22 22:41:00.523 - [ScheduleThreadPool-test-thread-2] - MinuteTask#25 - INFO:MinuteTask end...
[INFO] - 2023-11-22 22:42:00.523 - [ScheduleThreadPool-test-thread-2] - MinuteTask#24 - INFO:MinuteTask start...
[INFO] - 2023-11-22 22:42:00.523 - [ScheduleThreadPool-test-thread-2] - MinuteTask#25 - INFO:MinuteTask end...
[INFO] - 2023-11-22 22:43:00.523 - [ScheduleThreadPool-test-thread-2] - MinuteTask#24 - INFO:MinuteTask start...
[INFO] - 2023-11-22 22:43:00.523 - [ScheduleThreadPool-test-thread-2] - MinuteTask#25 - INFO:MinuteTask end...
[INFO] - 2023-11-22 22:44:00.523 - [ScheduleThreadPool-test-thread-2] - MinuteTask#24 - INFO:MinuteTask start...
[INFO] - 2023-11-22 22:44:00.523 - [ScheduleThreadPool-test-thread-2] - MinuteTask#25 - INFO:MinuteTask end...
[INFO] - 2023-11-22 22:45:00.523 - [ScheduleThreadPool-test-thread-2] - MinuteTask#24 - INFO:MinuteTask start...
[INFO] - 2023-11-22 22:45:00.523 - [ScheduleThreadPool-test-thread-2] - MinuteTask#25 - INFO:MinuteTask end...
[INFO] - 2023-11-22 22:46:00.523 - [ScheduleThreadPool-test-thread-2] - MinuteTask#24 - INFO:MinuteTask start...
[INFO] - 2023-11-22 22:46:00.523 - [ScheduleThreadPool-test-thread-2] - MinuteTask#25 - INFO:MinuteTask end...
[INFO] - 2023-11-22 22:47:00.523 - [ScheduleThreadPool-test-thread-2] - MinuteTask#24 - INFO:MinuteTask start...
[INFO] - 2023-11-22 22:47:00.523 - [ScheduleThreadPool-test-thread-2] - MinuteTask#25 - INFO:MinuteTask end...
[INFO] - 2023-11-22 22:48:00.523 - [ScheduleThreadPool-test-thread-2] - MinuteTask#24 - INFO:MinuteTask start...
[INFO] - 2023-11-22 22:48:00.523 - [ScheduleThreadPool-test-thread-2] - MinuteTask#25 - INFO:MinuteTask end...
[INFO] - 2023-11-22 22:49:00.523 - [ScheduleThreadPool-test-thread-2] - MinuteTask#24 - INFO:MinuteTask start...
[INFO] - 2023-11-22 22:49:00.523 - [ScheduleThreadPool-test-thread-2] - MinuteTask#25 - INFO:MinuteTask end...
[INFO] - 2023-11-22 22:50:00.523 - [ScheduleThreadPool-test-thread-2] - MinuteTask#24 - INFO:MinuteTask start...
[INFO] - 2023-11-22 22:50:00.523 - [ScheduleThreadPool-test-thread-2] - MinuteTask#25 - INFO:MinuteTask end...
[INFO] - 2023-11-22 22:51:00.523 - [ScheduleThreadPool-test-thread-2] - MinuteTask#24 - INFO:MinuteTask start...
[INFO] - 2023-11-22 22:51:00.523 - [ScheduleThreadPool-test-thread-2] - MinuteTask#25 - INFO:MinuteTask end...
[INFO] - 2023-11-22 22:52:00.523 - [ScheduleThreadPool-test-thread-2] - MinuteTask#24 - INFO:MinuteTask start...
[INFO] - 2023-11-22 22:52:00.523 - [ScheduleThreadPool-test-thread-2] - MinuteTask#25 - INFO:MinuteTask end...
[INFO] - 2023-11-22 22:53:00.523 - [ScheduleThreadPool-test-thread-2] - MinuteTask#24 - INFO:MinuteTask start...
[INFO] - 2023-11-22 22:53:00.523 - [ScheduleThreadPool-test-thread-2] - MinuteTask#25 - INFO:MinuteTask end...
[INFO] - 2023-11-22 22:54:00.523 - [ScheduleThreadPool-test-thread-2] - MinuteTask#24 - INFO:MinuteTask start...
[INFO] - 2023-11-22 22:54:00.523 - [ScheduleThreadPool-test-thread-2] - MinuteTask#25 - INFO:MinuteTask end...
[INFO] - 2023-11-22 22:55:00.523 - [ScheduleThreadPool-test-thread-2] - MinuteTask#24 - INFO:MinuteTask start...
[INFO] - 2023-11-22 22:55:00.523 - [ScheduleThreadPool-test-thread-2] - MinuteTask#25 - INFO:MinuteTask end...
[INFO] - 2023-11-22 22:56:00.523 - [ScheduleThreadPool-test-thread-2] - MinuteTask#24 - INFO:MinuteTask start...
[INFO] - 2023-11-22 22:56:00.523 - [ScheduleThreadPool-test-thread-2] - MinuteTask#25 - INFO:MinuteTask end...
[INFO] - 2023-11-22 22:57:00.523 - [ScheduleThreadPool-test-thread-2] - MinuteTask#24 - INFO:MinuteTask start...
[INFO] - 2023-11-22 22:57:00.523 - [ScheduleThreadPool-test-thread-2] - MinuteTask#25 - INFO:MinuteTask end...
[INFO] - 2023-11-22 22:58:00.523 - [ScheduleThreadPool-test-thread-2] - MinuteTask#24 - INFO:MinuteTask start...
[INFO] - 2023-11-22 22:58:00.523 - [ScheduleThreadPool-test-thread-2] - MinuteTask#25 - INFO:MinuteTask end...
[INFO] - 2023-11-22 22:59:00.523 - [ScheduleThreadPool-test-thread-2] - MinuteTask#24 - INFO:MinuteTask start...
[INFO] - 2023-11-22 22:59:00.523 - [ScheduleThreadPool-test-thread-2] - MinuteTask#25 - INFO:MinuteTask end...
[INFO] - 2023-11-22 23:00:00.523 - [ScheduleThreadPool-test-thread-2] - MinuteTask#24 - INFO:MinuteTask start...
[INFO] - 2023-11-22 23:00:00.523 - [ScheduleThreadPool-test-thread-2] - MinuteTask#25 - INFO:MinuteTask end...
[INFO] - 2023-11-22 23:01:00.523 - [ScheduleThreadPool-test-thread-2] - MinuteTask#24 - INFO:MinuteTask start...
[INFO] - 2023-11-22 23:01:00.523 - [ScheduleThreadPool-test-thread-2] - MinuteTask#25 - INFO:MinuteTask end...
[INFO] - 2023-11-22 23:02:00.523 - [ScheduleThreadPool-test-thread-2] - MinuteTask#24 - INFO:MinuteTask start...
[INFO] - 2023-11-22 23:02:00.523 - [ScheduleThreadPool-test-thread-2] - MinuteTask#25 - INFO:MinuteTask end...
[INFO] - 2023-11-22 23:03:00.523 - [ScheduleThreadPool-test-thread-2] - MinuteTask#24 - INFO:MinuteTask start...
[INFO] - 2023-11-22 23:03:00.523 - [ScheduleThreadPool-test-thread-2] - MinuteTask#25 - INFO:MinuteTask end...
[INFO] - 2023-11-22 23:04:00.523 - [ScheduleThreadPool-test-thread-2] - MinuteTask#24 - INFO:MinuteTask start...
[INFO] - 2023-11-22 23:04:00.523 - [ScheduleThreadPool-test-thread-2] - MinuteTask#25 - INFO:MinuteTask end...
[INFO] - 2023-11-22 23:05:00.523 - [ScheduleThreadPool-test-thread-2] - MinuteTask#24 - INFO:MinuteTask start...
[INFO] - 2023-11-22 23:05:00.523 - [ScheduleThreadPool-test-thread-2] - MinuteTask#25 - INFO:MinuteTask end...
[INFO] - 2023-11-22 23:06:00.523 - [ScheduleThreadPool-test-thread-2] - MinuteTask#24 - INFO:MinuteTask start...
[INFO] - 2023-11-22 23:06:00.523 - [ScheduleThreadPool-test-thread-2] - MinuteTask#25 - INFO:MinuteTask end...
[INFO] - 2023-11-22 23:07:00.523 - [ScheduleThreadPool-test-thread-2] - MinuteTask#24 - INFO:MinuteTask start...
[INFO] - 2023-11-22 23:07:00.523 - [ScheduleThreadPool-test-thread-2] - MinuteTask#25 - INFO:MinuteTask end...
[INFO] - 2023-11-22 23:08:00.523 - [ScheduleThreadPool-test-thread-2] - MinuteTask#24 - INFO:MinuteTask start...
[INFO] - 2023-11-22 23:08:00.523 - [ScheduleThreadPool-test-thread-2] - MinuteTask#25 - INFO:MinuteTask end...
[INFO] - 2023-11-22 23:09:00.523 - [ScheduleThreadPool-test-thread-2] - MinuteTask#24 - INFO:MinuteTask start...
[INFO] - 2023-11-22 23:09:00.523 - [ScheduleThreadPool-test-thread-2] - MinuteTask#25 - INFO:MinuteTask end...
[INFO] - 2023-11-22 23:10:00.523 - [ScheduleThreadPool-test-thread-2] - MinuteTask#24 - INFO:MinuteTask start...
[INFO] - 2023-11-22 23:10:00.523 - [ScheduleThreadPool-test-thread-2] - MinuteTask#25 - INFO:MinuteTask end...
[INFO] - 2023-11-22 23:11:00.523 - [ScheduleThreadPool-test-thread-2] - MinuteTask#24 - INFO:MinuteTask start...
[INFO] - 2023-11-22 23:11:00.523 - [ScheduleThreadPool-test-thread-2] - MinuteTask#25 - INFO:MinuteTask end...
[INFO] - 2023-11-22 23:12:00.523 - [ScheduleThreadPool-test-thread-2] - MinuteTask#24 - INFO:MinuteTask start...
[INFO] - 2023-11-22 23:12:00.523 - [ScheduleThreadPool-test-thread-2] - MinuteTask#25 - INFO:MinuteTask end...
[INFO] - 2023-11-22 23:13:00.523 - [ScheduleThreadPool-test-thread-2] - MinuteTask#24 - INFO:MinuteTask start...
[INFO] - 2023-11-22 23:13:00.523 - [ScheduleThreadPool-test-thread-2] - MinuteTask#25 - INFO:MinuteTask end...
[INFO] - 2023-11-22 23:14:00.523 - [ScheduleThreadPool-test-thread-2] - MinuteTask#24 - INFO:MinuteTask start...
[INFO] - 2023-11-22 23:14:00.523 - [ScheduleThreadPool-test-thread-2] - MinuteTask#25 - INFO:MinuteTask end...
[INFO] - 2023-11-22 23:15:00.523 - [ScheduleThreadPool-test-thread-2] - MinuteTask#24 - INFO:MinuteTask start...
[INFO] - 2023-11-22 23:15:00.523 - [ScheduleThreadPool-test-thread-2] - MinuteTask#25 - INFO:MinuteTask end...
[INFO] - 2023-11-22 23:16:00.523 - [ScheduleThreadPool-test-thread-2] - MinuteTask#24 - INFO:MinuteTask start...
[INFO] - 2023-11-22 23:16:00.523 - [ScheduleThreadPool-test-thread-2] - MinuteTask#25 - INFO:MinuteTask end...
[INFO] - 2023-11-22 23:17:00.523 - [ScheduleThreadPool-test-thread-2] - MinuteTask#24 - INFO:MinuteTask start...
[INFO] - 2023-11-22 23:17:00.523 - [ScheduleThreadPool-test-thread-2] - MinuteTask#25 - INFO:MinuteTask end...
[INFO] - 2023-11-22 23:18:00.523 - [ScheduleThreadPool-test-thread-2] - MinuteTask#24 - INFO:MinuteTask start...
[INFO] - 2023-11-22 23:18:00.523 - [ScheduleThreadPool-test-thread-2] - MinuteTask#25 - INFO:MinuteTask end...
[INFO] - 2023-11-22 23:19:00.523 - [ScheduleThreadPool-test-thread-2] - MinuteTask#24 - INFO:MinuteTask start...
[INFO] - 2023-11-22 23:19:00.523 - [ScheduleThreadPool-test-thread-2] - MinuteTask#25 - INFO:MinuteTask end...
[INFO] - 2023-11-22 23:20:00.523 - [ScheduleThreadPool-test-thread-2] - MinuteTask#24 - INFO:MinuteTask start...
[INFO] - 2023-11-22 23:20:00.523 - [ScheduleThreadPool-test-thread-2] - MinuteTask#25 - INFO:MinuteTask end...
[INFO] - 2023-11-22 23:21:00.523 - [ScheduleThreadPool-test-thread-2] - MinuteTask#24 - INFO:MinuteTask start...
[INFO] - 2023-11-22 23:21:00.523 - [ScheduleThreadPool-test-thread-2] - MinuteTask#25 - INFO:MinuteTask end...
[INFO] - 2023-11-22 23:22:00.523 - [ScheduleThreadPool-test-thread-2] - MinuteTask#24 - INFO:MinuteTask start...
[INFO] - 2023-11-22 23:22:00.523 - [ScheduleThreadPool-test-thread-2] - MinuteTask#25 - INFO:MinuteTask end...
[INFO] - 2023-11-22 23:23:00.523 - [ScheduleThreadPool-test-thread-2] - MinuteTask#24 - INFO:MinuteTask start...
[INFO] - 2023-11-22 23:23:00.523 - [ScheduleThreadPool-test-thread-2] - MinuteTask#25 - INFO:MinuteTask end...
[INFO] - 2023-11-22 23:24:00.523 - [ScheduleThreadPool-test-thread-2] - MinuteTask#24 - INFO:MinuteTask start...
[INFO] - 2023-11-22 23:24:00.523 - [ScheduleThreadPool-test-thread-2] - MinuteTask#25 - INFO:MinuteTask end...
[INFO] - 2023-11-22 23:25:00.523 - [ScheduleThreadPool-test-thread-2] - MinuteTask#24 - INFO:MinuteTask start...
[INFO] - 2023-11-22 23:25:00.523 - [ScheduleThreadPool-test-thread-2] - MinuteTask#25 - INFO:MinuteTask end...
[INFO] - 2023-11-22 23:26:00.523 - [ScheduleThreadPool-test-thread-2] - MinuteTask#24 - INFO:MinuteTask start...
[INFO] - 2023-11-22 23:26:00.523 - [ScheduleThreadPool-test-thread-2] - MinuteTask#25 - INFO:MinuteTask end...
[INFO] - 2023-11-22 23:27:00.523 - [ScheduleThreadPool-test-thread-2] - MinuteTask#24 - INFO:MinuteTask start...
[INFO] - 2023-11-22 23:27:00.523 - [ScheduleThreadPool-test-thread-2] - MinuteTask#25 - INFO:MinuteTask end...
[INFO] - 2023-11-22 23:28:00.523 - [ScheduleThreadPool-test-thread-2] - MinuteTask#24 - INFO:MinuteTask start...
[INFO] - 2023-11-22 23:28:00.523 - [ScheduleThreadPool-test-thread-2] - MinuteTask#25 - INFO:MinuteTask end...
[INFO] - 2023-11-22 23:29:00.523 - [ScheduleThreadPool-test-thread-2] - MinuteTask#24 - INFO:MinuteTask start...
[INFO] - 2023-11-22 23:29:00.523 - [ScheduleThreadPool-test-thread-2] - MinuteTask#25 - INFO:MinuteTask end...
[INFO] - 2023-11-22 23:30:00.523 - [ScheduleThreadPool-test-thread-2] - MinuteTask#24 - INFO:MinuteTask start...
[INFO] - 2023-11-22 23:30:00.523 - [ScheduleThreadPool-test-thread-2] - MinuteTask#25 - INFO:MinuteTask end...
[INFO] - 2023-11-22 23:31:00.523 - [ScheduleThreadPool-test-thread-2] - MinuteTask#24 - INFO:MinuteTask start...
[INFO] - 2023-11-22 23:31:00.523 - [ScheduleThreadPool-test-thread-2] - MinuteTask#25 - INFO:MinuteTask end...
[INFO] - 2023-11-22 23:32:00.523 - [ScheduleThreadPool-test-thread-2] - MinuteTask#24 - INFO:MinuteTask start...
[INFO] - 2023-11-22 23:32:00.523 - [ScheduleThreadPool-test-thread-2] - MinuteTask#25 - INFO:MinuteTask end...
[INFO] - 2023-11-22 23:33:00.523 - [ScheduleThreadPool-test-thread-2] - MinuteTask#24 - INFO:MinuteTask start...
[INFO] - 2023-11-22 23:33:00.523 - [ScheduleThreadPool-test-thread-2] - MinuteTask#25 - INFO:MinuteTask end...
[INFO] - 2023-11-22 23:34:00.523 - [ScheduleThreadPool-test-thread-2] - MinuteTask#24 - INFO:MinuteTask start...
[INFO] - 2023-11-22 23:34:00.523 - [ScheduleThreadPool-test-thread-2] - MinuteTask#25 - INFO:MinuteTask end...
[INFO] - 2023-11-22 23:35:00.523 - [ScheduleThreadPool-test-thread-2] - MinuteTask#24 - INFO:MinuteTask start...
[INFO] - 2023-11-22 23:35:00.523 - [ScheduleThreadPool-test-thread-2] - MinuteTask#25 - INFO:MinuteTask end...
[INFO] - 2023-11-22 23:36:00.523 - [ScheduleThreadPool-test-thread-2] - MinuteTask#24 - INFO:MinuteTask start...
[INFO] - 2023-11-22 23:36:00.523 - [ScheduleThreadPool-test-thread-2] - MinuteTask#25 - INFO:MinuteTask end...
[INFO] - 2023-11-22 23:37:00.523 - [ScheduleThreadPool-test-thread-2] - MinuteTask#24 - INFO:MinuteTask start...
[INFO] - 2023-11-22 23:37:00.523 - [ScheduleThreadPool-test-thread-2] - MinuteTask#25 - INFO:MinuteTask end...
[INFO] - 2023-11-22 23:38:00.523 - [ScheduleThreadPool-test-thread-2] - MinuteTask#24 - INFO:MinuteTask start...
[INFO] - 2023-11-22 23:38:00.523 - [ScheduleThreadPool-test-thread-2] - MinuteTask#25 - INFO:MinuteTask end...
[INFO] - 2023-11-22 23:39:00.523 - [ScheduleThreadPool-test-thread-2] - MinuteTask#24 - INFO:MinuteTask start...
[INFO] - 2023-11-22 23:39:00.523 - [ScheduleThreadPool-test-thread-2] - MinuteTask#25 - INFO:MinuteTask end...
[INFO] - 2023-11-22 23:40:00.523 - [ScheduleThreadPool-test-thread-2] - MinuteTask#24 - INFO:MinuteTask start...
[INFO] - 2023-11-22 23:40:00.523 - [ScheduleThreadPool-test-thread-2] - MinuteTask#25 - INFO:MinuteTask end...
[INFO] - 2023-11-22 23:41:00.523 - [ScheduleThreadPool-test-thread-2] - MinuteTask#24 - INFO:MinuteTask start...
[INFO] - 2023-11-22 23:41:00.523 - [ScheduleThreadPool-test-thread-2] - MinuteTask#25 - INFO:MinuteTask end...
[INFO] - 2023-11-22 23:42:00.523 - [ScheduleThreadPool-test-thread-2] - MinuteTask#24 - INFO:MinuteTask start...
[INFO] - 2023-11-22 23:42:00.523 - [ScheduleThreadPool-test-thread-2] - MinuteTask#25 - INFO:MinuteTask end...
[INFO] - 2023-11-22 23:43:00.523 - [ScheduleThreadPool-test-thread-2] - MinuteTask#24 - INFO:MinuteTask start...
[INFO] - 2023-11-22 23:43:00.523 - [ScheduleThreadPool-test-thread-2] - MinuteTask#25 - INFO:MinuteTask end...
[INFO] - 2023-11-22 23:44:00.523 - [ScheduleThreadPool-test-thread-2] - MinuteTask#24 - INFO:MinuteTask start...
[INFO] - 2023-11-22 23:44:00.523 - [ScheduleThreadPool-test-thread-2] - MinuteTask#25 - INFO:MinuteTask end...
[INFO] - 2023-11-22 23:45:00.523 - [ScheduleThreadPool-test-thread-2] - MinuteTask#24 - INFO:MinuteTask start...
[INFO] - 2023-11-22 23:45:00.523 - [ScheduleThreadPool-test-thread-2] - MinuteTask#25 - INFO:MinuteTask end...
[INFO] - 2023-11-22 23:46:00.523 - [ScheduleThreadPool-test-thread-2] - MinuteTask#24 - INFO:MinuteTask start...
[INFO] - 2023-11-22 23:46:00.523 - [ScheduleThreadPool-test-thread-2] - MinuteTask#25 - INFO:MinuteTask end...
[INFO] - 2023-11-22 23:47:00.523 - [ScheduleThreadPool-test-thread-2] - MinuteTask#24 - INFO:MinuteTask start...
[INFO] - 2023-11-22 23:47:00.523 - [ScheduleThreadPool-test-thread-2] - MinuteTask#25 - INFO:MinuteTask end...
[INFO] - 2023-11-22 23:48:00.523 - [ScheduleThreadPool-test-thread-2] - MinuteTask#24 - INFO:MinuteTask start...
[INFO] - 2023-11-22 23:48:00.523 - [ScheduleThreadPool-test-thread-2] - MinuteTask#25 - INFO:MinuteTask end...
[INFO] - 2023-11-22 23:49:00.523 - [ScheduleThreadPool-test-thread-2] - MinuteTask#24 - INFO:MinuteTask start...
[INFO] - 2023-11-22 23:49:00.523 - [ScheduleThreadPool-test-thread-2] - MinuteTask#25 - INFO:MinuteTask end...
[INFO] - 2023-11-22 23:50:00.523 - [ScheduleThreadPool-test-thread-2] - MinuteTask#24 - INFO:MinuteTask start...
[INFO] - 2023-11-22 23:50:00.523 - [ScheduleThreadPool-test-thread-2] - MinuteTask#25 - INFO:MinuteTask end...
[INFO] - 2023-11-22 23:51:00.523 - [ScheduleThreadPool-test-thread-2] - MinuteTask#24 - INFO:MinuteTask start...
[INFO] - 2023-11-22 23:51:00.523 - [ScheduleThreadPool-test-thread-2] - MinuteTask#25 - INFO:MinuteTask end...
[INFO] - 2023-11-22 23:52:00.523 - [ScheduleThreadPool-test-thread-2] - MinuteTask#24 - INFO:MinuteTask start...
[INFO] - 2023-11-22 23:52:00.523 - [ScheduleThreadPool-test-thread-2] - MinuteTask#25 - INFO:MinuteTask end...
[INFO] - 2023-11-22 23:53:00.523 - [ScheduleThreadPool-test-thread-2] - MinuteTask#24 - INFO:MinuteTask start...
[INFO] - 2023-11-22 23:53:00.523 - [ScheduleThreadPool-test-thread-2] - MinuteTask#25 - INFO:MinuteTask end...
[INFO] - 2023-11-22 23:54:00.523 - [ScheduleThreadPool-test-thread-2] - MinuteTask#24 - INFO:MinuteTask start...
[INFO] - 2023-11-22 23:54:00.523 - [ScheduleThreadPool-test-thread-2] - MinuteTask#25 - INFO:MinuteTask end...
[INFO] - 2023-11-22 23:55:00.523 - [ScheduleThreadPool-test-thread-2] - MinuteTask#24 - INFO:MinuteTask start...
[INFO] - 2023-11-22 23:55:00.523 - [ScheduleThreadPool-test-thread-2] - MinuteTask#25 - INFO:MinuteTask end...
[INFO] - 2023-11-22 23:56:00.523 - [ScheduleThreadPool-test-thread-2] - MinuteTask#24 - INFO:MinuteTask start...
[INFO] - 2023-11-22 23:56:00.523 - [ScheduleThreadPool-test-thread-2] - MinuteTask#25 - INFO:MinuteTask end...
[INFO] - 2023-11-22 23:57:00.523 - [ScheduleThreadPool-test-thread-2] - MinuteTask#24 - INFO:MinuteTask start...
[INFO] - 2023-11-22 23:57:00.523 - [ScheduleThreadPool-test-thread-2] - MinuteTask#25 - INFO:MinuteTask end...
[INFO] - 2023-11-22 23:58:00.523 - [ScheduleThreadPool-test-thread-2] - MinuteTask#24 - INFO:MinuteTask start...
[INFO] - 2023-11-22 23:58:00.523 - [ScheduleThreadPool-test-thread-2] - MinuteTask#25 - INFO:MinuteTask end...
[INFO] - 2023-11-22 23:59:00.523 - [ScheduleThreadPool-test-thread-2] - MinuteTask#24 - INFO:MinuteTask start...
[INFO] - 2023-11-22 23:59:00.523 - [ScheduleThreadPool-test-thread-2] - MinuteTask#25 - INFO:MinuteTask end...
